Customer_ID,Customer_Segment,Avg_Monthly_Spend,Tenure_Months,Churn_Risk_Score
1,Consumer Postpaid,28.32,18,86.61761457749351
2,SME,86.38,27,96.99098521619943
3,Corporate,132.57,23,52.475643163223786
4,Consumer Postpaid,37.12,21,13.949386065204184
5,Consumer Prepaid,17.97,28,51.42344384136116
6,Consumer Postpaid,12.91,18,94.88855372533332
7,Public Sector,84.99,20,44.01524937396013
8,Consumer Prepaid,34.47,24,90.9320402078782
9,Consumer Prepaid,12.35,24,18.485445552552704
10,Public Sector,127.3,37,92.18742350231169
11,Consumer Prepaid,14.91,20,35.67533266935893
12,Consumer Prepaid,9.17,25,80.21969807540397
13,Consumer Prepaid,30.82,27,7.4044651734090365
14,Consumer Postpaid,58.32,26,6.355835028602364
15,Consumer Prepaid,36.8,26,47.22149251619493
16,Consumer Prepaid,16.02,27,56.127719756949624
17,SME,147.45,23,10.789142699330444
18,Consumer Prepaid,15.8,26,50.85706911647028
19,Corporate,133.97,33,7.697990982879299
20,Consumer Prepaid,10.05,29,87.14605901877177
21,Corporate,191.16,37,11.005192452767677
22,Consumer Prepaid,26.76,23,86.07305832563435
23,Consumer Prepaid,5.0,20,33.7615171403628
24,Public Sector,108.64,26,70.30189588951778
25,Consumer Postpaid,44.72,21,3.6886947354532795
26,SME,46.53,24,27.864646423661142
27,Corporate,132.76,24,76.16196153287176
28,Consumer Prepaid,20.79,27,63.23058305935795
29,SME,62.39,30,18.651851039985424
30,Consumer Prepaid,25.77,25,1.6587828927856152
31,Consumer Postpaid,54.74,19,38.67353463005374
32,Public Sector,69.43,22,11.347352124058908
33,Public Sector,91.08,31,55.52008115994623
34,Consumer Postpaid,53.34,20,89.72157579533267
35,Corporate,106.8,26,89.71102599525771
36,Corporate,185.72,34,8.413996499504883
37,Consumer Prepaid,27.26,26,16.080805141749867
38,Consumer Postpaid,57.71,27,22.42693094605598
39,SME,64.98,28,84.9223410494178
40,SME,57.39,25,36.77158030594335
41,Consumer Prepaid,33.79,26,50.26370931051921
42,Consumer Postpaid,41.41,24,72.24521152615053
43,Consumer Prepaid,25.42,22,92.83185625877253
44,Consumer Postpaid,42.94,30,38.50977286019253
45,Corporate,122.22,32,9.717649377076853
46,SME,69.74,24,74.07686177542044
47,SME,60.82,21,81.01133946791808
48,Corporate,191.46,38,50.15162946871996
49,SME,106.62,22,9.3981939840869
50,Consumer Postpaid,59.82,25,59.08332605690107
51,Consumer Prepaid,16.07,24,21.582102749684317
52,SME,73.3,16,53.1354631568148
53,Consumer Postpaid,65.45,21,27.083225126207424
54,Consumer Postpaid,57.43,15,96.26484146779251
55,Corporate,126.85,23,25.024289816459532
56,Consumer Postpaid,69.92,27,27.993389694594285
57,Public Sector,109.43,31,24.773098950115745
58,Consumer Postpaid,69.77,28,11.607264050691624
59,Consumer Prepaid,22.63,16,47.34717707805657
60,Consumer Prepaid,43.72,23,61.585009805221645
61,SME,77.43,26,85.64898411883223
62,SME,70.69,18,64.24192782063156
63,Consumer Prepaid,31.47,25,64.32882184423532
64,Consumer Postpaid,46.89,32,6.9361300875165455
65,Consumer Prepaid,20.14,21,2.3271935735825866
66,Corporate,156.23,25,69.67371653641507
67,SME,87.24,29,17.743954377972283
68,SME,91.63,23,77.64129607419969
69,Consumer Prepaid,40.53,28,90.25529066795667
70,Consumer Postpaid,38.41,29,89.55232284962005
71,Consumer Postpaid,40.93,25,44.84455219783198
72,Consumer Prepaid,18.87,21,75.237452943768
73,SME,66.02,25,88.77041827582998
74,Consumer Postpaid,44.87,17,76.15106317174723
75,SME,71.33,29,8.134878064189976
76,Consumer Prepaid,27.04,22,94.72485773838586
77,Public Sector,83.39,20,55.840424973580504
78,Consumer Postpaid,65.4,32,49.262510429085914
79,Consumer Prepaid,18.18,17,64.92103021160635
80,SME,79.04,22,86.85991281894603
81,Consumer Prepaid,25.7,24,69.57486889846172
82,Consumer Postpaid,59.75,26,90.11580104909889
83,Consumer Prepaid,23.89,26,18.81211597237613
84,Consumer Postpaid,59.64,22,7.773463696498483
85,Public Sector,52.18,34,16.26169393448913
86,Corporate,160.87,33,41.82430362906189
87,Public Sector,98.16,22,38.08908566310215
88,Public Sector,92.94,28,27.340707193070624
89,Consumer Prepaid,27.59,25,94.47657298824281
90,Corporate,159.07,24,12.915941515149498
91,Public Sector,65.79,32,35.81627180328405
92,Consumer Prepaid,30.35,27,77.23183917356393
93,Consumer Postpaid,47.55,25,40.3482866212397
94,Consumer Prepaid,36.53,26,21.296416150891073
95,Consumer Prepaid,7.69,23,34.82554670233004
96,Consumer Postpaid,66.67,28,62.20867002278735
97,Corporate,149.56,25,98.0032575285477
98,Consumer Postpaid,56.95,21,24.014561877819308
99,Consumer Prepaid,13.99,22,47.39616402628724
100,SME,89.75,19,4.086861626647886
101,Consumer Prepaid,16.85,16,46.077876803272574
102,Consumer Prepaid,19.41,22,69.03948286293652
103,Consumer Prepaid,30.15,16,92.08724005318132
104,Consumer Prepaid,37.05,21,74.82596903836584
105,Consumer Prepaid,19.53,24,36.891363956977244
106,Consumer Postpaid,26.58,28,25.243694434402077
107,SME,80.57,24,44.741236682345466
108,Consumer Postpaid,59.53,20,37.728416310462265
109,Consumer Prepaid,14.39,21,89.0527280739895
110,Consumer Postpaid,35.18,27,49.84421989290573
111,Consumer Prepaid,48.74,28,12.758030279556376
112,Consumer Prepaid,35.15,22,57.077830466891186
113,Consumer Postpaid,45.42,20,15.285913918433202
114,Consumer Prepaid,26.27,18,28.50951686938471
115,Consumer Prepaid,5.0,30,25.790282704493983
116,Consumer Prepaid,31.85,25,27.997909366028416
117,SME,68.71,23,24.240973241508023
118,Consumer Prepaid,14.98,26,58.123822142261226
119,Consumer Prepaid,52.84,13,13.441467693897424
120,Consumer Prepaid,8.89,29,68.15027222239293
121,SME,65.53,23,92.95291442478259
122,Corporate,223.02,43,73.08674752036443
123,Public Sector,112.2,35,79.52673118598902
124,Consumer Prepaid,40.8,18,81.45747202313821
125,SME,35.84,31,81.65994394715771
126,Consumer Postpaid,50.41,22,30.13778741641421
127,SME,48.39,31,54.35528611139886
128,Corporate,150.48,31,93.98321236134751
129,SME,62.5,29,53.34610919763215
130,Corporate,137.99,34,31.172206779554823
131,Consumer Prepaid,40.1,31,82.12573046720128
132,Consumer Prepaid,29.02,30,39.72872905603673
133,SME,71.45,27,64.11476328852973
134,SME,68.95,25,34.56959935039195
135,Consumer Prepaid,26.71,22,94.72833396118153
136,Consumer Prepaid,33.36,25,61.14542354346478
137,Consumer Prepaid,42.82,33,15.253904291426135
138,Consumer Postpaid,53.85,25,73.64442356247228
139,Public Sector,97.74,35,92.08418826173724
140,Corporate,173.43,29,39.90027038701302
141,Consumer Prepaid,35.71,22,91.98556164127605
142,Consumer Prepaid,19.17,22,45.221794088980715
143,Consumer Prepaid,13.75,19,41.89254495045479
144,Corporate,145.53,27,63.22642879195304
145,Consumer Prepaid,14.83,37,41.462412372702374
146,Consumer Prepaid,30.17,25,74.99604703991778
147,Consumer Prepaid,23.85,19,47.206694510999924
148,Consumer Postpaid,47.33,15,45.32888347480276
149,Consumer Postpaid,13.82,25,18.19281304952711
150,Corporate,112.78,40,27.074467314355378
151,SME,72.76,18,65.89239419101514
152,Consumer Prepaid,24.3,20,67.18927435987284
153,Consumer Prepaid,25.99,19,23.81827810467265
154,Consumer Prepaid,23.7,20,85.56964681062857
155,Corporate,199.39,24,89.63358185211197
156,Consumer Prepaid,14.93,16,2.6532203873819715
157,Consumer Prepaid,8.3,31,34.1817351697876
158,Consumer Prepaid,42.65,22,26.806364082287626
159,SME,104.93,23,94.84533069621567
160,SME,36.6,18,48.743119824951364
161,Corporate,139.93,29,25.788768543320227
162,Consumer Prepaid,38.46,24,27.230732651936897
163,Consumer Prepaid,8.7,25,82.97418037072016
164,Consumer Prepaid,30.52,31,59.74131021703083
165,SME,59.92,32,38.31385282494975
166,Consumer Postpaid,52.65,13,73.80336164263704
167,Consumer Prepaid,10.66,22,35.567271646494916
168,SME,91.62,21,47.60504021990997
169,SME,81.91,19,26.22640442998251
170,Consumer Postpaid,47.69,13,59.68428489168892
171,Consumer Prepaid,21.48,24,43.48273386037462
172,Consumer Prepaid,27.43,27,59.023066686908706
173,Consumer Postpaid,25.21,25,73.22248864095612
174,Corporate,143.21,31,84.91956515653193
175,Consumer Prepaid,9.73,33,56.79452305526295
176,Corporate,148.26,28,84.45493985350704
177,Consumer Prepaid,10.95,17,69.62887758781397
178,Consumer Prepaid,30.01,27,31.529033783061035
179,Consumer Postpaid,35.24,26,61.58631881823046
180,Consumer Prepaid,35.44,24,79.87832357736654
181,Public Sector,130.58,27,62.75054632183701
182,Corporate,129.5,27,73.75823015888915
183,Consumer Prepaid,22.0,21,23.360775104990992
184,Consumer Prepaid,16.95,23,67.96472826930699
185,Consumer Prepaid,23.34,23,16.70339460920752
186,Public Sector,79.36,31,51.26885110165086
187,Consumer Prepaid,19.82,19,35.01252591667301
188,Consumer Prepaid,19.01,19,75.82384757040913
189,SME,86.87,20,53.69744228934136
190,Consumer Postpaid,39.35,25,87.74608626303804
191,Consumer Prepaid,30.43,25,40.845321307069874
192,Consumer Postpaid,61.25,20,49.58757350787708
193,Consumer Prepaid,31.95,24,59.24077846595176
194,Corporate,118.18,26,56.5731963995791
195,Consumer Prepaid,27.4,26,86.72942009598023
196,SME,86.11,27,75.27166395576413
197,Consumer Prepaid,21.3,28,81.79670241190622
198,Corporate,124.99,29,28.703813317491278
199,SME,80.49,20,53.99853797158555
200,SME,81.8,17,54.12665786761103
201,Public Sector,130.22,39,93.72284872364511
202,SME,51.17,15,70.81720886452815
203,Consumer Prepaid,6.9,26,87.15368061523763
204,Public Sector,124.13,22,2.458691645880151
205,Consumer Prepaid,23.69,28,44.590270637674834
206,Consumer Prepaid,5.0,23,79.48095487499293
207,SME,102.44,18,94.36159201675989
208,Consumer Postpaid,64.66,26,27.421520234867003
209,Public Sector,122.45,24,3.113408288451136
210,SME,75.87,22,47.32099066915572
211,Public Sector,106.74,33,84.47832281168877
212,SME,75.4,26,3.2526179491251916
213,Public Sector,131.23,28,12.518579220255043
214,SME,89.83,23,49.15945467414369
215,Consumer Prepaid,9.09,29,45.52201490818012
216,Consumer Prepaid,30.65,15,47.99388347171235
217,SME,100.47,30,3.9618825348357145
218,Consumer Postpaid,28.6,17,98.66625932671465
219,Consumer Prepaid,49.02,27,0.9770847419183659
220,Consumer Prepaid,24.77,24,35.06269312091808
221,Consumer Prepaid,23.21,18,68.94649691372658
222,Corporate,128.04,23,10.456784033440025
223,SME,116.24,30,80.17280830697918
224,Consumer Prepaid,28.58,29,89.48166560605276
225,Consumer Postpaid,42.03,26,73.15895217553319
226,Consumer Prepaid,38.17,14,15.954468011318834
227,Corporate,119.05,34,49.8195716453139
228,Consumer Postpaid,37.06,27,99.63339160567419
229,Public Sector,71.8,32,3.0652502205806065
230,Consumer Prepaid,30.64,23,72.7169069766308
231,SME,42.71,25,72.52576604151365
232,Consumer Postpaid,31.48,23,59.23503285933622
233,Corporate,165.99,31,13.15676851272598
234,SME,54.92,32,23.754332492387764
235,Public Sector,108.1,29,87.07499012725114
236,Consumer Postpaid,40.63,24,59.29508514349274
237,Consumer Prepaid,28.74,20,32.51900642246949
238,SME,78.26,23,7.349674733001265
239,Consumer Prepaid,5.0,29,24.871427258762992
240,SME,85.08,27,16.761921628831765
241,Consumer Prepaid,33.47,24,80.56701529500532
242,Consumer Postpaid,63.34,30,11.191961939772789
243,Consumer Prepaid,25.48,33,12.21099140100268
244,Consumer Postpaid,34.69,33,50.723480868839246
245,Consumer Prepaid,26.39,30,51.55960285792502
246,Consumer Postpaid,51.79,26,2.9973589872677953
247,Consumer Prepaid,15.62,16,44.375021930457116
248,Corporate,169.33,23,83.81152896481102
249,Public Sector,99.23,31,57.060974663882966
250,Consumer Prepaid,45.03,33,67.65133857772466
251,Consumer Prepaid,14.1,26,65.7845304603036
252,Public Sector,140.78,27,78.23854840582734
253,Consumer Postpaid,53.47,23,66.75933855635847
254,Corporate,160.67,33,43.5583314812933
255,Corporate,153.61,27,69.54672066898621
256,Consumer Postpaid,29.57,23,37.325179162934006
257,Consumer Prepaid,26.7,26,46.34940438005724
258,Consumer Postpaid,34.5,30,47.9181877629731
259,Consumer Prepaid,13.43,22,53.360254672687844
260,SME,49.34,31,92.70345447963066
261,Consumer Prepaid,23.11,16,25.677656772050796
262,Consumer Prepaid,30.53,21,53.91612766752545
263,Consumer Prepaid,40.15,20,12.188609333694755
264,Consumer Prepaid,32.73,27,52.516338366706016
265,SME,83.21,24,55.022654215626176
266,Consumer Prepaid,15.63,25,88.42064633484078
267,Consumer Prepaid,30.0,23,90.00231233980112
268,Consumer Postpaid,25.55,20,27.48060355481361
269,Corporate,204.59,20,45.17676787372291
270,Consumer Postpaid,32.58,18,86.27970775432286
271,Consumer Prepaid,37.25,25,39.09059959055147
272,Consumer Postpaid,69.35,18,40.431876810429216
273,Consumer Postpaid,59.65,17,57.83869170064091
274,Consumer Prepaid,36.04,15,89.41908746641182
275,Consumer Prepaid,13.99,22,51.90597909082704
276,Consumer Prepaid,17.89,29,54.00119146045106
277,Corporate,163.88,26,66.94869551981901
278,Public Sector,152.95,31,73.06505102392461
279,Consumer Postpaid,46.45,36,69.00048908206658
280,Consumer Prepaid,18.19,24,45.037093625818514
281,SME,106.28,20,15.241601333041743
282,Public Sector,69.64,38,84.20332943764213
283,Consumer Postpaid,33.76,28,82.60676302525283
284,SME,84.51,27,30.31283559453286
285,Consumer Prepaid,17.96,34,30.552431065802356
286,Consumer Postpaid,41.42,23,51.567942769649775
287,Corporate,157.54,35,93.05952146439162
288,Consumer Prepaid,24.98,29,87.79743204450695
289,Corporate,167.05,26,40.29801787651615
290,Consumer Prepaid,31.0,27,97.56102008599149
291,SME,75.5,24,76.48098009029954
292,Consumer Prepaid,26.98,24,14.63739921622491
293,Consumer Postpaid,52.62,23,50.61418628402441
294,Consumer Postpaid,45.81,17,21.60381825095996
295,SME,60.67,23,99.48663171697672
296,Consumer Prepaid,29.17,20,12.138493942242889
297,Consumer Prepaid,28.02,14,99.66968538529768
298,Corporate,131.16,31,62.389583629163845
299,Consumer Postpaid,29.34,31,19.462251182076507
300,Consumer Postpaid,41.87,23,73.3614380561402
301,SME,79.4,24,25.98132087450342
302,SME,76.51,18,21.52018720172375
303,Consumer Prepaid,15.06,25,84.4357082739616
304,Consumer Prepaid,24.69,24,32.467592689006
305,SME,33.95,22,78.50165438370568
306,Corporate,136.65,41,31.540689574801274
307,SME,48.02,30,90.17619921354235
308,Consumer Postpaid,38.9,26,89.51177407065364
309,SME,67.19,24,73.74337687214856
310,Consumer Postpaid,47.53,27,8.479201604580322
311,SME,63.95,21,77.46535311811819
312,SME,105.98,19,9.839564971339732
313,SME,64.37,38,76.92231478381336
314,SME,97.59,22,12.138641815940643
315,SME,92.83,24,96.84887775943838
316,SME,104.49,25,74.8073179429532
317,Corporate,124.39,26,22.461561184385193
318,Consumer Postpaid,50.39,23,61.29395824945255
319,Public Sector,87.9,31,81.59469389686173
320,Corporate,140.06,25,46.053949727414
321,Corporate,176.66,31,54.502691889693835
322,Public Sector,118.36,39,16.481481572943714
323,Consumer Prepaid,33.13,19,84.07030280112
324,SME,91.56,25,50.83605469162799
325,Consumer Prepaid,43.11,31,76.1121537043158
326,Consumer Prepaid,31.24,23,24.667886452162303
327,SME,105.76,19,73.30712960296748
328,SME,71.54,19,78.37917844853972
329,Consumer Postpaid,23.25,18,87.66507618282006
330,Public Sector,72.34,27,72.2070938202737
331,Corporate,99.03,27,0.32182636042786816
332,SME,109.14,22,9.299063982313216
333,Consumer Postpaid,78.21,25,60.34876665964548
334,SME,74.08,29,82.5049410180062
335,Consumer Postpaid,61.74,27,51.72690564416094
336,Consumer Postpaid,35.26,18,43.40193661738753
337,Consumer Prepaid,29.8,33,42.1248053294072
338,SME,52.69,28,40.99048896962883
339,Corporate,185.96,30,36.22354416522884
340,Consumer Prepaid,5.63,8,83.16970436757735
341,Consumer Prepaid,6.04,34,42.96568127389351
342,Corporate,155.11,35,80.26433097957104
343,Consumer Postpaid,28.33,16,49.646115235529976
344,Consumer Postpaid,44.23,27,15.890816766935355
345,SME,87.91,15,28.218707469320016
346,Consumer Prepaid,19.27,20,75.93982624179637
347,Consumer Postpaid,37.11,18,41.10956026007065
348,Consumer Prepaid,24.86,31,66.37896861755891
349,Public Sector,117.56,17,26.015779096205115
350,SME,81.93,26,56.53302545716099
351,Consumer Postpaid,46.2,22,15.124682873493455
352,Consumer Prepaid,28.48,20,56.12227882825249
353,Consumer Postpaid,40.57,27,8.172534574677826
354,Consumer Postpaid,47.28,24,94.56981470002823
355,Corporate,136.55,27,54.543186940690546
356,Consumer Prepaid,45.1,24,45.923987759695805
357,Consumer Prepaid,18.72,20,33.02150648714976
358,SME,92.05,24,87.78300781520409
359,Corporate,139.19,33,6.5204591260492055
360,Consumer Postpaid,52.67,32,49.781250803429025
361,Consumer Prepaid,35.38,22,96.44766539008116
362,Consumer Prepaid,30.05,24,79.28544190338394
363,Consumer Postpaid,62.82,22,53.302886724614
364,Consumer Prepaid,30.37,27,31.67616770675267
365,Corporate,142.03,24,89.39897100078704
366,SME,89.67,18,61.529802506980204
367,Consumer Prepaid,26.92,26,16.5954895295785
368,Corporate,157.24,28,1.260751997575904
369,Consumer Postpaid,71.89,31,73.14964903403623
370,Consumer Prepaid,27.24,25,31.43501131837484
371,Consumer Postpaid,42.52,22,82.82492524372184
372,Consumer Prepaid,38.06,19,82.59782127080818
373,Consumer Prepaid,19.35,22,74.88263369633064
374,SME,71.79,26,84.144755308476
375,Consumer Postpaid,45.57,17,32.5104015431699
376,SME,82.71,15,85.57372589057863
377,Consumer Prepaid,19.91,26,51.265475314505295
378,Consumer Prepaid,32.78,19,30.39464012407238
379,SME,94.47,26,90.71950307058299
380,SME,93.35,25,44.70555438064254
381,Consumer Postpaid,47.11,17,4.202467517140529
382,SME,102.01,32,85.83416767991208
383,Consumer Prepaid,26.96,29,96.2810357074026
384,SME,86.34,21,28.152119841492997
385,Corporate,160.19,29,24.189382825883897
386,Consumer Prepaid,18.54,23,59.83574842977588
387,Consumer Prepaid,35.5,30,59.32215701073843
388,Corporate,124.08,23,23.95101699095381
389,SME,81.66,24,83.13735143857099
390,Consumer Postpaid,37.99,17,90.96268194365923
391,SME,93.07,23,43.459596085871176
392,SME,133.75,25,44.33800143791877
393,SME,104.44,27,51.23637775457907
394,Consumer Prepaid,42.5,22,65.22242595454725
395,Public Sector,136.98,29,7.093221613377343
396,Consumer Prepaid,31.11,22,4.564874550238374
397,Consumer Prepaid,22.8,19,28.068321551597432
398,Consumer Prepaid,5.0,24,0.7664032649225327
399,Consumer Prepaid,35.84,25,29.348882320812166
400,Public Sector,85.56,27,61.70665161178013
401,Consumer Prepaid,26.04,31,70.22587660316643
402,Public Sector,45.94,22,39.45760755976464
403,Consumer Postpaid,57.47,27,30.93727178627821
404,Corporate,144.56,41,0.15651051914729042
405,SME,82.9,27,38.38388830449795
406,Consumer Postpaid,35.78,22,41.89477901874754
407,SME,90.24,26,36.1919990837865
408,Consumer Postpaid,42.48,32,87.3698593466345
409,SME,81.17,18,42.2034260127639
410,Consumer Prepaid,17.55,24,4.373907230894735
411,Consumer Prepaid,5.41,27,84.56043629899068
412,SME,94.65,23,27.538117425541852
413,Consumer Prepaid,22.34,23,58.21987465941139
414,Consumer Postpaid,66.5,25,68.84050184921368
415,Consumer Postpaid,41.2,22,2.5447759905750877
416,SME,55.71,26,7.171188884765101
417,Consumer Postpaid,61.65,25,21.78925542549901
418,Public Sector,70.41,28,14.055296757836079
419,Consumer Postpaid,45.08,37,3.8996012574911587
420,Consumer Prepaid,20.24,22,2.335209632818591
421,SME,43.92,31,95.59188289553192
422,Consumer Prepaid,21.45,31,82.67073597414874
423,Public Sector,61.51,26,15.41450431784871
424,Consumer Postpaid,22.71,25,83.36499619375856
425,Consumer Postpaid,29.05,19,34.244797883471335
426,Consumer Prepaid,16.27,22,13.91967013456955
427,Consumer Postpaid,41.92,31,56.93773611822828
428,SME,126.68,19,3.945953289089932
429,Consumer Postpaid,22.13,27,86.99691596476849
430,Consumer Prepaid,27.41,29,79.42106625494054
431,Consumer Prepaid,23.75,30,37.53299079196019
432,Consumer Prepaid,13.27,19,38.65405068230279
433,Consumer Postpaid,85.74,23,76.45277946547176
434,Consumer Postpaid,40.95,36,10.92642103096214
435,Corporate,184.97,37,88.34647629860606
436,Consumer Postpaid,41.93,24,92.63826067300867
437,Consumer Prepaid,44.57,27,13.443512940812186
438,Consumer Prepaid,22.59,22,27.875987241455302
439,Consumer Prepaid,19.64,29,14.285028730083859
440,SME,97.13,28,76.61159327955862
441,Corporate,126.99,29,40.75430310324308
442,Consumer Postpaid,48.18,15,11.099809879131485
443,Corporate,150.91,25,50.06242680704178
444,SME,92.17,27,7.290183536790352
445,Consumer Postpaid,30.03,21,92.92280536318539
446,Consumer Postpaid,33.55,32,47.64369863437916
447,Consumer Prepaid,25.79,25,64.78174459905284
448,Consumer Prepaid,25.23,31,44.93497420396421
449,Consumer Postpaid,35.27,27,71.39526325065899
450,Corporate,155.67,34,52.016989231075115
451,Consumer Prepaid,17.61,24,13.382836299969314
452,SME,97.8,14,31.758679526111667
453,Consumer Prepaid,18.74,21,6.268962162186586
454,Corporate,150.46,33,10.189238806601352
455,Consumer Postpaid,55.93,21,89.18721448107347
456,Consumer Postpaid,37.68,32,96.40784164901082
457,Consumer Prepaid,24.34,22,70.38570916343312
458,Consumer Prepaid,44.82,18,66.63854135782064
459,Public Sector,73.62,21,64.4149221475916
460,Consumer Prepaid,35.58,22,50.04011457102012
461,Consumer Postpaid,23.38,22,5.2355020187472405
462,SME,75.81,23,85.03480011198954
463,Consumer Prepaid,21.29,31,67.78132003100443
464,SME,122.08,21,65.16397604772766
465,SME,101.5,22,19.92152748940531
466,Corporate,108.94,25,5.8091952080349785
467,Consumer Prepaid,7.56,30,37.90940486719362
468,Consumer Prepaid,26.19,23,40.42897472548691
469,Consumer Postpaid,43.84,24,31.18638579168832
470,SME,80.3,28,97.60138232792136
471,Consumer Prepaid,22.62,20,29.33086107805647
472,SME,83.84,24,37.17392949063303
473,Consumer Prepaid,34.89,28,45.79957590035715
474,Consumer Postpaid,24.73,21,22.82353634936991
475,Consumer Prepaid,41.71,24,95.77898009882038
476,Public Sector,97.31,19,22.538126800676583
477,Consumer Prepaid,28.39,28,14.696270958820968
478,Corporate,120.17,31,67.4130295536063
479,Consumer Prepaid,31.39,21,89.01411373960147
480,SME,75.26,14,0.7841590771916818
481,SME,58.22,36,24.189329411288917
482,Consumer Postpaid,42.66,27,27.4703815047892
483,Corporate,215.63,28,16.574977982015593
484,Consumer Postpaid,16.58,19,84.36496640518237
485,Public Sector,111.2,25,59.35609353787859
486,Consumer Prepaid,28.71,19,90.78987937796194
487,Public Sector,100.67,23,71.8331175372004
488,Consumer Prepaid,30.72,26,16.26997438085659
489,Consumer Postpaid,44.9,22,22.867677960360876
490,SME,111.25,20,84.8042089601484
491,SME,76.92,26,28.888493890916568
492,Consumer Postpaid,31.91,22,75.42649733470228
493,Corporate,153.02,26,25.100138326230027
494,Consumer Postpaid,53.82,22,24.03989128935069
495,Consumer Prepaid,9.74,11,17.522177210582733
496,Corporate,150.98,30,58.00888346694546
497,Consumer Postpaid,32.92,22,94.64565131504055
498,Corporate,178.74,27,47.63357333010988
499,Consumer Postpaid,51.14,19,85.50302016199352
500,Consumer Prepaid,11.74,15,94.07845205031079
501,Consumer Postpaid,63.98,30,69.36180574737952
502,SME,72.62,26,87.5883083517057
503,Consumer Postpaid,36.41,11,76.55467505158609
504,Consumer Prepaid,8.33,23,5.4634420000972295
505,Public Sector,81.71,25,0.1473822086311416
506,SME,59.54,38,66.30471918034225
507,SME,74.97,21,71.26213330985128
508,Corporate,184.01,23,90.19401967491501
509,Corporate,193.79,31,54.44969591038651
510,SME,45.6,12,60.15538792998241
511,Consumer Prepaid,34.7,17,50.889055559105586
512,Consumer Postpaid,57.05,33,69.72093819096368
513,SME,96.32,27,86.16909037873452
514,Consumer Prepaid,24.26,29,34.53419522448878
515,Consumer Prepaid,35.58,24,16.3035336931591
516,SME,98.75,28,2.519341395922936
517,Corporate,148.19,24,81.71281420155852
518,Consumer Postpaid,51.82,38,50.479559830452814
519,SME,75.24,29,39.65536819899632
520,Consumer Prepaid,27.69,30,30.978785920909925
521,Consumer Prepaid,28.77,29,62.48740996069989
522,Consumer Postpaid,57.15,21,35.29585034523566
523,SME,104.35,23,78.37598424841073
524,Consumer Prepaid,16.32,23,33.2456157148712
525,Consumer Prepaid,30.41,26,63.22821536376399
526,Consumer Prepaid,23.47,23,10.137289755315916
527,Consumer Prepaid,19.93,24,97.06765454097442
528,Consumer Prepaid,8.32,23,70.45544280274453
529,Consumer Postpaid,28.38,20,48.303969755889
530,Consumer Prepaid,8.39,21,96.85373316998923
531,SME,78.33,16,62.36487782902661
532,SME,83.71,20,96.50153694544719
533,Consumer Prepaid,36.9,26,27.109625376406576
534,Consumer Postpaid,60.21,17,94.47362587830797
535,SME,75.7,25,68.01118854469726
536,Consumer Postpaid,49.15,20,95.75810150838173
537,Consumer Postpaid,39.22,17,43.35827926326144
538,Consumer Prepaid,29.2,23,43.44033190066098
539,SME,80.32,26,24.202207998087722
540,SME,78.26,16,87.74700466544819
541,SME,66.03,20,45.894051659682034
542,SME,62.59,25,8.114917853623915
543,Public Sector,110.2,29,61.678360785254114
544,SME,89.05,28,6.845871933357806
545,Consumer Postpaid,47.31,24,36.84489199165789
546,Corporate,172.99,31,45.434542306765515
547,SME,96.61,23,64.93223245768817
548,Public Sector,74.57,25,2.1913328775008956
549,Consumer Prepaid,18.1,24,10.539321810780521
550,SME,80.08,23,26.023659798522935
551,Consumer Prepaid,30.43,27,28.918744629594983
552,Consumer Prepaid,14.61,20,53.55538148796726
553,Consumer Postpaid,60.73,29,91.37884438732593
554,Public Sector,88.33,26,50.56341534219588
555,Public Sector,126.62,29,85.88167711681547
556,SME,37.19,28,61.054675501542455
557,Consumer Prepaid,15.12,27,11.755130015021997
558,Consumer Prepaid,30.35,27,16.13628010553837
559,Consumer Prepaid,22.19,22,22.236130474817028
560,Consumer Postpaid,51.37,26,5.773215922511721
561,Consumer Postpaid,33.95,36,55.68784431720959
562,Consumer Postpaid,34.52,23,69.64298070361072
563,SME,80.01,23,63.14189212183764
564,Consumer Postpaid,25.54,17,11.720390568023342
565,Consumer Prepaid,29.33,19,89.56747776187787
566,Consumer Prepaid,16.94,24,1.8124041045729733
567,SME,79.09,25,68.86316293078755
568,Consumer Prepaid,17.35,24,82.13883629006943
569,Corporate,87.43,34,18.34421964034345
570,Corporate,144.39,36,7.569972730978747
571,Consumer Postpaid,40.86,15,7.410542257486707
572,Consumer Postpaid,59.11,29,99.71823539029504
573,Consumer Postpaid,28.83,22,6.8713677723960975
574,Consumer Postpaid,34.67,23,65.6729484721608
575,SME,75.82,28,6.646332577627212
576,SME,122.2,25,75.17469923958404
577,Corporate,115.67,32,74.22531871990871
578,Consumer Prepaid,25.57,28,65.41327370278736
579,Corporate,205.94,22,71.6397111958099
580,Consumer Prepaid,36.1,19,24.150062799283344
581,Consumer Prepaid,33.51,24,7.697166938087408
582,SME,76.87,22,65.95107686407702
583,SME,98.53,26,26.951186229227265
584,Consumer Prepaid,14.01,27,59.53032659274891
585,Consumer Prepaid,35.45,28,18.772240569225207
586,Consumer Prepaid,30.37,27,43.23462264033473
587,Consumer Prepaid,21.67,25,66.6847391305658
588,Consumer Prepaid,29.92,31,32.529061836174776
589,Corporate,135.93,30,9.491793682166971
590,Public Sector,116.12,26,80.66650530268164
591,Corporate,147.08,22,36.04268271414861
592,SME,69.92,25,65.43420054927196
593,Consumer Prepaid,38.35,26,62.46140481145316
594,Corporate,168.89,30,99.06791570657658
595,SME,115.38,22,59.68518768877594
596,Public Sector,87.7,39,52.7677466221695
597,Consumer Prepaid,36.18,27,5.3347996988897695
598,Consumer Postpaid,53.24,27,37.31226184223836
599,Public Sector,100.03,32,64.86389567688155
600,Consumer Prepaid,12.23,18,59.930211613943776
601,Consumer Prepaid,21.02,26,16.972842857692317
602,Consumer Prepaid,43.2,28,69.96395696221217
603,Corporate,120.59,27,57.26072328820224
604,Consumer Prepaid,55.62,32,59.284018050811014
605,Consumer Postpaid,32.89,31,21.1231831472931
606,Corporate,145.53,36,73.74260857706773
607,Consumer Prepaid,27.89,23,6.239406859827723
608,Consumer Prepaid,25.75,34,38.55975925133334
609,Consumer Prepaid,18.4,23,10.09781068177611
610,Consumer Prepaid,17.95,23,79.82931972091866
611,Consumer Prepaid,14.85,17,35.53197484738877
612,SME,64.78,14,80.90236402916764
613,Consumer Prepaid,33.81,18,48.45379950800108
614,Consumer Prepaid,21.2,25,13.714848815274316
615,Consumer Postpaid,27.51,26,48.78343185440125
616,Consumer Prepaid,25.18,23,82.23812111853543
617,Consumer Prepaid,13.14,27,66.72123371941811
618,SME,33.56,30,53.802270536390296
619,Corporate,114.47,29,49.25690707532976
620,Consumer Postpaid,37.51,30,85.97946748116456
621,Consumer Postpaid,37.11,28,19.64192158720174
622,Public Sector,50.89,23,57.931446666193786
623,Consumer Postpaid,26.5,25,66.1667259629189
624,Consumer Prepaid,31.61,25,27.86430631150364
625,Consumer Prepaid,29.42,21,96.99265253451908
626,Consumer Postpaid,38.54,18,79.7732263348214
627,Consumer Postpaid,46.74,19,22.05042634356471
628,Consumer Prepaid,16.55,31,26.32473465180112
629,Consumer Prepaid,27.96,26,15.20485674244918
630,Consumer Postpaid,50.63,22,48.61304852149241
631,Public Sector,83.6,37,46.62994129398188
632,SME,65.34,18,42.99852141210597
633,Consumer Postpaid,62.57,18,20.444837246427305
634,Consumer Prepaid,21.35,24,91.06057172144217
635,Consumer Postpaid,35.24,23,16.067958471184518
636,Consumer Prepaid,25.02,23,4.961437333883745
637,SME,84.98,21,37.97515229193175
638,Corporate,123.2,27,12.548629679915068
639,SME,95.08,25,38.732251797531404
640,Consumer Prepaid,13.82,24,23.44256000115147
641,Consumer Prepaid,30.05,20,67.84999682926379
642,Consumer Prepaid,26.96,31,27.746467972495402
643,Consumer Prepaid,34.91,21,7.893940294655555
644,Consumer Postpaid,60.58,20,83.45717902556277
645,Public Sector,88.29,39,9.236052811137851
646,Consumer Prepaid,13.45,25,96.80763814507335
647,Consumer Postpaid,20.26,24,75.11771369540428
648,SME,80.2,25,81.74078473061094
649,SME,92.71,23,88.45868882296138
650,Corporate,116.48,37,69.10558127392618
651,Consumer Prepaid,19.98,22,83.09491710550684
652,Consumer Prepaid,20.07,28,28.794534267599246
653,Consumer Postpaid,56.71,23,11.658307455569672
654,Consumer Postpaid,20.63,32,73.30001072226231
655,SME,118.19,31,32.679470585777736
656,Consumer Prepaid,33.1,29,10.445451810015138
657,Consumer Postpaid,29.58,15,73.88666771330327
658,Consumer Prepaid,24.03,26,10.326500887504842
659,Consumer Prepaid,7.56,22,5.276525785960262
660,SME,91.64,23,61.39703063252326
661,Consumer Prepaid,6.34,24,36.25597965590946
662,Corporate,180.86,26,8.468834187530682
663,Consumer Postpaid,63.51,20,80.8405738893691
664,Corporate,148.06,27,30.328589084928293
665,Public Sector,108.4,27,65.6409603500657
666,Public Sector,148.93,30,6.845045256601678
667,Consumer Postpaid,49.0,34,7.680304831442153
668,Consumer Postpaid,31.39,25,83.36440104751723
669,Corporate,103.16,25,35.4897683486554
670,Consumer Postpaid,65.7,27,7.0108139641256955
671,Consumer Postpaid,39.34,29,41.91828759021213
672,Consumer Prepaid,21.5,31,23.1380636376848
673,Consumer Postpaid,50.3,33,63.54143568619099
674,SME,74.88,23,53.12940183509319
675,SME,112.53,29,83.2929715574228
676,Consumer Postpaid,37.46,30,37.904048538303506
677,Corporate,169.64,28,30.8468281489484
678,Consumer Postpaid,37.9,21,27.199860534435604
679,Consumer Prepaid,40.08,22,80.54300430459791
680,Public Sector,82.7,27,26.59284506321188
681,Public Sector,101.84,31,12.038757878908902
682,Public Sector,91.59,23,22.267607912308495
683,Consumer Prepaid,5.0,18,41.814478816279966
684,SME,105.23,31,39.310390755940105
685,Consumer Prepaid,13.67,20,83.49472056944037
686,Public Sector,108.61,22,86.8409523946934
687,Public Sector,85.15,27,58.32523923125568
688,Consumer Prepaid,23.94,28,4.02580030092321
689,Consumer Postpaid,50.17,25,70.94388646339748
690,Consumer Prepaid,24.26,32,54.98685627762052
691,Consumer Prepaid,37.1,29,22.60790710105627
692,Corporate,141.93,39,45.005863942622526
693,Consumer Prepaid,31.77,13,44.210703467972
694,Consumer Prepaid,17.25,22,16.136735838838312
695,Consumer Postpaid,54.13,18,26.817436774491334
696,Consumer Postpaid,55.71,23,5.66804321658354
697,Consumer Prepaid,40.68,19,25.982813794029948
698,Corporate,124.21,37,22.99937539632405
699,Consumer Postpaid,56.42,29,82.43504472493495
700,Consumer Postpaid,27.81,18,36.047450514155386
701,SME,72.47,29,57.78070502510847
702,Corporate,143.81,25,61.93899693665019
703,Consumer Postpaid,17.46,25,20.152837800631286
704,Public Sector,80.39,32,55.619069263001165
705,SME,93.27,20,10.28425921574767
706,Consumer Prepaid,17.76,30,67.64837495206044
707,Consumer Postpaid,69.35,25,27.592269438054686
708,SME,98.35,20,23.333282264932663
709,SME,63.84,14,60.59969672710255
710,Corporate,171.3,26,92.88595498455656
711,Consumer Prepaid,21.83,16,2.7852240821074403
712,SME,79.55,23,17.464718589632955
713,Consumer Prepaid,27.19,25,50.027853520776034
714,Consumer Prepaid,25.77,16,34.09585714355583
715,Corporate,117.97,32,52.54703073558932
716,SME,74.41,31,67.63610678727241
717,SME,77.69,19,63.3711599765529
718,Consumer Postpaid,48.79,21,55.65784285021533
719,Consumer Prepaid,17.4,22,77.9820884010068
720,Consumer Prepaid,27.87,22,1.289746978952544
721,Consumer Postpaid,54.13,16,37.99790789653946
722,SME,135.32,22,9.49652752283765
723,Consumer Prepaid,24.68,24,99.55689004906878
724,Consumer Postpaid,49.12,29,30.57439574472911
725,Consumer Postpaid,63.09,21,63.239625646550856
726,Consumer Prepaid,36.42,25,70.06114963944516
727,SME,80.0,27,18.663993979768257
728,Consumer Prepaid,35.83,21,61.71059444286563
729,Corporate,141.12,43,47.84910701071892
730,Consumer Postpaid,41.4,25,5.702691400361937
731,Consumer Prepaid,36.8,20,82.00675020556494
732,Consumer Prepaid,47.78,24,25.23119270696871
733,Consumer Prepaid,33.36,29,73.02217177572491
734,Consumer Postpaid,48.58,26,18.993613645756092
735,SME,39.49,32,31.5773151249496
736,Consumer Prepaid,33.09,28,33.13522187363171
737,SME,108.52,23,93.4729915488301
738,Consumer Prepaid,19.21,17,96.93218122841789
739,Consumer Postpaid,42.28,24,65.8102218056492
740,Public Sector,87.64,28,40.070416683446666
741,Consumer Prepaid,22.87,22,44.203342093112354
742,SME,99.2,34,95.45659288588108
743,Consumer Prepaid,49.45,25,33.80844093662614
744,Consumer Prepaid,19.58,22,73.43656764922184
745,Consumer Prepaid,25.81,25,57.69816124176819
746,Consumer Prepaid,18.19,29,7.928028463119174
747,Consumer Postpaid,41.94,21,15.144552193535732
748,Consumer Postpaid,57.06,25,93.95685890251657
749,SME,104.05,15,63.00931268616634
750,Corporate,159.51,34,94.08801695592042
751,Consumer Prepaid,30.6,12,51.6283299197674
752,Consumer Postpaid,32.8,33,48.1277951219237
753,Corporate,132.3,22,64.39565794476135
754,Consumer Postpaid,57.66,14,90.24032761106747
755,Consumer Postpaid,40.6,29,35.31028889383895
756,SME,51.01,25,63.14587925830206
757,SME,49.57,36,60.50895185405384
758,Consumer Prepaid,42.47,26,18.483839794702494
759,Consumer Prepaid,39.0,24,66.65219766930349
760,Consumer Prepaid,30.54,23,18.445905105988338
761,Consumer Prepaid,19.62,22,48.329428496632524
762,Consumer Postpaid,42.96,30,50.5696743781374
763,Consumer Prepaid,26.27,25,55.78736756600732
764,Public Sector,81.64,17,4.40658615703814
765,Consumer Prepaid,46.04,30,7.718753022646796
766,Consumer Prepaid,30.96,17,51.85616886657339
767,Consumer Prepaid,28.19,18,55.47318032823543
768,Consumer Prepaid,26.31,26,48.96440760320326
769,Consumer Postpaid,46.66,27,39.31471294940152
770,Consumer Prepaid,30.07,16,79.75140452964858
771,SME,51.92,33,28.060081323791596
772,Consumer Prepaid,51.45,20,83.06227604317912
773,Consumer Prepaid,9.73,29,73.08703457761604
774,Consumer Postpaid,19.47,25,80.41655649838842
775,Corporate,154.79,22,54.858841505468845
776,Consumer Postpaid,39.51,18,39.600096638561524
777,Consumer Prepaid,38.68,24,35.781124933559305
778,Consumer Postpaid,27.47,25,47.173983751843906
779,Consumer Postpaid,24.05,28,35.483185554316265
780,SME,86.77,25,69.49531193430477
781,Consumer Postpaid,54.85,26,13.31821256675234
782,Consumer Prepaid,33.28,23,51.37078552153048
783,Consumer Prepaid,24.98,21,2.394626527048349
784,Consumer Postpaid,41.58,34,47.16494907505954
785,Consumer Prepaid,33.53,23,89.65746584690102
786,Consumer Prepaid,46.21,25,59.69452234131726
787,Corporate,196.76,38,18.078515056237954
788,Consumer Prepaid,20.61,19,30.64154493510364
789,Consumer Postpaid,21.66,26,8.778823705815997
790,Consumer Prepaid,43.63,24,28.328440349257733
791,Consumer Postpaid,65.05,31,56.459063893346354
792,SME,103.65,21,4.922091454076161
793,Consumer Prepaid,22.23,20,85.91117576469165
794,Consumer Postpaid,51.76,27,75.80404210112165
795,SME,63.87,21,76.5858643884742
796,SME,46.15,38,13.07173235897573
797,SME,90.62,19,31.21897365691294
798,Consumer Postpaid,69.34,26,23.22246909013431
799,Consumer Postpaid,32.5,22,89.69952893644111
800,Corporate,130.85,27,6.2431327277780335
801,Consumer Postpaid,40.62,21,87.54886503958966
802,Consumer Prepaid,20.46,28,69.0322846900729
803,Public Sector,71.64,29,51.05704087285036
804,Consumer Prepaid,37.3,21,86.14180460955174
805,Consumer Prepaid,23.71,26,81.19462346378835
806,Public Sector,108.52,26,13.168690343620703
807,SME,96.91,20,16.8858463370395
808,Consumer Prepaid,36.51,27,84.90980199586761
809,Consumer Postpaid,50.08,25,72.03839985864458
810,Consumer Postpaid,39.99,25,82.87089838180064
811,Corporate,132.21,35,69.70241660042996
812,Consumer Postpaid,49.72,31,11.259046652919446
813,Consumer Postpaid,46.09,26,24.879178873917706
814,Public Sector,104.68,25,39.31217982070792
815,Consumer Prepaid,25.24,22,52.054383730485846
816,Consumer Postpaid,41.04,31,50.77578381885688
817,Consumer Prepaid,27.15,25,42.2192233880678
818,SME,68.76,19,64.87471138950181
819,Consumer Postpaid,20.17,28,32.08545427498436
820,Consumer Postpaid,40.72,32,5.4732706924985886
821,Consumer Prepaid,10.91,18,6.760474947238315
822,SME,71.83,33,11.914067199604816
823,Consumer Postpaid,26.5,26,11.060359887316086
824,Consumer Prepaid,10.1,13,3.895784634846422
825,Consumer Postpaid,36.39,23,50.889407006988016
826,Corporate,182.8,36,77.80463064831991
827,Consumer Postpaid,44.85,20,99.21356394785828
828,Corporate,158.89,20,34.5579585870813
829,Consumer Prepaid,10.79,29,82.7523693953817
830,Consumer Prepaid,19.83,21,23.3567361068611
831,Consumer Prepaid,27.35,21,37.68668803471885
832,Corporate,110.23,37,33.01559503156044
833,Consumer Prepaid,14.44,21,78.31614309236971
834,Consumer Prepaid,14.41,26,7.053563759295656
835,Corporate,164.55,29,95.54481914380675
836,Consumer Prepaid,20.32,30,85.39428821418528
837,Consumer Prepaid,40.7,33,81.96248695476449
838,Corporate,152.06,23,28.89685249210585
839,Consumer Postpaid,58.99,18,16.75665393045065
840,Consumer Prepaid,5.0,24,73.94692332387272
841,SME,83.27,16,41.35165302899592
842,Consumer Prepaid,13.04,35,4.310010894832406
843,Consumer Prepaid,30.57,18,10.868253937469207
844,Public Sector,96.65,27,34.259108281113186
845,SME,72.39,31,80.82682112162783
846,Consumer Prepaid,21.69,21,63.56453219526132
847,Consumer Postpaid,49.46,29,13.22687150984817
848,Consumer Prepaid,14.16,20,64.27950705063091
849,SME,60.3,29,46.90407475181539
850,Corporate,192.15,23,88.36839676879897
851,Consumer Prepaid,13.9,14,24.080381607317324
852,Consumer Postpaid,62.21,16,29.797723549584376
853,Consumer Prepaid,14.39,21,16.169455327398687
854,Public Sector,98.86,24,54.66772648973117
855,Corporate,196.36,23,91.64891511155142
856,Consumer Prepaid,49.14,22,33.882348242280734
857,Public Sector,115.45,36,25.706269218920873
858,Consumer Postpaid,67.64,20,91.92080310537251
859,Consumer Postpaid,49.46,23,35.164987234190534
860,Corporate,146.95,30,81.18067183508863
861,Consumer Prepaid,36.51,22,94.09923225744372
862,SME,75.62,30,5.126345917599817
863,Consumer Postpaid,36.68,28,63.474414110402954
864,Consumer Prepaid,44.4,28,20.40643885466006
865,Consumer Prepaid,23.83,23,89.79552161850192
866,Consumer Postpaid,69.97,27,44.67264687026405
867,Consumer Prepaid,32.53,30,15.31445000839562
868,SME,56.25,25,76.97466228570872
869,Public Sector,53.49,31,89.73973183215863
870,Consumer Prepaid,33.64,21,59.731237833071184
871,Consumer Postpaid,62.47,22,8.813443097669149
872,SME,78.25,30,43.03465323722004
873,Consumer Prepaid,28.14,26,21.17458620524195
874,Consumer Prepaid,43.38,21,85.79349139973289
875,SME,91.77,24,5.282668636472199
876,SME,78.32,17,53.24709078838974
877,Consumer Postpaid,27.75,22,96.98188646337847
878,SME,86.93,25,66.66856518925131
879,SME,75.01,24,51.931269264230316
880,Consumer Prepaid,50.02,29,8.496628988946641
881,Consumer Postpaid,33.6,21,34.700233541219994
882,Public Sector,148.31,38,32.78839940182585
883,SME,79.41,28,8.540303016272166
884,Public Sector,86.35,29,23.660978270750732
885,Consumer Postpaid,33.59,17,23.981995220659023
886,Consumer Prepaid,23.73,24,6.194651857898792
887,Consumer Postpaid,62.66,20,3.9922532563751223
888,Consumer Postpaid,41.81,25,33.242669217436514
889,Consumer Prepaid,22.24,30,70.086569724388
890,Consumer Prepaid,16.84,26,48.20173397769325
891,SME,60.73,33,48.56342984133404
892,Corporate,115.35,31,24.974417922935523
893,Consumer Prepaid,26.93,24,1.6028156455123121
894,Public Sector,128.62,27,7.971507318728499
895,SME,82.48,17,76.63472131046524
896,Consumer Postpaid,55.65,31,89.92489182892025
897,SME,72.08,28,30.096631963162167
898,Consumer Prepaid,17.32,28,22.578955215062912
899,SME,78.14,23,98.46544775908396
900,Consumer Prepaid,22.54,17,76.90611331597242
901,Consumer Postpaid,39.54,16,91.32296862792705
902,Consumer Postpaid,45.75,29,93.53944896677987
903,SME,83.34,22,27.556677630917846
904,Consumer Prepaid,29.17,27,92.94034838491538
905,Consumer Prepaid,31.49,14,28.27654570600986
906,Consumer Prepaid,33.11,22,43.45309633044954
907,Corporate,129.71,33,60.82113767664467
908,Consumer Postpaid,28.58,28,5.8457987236877
909,Consumer Prepaid,12.29,22,5.739184368827354
910,Consumer Postpaid,43.52,31,59.7808013401514
911,SME,113.95,23,0.735304455442698
912,SME,66.38,26,36.82501073951331
913,Public Sector,101.66,37,58.20701311242236
914,SME,25.74,30,47.51083649318354
915,Consumer Postpaid,33.51,25,87.7749404862625
916,Consumer Prepaid,24.65,29,5.461030321346905
917,Public Sector,53.45,28,30.49031243850635
918,Consumer Prepaid,26.12,17,78.00480870400435
919,Consumer Postpaid,36.04,24,89.11400917935094
920,Consumer Postpaid,37.68,13,72.04567414627562
921,Consumer Prepaid,24.02,25,2.7106652336233106
922,SME,57.84,31,53.554247309779825
923,Consumer Postpaid,58.4,31,61.5069754014698
924,Public Sector,93.61,43,45.28248052843268
925,Consumer Prepaid,8.53,21,99.87929358156545
926,Consumer Prepaid,31.05,25,15.452082999051896
927,Consumer Postpaid,19.43,21,30.32197838442505
928,Public Sector,101.85,40,57.08539362787616
929,Corporate,140.39,25,69.29089110247676
930,SME,80.5,24,40.56452594472375
931,Consumer Prepaid,50.12,20,69.49701331214759
932,Consumer Postpaid,44.39,22,17.046251158164203
933,Consumer Postpaid,32.23,28,79.40144502659628
934,Consumer Postpaid,16.35,22,23.828967055309157
935,Consumer Prepaid,7.83,24,96.69685146183153
936,Consumer Postpaid,45.48,30,56.92064631294277
937,Corporate,198.95,27,45.79002951270714
938,Consumer Postpaid,54.33,30,96.6734227535108
939,Public Sector,81.24,28,52.6094013251542
940,SME,55.07,20,5.165735711464103
941,Consumer Prepaid,9.27,21,32.07335823115712
942,Consumer Prepaid,12.79,23,57.654498995114004
943,Public Sector,119.48,32,8.857833963664408
944,SME,57.79,28,84.1622007542774
945,Consumer Prepaid,23.61,19,95.33071675823726
946,Consumer Prepaid,37.05,19,62.023484896112045
947,Consumer Postpaid,39.27,20,41.1144336479987
948,SME,66.39,19,39.09174268411623
949,Public Sector,71.57,29,85.8322938878858
950,Corporate,123.22,26,31.283419752422002
951,Consumer Prepaid,7.79,27,30.409463597128383
952,Corporate,122.52,25,72.7018527014134
953,SME,101.68,32,75.1798163586933
954,Consumer Postpaid,69.06,20,33.37765970697978
955,Consumer Postpaid,47.55,26,5.116550644547591
956,Consumer Prepaid,34.55,24,18.176359776119423
957,Consumer Postpaid,27.69,23,92.77457330754073
958,Corporate,124.65,32,77.5877254469693
959,Corporate,137.7,31,57.73534012196677
960,SME,85.69,23,3.4376858351725215
961,SME,77.5,21,13.341633552320708
962,SME,63.9,29,10.431308735188216
963,Consumer Prepaid,25.79,23,64.95560067569618
964,Corporate,181.62,35,7.527871665167362
965,Consumer Prepaid,20.94,22,61.03760597816921
966,Corporate,131.5,32,73.59204063739489
967,Consumer Prepaid,11.03,21,2.464440463632267
968,SME,104.44,27,97.44393106384753
969,Public Sector,133.26,22,98.24825806012478
970,Corporate,189.63,28,36.229349000020484
971,Corporate,138.81,17,46.90249397178835
972,Public Sector,146.21,31,52.53182644507214
973,Consumer Prepaid,24.32,24,68.25117301162001
974,SME,84.6,27,31.566848116406597
975,Consumer Prepaid,21.78,25,89.08321482896335
976,Consumer Postpaid,46.63,23,67.07650254430358
977,Corporate,136.01,24,19.249315063582706
978,Consumer Prepaid,9.87,28,84.37287927102575
979,Consumer Postpaid,53.95,16,58.24350768882959
980,Consumer Prepaid,5.0,19,5.700238755193398
981,Consumer Postpaid,46.44,29,34.96143988077222
982,Consumer Postpaid,36.1,20,73.52285181015961
983,SME,111.15,27,35.24810469433511
984,Consumer Prepaid,30.2,17,85.86001069824982
985,Public Sector,71.34,21,57.875647635999925
986,SME,89.32,28,83.44582528560966
987,Consumer Prepaid,31.38,21,31.416206383697208
988,Public Sector,111.25,23,17.589028341866207
989,Consumer Prepaid,33.64,19,75.89768318540307
990,Consumer Postpaid,44.82,32,64.59278930230393
991,Consumer Prepaid,29.72,25,30.946257644618235
992,Consumer Postpaid,31.76,21,35.45482088286074
993,Consumer Postpaid,49.71,17,90.69855184382438
994,Consumer Prepaid,23.13,38,94.57151084410245
995,SME,61.44,21,14.386796634332978
996,Consumer Prepaid,19.09,23,14.138355421634019
997,Consumer Prepaid,13.56,16,92.37313958767761
998,Corporate,166.25,26,53.72756736680381
999,SME,100.68,20,45.55667819901088
1000,Corporate,194.01,30,99.16243429612281
1001,Consumer Prepaid,35.9,27,79.85558381305991
1002,Consumer Prepaid,37.0,22,43.01427320968263
1003,Consumer Postpaid,61.04,33,17.478128487493382
1004,Corporate,126.8,33,6.728461292151455
1005,Consumer Prepaid,27.33,27,71.93881555748203
1006,Consumer Prepaid,32.21,22,14.609656554132023
1007,Corporate,170.98,27,10.745055262890812
1008,Consumer Prepaid,12.83,32,81.96770027804591
1009,Public Sector,82.84,38,79.51102825267246
1010,Consumer Prepaid,16.57,18,10.015499750676693
1011,Consumer Prepaid,20.51,16,98.138333424128
1012,SME,103.31,23,98.61767972836948
1013,Corporate,139.84,18,58.07685836144216
1014,Public Sector,95.7,29,44.588661985980785
1015,SME,64.61,22,7.069660818436619
1016,Consumer Postpaid,53.21,24,43.206728506661776
1017,SME,98.53,23,63.00186806188274
1018,Consumer Postpaid,48.43,18,1.66715505996331
1019,Corporate,128.0,33,50.60446924118366
1020,Consumer Prepaid,18.3,30,76.23612137071729
1021,Consumer Prepaid,13.29,24,42.268661965742574
1022,SME,125.48,23,23.30189643968348
1023,Corporate,109.32,24,82.99395932124433
1024,Consumer Postpaid,51.22,20,66.9268291750835
1025,Consumer Postpaid,23.3,26,99.56451766743493
1026,Consumer Postpaid,44.11,24,91.67560031187467
1027,Corporate,202.46,30,19.231577278435054
1028,Consumer Postpaid,39.14,24,54.29404444893278
1029,Consumer Prepaid,17.0,26,77.79849715709368
1030,Consumer Prepaid,22.52,18,92.65853832183811
1031,SME,91.17,26,58.58083942152443
1032,Consumer Prepaid,5.0,38,64.80303180552141
1033,Consumer Prepaid,34.31,27,89.24690939520117
1034,Consumer Prepaid,32.32,21,98.80139620654217
1035,Consumer Postpaid,58.46,19,28.12845635530341
1036,Consumer Postpaid,61.95,20,87.93930568071954
1037,Public Sector,68.21,35,15.966634936715074
1038,SME,55.05,26,62.25469904622817
1039,Consumer Prepaid,37.85,29,94.71529360063548
1040,Consumer Postpaid,35.62,28,89.7532326522084
1041,Corporate,164.7,35,95.22600783623237
1042,Consumer Prepaid,30.48,18,57.579247112230966
1043,SME,80.75,33,82.26574684804274
1044,Consumer Prepaid,22.26,25,49.8967944220793
1045,Consumer Prepaid,25.35,28,14.938163622643208
1046,SME,119.94,19,61.311623906924154
1047,Consumer Prepaid,25.22,15,25.31989070128102
1048,Corporate,166.69,29,75.34756054464806
1049,Consumer Prepaid,44.99,16,85.3284798567202
1050,Corporate,210.83,20,26.26954770019353
1051,Corporate,161.75,21,35.60672991191448
1052,SME,66.78,20,23.568253457588494
1053,SME,85.22,17,16.08602934850979
1054,SME,100.46,28,50.613985269464436
1055,Corporate,150.69,41,39.419049459990795
1056,Corporate,172.13,29,49.03124894098283
1057,Corporate,139.83,26,57.277250973710906
1058,Consumer Prepaid,36.67,29,33.40455484199596
1059,Consumer Prepaid,16.15,23,3.5159250271194153
1060,Consumer Prepaid,19.79,25,35.65589211768887
1061,Consumer Postpaid,43.51,20,45.776461270413414
1062,SME,87.53,19,2.1149823349416286
1063,Consumer Postpaid,34.87,25,74.19953911261723
1064,Consumer Prepaid,36.55,30,87.43980317083307
1065,Consumer Postpaid,30.9,32,17.85197892725987
1066,Consumer Postpaid,62.36,16,94.37663822120143
1067,Public Sector,117.01,29,70.23987210805987
1068,SME,76.02,27,11.36460386967194
1069,Consumer Prepaid,25.51,21,28.467473884646367
1070,Consumer Postpaid,67.35,28,7.748362655548268
1071,Consumer Prepaid,23.02,33,80.18258998755151
1072,Consumer Postpaid,31.77,22,87.5933022186205
1073,SME,80.94,24,94.61868939912613
1074,Consumer Postpaid,25.82,25,6.290747601802393
1075,Consumer Prepaid,18.23,30,30.11755869973588
1076,Consumer Prepaid,29.16,22,48.8950926438452
1077,Consumer Postpaid,36.99,30,52.70076245815337
1078,Consumer Postpaid,47.26,18,31.88173228730047
1079,Consumer Postpaid,40.27,39,80.26974053360216
1080,SME,75.24,21,14.562864670542341
1081,SME,104.12,34,15.585153655144346
1082,Consumer Prepaid,31.09,30,7.252231695448142
1083,SME,94.99,26,94.78565672536607
1084,Consumer Prepaid,23.26,21,5.122429640431325
1085,Consumer Postpaid,41.19,22,80.3170511632731
1086,Consumer Prepaid,15.33,22,15.141044393608505
1087,SME,61.97,22,62.820659709304394
1088,Consumer Prepaid,31.03,22,91.13418162164088
1089,Consumer Postpaid,38.68,30,65.07243843338003
1090,Corporate,116.07,20,74.05095212183186
1091,SME,57.24,29,8.613577154903629
1092,Consumer Postpaid,50.47,19,1.8081092205685434
1093,Consumer Postpaid,77.18,26,21.546290727573002
1094,Consumer Prepaid,33.95,30,97.47600813361953
1095,Corporate,161.68,20,63.822441504061146
1096,Consumer Postpaid,45.01,33,54.941183206096454
1097,Consumer Postpaid,26.11,22,19.494276897015983
1098,Corporate,173.61,30,71.36073662634715
1099,Consumer Prepaid,35.59,23,45.221510010171805
1100,Consumer Prepaid,26.98,21,88.12506816818897
1101,Consumer Postpaid,48.33,21,44.26548482604331
1102,Consumer Postpaid,38.82,28,44.31273453229145
1103,Consumer Postpaid,51.59,29,52.42547205377367
1104,SME,35.1,20,93.34131270234548
1105,SME,117.16,24,35.94238268308171
1106,Consumer Prepaid,34.71,23,5.270978985343899
1107,Consumer Prepaid,28.13,24,74.47507316299222
1108,Consumer Prepaid,42.82,19,28.62798621119409
1109,Consumer Prepaid,38.44,29,7.308509102615024
1110,Consumer Prepaid,37.93,27,51.820573218252086
1111,Consumer Prepaid,32.87,23,67.3609831996695
1112,Consumer Prepaid,26.3,23,46.98043214486815
1113,Consumer Postpaid,17.61,18,83.0202884345762
1114,SME,100.95,22,91.22075712491822
1115,Consumer Prepaid,27.32,24,24.665644684477783
1116,Consumer Postpaid,58.52,26,74.26359896816905
1117,Consumer Prepaid,16.58,23,69.3400853429044
1118,Public Sector,103.32,25,32.95304137739967
1119,Consumer Postpaid,51.44,31,87.3361117841438
1120,Consumer Prepaid,33.32,31,31.458763341406648
1121,Consumer Postpaid,59.1,22,42.47941813314118
1122,Consumer Postpaid,39.16,32,50.51155557440063
1123,Public Sector,82.68,25,15.690262414612011
1124,Public Sector,98.64,33,59.08045335179158
1125,SME,110.87,25,11.47419583381919
1126,Consumer Prepaid,25.85,24,2.103690246046863
1127,SME,81.73,24,55.16879678064617
1128,Corporate,137.28,26,19.124212907612137
1129,SME,70.01,22,68.60911539434869
1130,Public Sector,97.43,25,5.535981693840952
1131,Consumer Postpaid,55.59,29,96.89443971742911
1132,SME,103.81,33,11.706441298186265
1133,Consumer Postpaid,48.7,24,1.0046981054831594
1134,Consumer Prepaid,15.05,22,71.46960890066222
1135,SME,65.3,17,2.583897222001119
1136,Consumer Prepaid,8.43,28,8.00634025289656
1137,Consumer Postpaid,53.83,32,68.3175563239818
1138,Consumer Prepaid,31.67,29,23.290183864948165
1139,Corporate,136.66,24,18.690729645011817
1140,Consumer Prepaid,19.42,30,84.16154597578152
1141,Consumer Postpaid,56.97,31,60.697311627426544
1142,Consumer Prepaid,13.23,20,8.61161105063738
1143,Consumer Postpaid,27.49,23,52.18308753051893
1144,Consumer Postpaid,45.14,27,5.2935935568818255
1145,SME,60.16,25,35.619394346137945
1146,SME,68.93,25,42.02496018075419
1147,Consumer Postpaid,51.9,20,56.892140584471626
1148,Corporate,156.8,40,8.661976085469403
1149,SME,63.96,13,79.05136075336478
1150,Consumer Postpaid,8.18,21,85.43995133256801
1151,SME,68.28,25,59.63935996924615
1152,Consumer Postpaid,39.77,29,11.674790276879554
1153,Consumer Prepaid,32.24,21,76.40955865788793
1154,Consumer Prepaid,25.61,11,72.84939338474402
1155,Consumer Prepaid,25.31,27,40.636640527746145
1156,Consumer Postpaid,10.06,25,17.16781950432169
1157,Corporate,165.94,32,13.839758596812457
1158,SME,116.7,24,33.799878102849
1159,Corporate,126.11,28,79.41345617322723
1160,Consumer Postpaid,47.52,31,41.05986972382666
1161,Corporate,159.3,35,86.49949762077763
1162,Consumer Prepaid,31.61,19,41.79685080138871
1163,Consumer Prepaid,16.84,21,44.185370809106395
1164,Consumer Prepaid,20.99,28,74.44421678375537
1165,Consumer Prepaid,21.37,29,6.325340889867959
1166,Consumer Prepaid,16.31,30,25.320116336997668
1167,Consumer Postpaid,76.72,20,30.936856208001284
1168,SME,87.5,22,7.27362617771965
1169,SME,93.54,29,74.08832067219855
1170,SME,58.41,22,29.4701369885528
1171,Consumer Postpaid,34.7,21,81.79634943491536
1172,Public Sector,134.82,29,90.32736222389141
1173,Consumer Prepaid,32.64,23,43.778147729961994
1174,Consumer Prepaid,15.2,21,7.552708602588687
1175,Corporate,207.22,20,8.970091901484578
1176,Public Sector,64.1,34,22.36025483236711
1177,Public Sector,75.39,39,11.324345163981986
1178,Consumer Postpaid,38.23,30,99.45642566845248
1179,SME,47.81,25,8.645750712015232
1180,Consumer Prepaid,18.03,23,57.231518563007654
1181,Public Sector,74.86,23,28.51865960100478
1182,SME,60.48,20,32.82550892773371
1183,Consumer Prepaid,28.37,18,28.725769487706764
1184,SME,98.3,14,48.19001671099774
1185,Consumer Postpaid,62.05,25,30.350390914795224
1186,Consumer Postpaid,31.31,21,28.557961623863637
1187,Public Sector,84.29,29,11.054316630858052
1188,Consumer Prepaid,22.07,23,79.96918620027913
1189,SME,43.22,21,5.2072406221269745
1190,Consumer Prepaid,16.85,29,13.088113855357598
1191,Consumer Prepaid,23.43,38,81.11045663053181
1192,Consumer Prepaid,43.53,19,40.50010985875484
1193,Public Sector,100.62,22,61.912140004669624
1194,Consumer Prepaid,16.16,18,8.54084828082653
1195,Corporate,139.35,28,7.173534374742497
1196,Consumer Prepaid,12.0,28,32.70067684961021
1197,SME,89.13,26,90.9005588835703
1198,Public Sector,93.74,19,30.336428221417044
1199,Consumer Postpaid,49.58,36,8.291458139448116
1200,SME,54.92,22,43.467814831647026
1201,Consumer Prepaid,30.87,20,20.58873107665994
1202,Consumer Prepaid,18.26,23,93.17314247538246
1203,Consumer Prepaid,15.2,24,90.07601624507325
1204,Public Sector,90.09,27,89.62362491461332
1205,Corporate,106.3,23,64.33697250697605
1206,Consumer Prepaid,20.78,13,80.19139528361265
1207,Corporate,71.87,24,17.275731828108732
1208,Consumer Postpaid,37.12,32,41.19465486122637
1209,Public Sector,149.98,31,63.813990251626926
1210,Consumer Prepaid,36.4,16,12.875443736805547
1211,Public Sector,50.52,33,31.003402401245005
1212,Corporate,141.93,36,4.6964422407667294
1213,Consumer Postpaid,37.02,20,2.0121721853074037
1214,SME,87.71,24,0.7096532494887176
1215,Corporate,168.59,32,95.59800588260723
1216,Consumer Postpaid,13.04,26,12.646424540357115
1217,Corporate,192.22,28,60.16866086204651
1218,Consumer Prepaid,12.91,23,43.604697411857906
1219,SME,90.24,11,53.66075092637743
1220,Public Sector,115.47,25,47.070594731593744
1221,Consumer Prepaid,17.13,25,91.15768872630525
1222,Consumer Prepaid,17.16,26,18.677252823112934
1223,Corporate,129.44,27,0.02410046851345493
1224,Consumer Prepaid,37.24,19,80.59058425334413
1225,Consumer Prepaid,25.19,30,7.853624279279869
1226,Consumer Postpaid,24.16,28,81.67933695743474
1227,Public Sector,111.54,29,98.43219788140412
1228,Consumer Postpaid,64.51,18,28.428828909545935
1229,Consumer Postpaid,24.96,30,44.86325916177341
1230,Consumer Postpaid,77.03,26,39.480728287825606
1231,SME,109.03,24,52.72551499506771
1232,Public Sector,81.51,28,11.974678850053188
1233,Corporate,161.95,37,52.023048910309
1234,SME,74.96,28,60.09571949974972
1235,Consumer Prepaid,12.83,19,43.243716671650304
1236,SME,79.83,15,18.262513025310113
1237,Consumer Postpaid,57.61,28,76.5106591633131
1238,Consumer Postpaid,75.54,24,1.835838399922396
1239,SME,49.59,16,92.32237469852286
1240,SME,98.96,17,59.248299390159644
1241,Corporate,106.69,19,24.474507963692727
1242,Corporate,170.61,27,91.82850353799577
1243,Consumer Postpaid,46.15,15,57.18975224589538
1244,Corporate,108.47,21,87.94626935118923
1245,Consumer Postpaid,33.35,21,94.51224487448869
1246,Consumer Prepaid,24.67,23,16.21833724078774
1247,Consumer Postpaid,54.18,26,12.628347258456895
1248,Public Sector,109.95,22,26.481632177831884
1249,Public Sector,123.83,24,61.78131945892864
1250,SME,96.52,31,82.2760243032332
1251,Consumer Postpaid,16.05,25,41.09329049627583
1252,SME,72.06,27,5.196609813118025
1253,Corporate,99.55,24,88.68315394689591
1254,Consumer Postpaid,40.57,28,47.60567021510618
1255,Public Sector,82.37,29,40.95609272625092
1256,SME,93.18,28,92.22233181548602
1257,Consumer Postpaid,45.58,25,48.64050355361782
1258,Consumer Postpaid,9.18,19,54.176031994101535
1259,Consumer Prepaid,23.51,18,11.260922934922068
1260,Public Sector,112.72,23,40.663652688497045
1261,Consumer Postpaid,41.83,18,50.9113385187522
1262,Consumer Prepaid,39.24,26,71.47023163822577
1263,Public Sector,86.41,28,44.23937407481936
1264,Consumer Prepaid,21.23,25,47.343493359404874
1265,SME,87.48,23,90.55821375731323
1266,Consumer Prepaid,33.52,24,4.706119787694741
1267,SME,77.33,32,90.39530651898893
1268,Consumer Prepaid,26.44,25,4.388108836874361
1269,SME,47.53,19,0.04015440253398728
1270,Corporate,138.9,19,38.62363952990896
1271,Consumer Postpaid,24.48,31,9.455634477438824
1272,SME,57.87,25,5.357655960740793
1273,Consumer Prepaid,12.54,24,28.35071902709394
1274,Public Sector,113.06,35,7.7993866409409085
1275,Consumer Prepaid,12.55,24,63.938642145409794
1276,Consumer Prepaid,24.74,23,88.77515246716881
1277,Consumer Prepaid,34.67,24,36.25832125946771
1278,Consumer Prepaid,18.24,26,94.89162181887151
1279,Consumer Prepaid,9.42,27,19.378913002335484
1280,Consumer Prepaid,53.33,28,57.349176389097664
1281,Consumer Prepaid,5.0,20,26.85000761974954
1282,SME,85.47,24,39.62772624917006
1283,SME,136.32,20,47.07849970127073
1284,SME,32.18,34,4.2200468581298445
1285,Consumer Postpaid,26.15,34,87.53632399007607
1286,SME,83.37,23,84.9600174982458
1287,Consumer Postpaid,43.13,25,90.09077302669907
1288,SME,33.24,26,60.41739381725918
1289,Consumer Prepaid,25.53,23,8.92221680572386
1290,Consumer Postpaid,32.69,25,32.541828068260784
1291,Consumer Prepaid,43.61,24,6.160798529246925
1292,Consumer Prepaid,15.54,31,24.990172163688985
1293,Consumer Prepaid,31.73,23,21.68142759291083
1294,SME,115.41,39,59.71166200155034
1295,Consumer Postpaid,20.7,29,54.34058521982641
1296,Consumer Prepaid,21.49,19,71.41191409249159
1297,Consumer Prepaid,15.93,23,36.77085081275432
1298,Consumer Prepaid,40.72,21,66.57844014688709
1299,Consumer Prepaid,11.25,19,89.67465499077446
1300,Consumer Prepaid,23.21,20,12.7408071695429
1301,SME,52.8,27,25.602117306151307
1302,SME,104.56,17,43.71481050450347
1303,Consumer Prepaid,34.82,23,25.709608939511174
1304,Consumer Postpaid,49.12,22,36.82954676557095
1305,Consumer Postpaid,61.51,26,33.41430223838622
1306,Corporate,138.58,29,49.71672807176857
1307,SME,40.2,18,49.632277128437885
1308,Consumer Postpaid,34.88,27,96.14175778465733
1309,Consumer Postpaid,43.21,22,56.94823881365918
1310,Corporate,152.81,19,85.03177081575988
1311,Consumer Prepaid,30.06,29,12.978296572261128
1312,Consumer Postpaid,74.86,34,32.694210025469495
1313,SME,85.07,29,23.921108803421877
1314,SME,62.05,14,50.58092225923298
1315,Consumer Postpaid,32.41,26,54.76161006537471
1316,SME,106.44,20,11.927167203974342
1317,Consumer Prepaid,37.4,27,35.09756239260914
1318,Consumer Postpaid,45.01,22,6.121665814357202
1319,Consumer Postpaid,55.55,23,46.48547808132707
1320,SME,69.45,23,50.78974160033809
1321,Consumer Postpaid,54.04,26,72.0616290663715
1322,Consumer Postpaid,56.93,25,74.63138125690769
1323,Consumer Prepaid,27.93,27,39.43411463506643
1324,Consumer Prepaid,12.98,17,67.51298858444197
1325,Consumer Postpaid,47.48,15,83.99982232439429
1326,SME,114.92,31,99.02225346150739
1327,Consumer Prepaid,34.39,19,90.40349864545593
1328,Consumer Prepaid,12.77,26,62.479539871872525
1329,Consumer Prepaid,18.36,19,39.71868863171289
1330,Consumer Prepaid,14.73,23,74.4419253813326
1331,Public Sector,127.49,30,69.06227420813416
1332,Consumer Postpaid,42.17,26,44.043457065604606
1333,Corporate,147.74,30,98.35972997387742
1334,SME,113.18,12,62.33144337590575
1335,Consumer Prepaid,24.56,21,26.269330988000515
1336,Consumer Prepaid,20.85,27,20.015421124936683
1337,Consumer Prepaid,17.86,18,81.23173327141188
1338,SME,83.07,28,66.93854236698692
1339,Consumer Postpaid,39.68,26,50.035836038439015
1340,Consumer Postpaid,46.64,21,69.28011986299087
1341,Corporate,185.52,30,52.78121082956208
1342,Consumer Postpaid,34.62,25,96.4690478828461
1343,Consumer Prepaid,48.21,24,76.80893784186665
1344,SME,92.07,21,83.78413809055185
1345,Consumer Prepaid,21.59,25,67.81225015366465
1346,Consumer Postpaid,53.02,27,27.725841634918613
1347,Public Sector,118.47,26,3.105687603515561
1348,Consumer Postpaid,64.2,28,84.07850719391146
1349,Consumer Prepaid,12.03,23,95.41316415710726
1350,Consumer Prepaid,18.43,33,98.5524133255218
1351,Consumer Postpaid,50.98,18,42.457260718595556
1352,Public Sector,106.14,29,14.112611829932186
1353,Consumer Prepaid,32.06,19,7.869857670750946
1354,SME,84.56,18,30.12312947939082
1355,Consumer Postpaid,27.4,28,66.23718599127535
1356,Consumer Prepaid,28.55,27,42.535649626998364
1357,Consumer Prepaid,16.54,19,8.771764171996432
1358,Consumer Postpaid,58.25,27,62.47006694066079
1359,Consumer Prepaid,16.77,27,70.87656323456545
1360,Consumer Prepaid,22.47,21,2.57424097472162
1361,Consumer Prepaid,25.28,24,3.0824618699370254
1362,Corporate,150.65,29,92.421843484266
1363,Consumer Prepaid,38.28,19,65.22640059437703
1364,SME,124.18,18,26.347344569384823
1365,Consumer Prepaid,17.83,17,85.45686640326409
1366,Consumer Prepaid,21.55,14,43.15081198476424
1367,Consumer Prepaid,8.24,25,38.114688203473555
1368,Consumer Postpaid,46.63,27,85.67299465058974
1369,Public Sector,117.78,20,41.34657667101601
1370,Consumer Prepaid,5.78,31,45.566082155309196
1371,SME,61.38,30,43.95077804475518
1372,Consumer Prepaid,40.27,23,61.45410182213155
1373,Corporate,118.81,32,29.575283462032942
1374,Consumer Postpaid,44.76,23,23.134871320015048
1375,Consumer Prepaid,10.25,40,34.58285703095939
1376,Consumer Postpaid,60.34,31,54.35955749112921
1377,SME,111.6,12,45.723041961954436
1378,Consumer Postpaid,26.82,31,82.26479271938894
1379,Consumer Prepaid,8.95,22,50.357007440355495
1380,Corporate,122.19,28,84.87675852813142
1381,SME,46.0,31,22.11476101106934
1382,Consumer Prepaid,24.33,29,99.20921870288201
1383,Consumer Prepaid,20.44,24,41.291118958921324
1384,Consumer Postpaid,64.27,13,24.47998730017259
1385,SME,115.34,27,7.958814737204245
1386,Public Sector,73.39,25,86.34914504628183
1387,SME,87.86,28,33.720203516895275
1388,Consumer Prepaid,20.95,17,58.52608755098465
1389,Consumer Postpaid,11.57,18,14.08686039508613
1390,SME,71.95,21,6.32626718206748
1391,SME,120.7,29,3.8591561938133845
1392,Corporate,160.75,26,46.84612370870865
1393,Consumer Postpaid,43.83,26,90.58493899993057
1394,Consumer Postpaid,38.16,28,70.91807037944046
1395,Consumer Prepaid,31.65,20,78.20018255939414
1396,SME,59.58,23,83.86217961980567
1397,SME,64.92,21,27.315962036994513
1398,Consumer Prepaid,15.94,23,10.448031675395807
1399,SME,67.67,33,36.372552113568425
1400,SME,85.71,20,3.971120757224722
1401,Corporate,212.21,24,77.22402758932766
1402,Consumer Postpaid,33.21,26,89.40913692578455
1403,Consumer Postpaid,51.04,23,40.6082132559771
1404,Corporate,163.71,24,80.60967479607474
1405,Consumer Postpaid,25.76,17,9.896862340870683
1406,Consumer Prepaid,32.17,30,97.30453495141612
1407,Public Sector,89.2,21,3.1174909111921223
1408,Corporate,204.23,22,17.567229796858452
1409,Public Sector,124.33,27,23.448400678316993
1410,Consumer Postpaid,54.36,25,25.71185039986945
1411,Public Sector,99.67,26,57.0664578980789
1412,Consumer Postpaid,39.86,23,68.58762750864646
1413,Corporate,168.73,30,48.605754190268094
1414,Consumer Prepaid,10.75,18,10.55136464012011
1415,SME,87.91,27,88.42451739289542
1416,Corporate,154.23,28,97.60783324725189
1417,Consumer Postpaid,41.15,25,98.82621151431869
1418,Consumer Postpaid,24.94,25,49.48284566214202
1419,SME,79.96,26,28.04632242046524
1420,SME,111.36,20,52.98338889620703
1421,Consumer Prepaid,16.21,26,0.024293443451273156
1422,Consumer Prepaid,27.97,33,23.360903203623685
1423,SME,87.19,22,6.353572242391858
1424,Consumer Postpaid,46.24,37,28.787950333484456
1425,Consumer Prepaid,34.66,22,2.2202812987850318
1426,Consumer Prepaid,38.57,32,25.225283385517038
1427,Consumer Postpaid,53.59,22,78.32900924388665
1428,Public Sector,78.49,22,48.09416080843035
1429,Consumer Postpaid,37.64,27,19.479380264392677
1430,Corporate,145.5,34,29.845066114776053
1431,SME,60.51,27,9.476847103459395
1432,Consumer Prepaid,17.18,18,99.58023677799186
1433,Consumer Prepaid,20.6,33,36.48180963078569
1434,Corporate,132.14,27,20.728252254973555
1435,Consumer Postpaid,62.11,21,6.589216503197271
1436,Consumer Prepaid,13.2,23,37.72519857156954
1437,SME,68.72,14,15.766102679690796
1438,Consumer Prepaid,21.3,28,55.78101257354344
1439,Consumer Postpaid,87.92,21,73.34018493349058
1440,Corporate,158.95,23,89.77958063920259
1441,Consumer Prepaid,5.0,17,52.514085176962965
1442,Consumer Prepaid,32.54,23,59.04261031078914
1443,Consumer Prepaid,43.21,29,15.265816454078374
1444,SME,88.63,27,41.174766759024315
1445,Consumer Prepaid,13.95,25,79.78023722086077
1446,Public Sector,116.48,49,62.27412763774775
1447,Consumer Postpaid,38.76,29,18.345788475886504
1448,SME,92.07,22,69.60314069891137
1449,Consumer Prepaid,30.9,28,42.244579003087914
1450,Consumer Postpaid,83.11,21,84.7296745535494
1451,Consumer Postpaid,52.52,27,18.936087579186278
1452,SME,80.22,30,64.44231696298166
1453,Consumer Prepaid,29.84,20,21.48546064249981
1454,Consumer Prepaid,30.51,19,33.77479967348472
1455,Consumer Postpaid,5.0,20,60.51016222371507
1456,Consumer Postpaid,62.93,21,74.67433077981597
1457,Corporate,116.95,32,44.12296690917168
1458,Consumer Prepaid,24.85,29,90.30975070493096
1459,Corporate,199.88,31,43.180510078591205
1460,SME,75.18,23,48.637210082514756
1461,Consumer Postpaid,53.74,25,46.77582309575795
1462,Public Sector,112.91,33,3.282549881924013
1463,Consumer Postpaid,60.64,25,31.72552164497
1464,Consumer Prepaid,29.63,24,15.853615849992353
1465,Corporate,139.04,28,76.36104796141586
1466,Consumer Postpaid,37.45,29,11.309973942382246
1467,Consumer Prepaid,5.0,28,38.81330810022493
1468,Consumer Prepaid,12.58,20,42.34388048997925
1469,Consumer Postpaid,52.38,30,49.15142258318266
1470,Public Sector,75.12,26,9.019570020024437
1471,SME,98.36,27,44.99127810855054
1472,Corporate,170.61,42,93.1535049155262
1473,Consumer Postpaid,11.55,19,24.150622685606127
1474,Consumer Postpaid,73.21,22,98.06482195640496
1475,Consumer Postpaid,28.65,25,14.986279888655163
1476,Consumer Postpaid,42.87,20,1.1526014052985256
1477,Consumer Prepaid,17.94,17,58.77032283414765
1478,Consumer Prepaid,21.48,20,2.213445102949707
1479,SME,48.41,19,41.62170310323145
1480,Consumer Prepaid,19.09,27,85.86720549294962
1481,Consumer Prepaid,31.59,17,44.15472888798304
1482,Public Sector,127.12,22,38.1980045462946
1483,Public Sector,105.78,37,80.35417768264277
1484,Public Sector,97.87,25,52.018073656675966
1485,Consumer Prepaid,20.53,19,70.4911132731336
1486,Consumer Prepaid,7.71,26,95.62211736436277
1487,Consumer Prepaid,26.44,33,76.576332104754
1488,Consumer Prepaid,24.15,24,18.121804361361725
1489,Corporate,147.14,39,97.79934237382346
1490,Public Sector,72.21,30,31.610488794089562
1491,Consumer Postpaid,28.32,39,73.33279087168623
1492,Consumer Prepaid,15.34,25,28.793409409321903
1493,Consumer Prepaid,38.12,27,25.22024021593309
1494,Public Sector,123.4,38,84.61938661543734
1495,Consumer Postpaid,27.61,23,2.2504327428686466
1496,Consumer Postpaid,41.17,28,63.5156988863935
1497,Corporate,151.22,34,32.389555258037916
1498,Consumer Prepaid,21.57,31,87.81151969857014
1499,Consumer Postpaid,60.51,26,51.363338392865096
1500,Corporate,167.76,27,9.569011605800116
1501,Corporate,157.63,27,67.95518365726839
1502,Consumer Prepaid,17.98,25,82.82127578865942
1503,Consumer Prepaid,27.91,31,54.2033345097202
1504,Corporate,172.19,37,27.441263163568173
1505,Consumer Postpaid,22.32,20,6.986192068466169
1506,SME,64.07,19,6.154303413483686
1507,Consumer Prepaid,29.13,20,47.03240479372064
1508,Corporate,158.63,33,67.07472004717734
1509,Corporate,149.93,37,54.284137433407466
1510,Consumer Postpaid,44.83,22,65.53831994634533
1511,Consumer Postpaid,55.78,18,40.80200912850811
1512,SME,88.52,20,87.74892417314881
1513,Consumer Postpaid,41.25,16,16.110002325642224
1514,Public Sector,90.79,23,84.8417726430511
1515,Consumer Prepaid,9.76,30,68.67557202819089
1516,SME,94.28,20,40.92495737853973
1517,Consumer Prepaid,30.38,23,60.42595159869252
1518,Corporate,166.59,28,26.503491814054748
1519,Consumer Postpaid,13.89,16,21.37366879819107
1520,Consumer Prepaid,7.39,23,58.38582673080154
1521,Consumer Postpaid,70.38,19,88.04219028736048
1522,Consumer Postpaid,10.11,23,49.797630258739325
1523,Consumer Postpaid,71.49,19,81.07304652304127
1524,Public Sector,112.55,22,21.417625273958684
1525,Consumer Prepaid,16.36,27,14.383447099031088
1526,Consumer Prepaid,20.77,29,60.621664222076596
1527,Consumer Prepaid,7.78,16,18.80585664790756
1528,Consumer Postpaid,56.98,26,1.206993530061795
1529,Consumer Postpaid,51.65,25,57.34016258977038
1530,Public Sector,102.53,35,23.725436365713726
1531,Consumer Prepaid,41.93,24,72.3580700439981
1532,Corporate,150.92,25,42.659190105439336
1533,Corporate,152.67,29,75.36661379095813
1534,Consumer Prepaid,37.09,22,72.4422340269315
1535,Consumer Postpaid,35.95,21,74.33329135656567
1536,Consumer Prepaid,13.05,23,98.20773786356308
1537,Consumer Postpaid,70.38,23,5.393258284087121
1538,Consumer Postpaid,68.18,24,10.383938611092757
1539,Consumer Prepaid,27.31,19,17.35721441514397
1540,Public Sector,79.03,35,32.7566293922126
1541,Consumer Prepaid,21.01,26,89.86389283011033
1542,Consumer Prepaid,24.93,17,17.01526411445169
1543,Consumer Prepaid,28.92,23,12.637014194700512
1544,Public Sector,58.72,24,33.89699261728214
1545,Consumer Prepaid,20.69,26,47.17563093908743
1546,Consumer Postpaid,57.1,27,66.81806619579052
1547,Corporate,135.11,27,50.67700407177881
1548,Consumer Prepaid,42.14,24,25.826435788716353
1549,Consumer Postpaid,40.7,28,12.291118254224498
1550,Consumer Prepaid,36.5,22,34.62660507879305
1551,SME,93.56,22,34.22655927897462
1552,Consumer Prepaid,41.46,21,32.90057296622329
1553,Consumer Postpaid,32.61,23,51.15361942347918
1554,Public Sector,68.71,30,4.915852362142759
1555,Consumer Postpaid,38.55,31,73.24546291337298
1556,Public Sector,114.72,31,4.488101647271803
1557,Public Sector,88.01,32,12.434531744241074
1558,Consumer Prepaid,24.7,14,62.202947925200924
1559,Consumer Postpaid,49.5,26,69.52296557477356
1560,Consumer Postpaid,48.95,25,35.02366143270768
1561,Corporate,161.74,21,33.30076330522442
1562,Consumer Postpaid,32.47,19,44.291409804196356
1563,Consumer Prepaid,34.95,27,69.81169240835236
1564,Consumer Prepaid,19.22,16,83.17853001851593
1565,Public Sector,93.02,22,57.85853485929498
1566,Consumer Prepaid,24.96,34,91.25842179248231
1567,SME,91.86,26,62.87213870255821
1568,Consumer Postpaid,66.28,19,48.28944365985986
1569,Consumer Postpaid,41.79,25,3.8202783757391057
1570,SME,105.05,29,59.433173392659576
1571,Consumer Postpaid,44.16,20,66.7601713583235
1572,SME,85.06,26,89.35345834984369
1573,Consumer Postpaid,39.17,22,92.92609751978921
1574,Consumer Prepaid,5.74,30,93.08076723447618
1575,Consumer Prepaid,8.7,29,56.48191628863961
1576,Consumer Prepaid,30.56,21,85.1484449313994
1577,SME,71.02,24,1.1644899503096218
1578,Consumer Postpaid,55.1,26,73.62798987834215
1579,Consumer Postpaid,21.7,15,55.43225980836554
1580,Consumer Prepaid,31.66,27,33.281836109167195
1581,SME,105.81,25,69.65071834768891
1582,Consumer Postpaid,65.95,34,58.76944695313122
1583,Consumer Prepaid,19.03,24,51.49294953924828
1584,Consumer Prepaid,13.92,42,93.1944139654372
1585,Corporate,203.08,28,34.05759374211187
1586,Consumer Prepaid,27.0,25,57.95363691499811
1587,Consumer Prepaid,18.0,13,7.424685933054576
1588,Consumer Prepaid,22.76,29,65.89427939347428
1589,Consumer Prepaid,24.56,21,38.19580190452688
1590,Consumer Postpaid,61.31,23,71.02098483162649
1591,Consumer Postpaid,42.43,27,84.61191855551118
1592,SME,104.95,19,31.62923487256244
1593,Public Sector,92.55,29,54.712764256890054
1594,Consumer Prepaid,8.48,21,95.05939659311244
1595,Corporate,128.54,35,39.27351142242276
1596,Consumer Postpaid,34.59,23,50.502804614876695
1597,Consumer Prepaid,20.31,24,74.07798671606724
1598,SME,110.63,28,20.450433869279582
1599,Consumer Prepaid,5.0,28,13.823208678533716
1600,Consumer Postpaid,39.56,26,7.102456764932663
1601,Consumer Postpaid,46.86,30,8.624917130396492
1602,Public Sector,147.42,27,79.20031261301959
1603,Consumer Prepaid,18.01,21,81.12305584013578
1604,Consumer Prepaid,29.15,24,46.103356809781204
1605,Consumer Prepaid,49.26,23,89.50667229362142
1606,Consumer Postpaid,36.38,37,60.10826653932156
1607,SME,82.83,20,55.22222801738466
1608,SME,113.47,21,61.73542509880671
1609,Consumer Postpaid,71.09,23,40.7164298467125
1610,Consumer Postpaid,46.28,25,49.715381588287165
1611,Consumer Prepaid,12.15,25,40.179367033336376
1612,Corporate,149.54,31,36.85624690277138
1613,Public Sector,107.96,23,28.562659968357707
1614,Consumer Prepaid,27.88,30,7.60999889807743
1615,Consumer Prepaid,18.79,29,0.5770661292967993
1616,Consumer Postpaid,34.58,23,67.61417886014571
1617,SME,99.36,16,95.9916689642091
1618,SME,98.72,23,47.63382934943662
1619,Public Sector,100.05,32,58.301864744413635
1620,Corporate,125.62,40,40.23705395413744
1621,Consumer Prepaid,29.33,17,58.926733875666706
1622,Consumer Postpaid,14.92,33,89.03025571135203
1623,Consumer Postpaid,42.39,23,36.71738144312921
1624,Consumer Prepaid,42.14,16,68.99643571263624
1625,Consumer Prepaid,35.9,27,91.4886150121504
1626,Consumer Postpaid,61.09,23,30.765508735633652
1627,Consumer Prepaid,11.75,21,32.72211831614539
1628,Consumer Prepaid,32.04,17,50.69301160771944
1629,SME,102.99,12,28.013411877537976
1630,Consumer Prepaid,29.93,21,52.188446192747826
1631,SME,109.31,21,54.11880558570243
1632,Consumer Prepaid,17.06,15,94.29127113917565
1633,SME,94.05,29,22.150105085385274
1634,Consumer Postpaid,67.06,25,56.50737914801053
1635,Public Sector,93.21,29,50.51657115227325
1636,SME,70.72,18,73.17760950376724
1637,Consumer Prepaid,12.06,22,36.7847181142801
1638,Consumer Postpaid,32.72,22,72.53896016618326
1639,Consumer Prepaid,27.7,23,94.23009379012068
1640,SME,97.9,19,80.96742580880732
1641,SME,73.26,27,21.126291693819642
1642,SME,110.45,23,54.15062821224878
1643,Corporate,161.23,35,34.77378355593156
1644,Corporate,177.04,24,78.8118939945219
1645,Corporate,156.41,32,83.0250192781385
1646,Consumer Postpaid,41.95,19,50.51640182933148
1647,Consumer Postpaid,53.51,25,19.1773458293671
1648,Consumer Prepaid,30.95,31,24.66884297439973
1649,SME,99.68,21,30.06556405607441
1650,Consumer Postpaid,41.45,22,87.65981188350187
1651,Corporate,141.72,33,0.8108196886213226
1652,Consumer Prepaid,7.94,23,2.2569696573442655
1653,SME,90.27,21,40.71737385988753
1654,Consumer Prepaid,7.33,24,50.840597664462706
1655,Consumer Prepaid,36.62,17,7.087170065487358
1656,Consumer Postpaid,56.74,20,51.746100938429116
1657,Public Sector,155.21,27,77.71859094396096
1658,Consumer Prepaid,38.06,30,82.8667143533594
1659,Corporate,167.84,25,29.634807688058075
1660,SME,61.61,20,71.52368534826331
1661,Consumer Prepaid,22.48,22,4.457004071263082
1662,Public Sector,90.51,32,31.869725728539734
1663,Consumer Postpaid,29.88,19,25.625492388907254
1664,Consumer Postpaid,50.4,30,34.171187934168834
1665,SME,107.31,32,36.014211413893804
1666,Consumer Postpaid,44.15,31,10.595591134404769
1667,Consumer Prepaid,33.27,26,18.63167765185335
1668,Consumer Prepaid,9.88,22,4.339717857856085
1669,Consumer Prepaid,29.92,23,42.76917880334611
1670,Public Sector,73.17,24,73.60173683653359
1671,Consumer Postpaid,42.23,23,60.89991110519285
1672,Consumer Prepaid,31.5,18,53.23102633799106
1673,Consumer Prepaid,34.24,19,72.032291647856
1674,Consumer Postpaid,67.19,22,61.039386664405356
1675,Public Sector,86.37,28,9.446242580108688
1676,Public Sector,105.5,41,93.3413320449555
1677,Consumer Postpaid,40.94,23,77.44774192759833
1678,Consumer Prepaid,36.43,25,34.594951786320294
1679,Consumer Prepaid,5.0,17,3.343798556109767
1680,Consumer Postpaid,39.27,35,94.6264493003082
1681,SME,107.81,29,50.47543235655417
1682,SME,106.32,25,7.22717090113515
1683,SME,34.74,22,89.09953746442648
1684,Consumer Postpaid,54.56,29,10.239446279317654
1685,Consumer Prepaid,23.6,21,74.28215015848659
1686,Consumer Prepaid,19.75,20,54.76119841428094
1687,Consumer Prepaid,19.87,23,79.10040740654073
1688,Consumer Postpaid,52.33,17,39.68879782249189
1689,Consumer Prepaid,24.58,22,39.85020288039804
1690,Consumer Prepaid,5.0,28,4.390461363063725
1691,SME,92.88,24,73.72276772498267
1692,SME,91.24,30,93.87498882798329
1693,SME,75.0,15,74.16030197372086
1694,Consumer Postpaid,24.95,21,87.2204528998895
1695,Consumer Prepaid,14.15,27,66.48077585802446
1696,Consumer Prepaid,21.36,24,13.216177752502368
1697,Consumer Postpaid,61.46,24,20.06163711246527
1698,Consumer Prepaid,31.69,18,22.488678022553177
1699,Consumer Postpaid,54.71,19,81.72592689875229
1700,Consumer Postpaid,46.37,20,3.925305307099991
1701,Consumer Prepaid,32.12,28,69.80743384786489
1702,Consumer Postpaid,30.46,18,57.996782020314285
1703,Public Sector,100.33,26,2.397544737653168
1704,Consumer Prepaid,17.31,29,45.05824928161174
1705,Consumer Prepaid,16.25,23,84.65507758198628
1706,Consumer Postpaid,22.33,25,74.35025357790752
1707,Consumer Postpaid,53.57,19,80.00544079513713
1708,Consumer Prepaid,31.29,19,45.09036530931482
1709,Consumer Postpaid,25.04,30,22.642960508764997
1710,Consumer Postpaid,48.51,24,27.18607267259158
1711,Consumer Prepaid,34.38,23,73.59353919374455
1712,Consumer Prepaid,32.59,19,12.566114557958274
1713,Consumer Prepaid,22.98,28,60.46127135052216
1714,SME,113.05,26,3.2976943682593407
1715,Corporate,116.06,32,30.679428311010128
1716,Consumer Prepaid,33.87,33,10.648176328470637
1717,Consumer Postpaid,34.06,20,99.16730528316782
1718,Consumer Prepaid,32.04,25,14.689656887777925
1719,Public Sector,114.43,23,33.880116992711294
1720,Consumer Prepaid,12.71,23,46.48498037040522
1721,Consumer Postpaid,21.81,22,93.78869760948835
1722,Consumer Postpaid,64.86,28,21.115803743192696
1723,Consumer Postpaid,39.83,20,57.314924798124565
1724,Public Sector,100.31,31,93.03511771330678
1725,SME,73.07,27,78.96736137927557
1726,SME,74.37,24,82.82735648159884
1727,Consumer Prepaid,32.97,23,35.30047509718363
1728,SME,112.66,28,19.841010119356273
1729,Consumer Postpaid,43.18,24,66.12653062650915
1730,Consumer Postpaid,66.88,31,99.55164485903248
1731,Consumer Prepaid,33.21,27,40.68092913568494
1732,Corporate,122.65,27,50.377344372463405
1733,SME,101.46,24,56.05393524167709
1734,Consumer Prepaid,27.19,24,80.6016504603069
1735,SME,69.02,24,20.986467727912117
1736,Consumer Postpaid,32.47,16,37.22452951860714
1737,SME,37.93,25,93.61463354321128
1738,Consumer Prepaid,39.95,29,29.592634898028834
1739,SME,99.53,12,37.300709987856074
1740,Consumer Prepaid,34.31,25,39.14797303340157
1741,Corporate,120.0,39,21.202785050222893
1742,Consumer Prepaid,46.94,23,86.99059338903209
1743,SME,92.93,16,99.95051897085165
1744,Corporate,219.34,21,0.3121651356409627
1745,Consumer Prepaid,24.32,13,66.13381138362126
1746,Consumer Prepaid,15.18,20,26.979605789236416
1747,Consumer Postpaid,53.84,27,25.13076871421568
1748,Consumer Prepaid,5.0,22,75.67049101114695
1749,SME,89.57,25,54.997898638386424
1750,Consumer Postpaid,23.33,25,10.962819440343974
1751,SME,78.22,19,83.01772429995874
1752,Public Sector,82.78,31,60.332556564459836
1753,Consumer Prepaid,6.06,21,81.58208510252952
1754,Consumer Postpaid,54.44,21,81.8737990454652
1755,Consumer Prepaid,23.68,19,33.291209623140325
1756,Consumer Prepaid,30.75,26,86.57009923240037
1757,Consumer Prepaid,37.55,21,1.4079663282890675
1758,Consumer Prepaid,31.87,20,26.021136793575362
1759,Consumer Prepaid,28.01,27,98.4871566113602
1760,Corporate,173.03,37,34.47869286545365
1761,Corporate,165.76,21,14.077045777121333
1762,Consumer Prepaid,7.54,25,61.93513059362989
1763,Consumer Prepaid,34.1,23,47.712976739568326
1764,Consumer Postpaid,43.66,28,31.671712202521608
1765,Consumer Prepaid,25.89,20,65.38299638276777
1766,SME,70.15,28,89.40546052038866
1767,Public Sector,112.73,25,44.215411378658274
1768,Consumer Prepaid,36.54,25,49.70236477772067
1769,Consumer Prepaid,40.05,23,22.70012993384206
1770,Consumer Prepaid,32.82,18,84.70120353890836
1771,Corporate,190.16,32,16.814108589474706
1772,Public Sector,55.99,26,22.260363654123772
1773,Consumer Prepaid,5.0,18,3.574839446586464
1774,SME,82.66,24,17.16939931284912
1775,Consumer Prepaid,17.01,28,24.93757879958921
1776,Corporate,156.65,32,82.11261044851797
1777,Consumer Postpaid,49.77,20,46.032139005739836
1778,Consumer Prepaid,35.96,26,55.34295611637275
1779,Consumer Prepaid,33.0,22,77.98186756231435
1780,SME,78.84,24,39.137809336374694
1781,Corporate,125.96,27,23.179027761657967
1782,Corporate,121.58,35,61.61108004157211
1783,Consumer Postpaid,56.33,17,34.45619079878753
1784,Consumer Postpaid,42.05,23,13.99189772269941
1785,Consumer Postpaid,34.48,23,72.75933433047433
1786,SME,68.56,24,37.595990964066374
1787,SME,103.97,31,13.623365154572564
1788,SME,79.64,21,88.86426693629551
1789,Consumer Prepaid,26.77,28,23.419442561681294
1790,Consumer Postpaid,50.24,19,32.14624779478045
1791,Consumer Prepaid,31.13,18,62.93549426289384
1792,Public Sector,84.33,26,57.03873253675308
1793,Corporate,166.46,26,9.124484130425536
1794,SME,105.45,20,54.56084644271506
1795,SME,68.05,20,33.060080997000185
1796,Corporate,167.0,28,58.06197604823537
1797,SME,99.48,20,21.400711317387422
1798,Consumer Postpaid,37.62,21,96.69850180280375
1799,Consumer Prepaid,31.6,24,8.400171452062565
1800,SME,77.05,27,94.2334494935037
1801,Corporate,148.89,27,45.13367251540973
1802,Consumer Postpaid,36.24,24,83.01829666176938
1803,Consumer Postpaid,16.1,22,82.8929891193012
1804,Consumer Prepaid,10.18,17,9.865737673280906
1805,SME,81.45,27,97.82694859989881
1806,Corporate,115.25,26,84.56263001150188
1807,Corporate,143.92,29,22.349431425583997
1808,SME,83.49,19,25.32453630402508
1809,Public Sector,87.64,24,87.2465523258539
1810,SME,50.36,25,69.39921083892756
1811,Consumer Prepaid,18.11,23,85.88139146748568
1812,Consumer Prepaid,32.89,25,70.47958361321867
1813,Corporate,134.73,38,48.75984380495609
1814,Consumer Postpaid,5.0,27,82.1110527741516
1815,Consumer Postpaid,32.88,26,88.77535094139863
1816,Public Sector,93.78,36,38.02411664133902
1817,Corporate,187.9,30,90.44739272812876
1818,Consumer Postpaid,20.04,24,51.306942286343805
1819,Corporate,170.46,32,86.20840858402315
1820,Corporate,169.63,23,97.56049685891121
1821,Corporate,212.93,29,74.55030853527727
1822,Consumer Postpaid,53.96,26,49.181132232245595
1823,Consumer Prepaid,17.37,18,59.058965773858496
1824,SME,70.1,18,78.5202867912825
1825,Consumer Prepaid,28.0,29,8.223322151060053
1826,Consumer Postpaid,42.83,25,44.82265821082245
1827,SME,101.99,30,83.86571544924571
1828,Consumer Prepaid,18.24,30,8.292715250972604
1829,SME,97.9,22,50.07349061441984
1830,Consumer Postpaid,44.08,22,75.95618339139082
1831,Corporate,127.44,32,99.37731027679317
1832,SME,110.73,23,37.03201754505222
1833,Consumer Prepaid,32.16,32,36.888252155588916
1834,Consumer Postpaid,95.97,22,52.40376698675869
1835,Consumer Postpaid,50.12,18,43.543612890203555
1836,Consumer Prepaid,28.94,13,35.54366807245314
1837,Consumer Prepaid,35.36,20,84.8752700565235
1838,Consumer Prepaid,32.48,34,32.18466352013203
1839,Consumer Prepaid,28.11,18,59.01164223444708
1840,Consumer Prepaid,14.95,11,2.6347332193917605
1841,SME,100.54,23,51.28826025095737
1842,SME,67.38,20,55.60573351914615
1843,Consumer Prepaid,45.0,24,54.42000021136278
1844,SME,64.34,27,67.89030208597069
1845,Corporate,91.76,33,7.100678022258855
1846,Corporate,104.78,28,9.031856029907303
1847,Consumer Postpaid,30.53,26,76.72783010536483
1848,Corporate,148.47,27,86.5429405082686
1849,Consumer Prepaid,22.75,22,58.3386232327748
1850,SME,56.23,24,85.8291335553106
1851,Consumer Prepaid,32.88,23,59.029907175559956
1852,SME,89.23,30,35.42657213276258
1853,Corporate,139.85,30,32.17370298582778
1854,Consumer Prepaid,37.15,31,13.952678055966928
1855,SME,54.68,20,70.01882592940531
1856,Consumer Postpaid,71.31,26,47.39197609111919
1857,Consumer Prepaid,31.17,32,20.774927301219037
1858,SME,57.71,30,86.87572305365872
1859,Consumer Postpaid,36.16,22,51.12957462460346
1860,Public Sector,110.31,36,17.27896518824632
1861,Consumer Postpaid,57.41,26,52.52022002307971
1862,Consumer Prepaid,9.92,24,74.24575642135565
1863,Consumer Prepaid,10.84,36,75.50939672981465
1864,SME,52.57,20,89.43028933186481
1865,Consumer Postpaid,51.65,25,93.45580725432818
1866,Consumer Postpaid,47.73,24,56.48183139601971
1867,Consumer Postpaid,76.79,18,24.529009364364295
1868,SME,53.5,19,18.15079616214955
1869,Consumer Prepaid,29.48,26,28.527799694087975
1870,Consumer Postpaid,49.87,35,73.16459039198881
1871,Consumer Postpaid,39.0,20,6.834837144819472
1872,Public Sector,54.11,28,37.0710657037784
1873,Consumer Prepaid,12.71,25,53.80795428740542
1874,SME,75.81,17,28.721257112736154
1875,Public Sector,119.47,24,88.78181149649987
1876,SME,57.55,22,45.573581400848475
1877,Consumer Prepaid,11.03,26,20.99318316734844
1878,SME,107.57,24,19.51746150400062
1879,Consumer Prepaid,17.95,24,57.96108992282839
1880,Corporate,171.64,36,1.5366250734723308
1881,Consumer Postpaid,62.08,26,64.65350987807325
1882,Consumer Prepaid,45.93,28,70.98954333814535
1883,Consumer Prepaid,41.31,20,63.0779733104932
1884,Consumer Postpaid,34.0,22,59.73493009778531
1885,Consumer Postpaid,36.12,19,0.5803768842941093
1886,Consumer Prepaid,42.71,24,70.67652818616311
1887,SME,102.98,22,13.0698253748313
1888,Consumer Prepaid,18.76,22,34.87028108429784
1889,SME,74.61,30,94.23435076713574
1890,Public Sector,81.73,20,37.24006660353562
1891,SME,114.29,28,83.32094569102624
1892,SME,102.79,25,70.03063538838072
1893,Consumer Prepaid,22.63,17,50.62310360908802
1894,Consumer Prepaid,5.0,24,12.162289068009425
1895,Consumer Postpaid,45.69,31,47.52465265872004
1896,Corporate,99.29,28,29.157676957576527
1897,Consumer Prepaid,27.67,22,79.35911972023236
1898,Consumer Prepaid,35.85,25,13.443108283573402
1899,Corporate,166.44,26,50.65012010369253
1900,Consumer Prepaid,26.29,39,75.3503901107308
1901,Consumer Postpaid,36.04,26,28.088327306759975
1902,Corporate,144.58,25,54.37624559186557
1903,Consumer Prepaid,23.19,16,60.02025470925807
1904,Consumer Postpaid,54.35,27,28.45406102720561
1905,Corporate,188.18,22,21.59382040201351
1906,Consumer Prepaid,9.21,21,58.875946356500954
1907,SME,102.46,23,41.45208293901811
1908,Corporate,198.39,24,65.13198972262393
1909,Consumer Prepaid,49.64,20,59.49160209188715
1910,Consumer Prepaid,23.91,23,87.29487304090019
1911,Corporate,113.1,33,19.204199355900407
1912,Corporate,133.71,23,2.0279973767419968
1913,SME,54.6,21,68.01585467588787
1914,Consumer Prepaid,35.87,33,99.96732052420923
1915,Consumer Prepaid,17.8,16,85.87512591908919
1916,Consumer Postpaid,55.61,27,85.29561136737487
1917,Consumer Prepaid,7.13,22,16.587792466253546
1918,Consumer Prepaid,53.92,25,19.461925432456518
1919,Consumer Postpaid,62.94,23,73.66567352187904
1920,Consumer Postpaid,57.58,25,59.219018042921824
1921,Corporate,108.9,24,4.301396438005534
1922,Corporate,120.61,32,61.464281893488604
1923,Corporate,182.74,26,69.86569800812401
1924,Consumer Prepaid,24.42,25,13.789882173033396
1925,Consumer Postpaid,40.07,35,87.6918931870847
1926,SME,77.28,22,67.57467603471771
1927,Public Sector,113.76,38,93.12666274013378
1928,Consumer Postpaid,39.58,35,4.20057674188119
1929,Corporate,62.32,30,46.916604856739866
1930,Corporate,115.68,40,25.462686665289546
1931,Public Sector,109.78,32,71.30282022890967
1932,Consumer Prepaid,39.47,22,16.68382344208347
1933,Consumer Prepaid,28.71,22,93.71449668151219
1934,Consumer Prepaid,16.19,27,8.897553586933837
1935,Corporate,153.54,29,91.15968865602741
1936,Consumer Postpaid,13.51,12,53.11094225441555
1937,Consumer Postpaid,35.26,21,61.8037524676957
1938,SME,72.04,22,56.00039892289183
1939,Consumer Postpaid,51.33,29,33.230991073995966
1940,Consumer Postpaid,47.05,21,82.6269149862581
1941,SME,86.68,22,10.407595641824695
1942,SME,89.4,24,65.57773017841801
1943,SME,117.15,24,43.93032723279969
1944,SME,44.53,19,63.42279988136148
1945,Consumer Prepaid,32.76,22,85.1282212216531
1946,SME,90.29,21,67.88782323905966
1947,Consumer Postpaid,37.58,31,98.59743176855194
1948,SME,62.41,34,77.14848748169257
1949,Consumer Prepaid,21.36,22,85.42676926575307
1950,Consumer Prepaid,45.25,26,41.56610015004492
1951,Corporate,160.52,23,67.21050670137647
1952,Consumer Prepaid,23.5,21,76.18052549549525
1953,Consumer Prepaid,17.85,19,8.59737352792116
1954,Corporate,151.66,30,97.69710546262608
1955,SME,115.27,26,64.00903965861701
1956,SME,97.26,18,62.16295780432135
1957,Consumer Prepaid,32.33,21,94.11403351458402
1958,Consumer Prepaid,19.87,22,75.53389295039722
1959,Corporate,151.37,24,38.37739303556238
1960,Consumer Prepaid,25.69,27,4.397164162145484
1961,Corporate,137.37,31,44.12878027999434
1962,Consumer Prepaid,9.4,22,91.51763371865978
1963,Consumer Postpaid,70.68,34,44.014420653793685
1964,SME,67.09,26,62.77327355622657
1965,Consumer Prepaid,56.5,31,27.94424222358942
1966,Consumer Prepaid,36.06,31,42.58685608831437
1967,Consumer Prepaid,23.55,22,85.22142067229794
1968,Consumer Postpaid,68.13,32,95.24512631463853
1969,Consumer Prepaid,33.27,20,30.26222850818887
1970,SME,74.85,23,89.49106425646659
1971,SME,66.33,16,11.376246248065181
1972,Consumer Prepaid,20.4,21,60.42395103321423
1973,Corporate,126.2,26,70.7120613944381
1974,Consumer Postpaid,58.09,21,73.07068843628862
1975,Consumer Prepaid,24.76,18,21.40524562274342
1976,Consumer Postpaid,40.88,19,11.60534593845689
1977,Consumer Prepaid,29.37,15,50.887625140933466
1978,Consumer Postpaid,33.74,28,45.4960317393011
1979,Consumer Postpaid,46.97,25,4.669781788511306
1980,Public Sector,114.29,26,11.463994358570684
1981,Corporate,127.48,30,17.823309891158345
1982,Corporate,165.43,27,16.988667480662002
1983,Consumer Postpaid,39.99,18,86.26740703318892
1984,Consumer Postpaid,58.59,25,13.338861709325956
1985,Consumer Prepaid,26.37,25,42.88543613066385
1986,SME,84.59,22,72.90134212929686
1987,Consumer Postpaid,56.05,23,45.01242726352388
1988,SME,67.25,23,19.935012894468628
1989,Consumer Postpaid,53.79,27,48.14353459576055
1990,Consumer Prepaid,39.25,23,16.979263955094737
1991,SME,105.87,20,68.79840215236698
1992,Consumer Prepaid,30.04,25,45.256450343558264
1993,Corporate,185.1,30,58.11062446978964
1994,Consumer Postpaid,40.93,22,41.670866384722984
1995,Consumer Prepaid,23.17,21,37.57058053802705
1996,SME,62.55,24,26.01159830153992
1997,Public Sector,131.78,27,67.37116477208488
1998,Consumer Prepaid,26.15,24,62.737550443536215
1999,Public Sector,133.25,29,93.04234931787778
2000,Corporate,145.53,34,54.50084157239405
2001,Consumer Prepaid,17.05,23,86.17738397893547
2002,Consumer Prepaid,5.0,26,39.95064752605643
2003,Public Sector,95.73,26,86.93401079073551
2004,Consumer Prepaid,16.06,16,33.636871188370975
2005,SME,59.37,30,21.54819827855746
2006,Public Sector,116.71,28,18.266304885701366
2007,SME,61.42,29,38.91230096150302
2008,Consumer Postpaid,61.98,25,40.27323698669662
2009,Consumer Prepaid,39.27,24,29.36764133584362
2010,Consumer Postpaid,36.88,28,54.70281464244478
2011,Consumer Prepaid,9.8,31,34.09164091920904
2012,Consumer Postpaid,34.92,18,33.522318021357165
2013,Consumer Prepaid,35.66,22,62.77004136007399
2014,Consumer Postpaid,49.43,18,85.45651689412405
2015,SME,82.38,28,83.83378205933852
2016,Consumer Postpaid,34.06,16,12.610269598740931
2017,Consumer Postpaid,83.66,27,12.151116953766616
2018,Corporate,155.23,28,42.389975199699826
2019,Consumer Postpaid,46.07,35,72.41359788326332
2020,Corporate,169.84,32,56.48127810861823
2021,Corporate,145.96,35,25.369682999581077
2022,Corporate,153.44,28,26.34036119558445
2023,Consumer Prepaid,15.54,28,44.364564660347874
2024,Consumer Prepaid,24.89,21,15.158791190231947
2025,SME,84.89,29,25.073182600205445
2026,Corporate,167.02,32,66.37667361217
2027,Consumer Postpaid,40.45,31,29.43217442312359
2028,Corporate,209.83,34,13.073473945784997
2029,Consumer Prepaid,13.47,29,78.8686429231424
2030,Consumer Postpaid,68.51,18,38.571671276102
2031,Corporate,127.97,45,78.57821503937544
2032,Consumer Prepaid,18.47,18,27.405420742954778
2033,Consumer Prepaid,5.0,23,91.07518127381472
2034,SME,76.07,31,38.110932600828285
2035,SME,73.1,29,72.72924772395685
2036,Consumer Prepaid,48.3,16,40.29728001233942
2037,Consumer Prepaid,20.02,25,17.499682875058397
2038,Corporate,183.38,30,99.87500343913169
2039,Consumer Postpaid,56.58,22,83.30569412642136
2040,SME,71.33,18,90.54894774913257
2041,Consumer Prepaid,17.99,26,21.82694828533861
2042,Consumer Prepaid,14.68,20,27.117778571120343
2043,Public Sector,82.61,33,65.34889320582475
2044,Consumer Prepaid,24.43,25,92.8008741774554
2045,Consumer Prepaid,20.59,16,49.55091773306383
2046,Consumer Prepaid,5.0,22,63.604035513188585
2047,Public Sector,126.46,21,40.88436617250682
2048,Consumer Prepaid,27.94,23,69.54071485893057
2049,Consumer Prepaid,17.69,30,57.21468777864003
2050,Consumer Postpaid,39.54,23,74.51327484983999
2051,Consumer Prepaid,28.09,19,47.522746700174025
2052,Consumer Postpaid,36.25,27,64.43961622818657
2053,SME,59.76,23,98.49378689708634
2054,Corporate,114.56,23,4.278326824726786
2055,Consumer Prepaid,25.87,30,21.560906308219042
2056,Consumer Postpaid,29.88,24,83.91216031061649
2057,Corporate,208.24,21,24.869180947113513
2058,Consumer Postpaid,46.39,26,5.218505779676108
2059,Consumer Prepaid,22.17,21,54.55625441677579
2060,Corporate,137.32,32,56.161615979145495
2061,SME,97.83,25,64.15702955650998
2062,Corporate,186.62,23,87.20297348428667
2063,Consumer Prepaid,13.96,22,36.3627748771157
2064,Consumer Postpaid,43.95,17,5.174547966910115
2065,Consumer Prepaid,20.14,24,22.159343043944734
2066,SME,67.33,21,65.67227064567305
2067,Consumer Postpaid,53.59,21,93.59551537286033
2068,Consumer Prepaid,30.22,32,10.006467156653331
2069,Consumer Postpaid,42.03,19,59.36525794468104
2070,Corporate,154.07,34,97.35265518372518
2071,Consumer Prepaid,28.81,17,35.67962556549345
2072,SME,110.91,17,2.084523980770081
2073,SME,46.96,26,93.67739495230019
2074,Corporate,119.94,28,85.6299326716117
2075,Consumer Postpaid,36.51,17,29.787633152279337
2076,Consumer Postpaid,37.72,22,5.5638659328702715
2077,Consumer Prepaid,5.0,21,89.57191747480014
2078,SME,79.8,17,97.48725334312431
2079,SME,113.73,28,47.787730565305765
2080,Consumer Postpaid,34.65,25,91.96034194214366
2081,Corporate,160.13,24,97.94205136775996
2082,Consumer Prepaid,28.58,30,2.1024807219602204
2083,Consumer Postpaid,56.66,25,16.262829631571705
2084,Consumer Postpaid,28.96,19,41.607023555328006
2085,Consumer Prepaid,16.07,17,85.95277052474898
2086,Public Sector,99.15,35,27.244644110883165
2087,Consumer Postpaid,58.24,30,95.4015804119187
2088,Consumer Postpaid,52.75,30,19.621565117029526
2089,Consumer Postpaid,60.55,16,75.17989445187085
2090,Consumer Prepaid,23.71,21,62.259379656269
2091,Consumer Prepaid,23.38,32,27.504025894073337
2092,Consumer Prepaid,36.13,17,58.92717612370867
2093,Consumer Prepaid,30.19,34,15.559032438500786
2094,Public Sector,84.65,26,31.694528863558546
2095,SME,77.47,28,92.79690617870448
2096,Consumer Postpaid,41.9,30,97.92482787019853
2097,Public Sector,118.82,35,62.42904007832697
2098,Consumer Prepaid,21.67,30,7.081470138576451
2099,Consumer Postpaid,61.58,25,30.926887879218967
2100,Consumer Postpaid,48.59,22,54.38936964926411
2101,Corporate,102.89,35,20.684103814356124
2102,SME,85.23,22,45.329973864654285
2103,SME,75.77,18,32.981580885636106
2104,SME,63.56,28,50.98740563064028
2105,Corporate,119.2,34,64.68056603490969
2106,Public Sector,95.71,28,97.7241565000449
2107,Corporate,137.86,27,95.7819323813259
2108,Consumer Postpaid,15.34,31,54.78708106372198
2109,Consumer Prepaid,29.51,26,21.10383302086154
2110,Consumer Prepaid,39.73,21,56.618598431737524
2111,SME,45.77,20,84.90708749034921
2112,SME,87.43,19,87.30356015261367
2113,SME,59.86,29,84.75647962784947
2114,SME,114.47,21,18.595344539102665
2115,Consumer Prepaid,15.42,15,80.2062559310803
2116,SME,98.36,28,45.38532556850523
2117,Consumer Postpaid,42.24,23,27.25311690402068
2118,Consumer Prepaid,28.37,17,34.767174146891136
2119,SME,63.0,30,96.08555767847797
2120,SME,84.62,19,64.84975975472041
2121,Consumer Prepaid,20.56,24,67.33915791158309
2122,Consumer Postpaid,21.53,21,7.764791535329074
2123,Consumer Postpaid,39.41,26,23.117588313739425
2124,Consumer Prepaid,14.54,26,75.32134387388773
2125,Consumer Postpaid,24.5,31,98.7982644420261
2126,SME,52.11,27,60.552927489127214
2127,Consumer Postpaid,40.35,31,41.34165751739087
2128,Consumer Prepaid,19.49,27,61.40436069725636
2129,Consumer Postpaid,74.71,25,44.967985088515725
2130,Corporate,107.82,23,67.95080227365554
2131,Consumer Prepaid,21.19,28,1.2592612667494785
2132,Corporate,159.05,30,23.25946369638504
2133,SME,85.18,23,68.24790662368619
2134,Consumer Prepaid,25.05,21,7.3360759516919565
2135,Consumer Prepaid,39.97,24,8.235299033675814
2136,Consumer Postpaid,43.84,20,97.71877391324183
2137,Consumer Prepaid,23.62,31,99.20384737785946
2138,Consumer Prepaid,10.26,33,11.34274267458415
2139,Consumer Prepaid,23.38,28,53.507374977921465
2140,SME,75.6,25,56.11101087684007
2141,Consumer Postpaid,66.78,22,36.32461785621772
2142,SME,70.19,27,39.075034770909326
2143,SME,113.01,22,98.98674840378933
2144,Consumer Prepaid,34.76,23,76.51115104398498
2145,SME,70.67,23,89.12294410314674
2146,Consumer Postpaid,41.53,25,38.291640732977406
2147,Public Sector,56.13,25,95.86906539117554
2148,Consumer Prepaid,35.1,27,67.96751311406348
2149,Consumer Postpaid,61.97,19,18.8174646052918
2150,Consumer Prepaid,13.57,39,58.7366779457486
2151,Consumer Prepaid,31.39,19,98.56336200877041
2152,Corporate,169.6,42,10.557564221946336
2153,Consumer Prepaid,39.61,18,32.35776040395118
2154,Consumer Prepaid,25.02,26,81.20332930259939
2155,Consumer Prepaid,30.57,30,32.71916058289129
2156,Consumer Postpaid,28.63,19,77.36366450057608
2157,Consumer Prepaid,40.23,22,5.021312145757273
2158,SME,75.99,18,35.544946358047845
2159,Consumer Prepaid,8.57,21,75.09283935167223
2160,Consumer Prepaid,11.93,27,90.08678944015792
2161,Consumer Prepaid,25.28,24,20.562947553228128
2162,SME,135.25,23,26.08084271927763
2163,SME,83.46,30,36.011771548900384
2164,SME,89.32,18,23.04219718143372
2165,SME,30.55,15,21.725740049386456
2166,Public Sector,119.54,36,97.20420941766236
2167,Consumer Prepaid,39.27,23,46.59667481861367
2168,SME,87.43,29,59.36068260491675
2169,Consumer Prepaid,9.11,35,33.16902516733856
2170,Consumer Prepaid,28.99,20,61.44100093171658
2171,Corporate,136.63,26,78.17222659879597
2172,Consumer Prepaid,21.85,29,14.967346458360108
2173,Consumer Prepaid,5.0,21,76.22307896421692
2174,Public Sector,74.01,34,24.480896141213336
2175,Consumer Prepaid,26.56,25,68.0213370933668
2176,Consumer Prepaid,13.98,21,34.94476407836283
2177,Consumer Prepaid,10.85,16,85.31113891570364
2178,Consumer Prepaid,17.2,19,6.413525223738326
2179,Consumer Prepaid,30.92,19,13.423841909374357
2180,Consumer Prepaid,30.69,25,84.00771596877242
2181,Corporate,113.93,42,86.3957028115023
2182,Consumer Prepaid,39.99,24,43.26424806040359
2183,Consumer Postpaid,44.42,25,84.221008021026
2184,SME,85.0,23,59.16688205935039
2185,Consumer Prepaid,19.87,26,31.340556147455633
2186,Consumer Prepaid,19.82,25,72.11358535990435
2187,Consumer Prepaid,31.27,19,10.088880210585893
2188,SME,77.92,27,86.11302430447813
2189,Consumer Postpaid,38.83,26,53.10031297429625
2190,SME,65.71,26,58.60163774782966
2191,SME,96.1,32,77.91041873386466
2192,SME,57.29,14,13.018934920080238
2193,Public Sector,98.53,21,34.48891741731833
2194,Consumer Prepaid,25.47,25,10.107649237174265
2195,Corporate,154.92,35,26.3572950918601
2196,Consumer Prepaid,27.65,26,42.57616149303052
2197,Consumer Prepaid,42.47,25,47.58925108294907
2198,Consumer Postpaid,14.1,22,45.11640036875959
2199,SME,73.63,11,27.870734562070865
2200,Corporate,166.22,31,13.537859601110114
2201,Consumer Prepaid,38.77,19,24.032288074483066
2202,Consumer Postpaid,56.44,32,73.81918973244991
2203,Consumer Postpaid,71.63,19,81.06657734835125
2204,Consumer Postpaid,49.62,28,67.835062945502
2205,SME,56.55,19,91.7045590154476
2206,Consumer Postpaid,40.32,19,45.50517048081386
2207,Consumer Prepaid,32.73,29,60.329151061201735
2208,SME,62.54,26,34.65779878757792
2209,Corporate,126.74,21,9.427597789893605
2210,Consumer Postpaid,61.82,13,75.31997019142294
2211,Consumer Prepaid,32.82,20,74.77766382721008
2212,Consumer Postpaid,57.58,19,92.13975880001964
2213,SME,90.48,23,73.4064035023108
2214,Consumer Postpaid,30.93,29,61.50733400185106
2215,Consumer Prepaid,24.63,20,72.16296360047
2216,Consumer Prepaid,13.7,31,79.72590256481075
2217,Consumer Postpaid,31.12,18,55.043038794712054
2218,Consumer Prepaid,20.35,17,74.37673473735441
2219,SME,81.83,16,90.71174191801325
2220,SME,66.56,29,30.60591982161759
2221,Consumer Prepaid,35.95,19,46.80608627954644
2222,Consumer Prepaid,10.27,25,74.80893657031264
2223,SME,72.29,20,75.00151792286952
2224,Consumer Prepaid,51.47,22,13.706794254044807
2225,Consumer Prepaid,26.58,30,87.45764767182007
2226,Consumer Prepaid,20.5,21,62.05591954189986
2227,Consumer Postpaid,65.63,25,93.52503143943329
2228,Consumer Prepaid,30.95,22,61.13055170553867
2229,Consumer Prepaid,19.13,23,92.44300917842622
2230,SME,34.8,24,89.72826721355219
2231,Consumer Prepaid,27.78,29,98.40181501963605
2232,Consumer Postpaid,20.61,22,17.435670765087163
2233,SME,77.95,24,43.4984179170463
2234,Consumer Postpaid,53.11,29,32.36627810358003
2235,Consumer Postpaid,21.17,25,5.549072107106068
2236,Consumer Prepaid,32.22,37,51.268395344994275
2237,Consumer Prepaid,13.6,19,2.3502422818324042
2238,Consumer Postpaid,47.45,17,17.353691963888352
2239,Consumer Postpaid,19.59,22,27.072275819598335
2240,Corporate,128.98,30,14.96367215089267
2241,Consumer Postpaid,47.57,31,51.66534892612429
2242,Consumer Prepaid,24.14,23,52.751451988854484
2243,Consumer Prepaid,31.03,26,21.748435386297803
2244,Consumer Prepaid,19.14,36,40.069928124325294
2245,Consumer Postpaid,35.09,19,66.52041034810672
2246,SME,103.06,31,7.53548962288918
2247,Public Sector,149.99,31,20.52575297362701
2248,SME,58.91,29,48.856116058484155
2249,Consumer Prepaid,22.57,28,51.7648089017605
2250,Consumer Prepaid,18.69,17,87.39980116130832
2251,Corporate,193.64,34,89.0105473442704
2252,Consumer Postpaid,73.21,24,61.3072309882715
2253,Consumer Prepaid,35.93,19,93.94808877148755
2254,Consumer Postpaid,45.29,22,51.945276651755634
2255,SME,75.57,29,33.84805103679776
2256,SME,107.82,27,5.661497313472341
2257,Consumer Prepaid,15.01,27,75.56817770495199
2258,Consumer Prepaid,15.14,21,21.592560093895752
2259,Corporate,146.63,35,29.232951584263343
2260,Consumer Postpaid,32.44,31,99.81978792878576
2261,Consumer Prepaid,20.79,27,23.762121756042042
2262,Consumer Postpaid,22.54,27,3.516071328863868
2263,Consumer Prepaid,16.9,24,92.0886157830195
2264,Consumer Prepaid,30.83,24,11.027672827656687
2265,Consumer Postpaid,47.39,30,4.321369954999832
2266,Public Sector,109.1,27,68.91572317245083
2267,Public Sector,106.6,31,18.10503604721475
2268,Public Sector,67.9,31,54.00657152841718
2269,Consumer Postpaid,45.91,27,0.351085091065062
2270,Consumer Prepaid,28.53,19,25.475879519984534
2271,Consumer Prepaid,14.48,16,67.39444490730234
2272,Consumer Postpaid,17.22,23,82.76794072035405
2273,Consumer Postpaid,51.49,30,64.4716837814743
2274,Consumer Prepaid,26.35,24,40.73349205032607
2275,Public Sector,86.64,30,3.248132203589471
2276,Corporate,152.78,25,28.821758295586697
2277,Consumer Prepaid,24.37,25,56.04734821735018
2278,Corporate,156.48,32,86.2380384524274
2279,Consumer Prepaid,31.27,26,65.35607255451929
2280,Corporate,151.85,40,16.966108125671887
2281,Consumer Postpaid,29.99,22,35.6089673754747
2282,Consumer Prepaid,32.41,17,99.76503383754735
2283,Consumer Prepaid,23.45,23,30.142491179855845
2284,Consumer Prepaid,20.94,28,63.49515157609817
2285,Consumer Postpaid,37.35,24,43.64483988231128
2286,Consumer Postpaid,35.98,24,54.244580607720685
2287,Public Sector,114.89,16,55.1828224223585
2288,Consumer Prepaid,13.69,25,20.247856414138
2289,SME,88.45,23,99.50527524792473
2290,Public Sector,70.45,25,9.163820517572784
2291,Consumer Prepaid,25.86,26,76.19697445971535
2292,Consumer Prepaid,25.44,12,35.06492829540186
2293,Consumer Prepaid,26.18,25,9.905643421598798
2294,Consumer Prepaid,13.68,13,18.8598931271592
2295,Consumer Postpaid,49.78,23,84.16917680970037
2296,Consumer Prepaid,44.12,28,41.92000072707345
2297,Consumer Prepaid,16.0,13,18.714503146222615
2298,Consumer Postpaid,44.02,30,93.51620107467781
2299,Public Sector,84.29,30,84.99757671095955
2300,Public Sector,94.99,29,18.5901711556267
2301,Consumer Prepaid,54.17,29,91.64683486660566
2302,SME,89.58,30,85.53361303023146
2303,SME,71.37,33,46.25349432957061
2304,Consumer Prepaid,20.41,26,36.03781215565696
2305,Consumer Postpaid,42.86,20,71.60919178315135
2306,Consumer Prepaid,34.24,20,43.23477383381316
2307,Corporate,181.65,32,16.977693975812215
2308,Consumer Postpaid,59.16,24,44.136007868562146
2309,Consumer Prepaid,15.48,20,34.685701092888955
2310,Consumer Prepaid,18.18,19,32.546898867662264
2311,SME,92.3,36,73.86526505881422
2312,Public Sector,141.08,36,32.68203062517321
2313,Consumer Prepaid,40.68,21,69.09205700711951
2314,Consumer Postpaid,56.23,20,95.68884426329663
2315,Corporate,101.84,24,11.424845325805633
2316,Consumer Postpaid,33.97,27,9.284508653062051
2317,Consumer Postpaid,47.8,30,63.37884195450022
2318,Consumer Postpaid,22.96,24,45.95870058794439
2319,Consumer Prepaid,25.02,17,47.96319561995268
2320,Corporate,218.4,30,33.90285497439097
2321,Consumer Postpaid,74.78,13,29.599262514396695
2322,Consumer Prepaid,18.44,36,31.12452525785969
2323,Consumer Postpaid,41.36,21,35.65562236883563
2324,Corporate,181.73,16,67.94085575951298
2325,Consumer Postpaid,66.94,19,50.1702984176349
2326,Corporate,80.03,25,64.42414008259819
2327,Consumer Prepaid,14.61,22,37.23378183853811
2328,Consumer Prepaid,16.32,26,84.59812924460131
2329,Corporate,185.25,24,61.9207925029823
2330,Consumer Postpaid,43.82,25,96.99255735659435
2331,SME,75.96,18,43.13654563880019
2332,Consumer Postpaid,46.92,21,18.51650454162026
2333,SME,57.24,31,17.661369257412286
2334,Consumer Postpaid,34.23,24,0.7252428015144474
2335,Public Sector,69.74,28,34.48737836932098
2336,SME,108.56,31,84.03615053853187
2337,Consumer Prepaid,16.93,20,68.99911963543062
2338,Corporate,147.68,34,77.43985370172555
2339,Consumer Prepaid,17.77,33,52.062246517145184
2340,Consumer Postpaid,40.26,36,77.8545821422689
2341,Corporate,89.78,33,88.83077474377053
2342,Consumer Postpaid,29.08,25,18.83947674004922
2343,SME,97.84,19,83.28430928668375
2344,Consumer Prepaid,27.18,19,75.28694445035707
2345,SME,98.33,30,44.24709269935184
2346,Consumer Prepaid,49.86,25,33.38420643433858
2347,Consumer Postpaid,34.72,30,0.8100941647322446
2348,SME,115.86,16,99.1507688278502
2349,Consumer Postpaid,28.55,23,16.742294774625122
2350,Consumer Prepaid,32.63,23,37.58839547956738
2351,Public Sector,93.91,32,65.6413134229673
2352,Consumer Prepaid,17.35,14,92.99847831341347
2353,Consumer Postpaid,35.85,25,94.5737959402294
2354,SME,101.6,27,54.96696690036911
2355,Consumer Postpaid,43.1,20,24.336971340637604
2356,Consumer Prepaid,27.23,30,86.13627189565668
2357,Corporate,161.53,20,40.42627150651531
2358,Consumer Postpaid,18.68,21,25.175938654544805
2359,Consumer Postpaid,52.32,21,87.38197762800523
2360,Consumer Prepaid,29.38,31,67.85392442143758
2361,Consumer Postpaid,61.78,16,53.825274634476564
2362,Corporate,154.94,24,39.96384824939357
2363,Consumer Prepaid,21.97,24,35.64178551577876
2364,SME,83.84,25,42.90479939721157
2365,Consumer Prepaid,31.08,30,2.978078732092093
2366,Public Sector,98.52,29,78.07179957065223
2367,Consumer Prepaid,30.06,27,13.32267479843533
2368,Consumer Prepaid,24.8,28,2.1388846675079787
2369,Public Sector,80.81,27,87.9184917779098
2370,Consumer Postpaid,33.58,23,24.345401197176574
2371,Consumer Prepaid,23.71,24,14.79547387739707
2372,Consumer Postpaid,23.85,27,42.30144462417626
2373,Consumer Postpaid,40.09,18,74.67216016840621
2374,Consumer Prepaid,32.32,23,3.3559181647251135
2375,Consumer Postpaid,57.25,25,40.793537105429635
2376,Consumer Postpaid,37.84,17,66.10270582343671
2377,SME,89.14,23,68.82846703680079
2378,Consumer Postpaid,54.47,24,55.747454897565376
2379,SME,109.9,26,68.17968112843865
2380,Consumer Postpaid,56.55,20,55.99641471458432
2381,Consumer Postpaid,43.92,22,7.053429523732191
2382,SME,84.89,20,68.77730355454815
2383,Consumer Postpaid,42.68,21,86.15642842499565
2384,Consumer Prepaid,35.34,25,88.87160946127463
2385,Consumer Postpaid,50.82,24,17.93533592645519
2386,Consumer Postpaid,42.56,29,3.980568322208733
2387,SME,88.58,21,12.91364040663343
2388,Public Sector,72.97,32,49.94045613802446
2389,Consumer Postpaid,47.21,29,15.134125869153303
2390,SME,60.76,17,21.15205177442274
2391,Consumer Postpaid,34.95,16,74.81102411599355
2392,Consumer Prepaid,35.35,20,95.41537271191778
2393,Public Sector,87.05,24,31.813253133349086
2394,Public Sector,112.77,34,18.596322405813183
2395,Corporate,139.26,36,8.086974583210605
2396,SME,86.98,26,31.885180893658237
2397,Public Sector,129.05,24,27.690168974093766
2398,Consumer Prepaid,34.01,20,57.475569065540434
2399,Consumer Prepaid,20.44,23,48.16823224551921
2400,Consumer Prepaid,29.62,24,59.244544079041425
2401,SME,85.82,29,80.29920178671529
2402,Corporate,110.41,39,56.87691025228773
2403,SME,60.57,20,8.475947327532186
2404,SME,62.1,27,25.283378316516124
2405,SME,89.63,25,80.85132732604107
2406,Corporate,160.06,28,12.720411933778086
2407,Consumer Postpaid,30.99,19,25.425240261454384
2408,Consumer Prepaid,14.76,24,12.130470456516363
2409,Consumer Prepaid,40.53,20,7.411917438595806
2410,Consumer Prepaid,8.87,23,13.688031969182768
2411,SME,87.92,29,73.74894844599194
2412,Consumer Prepaid,26.06,24,16.11636878961611
2413,Consumer Postpaid,50.98,23,14.6375938668157
2414,Consumer Prepaid,17.61,16,86.94591165378876
2415,Consumer Prepaid,25.69,23,29.71171581278419
2416,Consumer Prepaid,35.62,31,66.97230078311506
2417,SME,93.72,23,30.925611047328548
2418,SME,51.76,31,6.662208736746145
2419,Consumer Postpaid,64.65,35,46.61902301555338
2420,SME,56.57,17,91.89793255003985
2421,SME,101.87,30,93.10285962775626
2422,Consumer Postpaid,56.34,27,12.274005467462047
2423,Public Sector,91.14,34,83.8149165376357
2424,Consumer Postpaid,36.82,22,3.625231751479485
2425,Corporate,166.9,22,88.8107919011472
2426,Consumer Postpaid,38.48,23,4.781106370247978
2427,Consumer Prepaid,26.83,19,3.598982886866786
2428,Corporate,116.27,30,89.42280427402468
2429,Consumer Prepaid,25.51,19,76.33812597835626
2430,Consumer Postpaid,48.15,30,27.883758357760836
2431,Consumer Prepaid,18.31,32,42.74151201877095
2432,Consumer Postpaid,33.89,27,40.19201869926765
2433,SME,53.89,25,3.498187351615356
2434,SME,62.8,33,52.04087646825987
2435,Consumer Prepaid,40.51,31,19.526693519105397
2436,Consumer Postpaid,48.97,21,20.022093578866606
2437,Consumer Prepaid,20.17,21,37.908672304885215
2438,Consumer Prepaid,31.86,21,10.280856173585395
2439,Consumer Prepaid,12.4,22,42.433813979627566
2440,Corporate,161.35,29,75.03889270907015
2441,Consumer Prepaid,27.53,24,91.62708373435315
2442,Consumer Postpaid,34.74,25,98.16106556424329
2443,Corporate,143.7,33,20.87425334283899
2444,Public Sector,108.8,25,21.675771132198495
2445,Consumer Postpaid,64.63,16,81.4796172659976
2446,Corporate,112.11,24,76.83649926926005
2447,Consumer Prepaid,31.59,18,15.280580931828325
2448,SME,30.01,15,33.78538856953037
2449,Consumer Prepaid,40.57,25,84.72094875733886
2450,Consumer Postpaid,29.36,29,98.4685553915239
2451,SME,80.33,24,88.02912630134301
2452,Public Sector,113.23,26,21.06455976355367
2453,Consumer Postpaid,37.44,33,63.24008951351965
2454,Consumer Postpaid,29.13,17,56.298150451526574
2455,Consumer Prepaid,18.98,23,28.16006102352514
2456,Consumer Prepaid,19.51,22,96.8901717114038
2457,SME,89.75,31,73.5115824840396
2458,Consumer Prepaid,42.04,21,29.670628916989962
2459,Consumer Postpaid,55.86,17,60.27298005076018
2460,Consumer Prepaid,19.28,25,32.34673347304966
2461,Consumer Postpaid,45.9,22,35.62482530875838
2462,SME,76.55,27,11.396198135815228
2463,SME,49.54,23,30.884380914245913
2464,Consumer Prepaid,5.48,25,70.51889789173546
2465,Consumer Postpaid,62.11,26,28.895781914071716
2466,Consumer Prepaid,5.0,18,87.2873285767126
2467,Consumer Postpaid,52.77,26,1.5414958448407678
2468,Consumer Prepaid,18.33,16,6.958178354357902
2469,Consumer Postpaid,15.89,30,35.246278439923984
2470,SME,74.4,31,58.63641413229526
2471,Consumer Prepaid,20.92,21,34.71668396742926
2472,Consumer Postpaid,41.35,23,96.95720518365583
2473,Consumer Prepaid,13.34,14,81.33433290451083
2474,Consumer Prepaid,43.57,15,76.44001113893061
2475,SME,55.58,31,81.19422513018051
2476,Corporate,224.95,31,86.46777525856504
2477,Public Sector,92.87,21,15.650789908045649
2478,Consumer Prepaid,34.58,24,98.63985764853
2479,Consumer Postpaid,84.03,25,0.8774755061917827
2480,Consumer Prepaid,46.69,16,70.48969089547961
2481,Consumer Prepaid,25.76,19,88.84317051440961
2482,Corporate,96.93,28,9.757916957626945
2483,Consumer Prepaid,20.48,30,82.71501955038771
2484,Corporate,195.99,38,94.9799353462003
2485,Consumer Prepaid,23.69,29,82.92866775305141
2486,SME,63.92,21,42.235187270073446
2487,Consumer Prepaid,13.65,19,48.901738034659424
2488,SME,69.51,25,63.65444885767242
2489,SME,68.17,27,85.98514719156631
2490,SME,119.23,20,1.2642601400018494
2491,Consumer Prepaid,32.12,27,64.97907275126246
2492,Consumer Prepaid,30.81,19,65.3565152681102
2493,Consumer Prepaid,19.76,20,39.51491084976367
2494,SME,68.83,23,71.92685059486148
2495,Consumer Prepaid,25.53,31,37.1585840912535
2496,Consumer Prepaid,23.03,18,13.228370800960542
2497,Consumer Prepaid,17.12,23,18.288765089655268
2498,Consumer Prepaid,14.42,12,42.35240923010226
2499,Consumer Prepaid,15.89,23,35.190505575866084
2500,Consumer Prepaid,21.66,21,84.31991416236852
2501,Public Sector,115.47,35,46.28306571988078
2502,Public Sector,128.12,32,52.31780098395007
2503,Public Sector,108.53,32,3.562979539013933
2504,Public Sector,108.06,30,14.91351078475378
2505,Corporate,161.74,31,30.4070284780257
2506,Consumer Prepaid,29.19,29,63.07549980407676
2507,Consumer Postpaid,56.85,13,42.98176981413819
2508,Consumer Prepaid,25.49,29,2.9038782659774443
2509,Consumer Prepaid,37.27,23,79.98294540499016
2510,SME,89.03,20,62.82794590652136
2511,SME,86.86,24,9.946159745218985
2512,Consumer Postpaid,46.33,28,4.013938816541018
2513,Consumer Postpaid,64.95,23,34.031740429819145
2514,Consumer Prepaid,16.13,23,83.11389644353827
2515,Consumer Prepaid,33.82,24,95.64981247770984
2516,Corporate,143.29,23,97.12962274285455
2517,Consumer Postpaid,27.24,17,77.00304687015165
2518,Public Sector,87.53,33,4.011657828851545
2519,Public Sector,67.95,37,21.487117384913457
2520,Corporate,117.36,36,52.407244650670435
2521,Corporate,141.67,27,40.522578292933396
2522,Consumer Prepaid,25.35,30,32.8308710357912
2523,Corporate,125.64,19,39.07025506881093
2524,SME,94.23,23,45.12054082123965
2525,SME,69.69,23,36.159026642030966
2526,Public Sector,100.67,33,23.115136756267706
2527,Consumer Postpaid,44.7,23,94.19105448514799
2528,Corporate,111.32,24,34.77397822959257
2529,Consumer Postpaid,61.16,23,98.24473570470747
2530,Consumer Prepaid,20.4,24,15.116195818822654
2531,SME,90.55,21,59.81938785178935
2532,Consumer Prepaid,21.26,21,35.36378631401104
2533,Consumer Postpaid,64.94,26,12.642622715502805
2534,SME,119.73,30,40.709195615801974
2535,Consumer Postpaid,76.1,14,82.76711355691941
2536,Consumer Postpaid,51.5,31,41.15116028992104
2537,Consumer Prepaid,25.51,30,33.52883170794706
2538,Public Sector,117.41,29,21.96746779947074
2539,Consumer Postpaid,44.28,23,35.49419644892418
2540,Public Sector,85.43,23,8.969929700825464
2541,SME,64.47,20,27.173851648448167
2542,SME,136.68,26,70.87042892136465
2543,Consumer Postpaid,52.08,27,88.52289842111726
2544,Consumer Prepaid,34.09,22,49.27488961293377
2545,Corporate,112.95,36,51.61245842024867
2546,Consumer Prepaid,10.48,21,11.984066154120388
2547,Corporate,130.98,32,18.45350507366441
2548,Consumer Prepaid,30.72,23,63.872340881700595
2549,Consumer Postpaid,56.29,26,33.42633747792092
2550,Corporate,173.5,31,54.627910479028394
2551,Consumer Prepaid,5.0,27,83.61128049276877
2552,SME,94.28,27,98.42497664912904
2553,Corporate,130.78,29,53.847597666270595
2554,Consumer Prepaid,35.91,25,39.01959672499024
2555,Consumer Postpaid,36.96,11,76.50431899704897
2556,Consumer Postpaid,52.12,30,2.225035192633096
2557,SME,84.1,18,76.12714296253603
2558,Public Sector,93.1,27,19.079226547583872
2559,Corporate,117.51,25,38.29670110643133
2560,Consumer Prepaid,30.55,25,50.600533476693755
2561,Consumer Postpaid,18.97,14,5.259147124067853
2562,Consumer Postpaid,41.81,21,13.429696439518668
2563,Public Sector,128.6,20,25.11122868190061
2564,Corporate,102.65,35,52.03463368715742
2565,Public Sector,111.49,36,35.72709219960451
2566,Corporate,208.8,30,42.74310711602143
2567,Consumer Prepaid,10.28,25,99.14018630496115
2568,Consumer Prepaid,5.0,19,53.72081793948886
2569,Consumer Postpaid,46.43,26,2.5025101563866614
2570,Consumer Postpaid,68.34,31,40.51821038009611
2571,Public Sector,85.26,36,51.42071744772863
2572,Corporate,87.06,33,1.6893355071518457
2573,Consumer Postpaid,23.16,28,53.814343008145435
2574,Consumer Prepaid,46.04,33,36.33337819162643
2575,SME,58.51,30,18.66839259143167
2576,Consumer Postpaid,54.69,18,55.77047619066712
2577,Consumer Prepaid,30.09,39,48.578411435523236
2578,Consumer Postpaid,59.55,20,44.32859860792395
2579,Consumer Postpaid,13.8,21,13.185198964339694
2580,Consumer Postpaid,49.18,27,80.37549475691907
2581,Consumer Postpaid,65.63,23,43.46023687179918
2582,Consumer Postpaid,46.27,28,33.858597194157355
2583,Consumer Prepaid,12.51,25,78.66130612179019
2584,Consumer Postpaid,35.21,22,72.98740126426408
2585,SME,77.09,30,68.34527434210503
2586,Consumer Postpaid,24.06,30,57.547527788636486
2587,Consumer Prepaid,36.05,23,41.99075476984676
2588,Consumer Prepaid,34.06,23,73.83916369360574
2589,SME,74.22,33,3.4195449921188836
2590,Corporate,151.94,23,46.663436995018714
2591,Consumer Postpaid,42.69,32,46.789252813202495
2592,Consumer Prepaid,34.6,29,6.860098489514566
2593,Consumer Postpaid,28.96,18,20.509375372360992
2594,SME,75.47,29,50.655381588141765
2595,Consumer Prepaid,23.94,25,60.500306133803306
2596,Consumer Postpaid,42.18,17,36.37860515990571
2597,SME,114.31,24,26.567846550283726
2598,Public Sector,102.33,28,43.270491462654995
2599,Consumer Prepaid,53.95,22,94.3503535633239
2600,SME,82.39,30,76.08310300194505
2601,Consumer Postpaid,40.26,22,99.82689762040687
2602,Consumer Prepaid,22.48,23,30.063192858167554
2603,Consumer Postpaid,51.09,21,71.56392360669594
2604,Corporate,134.99,35,38.83931803838869
2605,Consumer Postpaid,51.74,17,77.61165984135006
2606,Consumer Postpaid,49.8,21,60.28447467863508
2607,Public Sector,63.29,23,55.88172349183215
2608,Consumer Postpaid,44.47,19,74.11070416296808
2609,Consumer Prepaid,38.32,23,76.9023238782648
2610,SME,67.16,25,39.8628961644075
2611,SME,58.87,20,74.67467725125942
2612,Consumer Postpaid,52.42,16,21.932818403091915
2613,Consumer Prepaid,26.73,19,17.14322044747181
2614,Public Sector,171.15,28,84.87524666688432
2615,Consumer Postpaid,31.36,27,83.20620967541508
2616,Consumer Prepaid,31.12,28,88.1189236894309
2617,Consumer Prepaid,23.25,22,94.7522980551238
2618,Consumer Prepaid,46.58,32,80.73143007690523
2619,Consumer Postpaid,61.42,23,2.0194923084332905
2620,Consumer Prepaid,24.16,26,58.26009367844994
2621,Consumer Prepaid,5.0,24,77.58614386586518
2622,Consumer Prepaid,17.37,31,74.38621448859985
2623,Consumer Prepaid,13.55,23,15.161063793047603
2624,Consumer Prepaid,32.41,20,69.19100266195619
2625,Consumer Prepaid,14.95,20,2.8005319472458434
2626,Public Sector,108.23,29,34.24999930081374
2627,Consumer Prepaid,41.16,23,11.91570455404648
2628,Consumer Prepaid,14.82,18,34.27404135888459
2629,Consumer Prepaid,18.46,22,49.12676284900007
2630,Consumer Prepaid,46.21,25,2.669315858685428
2631,Consumer Postpaid,61.16,31,41.91050862867066
2632,Consumer Postpaid,47.67,18,74.42352584372388
2633,Corporate,165.29,37,59.696396571644286
2634,Consumer Postpaid,59.66,26,27.332958312466292
2635,SME,102.89,22,98.48659403448427
2636,Corporate,146.96,21,27.36955159663489
2637,Consumer Prepaid,30.7,23,99.9459067186402
2638,SME,97.28,17,85.0805957967449
2639,Public Sector,100.5,32,60.04728632502741
2640,Consumer Prepaid,10.2,21,52.919009874656695
2641,Consumer Postpaid,16.42,18,19.59787224916677
2642,Consumer Postpaid,44.03,28,10.855535777264846
2643,SME,84.74,27,28.954274779370493
2644,Consumer Postpaid,43.47,15,17.58578813161925
2645,SME,74.21,27,51.08523649637979
2646,Consumer Prepaid,25.08,15,24.299759286082978
2647,Consumer Prepaid,36.59,32,54.294993794811276
2648,SME,71.17,24,19.197550585923786
2649,Consumer Postpaid,64.56,28,8.851905256306758
2650,Corporate,136.92,29,5.815112056640115
2651,Consumer Postpaid,61.89,16,40.65383138870131
2652,Corporate,153.69,42,4.770834145387203
2653,Consumer Prepaid,35.29,31,61.966415161970865
2654,Corporate,135.85,28,45.781365008462494
2655,Consumer Postpaid,21.33,25,95.4617371504054
2656,Consumer Prepaid,44.98,19,26.083108002500875
2657,SME,51.81,28,92.36026679779178
2658,SME,81.58,19,64.17370448140232
2659,SME,85.38,23,29.795742895835907
2660,Consumer Prepaid,37.11,26,7.991510934660672
2661,Consumer Prepaid,8.9,28,48.600344823822674
2662,Consumer Postpaid,63.98,26,96.3767649942309
2663,Public Sector,141.98,33,89.06785956054708
2664,SME,33.12,29,69.13864452150186
2665,Consumer Prepaid,27.09,19,39.21348291027752
2666,Public Sector,103.73,28,38.18576252218325
2667,SME,83.5,33,6.767353665798337
2668,Public Sector,82.08,32,1.2416089169423494
2669,Consumer Prepaid,32.59,25,74.61505038267879
2670,Consumer Prepaid,17.12,31,55.339244022976374
2671,SME,66.03,34,69.91931979813764
2672,Consumer Postpaid,44.72,29,26.837836527714774
2673,Consumer Postpaid,48.22,22,0.33788468084122725
2674,SME,71.18,29,56.42179770333655
2675,Consumer Prepaid,47.2,32,76.51902029810299
2676,Consumer Postpaid,42.38,33,31.9095339872988
2677,Corporate,146.58,27,62.4400487472163
2678,SME,79.78,24,65.61288043672019
2679,Corporate,174.0,26,84.33916463290707
2680,Public Sector,113.35,31,25.174446428253038
2681,Consumer Postpaid,36.82,23,80.22213189713018
2682,Consumer Postpaid,57.78,27,15.288884564479632
2683,Corporate,175.3,25,31.00018527823053
2684,SME,62.01,25,30.737271920404485
2685,SME,67.49,22,35.568738989437435
2686,Consumer Prepaid,29.54,27,70.93907452511287
2687,Public Sector,150.22,19,28.544778719986553
2688,SME,103.5,27,6.036584351505736
2689,SME,81.02,25,34.07634893488872
2690,Consumer Postpaid,26.57,21,35.891299099803064
2691,Consumer Postpaid,23.97,24,2.1806793124395596
2692,SME,80.08,25,81.74764393049206
2693,Consumer Postpaid,57.82,26,83.64458962596129
2694,Consumer Prepaid,19.63,28,6.950779651519323
2695,Consumer Postpaid,48.01,19,21.158213457049136
2696,SME,72.89,27,81.507399068261
2697,Corporate,143.29,32,19.06759467547915
2698,Consumer Postpaid,35.95,23,80.97537174356638
2699,Consumer Postpaid,29.65,34,84.43335491993376
2700,SME,108.43,22,18.61321543680995
2701,Consumer Prepaid,28.11,27,8.650926893974752
2702,Consumer Prepaid,27.19,22,60.91206222132969
2703,Consumer Prepaid,26.19,27,51.455309133378
2704,Consumer Prepaid,36.89,16,90.23079734420988
2705,Consumer Prepaid,29.74,25,29.99914705537111
2706,Consumer Prepaid,45.95,28,67.07257400787232
2707,SME,79.2,21,6.272159090138841
2708,Consumer Prepaid,38.88,32,21.941563855690383
2709,SME,66.09,20,32.18275081690799
2710,Consumer Prepaid,16.45,23,57.05528549499722
2711,Corporate,135.77,30,66.01726416469569
2712,SME,71.34,22,55.09126399478858
2713,Consumer Prepaid,15.73,22,3.184174454809785
2714,SME,66.59,26,66.0386440271344
2715,Consumer Prepaid,17.99,19,96.66149922642143
2716,Consumer Postpaid,39.07,29,21.005292017930522
2717,SME,102.6,25,73.56975053062538
2718,Consumer Prepaid,36.61,22,30.886520101215776
2719,Consumer Postpaid,16.42,27,32.39391201607158
2720,SME,45.71,17,46.472195619874945
2721,Public Sector,77.93,33,42.921077954169974
2722,Corporate,200.83,25,93.9197432825762
2723,Corporate,135.54,22,23.704150891868004
2724,SME,90.14,20,25.19082653674215
2725,Consumer Postpaid,22.81,17,37.869066333300225
2726,SME,61.61,29,3.2196422087336862
2727,SME,82.94,27,81.93461487217711
2728,Corporate,133.15,34,58.66430124456345
2729,Corporate,179.13,33,78.89771878522937
2730,Public Sector,86.4,21,90.37249203738075
2731,Consumer Prepaid,28.29,16,52.03722164409679
2732,Corporate,209.05,32,49.60328899414148
2733,Consumer Prepaid,22.7,23,4.42954309969924
2734,Consumer Postpaid,30.57,25,94.31630524604392
2735,Consumer Prepaid,18.08,28,7.090792233184173
2736,SME,105.8,13,72.30344308507956
2737,Consumer Postpaid,55.44,22,36.3128442846072
2738,Consumer Prepaid,17.41,28,42.81494419923521
2739,Consumer Postpaid,51.79,26,77.92051147388834
2740,SME,84.61,14,3.791694407363333
2741,Consumer Postpaid,37.02,22,83.69034453166549
2742,SME,98.55,20,1.6058822680113716
2743,Consumer Prepaid,29.47,14,18.108070230794105
2744,SME,44.23,26,25.05014246959396
2745,Consumer Postpaid,42.3,26,99.6762584986409
2746,Consumer Prepaid,22.35,27,39.19811129069601
2747,SME,48.41,21,95.93239045082137
2748,SME,71.96,23,81.1016110262656
2749,Consumer Prepaid,19.37,31,12.223419285452607
2750,Consumer Postpaid,26.75,21,45.16366846832235
2751,Consumer Postpaid,38.73,27,67.96758674906395
2752,SME,74.26,33,19.229172323107978
2753,Consumer Prepaid,28.09,25,27.331235865371962
2754,Consumer Prepaid,28.89,25,7.295986391295484
2755,SME,71.32,25,49.54715630653334
2756,Public Sector,54.25,37,93.38934381498633
2757,Consumer Prepaid,20.56,25,77.35191902421032
2758,Consumer Prepaid,23.69,23,66.21273488542488
2759,Consumer Prepaid,23.11,21,45.84676101457238
2760,Consumer Prepaid,27.83,24,98.53447186873106
2761,Consumer Postpaid,51.29,22,3.5087611216299996
2762,SME,47.94,24,90.7630953334707
2763,Consumer Prepaid,5.11,19,20.445132623253002
2764,SME,80.61,22,93.38670398513199
2765,Consumer Prepaid,36.73,25,39.76811351450343
2766,SME,80.02,31,7.153882189037642
2767,Consumer Prepaid,17.3,20,13.062396686929178
2768,Public Sector,78.11,22,24.626572398078572
2769,Public Sector,119.03,21,40.819308181741796
2770,Consumer Prepaid,31.72,25,77.86521510749094
2771,Corporate,142.15,36,86.14748123426943
2772,Consumer Prepaid,24.59,22,32.68787897653196
2773,Corporate,147.88,23,87.7598373161419
2774,Consumer Postpaid,39.63,20,14.210695983258237
2775,Consumer Prepaid,9.38,27,77.19890702546908
2776,Public Sector,106.88,21,31.954906287840657
2777,Consumer Prepaid,30.9,24,5.954413800249625
2778,Consumer Postpaid,55.57,29,26.53063701204189
2779,SME,93.69,24,71.88779803941351
2780,Corporate,86.6,29,85.56245661758771
2781,Consumer Postpaid,39.39,18,87.01430055517372
2782,Corporate,161.66,31,33.13930876965162
2783,Public Sector,128.42,29,39.34805505886262
2784,Public Sector,79.02,32,90.49768817816813
2785,Consumer Prepaid,23.51,14,37.99561251474085
2786,Consumer Prepaid,9.81,21,98.992149127494
2787,Consumer Prepaid,27.92,27,44.11488250468019
2788,Corporate,150.8,29,74.57513299842769
2789,Consumer Prepaid,23.87,23,54.80330722215929
2790,Consumer Postpaid,60.79,29,39.05621024270317
2791,Consumer Prepaid,21.4,18,76.44328623701921
2792,SME,98.68,24,75.75269941328445
2793,Corporate,129.1,22,28.153504010689435
2794,Consumer Prepaid,37.49,27,20.32895554359562
2795,Consumer Prepaid,24.03,19,7.63933167953057
2796,SME,76.37,15,24.787557232395073
2797,Consumer Prepaid,27.55,30,94.61737047963453
2798,Consumer Prepaid,36.94,25,39.29373050278067
2799,Corporate,149.84,27,85.27367457319316
2800,SME,88.11,21,79.8678105907632
2801,Consumer Prepaid,21.67,20,99.8174737892465
2802,Corporate,116.55,26,23.40624925720749
2803,Corporate,116.76,27,52.81400572737537
2804,Corporate,172.62,27,44.13675603197896
2805,SME,27.28,17,19.241103788713932
2806,Corporate,123.32,43,10.401029772814073
2807,SME,59.95,25,29.751350511377783
2808,Consumer Postpaid,65.4,23,6.718519652390132
2809,Consumer Prepaid,26.94,25,38.81810010456791
2810,Consumer Postpaid,24.11,29,98.77733321371224
2811,Consumer Postpaid,38.4,26,94.24578385332963
2812,Public Sector,103.66,25,45.071798553214734
2813,Consumer Postpaid,47.35,32,28.042986157357685
2814,Consumer Prepaid,23.5,27,90.95385699133887
2815,SME,96.24,24,5.620955786622217
2816,SME,119.83,28,77.01116522302854
2817,Consumer Prepaid,35.08,22,10.150385830353548
2818,Consumer Postpaid,28.18,23,64.55339908801486
2819,Consumer Prepaid,28.7,22,51.70483546901332
2820,Consumer Prepaid,28.13,34,90.30130391680925
2821,Consumer Prepaid,21.65,21,55.50852504728198
2822,Consumer Prepaid,28.11,33,73.4447277798688
2823,Consumer Postpaid,21.18,19,44.021897297100196
2824,Consumer Postpaid,57.6,27,4.5920056091263035
2825,Consumer Prepaid,16.44,20,99.62420986170206
2826,SME,76.25,16,71.92878001522803
2827,Consumer Postpaid,26.45,25,33.747469503667304
2828,Consumer Postpaid,50.89,26,17.163501741537303
2829,Consumer Prepaid,11.94,26,79.15326186668919
2830,Corporate,153.88,28,64.67749610819325
2831,Public Sector,90.27,35,32.56447769498927
2832,Consumer Prepaid,26.03,32,65.61370440820198
2833,Consumer Postpaid,24.74,22,59.10620780489892
2834,Consumer Prepaid,40.5,18,41.51976391419092
2835,SME,65.46,24,72.90376238201884
2836,Consumer Prepaid,18.92,25,91.06777399183046
2837,Public Sector,106.08,24,0.6488083780526455
2838,SME,83.27,34,63.69435754268788
2839,SME,84.12,22,38.35018811159071
2840,Consumer Prepaid,31.0,27,74.69746046867705
2841,Consumer Prepaid,5.0,17,75.54990686967872
2842,Consumer Prepaid,28.53,36,98.30164307061484
2843,Consumer Prepaid,6.94,30,26.04875790573491
2844,Corporate,180.03,27,39.028910083933376
2845,SME,71.24,14,75.62949238603937
2846,Consumer Postpaid,21.27,23,20.194086451198256
2847,Consumer Prepaid,52.72,35,59.98679731550472
2848,Consumer Postpaid,18.98,24,20.55384706954865
2849,Consumer Prepaid,13.27,21,17.25857940492721
2850,Consumer Postpaid,64.57,24,97.39407666667817
2851,Consumer Prepaid,26.05,29,45.38378812569805
2852,Corporate,167.41,37,19.924187858461817
2853,Consumer Postpaid,40.57,26,77.86746648941558
2854,Consumer Postpaid,54.98,26,34.49828456958783
2855,SME,62.79,27,68.32766104223897
2856,Consumer Prepaid,16.83,25,59.69602868455279
2857,Consumer Prepaid,33.8,20,66.1154269719093
2858,SME,92.4,27,39.28077169525388
2859,Consumer Postpaid,34.93,27,93.77922867867817
2860,Corporate,135.61,27,15.806130029164933
2861,Consumer Prepaid,16.85,27,83.78257199236009
2862,Consumer Prepaid,33.13,27,6.845316942604274
2863,Consumer Postpaid,52.96,20,56.743925126447294
2864,Consumer Prepaid,17.35,22,17.920984956102572
2865,Consumer Prepaid,17.02,25,78.99117002228051
2866,Consumer Prepaid,6.88,23,64.7578490806859
2867,Public Sector,108.12,25,16.566316747641274
2868,Consumer Postpaid,45.1,21,43.266010769071684
2869,Consumer Prepaid,21.28,31,71.39554232420517
2870,SME,66.22,23,36.901469934594544
2871,Consumer Postpaid,27.36,23,49.041036113680526
2872,Corporate,131.53,29,92.46009904217127
2873,SME,90.69,25,63.19329628514445
2874,Consumer Postpaid,51.85,27,96.12792423673864
2875,SME,50.97,18,66.15767405740584
2876,SME,100.73,22,81.37482955675476
2877,Consumer Prepaid,40.74,25,51.6676392605342
2878,Public Sector,92.49,17,9.141654911451768
2879,Consumer Prepaid,14.32,21,53.37533205937861
2880,Corporate,139.12,31,76.31743856097388
2881,SME,98.57,32,60.79882311965377
2882,Public Sector,100.56,25,18.277390266349634
2883,Corporate,136.06,35,50.49609189421677
2884,SME,85.76,25,81.78740635904725
2885,Consumer Postpaid,41.36,20,36.44268113352511
2886,Consumer Postpaid,48.77,29,43.672255815566665
2887,SME,109.27,28,72.25540966161562
2888,SME,106.29,37,55.16795637526395
2889,SME,37.26,24,4.761237842748811
2890,Consumer Postpaid,49.84,21,32.393556607803376
2891,Consumer Prepaid,26.05,29,90.33146675661857
2892,Consumer Postpaid,53.78,25,73.32782958676516
2893,Consumer Postpaid,34.59,25,9.597569669611294
2894,Consumer Postpaid,38.29,24,7.610105583336235
2895,Consumer Prepaid,29.89,21,49.329358056269236
2896,Consumer Postpaid,60.94,22,32.5666732278094
2897,Consumer Prepaid,24.41,24,0.5933496746056477
2898,Consumer Prepaid,22.29,26,15.772031708324974
2899,SME,85.78,22,31.076169537242137
2900,Public Sector,113.25,33,42.32591427658292
2901,SME,77.08,22,62.63010947738658
2902,Consumer Prepaid,24.51,31,24.376949308272742
2903,Consumer Prepaid,38.15,24,31.6537731334959
2904,SME,125.45,19,66.38101052502829
2905,SME,121.52,14,57.67897084972363
2906,SME,75.41,24,32.835735232720545
2907,Consumer Postpaid,42.79,20,44.131111238846024
2908,Consumer Prepaid,27.64,22,76.2525677093976
2909,SME,129.06,13,63.83543048854777
2910,Corporate,181.15,38,54.54742327381976
2911,Corporate,188.76,37,90.90725263612946
2912,Consumer Prepaid,53.83,24,11.114782746710894
2913,SME,89.78,26,47.33541793328011
2914,SME,69.94,26,89.9366528920927
2915,Consumer Postpaid,34.07,33,52.83446934365542
2916,Corporate,150.29,24,24.068490922334085
2917,SME,102.39,31,72.53912461589445
2918,Consumer Postpaid,48.04,22,90.82886234873288
2919,Consumer Postpaid,30.86,23,49.84418404349944
2920,Consumer Postpaid,21.48,25,61.31075959555897
2921,Corporate,153.0,32,14.715770096372339
2922,Consumer Prepaid,30.45,18,90.21541886529116
2923,Consumer Postpaid,58.15,35,7.066819030807848
2924,SME,90.68,22,1.2187551011742515
2925,Consumer Prepaid,25.36,29,52.74410455577785
2926,Consumer Prepaid,17.75,17,7.914862094972763
2927,Consumer Postpaid,77.96,17,67.22525000742135
2928,Consumer Prepaid,37.02,28,67.86270049882519
2929,Corporate,112.27,27,1.7122085797161901
2930,SME,103.73,35,99.3911988231782
2931,SME,71.24,21,43.14057036697854
2932,Consumer Postpaid,18.78,26,29.708865318724076
2933,Consumer Prepaid,37.29,31,85.30406621165099
2934,Consumer Postpaid,63.07,26,43.261493287204566
2935,Consumer Prepaid,25.28,29,59.09999590859538
2936,Consumer Postpaid,19.72,25,23.009079204003957
2937,SME,75.2,29,66.18292896781035
2938,Consumer Prepaid,25.11,22,86.25892413413638
2939,Consumer Prepaid,23.22,22,96.64348100843196
2940,Consumer Postpaid,27.04,19,48.82099782764918
2941,Consumer Postpaid,49.44,29,16.285829163782772
2942,SME,77.82,27,92.47859097140136
2943,Consumer Prepaid,23.21,29,31.494030568124952
2944,Consumer Prepaid,24.05,12,45.32846463376582
2945,Consumer Prepaid,30.68,24,3.571094902814309
2946,Consumer Postpaid,39.54,24,12.019154144553868
2947,Corporate,160.75,20,97.22213709670055
2948,Public Sector,97.05,28,20.208431497743884
2949,Corporate,156.11,33,66.1821597989107
2950,Corporate,173.3,32,23.69563625881568
2951,SME,42.74,29,93.73395631247
2952,Consumer Prepaid,22.59,26,90.35829853016418
2953,Consumer Prepaid,36.35,22,85.07306845860373
2954,Consumer Prepaid,31.09,21,96.71211782547475
2955,Consumer Prepaid,50.42,16,31.70824173929506
2956,Consumer Postpaid,22.35,26,13.675502361338754
2957,Corporate,171.49,28,86.57741223560754
2958,Consumer Postpaid,49.93,22,71.51647345384376
2959,Public Sector,111.68,21,96.88424070983915
2960,Consumer Prepaid,37.69,16,73.40042545436842
2961,Consumer Prepaid,22.13,21,80.26304216000338
2962,SME,42.64,21,44.4829257597959
2963,Consumer Prepaid,24.43,29,14.102478860033575
2964,Public Sector,130.0,30,52.31560631441117
2965,Consumer Prepaid,20.55,25,91.4188424133511
2966,Consumer Postpaid,48.52,18,9.132764436533236
2967,Consumer Prepaid,25.14,16,93.29450353241441
2968,SME,69.9,15,67.36624198934342
2969,Corporate,199.04,35,55.43640408284099
2970,SME,123.84,21,23.665537947971384
2971,Consumer Prepaid,38.87,32,64.28236882754317
2972,Consumer Prepaid,17.69,32,78.0338247625157
2973,SME,84.02,36,68.30498980295634
2974,Public Sector,58.1,25,93.36575454082717
2975,SME,65.75,30,35.252785126385135
2976,Consumer Prepaid,13.47,28,91.2602521738901
2977,SME,90.64,26,90.21173086422777
2978,SME,94.22,22,29.07048559043821
2979,Consumer Postpaid,31.48,24,80.04100633251035
2980,Consumer Postpaid,34.12,25,32.457633562936735
2981,Consumer Postpaid,53.82,20,24.34563577719976
2982,Public Sector,116.76,41,69.8902571894143
2983,Corporate,178.95,42,63.630267181905566
2984,Corporate,182.02,32,23.416868619664243
2985,Consumer Postpaid,45.29,26,33.401467075765424
2986,Corporate,114.57,31,29.443077794945438
2987,Consumer Postpaid,62.68,20,23.83924421890098
2988,Consumer Prepaid,42.73,19,71.983846135049
2989,Consumer Postpaid,61.19,26,30.52643016074359
2990,Consumer Prepaid,17.27,19,99.17863552879298
2991,Consumer Prepaid,19.62,27,45.726080459182064
2992,Consumer Prepaid,19.78,23,53.304328788858314
2993,Consumer Prepaid,28.21,27,38.14912932422273
2994,Consumer Prepaid,39.02,24,46.81020444496053
2995,SME,90.3,18,8.032310568953339
2996,SME,93.65,22,86.20508569761279
2997,SME,74.92,24,59.637983270236575
2998,Public Sector,98.03,22,79.81250480064294
2999,Consumer Postpaid,47.53,26,76.12115151654739
3000,SME,63.32,26,40.42357558394794
3001,SME,41.43,20,60.60893405565368
3002,Consumer Prepaid,28.66,28,96.5510824567933
3003,Consumer Prepaid,10.34,21,78.23830932235502
3004,Consumer Prepaid,43.89,28,38.90607096186526
3005,SME,96.67,19,55.13375426990761
3006,Consumer Prepaid,22.63,23,85.63533488135087
3007,Consumer Postpaid,25.4,23,74.61148572032363
3008,Consumer Prepaid,17.87,20,36.03984051195146
3009,Consumer Postpaid,35.5,24,23.21785501836051
3010,SME,101.13,25,80.97840267383138
3011,Consumer Prepaid,26.58,26,81.75826878493359
3012,SME,99.89,28,54.737775349974626
3013,Consumer Prepaid,31.29,25,50.592625449217046
3014,Consumer Postpaid,20.56,27,60.849108656361686
3015,Corporate,100.22,34,26.9636165216676
3016,SME,51.53,20,61.02584551902312
3017,Consumer Prepaid,16.85,27,25.669854646456525
3018,Consumer Postpaid,35.37,26,69.73257703179158
3019,SME,85.12,27,15.509360627100232
3020,Consumer Prepaid,21.49,22,22.781029067613147
3021,Corporate,177.95,23,96.6672666705293
3022,SME,119.34,19,32.456428425547635
3023,Consumer Prepaid,13.54,29,47.99564934633127
3024,Public Sector,122.49,24,75.51177893054172
3025,Consumer Prepaid,5.0,28,47.598305486054706
3026,SME,80.29,20,86.53743120928243
3027,Corporate,136.7,31,98.04488986363927
3028,SME,107.35,28,76.34178142206719
3029,SME,55.77,24,47.15870664591526
3030,Consumer Prepaid,35.0,22,23.005436774689702
3031,Consumer Prepaid,25.6,22,62.829322848155265
3032,Public Sector,120.68,23,97.57893363441147
3033,Consumer Postpaid,50.67,10,48.158905510787775
3034,Consumer Postpaid,42.04,25,93.40768492714844
3035,Consumer Postpaid,54.53,18,10.731866047401507
3036,Consumer Prepaid,28.1,24,42.31728395267549
3037,Public Sector,103.59,20,52.75259236745986
3038,Public Sector,69.84,27,38.81614479603169
3039,Consumer Prepaid,30.83,15,60.94615860107644
3040,Consumer Postpaid,25.02,22,32.56464921874532
3041,Consumer Postpaid,21.11,31,14.542285909543985
3042,Consumer Postpaid,28.08,31,14.868439235669673
3043,Corporate,137.18,29,93.16074951476611
3044,Public Sector,53.84,17,51.49878547278329
3045,Consumer Postpaid,37.82,33,27.402469403848585
3046,Public Sector,160.98,19,68.17359520656107
3047,Consumer Postpaid,31.52,30,40.08124443157497
3048,Consumer Prepaid,30.33,25,94.12216350952906
3049,SME,94.91,24,59.60985276700958
3050,Consumer Postpaid,46.06,30,55.4842190371608
3051,SME,124.62,22,90.62657925730495
3052,Public Sector,103.4,37,85.00840213306363
3053,Public Sector,107.51,34,99.34835217062495
3054,Consumer Postpaid,11.45,27,49.41004157584394
3055,Corporate,82.47,21,73.39364547332842
3056,Public Sector,129.4,25,15.39609941044262
3057,SME,82.29,26,8.845574068553653
3058,SME,87.47,25,89.88110930274216
3059,SME,80.54,17,78.76011464616444
3060,Consumer Prepaid,26.62,14,73.10357583283108
3061,Consumer Postpaid,32.76,27,26.53240700646672
3062,SME,74.57,25,64.1487470805588
3063,Consumer Prepaid,18.62,18,70.78920306979332
3064,Consumer Prepaid,31.95,28,65.81974082133667
3065,Consumer Prepaid,21.1,22,47.51471801568825
3066,Consumer Postpaid,45.09,23,36.16163412818324
3067,SME,108.28,22,56.38921128292661
3068,Public Sector,78.46,21,60.79571838100451
3069,Public Sector,99.77,28,55.56347572049698
3070,SME,85.69,24,63.9601748513116
3071,Consumer Postpaid,39.88,19,82.26534590503691
3072,Consumer Prepaid,24.7,24,10.480398953958902
3073,Public Sector,77.46,24,83.51261633432041
3074,Consumer Prepaid,38.0,27,91.89347431104973
3075,Consumer Prepaid,24.81,17,52.916310095566246
3076,Consumer Postpaid,58.0,25,71.12272814705024
3077,SME,83.57,25,8.539769213508109
3078,SME,60.48,21,77.33235527040767
3079,SME,84.6,38,85.29070877254149
3080,SME,60.79,28,28.788892937984244
3081,Corporate,133.27,30,79.65962414079083
3082,SME,76.42,17,77.45602499145873
3083,Consumer Postpaid,54.51,24,35.131554525317554
3084,Consumer Prepaid,29.07,21,60.88670946292331
3085,Corporate,121.71,35,93.08370315599105
3086,Consumer Prepaid,19.19,18,61.443365483509524
3087,Consumer Postpaid,26.84,24,43.270644924870375
3088,SME,87.5,23,30.360504708709236
3089,Consumer Postpaid,38.74,20,36.97525079730279
3090,SME,99.82,21,41.55599944371422
3091,Consumer Prepaid,37.09,26,16.332240971430856
3092,SME,61.75,29,59.53107518434501
3093,Consumer Prepaid,19.82,29,82.8744265728477
3094,Consumer Prepaid,39.03,27,1.3133373709933727
3095,Consumer Postpaid,40.76,25,1.7616507141107296
3096,Consumer Prepaid,26.63,21,63.15369097426604
3097,Consumer Prepaid,30.29,23,72.38710383147172
3098,Corporate,141.13,31,77.24077221232417
3099,Public Sector,64.0,32,26.724697507105233
3100,Corporate,143.87,23,26.918644017168724
3101,SME,78.41,26,22.986959120225436
3102,Corporate,118.35,24,43.06735714824551
3103,Consumer Prepaid,15.65,19,65.32902447594834
3104,Consumer Prepaid,32.1,19,47.16430971017236
3105,Consumer Postpaid,66.04,27,0.9582687713155624
3106,Public Sector,91.39,25,35.392767657530364
3107,Consumer Postpaid,52.23,23,99.65614195138568
3108,Consumer Postpaid,55.04,27,54.77157081792359
3109,Public Sector,87.03,22,6.204526042182956
3110,Consumer Prepaid,16.66,21,40.62748005595866
3111,Consumer Prepaid,34.68,25,26.217155174161544
3112,Consumer Postpaid,31.17,23,80.75115963051489
3113,Consumer Postpaid,28.78,24,52.64136103948782
3114,SME,90.78,28,69.42771170796391
3115,Public Sector,74.56,32,87.21104087930271
3116,Consumer Postpaid,50.46,22,38.078373459210965
3117,Corporate,149.35,39,42.81756874621504
3118,Consumer Postpaid,38.9,23,1.8555539069860405
3119,SME,68.93,29,88.20544042787685
3120,Consumer Prepaid,12.68,34,65.87776784877045
3121,Consumer Postpaid,36.57,13,85.36957139810394
3122,SME,89.5,24,12.989282629875543
3123,Corporate,168.73,36,37.18009977172879
3124,SME,102.9,25,30.667397168807607
3125,Consumer Postpaid,18.72,20,53.14674959574129
3126,Consumer Prepaid,43.02,22,75.52365311999519
3127,Consumer Prepaid,24.74,22,79.67728605698454
3128,Corporate,144.25,27,14.817773032947368
3129,Consumer Prepaid,19.36,28,19.85829782260834
3130,Consumer Postpaid,47.74,19,79.95603162422289
3131,Consumer Postpaid,51.89,19,47.93522892158333
3132,Consumer Postpaid,34.19,30,3.291079695493926
3133,Consumer Prepaid,42.18,26,72.56918489147458
3134,SME,86.82,29,40.241849425698206
3135,Consumer Postpaid,54.76,20,93.07393963624126
3136,Consumer Postpaid,50.62,19,99.07621555393796
3137,Corporate,126.14,36,88.92900220719557
3138,Consumer Prepaid,31.69,14,26.983760481787765
3139,SME,81.48,31,77.16407371953017
3140,Corporate,155.32,32,62.586610961536806
3141,SME,95.1,35,70.10671831098773
3142,SME,67.95,26,88.16479545748106
3143,Consumer Postpaid,58.37,18,93.43745403825014
3144,Consumer Prepaid,29.44,27,66.73986245608076
3145,Corporate,94.74,28,89.20255690299734
3146,Corporate,102.41,33,66.75288182241695
3147,SME,86.74,22,67.76737747680467
3148,Consumer Prepaid,35.84,23,91.17745470241428
3149,Corporate,84.9,24,11.10463872918983
3150,Public Sector,76.11,30,35.28060092659058
3151,Consumer Postpaid,37.02,35,1.6184668931891188
3152,Consumer Prepaid,25.38,25,4.172479285350327
3153,Consumer Postpaid,32.03,21,15.946009778676718
3154,Consumer Postpaid,49.1,16,51.98353671551348
3155,Consumer Prepaid,23.37,32,81.56159153470276
3156,Corporate,124.01,30,18.164323655771607
3157,SME,79.76,27,43.19334233634766
3158,Consumer Postpaid,47.67,24,74.87733218218078
3159,Corporate,141.33,37,30.930766548529764
3160,SME,88.13,21,37.3617772310308
3161,SME,101.95,26,89.71304663109365
3162,Consumer Postpaid,23.01,18,43.216725517398594
3163,SME,93.54,27,78.32357188779623
3164,SME,102.18,25,29.28128551047844
3165,SME,75.42,22,32.99300208424748
3166,Corporate,162.76,21,20.84862067427895
3167,Consumer Prepaid,18.44,32,67.06058097213455
3168,Consumer Prepaid,29.99,20,56.06429251459861
3169,SME,95.31,23,62.257849022129875
3170,Public Sector,128.9,34,32.05939070803178
3171,Consumer Postpaid,50.91,28,18.391205123282507
3172,Consumer Prepaid,42.32,25,32.61497171193616
3173,SME,61.3,26,85.26224374761169
3174,Consumer Prepaid,39.3,24,77.39805962669104
3175,SME,66.68,25,31.913951553419327
3176,Consumer Prepaid,19.11,27,16.636272431172184
3177,Consumer Prepaid,33.41,22,9.690843467781107
3178,Consumer Prepaid,8.21,26,56.065685350068186
3179,Consumer Prepaid,19.47,15,46.34035473860345
3180,Corporate,135.41,20,30.64577313504506
3181,SME,64.32,21,93.94336228961873
3182,Consumer Postpaid,20.05,29,51.425427906197505
3183,Consumer Prepaid,15.0,23,78.22290004721233
3184,SME,88.28,26,34.61285400715879
3185,Consumer Prepaid,21.07,24,55.19741952717797
3186,Consumer Prepaid,22.75,23,46.10533305271882
3187,Corporate,135.66,42,74.55679517353511
3188,SME,83.46,19,87.03275937046921
3189,Consumer Postpaid,45.86,27,28.73799152555684
3190,Consumer Postpaid,77.49,30,21.344933224460927
3191,Public Sector,88.08,32,23.903594314980616
3192,Consumer Prepaid,18.83,21,17.181617830127692
3193,Consumer Prepaid,35.8,24,43.20427135264764
3194,Consumer Postpaid,55.38,19,54.40122913631098
3195,SME,107.35,28,85.44293867817304
3196,SME,77.19,20,88.89522556906401
3197,SME,60.06,24,12.807850898487928
3198,Consumer Prepaid,28.58,26,10.518828487897169
3199,Consumer Prepaid,13.54,30,71.01716074030013
3200,SME,55.16,34,98.90392417557958
3201,Corporate,202.45,31,21.80164985319386
3202,Public Sector,123.95,29,76.2038463389075
3203,Consumer Postpaid,33.85,36,45.77493673821993
3204,Consumer Prepaid,30.16,25,35.31734622097055
3205,Corporate,157.86,30,5.064532644372632
3206,Corporate,151.15,35,61.80324841811372
3207,Consumer Postpaid,43.83,29,96.27865088280701
3208,Consumer Postpaid,46.69,16,68.65809280212878
3209,Consumer Prepaid,40.17,22,13.30866391727974
3210,Public Sector,59.23,33,76.56132840221652
3211,SME,60.47,28,15.386296945383704
3212,Public Sector,155.14,24,14.315631166407194
3213,Consumer Prepaid,11.56,23,55.90065389858901
3214,SME,74.94,19,66.13498400830629
3215,Consumer Postpaid,28.67,29,13.538204330945602
3216,Consumer Postpaid,44.97,29,10.864877913293046
3217,Consumer Postpaid,46.65,30,43.33420303683231
3218,Corporate,101.29,30,26.19098918753894
3219,SME,42.4,28,46.20598018946303
3220,Consumer Prepaid,38.83,21,45.374895393755146
3221,Corporate,150.84,31,88.92268915849871
3222,Public Sector,70.41,21,13.032411356012108
3223,SME,107.91,23,76.98580056788936
3224,Consumer Postpaid,33.58,25,41.07817429094348
3225,Consumer Postpaid,58.9,22,39.52884610696098
3226,Consumer Prepaid,24.12,22,33.17775090046472
3227,Consumer Postpaid,43.58,32,19.096889775924943
3228,Consumer Postpaid,48.48,27,22.10658650472167
3229,Consumer Postpaid,63.35,24,89.44653793150906
3230,Consumer Prepaid,15.28,27,96.31577002561022
3231,Consumer Postpaid,21.6,27,43.765236472442226
3232,Corporate,182.83,35,49.02028542056283
3233,Consumer Postpaid,70.52,33,64.38472028115469
3234,Consumer Prepaid,33.45,22,88.12127324655137
3235,SME,94.59,24,32.96948867050518
3236,Consumer Prepaid,37.34,27,70.21135501716856
3237,SME,57.9,21,70.03851331432934
3238,Consumer Prepaid,23.77,29,18.63069181742739
3239,SME,103.66,19,23.64839859227542
3240,Consumer Postpaid,57.05,33,1.1556281014185599
3241,SME,61.48,25,64.26944165480496
3242,Consumer Prepaid,12.68,26,17.111133333742966
3243,Public Sector,120.24,24,40.38871173236047
3244,SME,81.18,25,91.29854064310086
3245,Consumer Postpaid,52.72,26,48.66100436893823
3246,Public Sector,66.68,33,21.213007087061097
3247,Public Sector,110.38,25,71.40027085235114
3248,Consumer Prepaid,27.27,25,48.1131810827465
3249,Corporate,157.98,34,38.14382981490072
3250,Corporate,157.58,29,50.73435323222163
3251,Consumer Prepaid,14.24,28,62.372196927918345
3252,Corporate,187.7,33,96.11244018517174
3253,Consumer Prepaid,23.65,24,54.01074389217909
3254,SME,92.1,38,99.12664987450435
3255,Consumer Postpaid,39.01,34,79.78143225530599
3256,Consumer Prepaid,29.95,27,9.155173575124609
3257,Consumer Prepaid,28.18,18,35.698180587775774
3258,Consumer Postpaid,36.67,27,51.55199159143766
3259,Consumer Postpaid,60.41,21,74.33154936552712
3260,Consumer Postpaid,40.65,30,70.19448245745882
3261,Consumer Prepaid,9.29,23,69.96947009573651
3262,Public Sector,71.32,34,71.32817223822362
3263,Consumer Postpaid,43.09,24,86.1966756157108
3264,SME,76.32,33,88.90360441332015
3265,Consumer Postpaid,51.32,22,32.88606325306772
3266,SME,75.49,31,36.422788114621106
3267,Consumer Prepaid,7.07,18,21.74168342552567
3268,Consumer Prepaid,29.68,20,65.96659316907483
3269,Consumer Prepaid,20.91,21,78.77087308864188
3270,SME,49.41,22,84.36380128457944
3271,Consumer Postpaid,55.45,25,74.57821580012718
3272,Consumer Prepaid,32.95,28,82.2144879570373
3273,Consumer Postpaid,52.65,26,93.4896448517574
3274,Public Sector,108.04,28,77.72285200016577
3275,SME,114.51,29,42.231387785603225
3276,Consumer Prepaid,32.26,20,81.55424374190073
3277,SME,79.72,16,12.597786081916828
3278,Consumer Prepaid,17.18,21,89.86118076342223
3279,SME,109.97,26,53.539752742547684
3280,Consumer Prepaid,33.6,31,90.61375875672343
3281,Consumer Prepaid,30.67,25,86.96169984498692
3282,SME,77.4,14,45.14588460004906
3283,Consumer Postpaid,36.89,23,57.93636173265473
3284,Consumer Prepaid,29.51,18,18.650058340480392
3285,Consumer Prepaid,21.1,22,9.01032797172283
3286,Corporate,148.47,37,99.07324363757766
3287,Consumer Prepaid,42.51,21,71.660627556505
3288,Consumer Postpaid,26.49,16,46.33259391166933
3289,Consumer Postpaid,17.19,26,57.782150627161386
3290,Consumer Prepaid,28.92,24,49.10384698381226
3291,Public Sector,91.71,28,78.00609232181682
3292,Consumer Postpaid,44.8,20,56.37022194181917
3293,Public Sector,134.21,29,81.29529836472061
3294,Consumer Postpaid,60.23,15,4.664145092581107
3295,Consumer Prepaid,37.97,24,61.68498512759222
3296,Consumer Postpaid,33.12,32,70.89751459393389
3297,Consumer Prepaid,32.97,32,44.75006976174512
3298,SME,98.82,16,94.21466030661954
3299,Consumer Postpaid,54.15,27,90.16691456322934
3300,Consumer Postpaid,69.61,29,85.0930827433241
3301,SME,87.72,19,17.029558425203373
3302,Consumer Prepaid,15.75,19,48.156096777734604
3303,Consumer Postpaid,57.15,27,88.11700884741744
3304,SME,57.93,27,0.06116351555870425
3305,Corporate,145.88,27,65.21108572187282
3306,Corporate,153.53,22,9.722441792642478
3307,Consumer Postpaid,62.8,14,25.937999522118062
3308,Consumer Postpaid,46.38,29,20.4653529646327
3309,Consumer Prepaid,26.11,23,68.22871217636975
3310,Consumer Prepaid,23.2,18,72.12682934854172
3311,Consumer Postpaid,38.51,17,89.64374357187366
3312,Consumer Postpaid,23.22,33,67.71449373291631
3313,Consumer Prepaid,15.45,21,40.06550017730317
3314,SME,86.1,25,2.5440901132439353
3315,SME,59.92,24,13.70110286884284
3316,Consumer Prepaid,19.67,23,31.75581396196847
3317,Consumer Prepaid,24.75,15,91.61108438696377
3318,SME,93.8,23,18.828034889732205
3319,Consumer Prepaid,21.36,17,44.58217820716792
3320,Consumer Prepaid,12.33,23,64.44780259798834
3321,Public Sector,100.54,33,82.88625731675518
3322,Public Sector,129.51,31,89.52948141563388
3323,SME,72.27,20,26.498077291688304
3324,SME,86.39,26,65.60145795915064
3325,Public Sector,108.14,26,28.700017907896992
3326,Consumer Postpaid,27.95,26,38.37153495003267
3327,Consumer Postpaid,22.24,23,18.004989996678546
3328,Consumer Postpaid,25.52,30,3.273434060421865
3329,Consumer Prepaid,31.99,21,63.8048201147011
3330,Consumer Postpaid,47.34,26,61.791825683799104
3331,Consumer Prepaid,34.72,25,18.923531094927004
3332,Consumer Prepaid,36.52,31,92.28731744878907
3333,Consumer Postpaid,36.07,20,19.75973848410795
3334,Consumer Prepaid,28.29,20,45.536773350356356
3335,Consumer Postpaid,48.42,28,38.351509451030495
3336,Consumer Prepaid,22.15,32,45.62958831277989
3337,Consumer Prepaid,28.94,25,27.178050119119725
3338,Corporate,81.51,30,67.70406851477173
3339,SME,80.55,20,97.93758196664545
3340,Consumer Prepaid,28.22,21,17.02146348820048
3341,Consumer Prepaid,33.62,35,74.59169379985563
3342,SME,72.3,20,12.955373776049562
3343,Corporate,189.17,22,99.19563708031521
3344,SME,50.56,37,16.45628766198204
3345,Consumer Postpaid,25.32,28,18.63652309305173
3346,Consumer Prepaid,24.78,25,48.18908860574845
3347,Consumer Postpaid,48.12,26,40.719284968585356
3348,Consumer Prepaid,29.86,23,35.7066138753306
3349,Corporate,142.41,36,75.1705960179315
3350,SME,60.42,28,99.13792184482956
3351,Consumer Prepaid,19.56,23,56.000436407725886
3352,Consumer Prepaid,11.03,23,96.54909384377848
3353,Consumer Postpaid,65.91,28,23.71943511339355
3354,Corporate,176.6,33,99.65567392347492
3355,Corporate,149.77,30,83.94033438945056
3356,SME,56.0,20,55.14044749059006
3357,Consumer Prepaid,36.98,25,33.75488131003252
3358,Consumer Postpaid,50.28,40,98.5666023024507
3359,Public Sector,99.81,43,2.629444066838671
3360,Consumer Prepaid,26.62,34,54.599413542297505
3361,Consumer Prepaid,20.15,30,90.21064657183129
3362,SME,74.97,26,48.426042944661276
3363,Corporate,184.34,34,65.01635325176437
3364,Consumer Prepaid,30.49,25,99.72350715875868
3365,Consumer Prepaid,36.97,31,8.815464425229912
3366,Consumer Prepaid,21.22,30,69.8615306011121
3367,Consumer Prepaid,29.51,21,74.25701107424561
3368,Consumer Prepaid,23.82,27,53.47868754331151
3369,SME,46.89,28,1.2727281689920544
3370,Corporate,168.87,29,88.27368389822446
3371,Consumer Postpaid,5.18,23,78.8144013967911
3372,Consumer Prepaid,27.41,25,76.9061473381171
3373,Consumer Postpaid,66.17,24,71.29057903648376
3374,SME,63.85,20,29.179464672372525
3375,Consumer Postpaid,57.31,22,42.253335488497676
3376,Consumer Prepaid,6.04,32,68.13655755805597
3377,Public Sector,126.26,21,45.70252804809394
3378,Consumer Prepaid,26.08,23,66.97987277746154
3379,Public Sector,93.67,28,77.48097208422537
3380,Consumer Postpaid,35.89,31,58.11085216985054
3381,Consumer Prepaid,17.96,23,52.1784766714886
3382,Consumer Prepaid,17.58,20,62.325897569279945
3383,Consumer Postpaid,63.19,20,2.4414314822222116
3384,Consumer Prepaid,5.0,16,77.29335403597555
3385,SME,100.98,21,39.923916966917915
3386,Consumer Postpaid,49.95,23,97.54904983310557
3387,Consumer Prepaid,12.17,15,4.485833618538582
3388,Consumer Prepaid,13.7,30,12.369183206737922
3389,SME,80.93,21,24.230568366642135
3390,Corporate,110.14,38,65.65330699030018
3391,Consumer Prepaid,44.85,22,0.09989922669426665
3392,Corporate,120.54,32,26.92845198087094
3393,Public Sector,142.63,32,0.967253884691921
3394,Consumer Prepaid,33.45,26,68.53387819213562
3395,Consumer Postpaid,65.03,28,29.146702409733706
3396,Public Sector,80.58,30,21.430826216183164
3397,Consumer Prepaid,5.0,28,21.906682185959948
3398,Public Sector,149.33,30,19.303616221432108
3399,Public Sector,111.24,27,75.51685922953277
3400,Consumer Postpaid,26.41,23,49.553901285420125
3401,SME,81.86,22,11.865584470938995
3402,Consumer Prepaid,23.36,19,89.19699127756054
3403,Consumer Postpaid,38.86,25,97.79579469545045
3404,Corporate,156.6,28,19.303874129377753
3405,Consumer Postpaid,41.78,20,49.00906912143614
3406,SME,67.99,24,73.53676497325267
3407,Corporate,154.7,33,15.574975979894434
3408,Consumer Prepaid,33.78,15,47.350858774106456
3409,Public Sector,141.38,32,5.850715144943641
3410,Consumer Postpaid,37.43,22,38.19324558691864
3411,SME,68.38,15,37.083408459398946
3412,SME,82.55,19,28.882778003107788
3413,SME,92.38,24,80.94440438786346
3414,Consumer Prepaid,31.7,21,67.42101603876478
3415,SME,60.12,24,58.88248932482932
3416,Consumer Prepaid,42.96,18,22.722069409991054
3417,Consumer Prepaid,25.76,24,95.15481136767396
3418,Consumer Prepaid,34.75,29,14.616535381183727
3419,Consumer Prepaid,44.48,20,68.46716274158618
3420,Consumer Postpaid,42.3,15,38.0668263803919
3421,SME,71.71,17,85.21479838520092
3422,Corporate,218.25,32,59.76821280278075
3423,Consumer Prepaid,42.56,24,95.35568067200984
3424,Corporate,130.71,25,92.32393837281877
3425,Consumer Prepaid,5.0,23,38.06461466974574
3426,Consumer Prepaid,27.15,15,40.914542187403725
3427,SME,91.41,27,60.05576560606293
3428,SME,56.93,23,61.915155157432736
3429,Public Sector,52.01,28,55.316327967139
3430,Consumer Prepaid,12.03,17,0.33839865739774266
3431,Consumer Postpaid,47.9,21,43.663132089416024
3432,Consumer Prepaid,10.6,27,5.307278217136712
3433,SME,79.63,23,43.70240760986729
3434,Consumer Postpaid,76.51,24,69.1902314083621
3435,SME,54.66,22,45.33535379141953
3436,Corporate,96.21,22,57.91251852038592
3437,Public Sector,65.59,29,31.517869551588895
3438,SME,72.12,21,37.15412244495886
3439,Consumer Postpaid,48.5,22,92.69406231201087
3440,Consumer Prepaid,21.44,24,51.85181326097129
3441,Consumer Prepaid,17.29,26,1.7634829052346368
3442,Consumer Postpaid,48.49,25,7.228623255031685
3443,Corporate,122.8,29,6.040186879292698
3444,SME,85.26,29,20.296941416418335
3445,Corporate,163.22,19,59.712437717754916
3446,Consumer Prepaid,23.45,28,1.8109437287955554
3447,SME,51.8,21,31.650213991029077
3448,SME,79.21,33,80.55842491436275
3449,Consumer Postpaid,54.43,24,67.2434401962343
3450,Consumer Prepaid,23.52,20,97.13962669894983
3451,Consumer Prepaid,25.4,22,88.8551382703368
3452,Public Sector,68.93,30,85.90383695462995
3453,SME,62.51,20,52.98630908366776
3454,Consumer Prepaid,9.24,29,84.25270512876104
3455,Public Sector,124.67,39,99.45655682085767
3456,SME,98.25,27,54.57774854056105
3457,SME,109.75,16,43.40000165954771
3458,Consumer Prepaid,33.73,19,36.63833922565851
3459,Consumer Postpaid,56.69,19,52.972494680866745
3460,Public Sector,122.38,33,85.08126664701223
3461,Consumer Prepaid,16.36,21,10.656288374105172
3462,Consumer Prepaid,34.22,14,43.20045888091539
3463,Consumer Prepaid,32.09,28,10.244211623265343
3464,SME,87.92,22,84.24664072126257
3465,Consumer Prepaid,29.21,32,35.48014192813734
3466,Consumer Postpaid,40.2,28,59.334365718847174
3467,Public Sector,110.18,41,75.42018658853506
3468,Consumer Prepaid,22.63,20,81.21045388640898
3469,Consumer Postpaid,50.34,29,53.66209028549586
3470,Consumer Prepaid,25.56,18,46.35015661671852
3471,Consumer Postpaid,46.82,25,99.64888661768204
3472,SME,90.57,31,50.21280957856249
3473,Consumer Postpaid,54.06,32,8.63182734861645
3474,SME,60.5,20,69.57583379921807
3475,Consumer Prepaid,27.1,30,86.85756320374539
3476,Consumer Prepaid,38.24,20,44.20830171893492
3477,Corporate,185.51,26,89.55617303268775
3478,Consumer Postpaid,43.35,29,94.88008296776354
3479,Consumer Postpaid,40.65,24,87.70386290433045
3480,Consumer Prepaid,26.83,21,17.226481435578822
3481,SME,69.59,26,73.85710386348939
3482,Public Sector,73.23,21,23.034415563211454
3483,Consumer Postpaid,28.04,31,97.2182968187041
3484,Consumer Postpaid,25.66,20,31.983592329196707
3485,Consumer Prepaid,28.59,22,2.2139162942145907
3486,Consumer Prepaid,45.14,17,11.249795781388539
3487,SME,66.39,29,23.576151286357305
3488,Corporate,144.53,16,75.2046927805861
3489,SME,73.93,30,19.571341492826523
3490,Consumer Postpaid,42.81,32,76.58040880308877
3491,Consumer Postpaid,68.53,38,14.364736507211962
3492,Corporate,135.63,31,57.32595702642831
3493,SME,45.76,26,59.45984539489779
3494,Consumer Postpaid,35.91,18,69.09178219410327
3495,SME,54.68,23,41.285927061707284
3496,SME,79.5,24,79.61505080230744
3497,Consumer Prepaid,10.39,15,49.95621559349236
3498,SME,82.5,28,40.9558732916755
3499,SME,44.85,13,28.814524861152822
3500,SME,114.48,29,45.841383179219775
3501,Public Sector,99.93,32,58.794223838826454
3502,Consumer Prepaid,37.86,23,35.73486916645925
3503,SME,122.31,19,7.065879267438624
3504,Consumer Prepaid,36.06,26,4.984687411445432
3505,Corporate,137.87,19,17.801594722152625
3506,SME,76.49,21,17.38459978231528
3507,Consumer Postpaid,61.07,25,22.852514770674436
3508,Consumer Postpaid,64.89,31,5.588826825307525
3509,Consumer Prepaid,11.45,19,61.35980687694115
3510,Consumer Prepaid,32.5,21,94.57384219894527
3511,SME,68.33,20,80.71328287116737
3512,Consumer Postpaid,63.6,15,14.958970291336183
3513,Consumer Postpaid,54.42,20,22.291886168584053
3514,SME,85.17,12,60.814294238315
3515,SME,57.12,29,10.546563000941944
3516,SME,109.52,35,39.13513387005799
3517,Consumer Postpaid,58.91,26,19.21428486965544
3518,Consumer Prepaid,17.93,13,34.54436094605141
3519,Corporate,189.52,28,97.62716004370398
3520,Consumer Prepaid,18.09,30,81.72942615886548
3521,SME,50.88,15,99.03260945268656
3522,SME,71.86,21,76.89840001764065
3523,Consumer Prepaid,14.55,28,24.267135033180452
3524,Consumer Postpaid,30.05,20,38.696107951773726
3525,Corporate,184.32,26,61.54884193426575
3526,Consumer Prepaid,20.82,35,50.78200146908023
3527,Corporate,152.03,38,11.322579225121753
3528,Consumer Postpaid,61.69,22,32.80792178971665
3529,Consumer Postpaid,50.27,20,33.58982701170071
3530,Corporate,186.35,37,22.68470955010564
3531,Consumer Prepaid,19.94,29,81.39161065660845
3532,Consumer Postpaid,21.7,32,15.667213434751803
3533,SME,103.1,16,29.32946532088222
3534,SME,82.56,27,21.541070526214025
3535,Consumer Postpaid,37.54,20,94.91321529166645
3536,Consumer Postpaid,59.09,27,98.49042491349125
3537,SME,31.91,31,28.576890021990188
3538,Consumer Prepaid,25.16,28,60.90661692544983
3539,Consumer Prepaid,37.2,22,34.879058853202096
3540,SME,93.89,21,6.297790798663305
3541,Corporate,90.85,29,35.02151301315095
3542,Consumer Prepaid,36.77,25,85.66938033265644
3543,Consumer Postpaid,40.65,21,98.96928677865222
3544,Consumer Prepaid,37.3,24,37.50589441131063
3545,Consumer Prepaid,38.65,23,55.67894769188466
3546,Consumer Postpaid,39.08,30,82.1671264368016
3547,Consumer Postpaid,28.93,22,23.081173135994916
3548,Public Sector,73.93,30,4.64043585791547
3549,Consumer Prepaid,15.05,23,62.30710334025191
3550,SME,76.68,22,70.92620937795002
3551,Consumer Postpaid,56.9,25,41.70352245131708
3552,Consumer Prepaid,23.61,27,50.134288042477934
3553,SME,92.32,21,80.84022997975612
3554,Consumer Postpaid,35.83,24,4.201859126635965
3555,Consumer Prepaid,16.68,30,60.95015963905811
3556,Consumer Prepaid,5.0,29,5.31495921729479
3557,Consumer Prepaid,15.81,26,67.66583044949846
3558,Consumer Prepaid,15.19,18,92.18958025766426
3559,Corporate,152.28,32,62.28189228581973
3560,Consumer Prepaid,27.37,25,44.253721577729344
3561,Consumer Postpaid,39.91,17,89.12929267033972
3562,Consumer Postpaid,31.54,18,11.586799419138583
3563,Consumer Prepaid,24.13,29,60.63453054846117
3564,Consumer Prepaid,18.72,22,8.785618432651454
3565,Corporate,187.57,26,75.16048683231428
3566,SME,78.79,16,59.55042152861027
3567,SME,78.01,21,48.846948224993525
3568,Consumer Prepaid,29.82,24,71.25442652865932
3569,SME,69.45,20,65.72131996684672
3570,Public Sector,85.88,31,40.992793335107244
3571,Consumer Prepaid,6.37,28,76.55882376436816
3572,Corporate,149.14,29,58.2009280881913
3573,Consumer Postpaid,39.68,26,33.34180014460165
3574,Consumer Prepaid,11.34,28,6.2672134701965865
3575,Public Sector,101.57,33,3.4285135593203786
3576,Corporate,139.99,38,48.20831988871461
3577,Consumer Prepaid,5.0,28,68.35808333247098
3578,Consumer Prepaid,38.9,18,4.552549979974351
3579,Consumer Postpaid,52.19,25,33.96453230720148
3580,Consumer Postpaid,64.15,21,16.16403356707743
3581,Consumer Prepaid,31.16,26,67.27907094660301
3582,Consumer Postpaid,47.01,27,22.473164417169798
3583,Consumer Prepaid,22.41,31,37.44668891305534
3584,Corporate,105.04,29,86.08012033322129
3585,Consumer Postpaid,36.31,19,49.483906781987486
3586,Public Sector,106.35,26,68.93408646762126
3587,Consumer Postpaid,48.73,26,50.06666402227188
3588,Corporate,141.99,31,12.0326657397535
3589,Consumer Prepaid,24.51,24,88.41040229482111
3590,SME,87.5,27,2.908761858897435
3591,Public Sector,121.87,30,39.1218165041421
3592,Public Sector,111.72,26,9.321147077486957
3593,Consumer Prepaid,20.49,17,83.7815590810113
3594,Consumer Prepaid,23.5,21,69.56277454030247
3595,SME,54.36,19,81.11178727406951
3596,Consumer Prepaid,39.79,24,16.810686120613372
3597,SME,50.4,23,37.67677402044116
3598,Consumer Prepaid,26.99,22,28.71442707681314
3599,Corporate,138.46,21,3.966130497427045
3600,Consumer Prepaid,14.9,22,54.36963584751419
3601,Consumer Prepaid,37.62,21,54.56411265935651
3602,Consumer Prepaid,57.3,22,66.3317843674481
3603,Public Sector,122.15,26,90.62752395893533
3604,SME,85.88,23,90.05154924631367
3605,Consumer Postpaid,38.7,24,74.37626742528903
3606,Consumer Prepaid,9.03,23,46.757036161329694
3607,Corporate,160.17,24,87.24265429904186
3608,SME,77.66,24,44.9138537144465
3609,Consumer Prepaid,5.0,25,95.68260377492805
3610,SME,113.97,19,47.079941493580804
3611,Corporate,97.23,33,16.213194527517018
3612,Consumer Postpaid,52.61,25,8.697875106421115
3613,Consumer Postpaid,34.21,29,13.678334392051939
3614,Consumer Prepaid,37.98,17,11.5562796473336
3615,Corporate,203.6,39,5.759182874984859
3616,Consumer Prepaid,21.09,28,13.321859404012326
3617,Consumer Postpaid,34.83,30,78.21950850680739
3618,SME,93.54,21,78.23657951511596
3619,Public Sector,136.09,30,89.04164741550379
3620,Consumer Prepaid,14.74,21,17.829326163655235
3621,Corporate,140.22,34,55.865301193000946
3622,Consumer Prepaid,46.75,22,68.9688680662291
3623,Consumer Postpaid,40.41,24,30.26056209087038
3624,Public Sector,52.86,25,99.34167051071289
3625,Corporate,157.73,32,40.55962104358064
3626,Consumer Prepaid,25.19,22,58.42629272727936
3627,Consumer Prepaid,21.28,20,22.43026268249746
3628,Consumer Prepaid,31.91,26,96.94585668207077
3629,Corporate,159.19,28,68.8601876316111
3630,Consumer Prepaid,5.0,23,95.93351682839186
3631,Consumer Prepaid,46.29,25,59.58348969007224
3632,Consumer Prepaid,26.46,20,62.840749643855354
3633,SME,100.74,22,67.16655498036951
3634,Consumer Prepaid,25.04,32,24.41401186949991
3635,Corporate,143.43,29,14.74839747372675
3636,Consumer Postpaid,40.34,33,65.28283982220019
3637,Consumer Postpaid,50.06,26,71.97258356007086
3638,Consumer Postpaid,35.65,20,69.66664676636618
3639,Consumer Prepaid,30.47,31,3.830722199145098
3640,Consumer Prepaid,22.7,21,58.41946353345618
3641,SME,74.37,18,64.09643959973319
3642,Corporate,126.26,33,66.58565440578772
3643,SME,69.32,26,97.06208456868457
3644,SME,68.15,34,33.37747922695657
3645,Corporate,173.92,26,48.28751219726897
3646,SME,80.28,27,90.96769219050846
3647,Consumer Prepaid,16.95,31,25.891761793138237
3648,Public Sector,93.5,34,76.93245039036807
3649,Corporate,209.08,29,3.4097861666753215
3650,SME,91.04,18,31.366090917566858
3651,Consumer Postpaid,66.99,24,7.350827680267525
3652,Consumer Prepaid,21.17,15,15.655067492785568
3653,SME,103.65,15,30.002640546489566
3654,SME,72.66,27,94.38047089917396
3655,Consumer Prepaid,27.08,20,81.82380281919299
3656,Consumer Postpaid,72.42,25,68.98516287463015
3657,Consumer Prepaid,20.68,19,20.37032916565763
3658,SME,90.52,20,57.847092301372406
3659,Public Sector,84.94,24,46.64470897588912
3660,Consumer Postpaid,65.7,25,31.98202868008465
3661,Consumer Postpaid,18.3,22,58.018776330453235
3662,SME,75.24,22,61.161788275416306
3663,Consumer Prepaid,24.44,26,43.6736677794641
3664,Corporate,147.19,34,92.4805479191647
3665,Consumer Prepaid,24.0,26,19.448223073046034
3666,Consumer Prepaid,35.85,23,0.9993774858570781
3667,SME,79.32,26,5.8479263615911385
3668,Consumer Postpaid,34.58,25,13.509455659530978
3669,SME,55.1,24,1.5587584775363927
3670,SME,81.59,15,15.065448866063381
3671,Consumer Postpaid,35.49,26,23.433179196600797
3672,Consumer Postpaid,58.18,30,79.34560647157531
3673,Consumer Prepaid,24.65,26,17.60877582692022
3674,Public Sector,92.91,31,2.052251171251529
3675,SME,117.87,27,77.38986689668229
3676,Public Sector,134.22,25,92.84686523951568
3677,SME,58.46,24,70.01295624559528
3678,Public Sector,117.65,14,7.795006943091876
3679,SME,86.57,21,21.56631598174139
3680,Corporate,120.74,30,17.087043383847544
3681,Public Sector,82.16,26,83.99039545565657
3682,Consumer Prepaid,41.55,21,16.090528396350035
3683,Consumer Postpaid,42.18,22,56.16933748514747
3684,Corporate,162.9,33,8.680457371463524
3685,Consumer Prepaid,35.38,25,9.051989794921322
3686,SME,85.37,27,2.819031549653628
3687,Consumer Postpaid,70.09,29,11.088060859848504
3688,SME,93.43,30,75.07881764540006
3689,Corporate,115.87,41,12.98055586658794
3690,Consumer Prepaid,33.13,26,9.44838751789636
3691,SME,92.92,19,1.0722802894385097
3692,Consumer Prepaid,33.58,22,39.03943730694043
3693,Consumer Prepaid,24.84,19,16.33814564645505
3694,SME,35.82,24,9.235645823926209
3695,Consumer Postpaid,46.31,22,87.68730434938226
3696,Consumer Postpaid,18.3,27,71.25410555436152
3697,Public Sector,96.76,23,59.04372807789149
3698,SME,144.32,25,20.8332857488536
3699,Consumer Prepaid,32.75,30,91.20680598883183
3700,SME,110.9,22,25.69836624874825
3701,Public Sector,72.58,23,27.564423024227736
3702,Consumer Prepaid,12.77,23,41.13407904150217
3703,Consumer Postpaid,52.07,29,79.96788032748141
3704,Consumer Prepaid,29.64,29,87.49702044778621
3705,Public Sector,138.32,33,16.712486151879936
3706,SME,110.04,22,31.487772591774977
3707,Consumer Postpaid,52.46,32,90.56796353769808
3708,Consumer Postpaid,45.49,20,66.23155244421267
3709,Consumer Postpaid,64.28,24,63.253376880443966
3710,Consumer Postpaid,61.47,25,63.98435062778967
3711,Corporate,109.49,24,14.900854341165115
3712,SME,85.07,23,87.49499914902802
3713,Consumer Postpaid,27.06,21,33.7041688488145
3714,Consumer Postpaid,25.58,28,29.445689275411713
3715,Consumer Postpaid,46.59,26,74.5220126691518
3716,SME,64.07,33,75.13742653580107
3717,Consumer Prepaid,41.65,22,0.43706447860122344
3718,Consumer Postpaid,76.43,19,4.306742630609717
3719,Corporate,159.64,22,1.4367359183389605
3720,Corporate,159.79,32,73.0591433096617
3721,Consumer Prepaid,6.58,22,32.52382321067103
3722,SME,85.06,28,36.105969827819514
3723,Consumer Prepaid,39.43,19,60.74287609211508
3724,Consumer Prepaid,27.13,28,21.10230763388403
3725,Consumer Postpaid,56.42,31,35.92637747255976
3726,Consumer Prepaid,23.38,20,80.49786047345435
3727,Consumer Prepaid,23.91,15,51.83582663019336
3728,Consumer Postpaid,24.38,21,9.04862918495527
3729,Corporate,176.95,33,83.15362865093536
3730,SME,74.18,10,63.562805583569514
3731,SME,97.13,26,57.50857058923729
3732,Consumer Prepaid,34.59,32,36.65617198714902
3733,SME,72.16,15,96.48645994052997
3734,Consumer Postpaid,44.1,24,25.669067386606315
3735,Consumer Prepaid,21.17,19,71.77278672546026
3736,Corporate,98.79,39,5.2774582599281805
3737,SME,86.42,28,95.18838057611306
3738,SME,65.24,27,92.47686864359017
3739,Consumer Prepaid,22.16,27,36.53195631648434
3740,Consumer Prepaid,31.13,29,37.225864189475224
3741,SME,51.63,18,86.3007881499201
3742,Consumer Prepaid,24.16,17,7.998595794069663
3743,SME,71.06,18,91.87645436942262
3744,Consumer Prepaid,37.7,30,3.905617881643908
3745,Consumer Postpaid,53.69,24,12.03647617802297
3746,Corporate,174.38,35,81.78877421287493
3747,Consumer Postpaid,54.77,22,25.74653325319257
3748,Consumer Postpaid,73.24,21,32.186185638990615
3749,Corporate,191.83,23,11.485606933517655
3750,Consumer Prepaid,18.31,26,21.33719073548622
3751,Consumer Postpaid,41.88,26,42.999254002430675
3752,Consumer Postpaid,48.48,26,56.25810537646628
3753,Consumer Prepaid,25.11,26,18.348320436002307
3754,SME,79.21,14,55.40170191076188
3755,SME,88.05,15,83.75995675057702
3756,Consumer Postpaid,54.74,29,39.76498583230128
3757,SME,86.75,21,4.646147722190963
3758,Consumer Prepaid,29.17,24,19.4001814415213
3759,Corporate,207.92,23,86.79797724397476
3760,Consumer Postpaid,60.39,27,10.53934739508633
3761,Consumer Prepaid,10.73,24,98.39735581823739
3762,Corporate,165.86,32,67.06377463264455
3763,SME,94.05,16,0.9923207163087922
3764,Public Sector,80.89,33,34.167403995128296
3765,Consumer Prepaid,14.3,22,60.462477220225374
3766,SME,93.17,25,89.09172805649031
3767,Consumer Prepaid,40.23,29,1.2936892275355993
3768,Consumer Prepaid,23.14,22,96.26521402274274
3769,SME,88.15,28,37.888156940195536
3770,Consumer Prepaid,23.07,31,86.08416030974757
3771,Consumer Prepaid,37.51,21,86.4999612606053
3772,SME,67.54,22,4.695403923240149
3773,SME,66.66,24,52.05701068698809
3774,Consumer Postpaid,31.28,21,76.8481229287306
3775,Consumer Postpaid,78.37,32,4.545922559038451
3776,Corporate,152.69,28,65.75548758333389
3777,Consumer Prepaid,17.14,25,98.40595723854112
3778,Consumer Prepaid,9.35,23,26.062651333707564
3779,Consumer Prepaid,40.83,19,1.6616226727160566
3780,Corporate,161.26,34,36.48676093204113
3781,Public Sector,114.46,26,97.81568756368222
3782,Public Sector,40.41,33,49.44322008289883
3783,Consumer Postpaid,40.88,24,2.2093747104774852
3784,Consumer Postpaid,44.57,34,55.81427284406553
3785,Consumer Postpaid,72.41,23,12.161211495720103
3786,Consumer Prepaid,28.44,24,92.69735707917681
3787,SME,114.89,23,88.68098656594017
3788,Consumer Prepaid,9.75,17,31.400037561212667
3789,Consumer Prepaid,18.02,25,59.500977751840104
3790,Public Sector,71.53,40,79.53783113303597
3791,Consumer Postpaid,42.55,21,66.10837672688547
3792,SME,73.0,20,30.83817068597352
3793,Consumer Postpaid,19.55,24,82.83262460927457
3794,Consumer Postpaid,23.36,21,85.44204093813946
3795,Consumer Postpaid,38.27,24,2.9190840494468073
3796,SME,83.41,21,89.60825606325922
3797,Consumer Prepaid,26.15,17,60.94668031064728
3798,Consumer Postpaid,71.75,33,99.05151154502126
3799,Consumer Postpaid,43.83,19,69.31321751936011
3800,Consumer Postpaid,29.73,16,8.14542147344004
3801,SME,82.17,25,62.727664059651424
3802,Consumer Prepaid,13.23,23,70.02844320692974
3803,Corporate,162.1,33,4.147986289445238
3804,Consumer Prepaid,34.0,16,21.544398711178914
3805,Corporate,204.91,31,24.316757352572903
3806,Consumer Prepaid,19.92,29,25.353866251917534
3807,Corporate,153.86,28,92.74612802434268
3808,SME,74.25,23,80.63509758054337
3809,Consumer Postpaid,47.93,21,90.27510149740777
3810,Consumer Postpaid,39.33,21,88.59023776825637
3811,Consumer Prepaid,35.68,19,8.928589891793582
3812,SME,95.03,30,81.64602534328347
3813,SME,106.38,25,66.46594135390987
3814,Consumer Postpaid,29.08,30,90.77599912404726
3815,Consumer Postpaid,62.42,23,63.042646471365714
3816,Corporate,181.77,32,60.78541511077914
3817,Public Sector,95.53,22,42.05485991200517
3818,Consumer Postpaid,48.47,25,92.06138979503481
3819,Corporate,113.41,32,38.22970149609623
3820,Consumer Postpaid,14.95,22,45.81383629241397
3821,SME,96.64,22,0.6516315691875274
3822,Consumer Postpaid,55.83,29,47.40631241545077
3823,SME,82.83,27,3.7485947125340258
3824,Consumer Postpaid,58.0,25,43.81047896475763
3825,Public Sector,123.18,27,80.25020338654403
3826,Consumer Prepaid,16.35,16,52.879461180374875
3827,SME,113.88,27,16.15239222992613
3828,Consumer Postpaid,57.85,25,63.53995574791122
3829,SME,112.87,18,16.283214582946282
3830,Corporate,134.65,24,91.5956595465678
3831,Consumer Postpaid,34.79,32,58.698548300678944
3832,Consumer Postpaid,31.29,22,68.61915004846021
3833,SME,97.6,18,86.03533475036956
3834,Consumer Prepaid,18.15,21,44.633402572063794
3835,Corporate,172.44,31,32.56145071274624
3836,Consumer Prepaid,21.91,26,91.05160099320064
3837,Consumer Postpaid,5.34,29,26.934199974975492
3838,Corporate,161.23,30,61.082220716392655
3839,SME,74.45,27,37.53078420284921
3840,Consumer Prepaid,27.32,24,17.143314117818832
3841,Consumer Postpaid,43.5,28,8.152473092858624
3842,Consumer Prepaid,32.45,37,39.785801823725606
3843,Corporate,145.09,27,30.769224365307313
3844,Consumer Prepaid,16.87,19,91.93948412086785
3845,Consumer Postpaid,32.55,22,60.149295297494135
3846,SME,70.16,23,71.6549068023292
3847,Public Sector,137.71,30,69.80753687315865
3848,Consumer Postpaid,34.07,17,52.19158706823186
3849,Consumer Prepaid,13.76,24,48.9272519976084
3850,Consumer Prepaid,22.04,26,4.749422468232223
3851,Corporate,86.7,27,43.315821934719736
3852,Public Sector,92.93,32,18.49996975019794
3853,Consumer Prepaid,16.33,26,38.73584897079607
3854,SME,64.81,21,8.18239228459683
3855,Consumer Prepaid,29.65,14,27.858517284706565
3856,Consumer Postpaid,59.82,24,31.451237037261315
3857,Consumer Prepaid,30.44,34,73.9908711588883
3858,SME,86.94,34,74.21790382951563
3859,Consumer Prepaid,10.58,22,11.740406236359991
3860,Consumer Postpaid,64.04,22,89.44786247667759
3861,Consumer Prepaid,33.25,32,17.614113387417664
3862,Corporate,158.62,32,8.503245350193723
3863,Consumer Postpaid,49.09,27,4.801186560919268
3864,SME,84.85,22,76.2667816387642
3865,Corporate,115.28,30,81.31846701995957
3866,Consumer Postpaid,49.48,25,93.34114295517512
3867,Public Sector,56.71,27,41.583405026802964
3868,Corporate,168.5,28,84.01762978230039
3869,Corporate,171.42,27,84.24542043725145
3870,Consumer Postpaid,51.71,17,15.92423940098927
3871,SME,61.61,30,79.29855833149475
3872,Consumer Postpaid,54.82,27,34.714059709477596
3873,Corporate,123.65,31,51.40524552935476
3874,Public Sector,148.19,24,43.497137583170066
3875,SME,77.12,26,56.50515862904033
3876,SME,51.24,24,90.00968114631178
3877,Corporate,140.31,36,39.452259453626205
3878,Consumer Postpaid,26.8,26,2.2948429439944684
3879,Consumer Prepaid,7.82,28,91.74652255548038
3880,Corporate,135.84,37,10.69999714835993
3881,Consumer Postpaid,58.52,28,46.59817820381513
3882,SME,44.73,25,91.99021256598975
3883,Consumer Postpaid,52.84,31,44.004146765420224
3884,Consumer Prepaid,21.48,38,19.093678435076555
3885,SME,9.18,18,41.16611051699864
3886,Corporate,193.4,31,4.676001381116624
3887,Consumer Postpaid,33.46,20,55.352896211613356
3888,Consumer Prepaid,14.74,24,8.119459082032431
3889,Corporate,167.65,31,51.52796241120854
3890,Consumer Prepaid,26.02,34,9.162648449929122
3891,Consumer Prepaid,26.32,26,30.676582065295154
3892,Consumer Postpaid,36.84,24,28.246923032749805
3893,Consumer Prepaid,27.86,31,45.31254069036049
3894,Consumer Prepaid,30.09,20,69.6221915004867
3895,Public Sector,78.96,27,85.20950180470454
3896,SME,99.53,25,93.79885277220562
3897,SME,81.45,22,2.194146759756399
3898,SME,88.51,37,64.8110587790972
3899,Consumer Postpaid,52.93,25,31.228557588925522
3900,Consumer Prepaid,28.77,23,18.72469489387236
3901,SME,105.69,27,90.45910158531683
3902,SME,70.8,21,74.7578119475975
3903,Consumer Postpaid,55.59,21,10.953660497737127
3904,Consumer Prepaid,29.04,31,62.05526585948811
3905,SME,67.89,21,36.48410612382735
3906,Public Sector,113.45,35,87.9268626086468
3907,Consumer Prepaid,18.34,28,10.749932099224235
3908,Consumer Prepaid,31.88,22,7.298271473095086
3909,SME,98.48,28,58.710335506303736
3910,Public Sector,132.42,31,73.64396421132689
3911,Consumer Prepaid,30.07,19,85.2347800952638
3912,Corporate,157.32,28,39.04784405261067
3913,Consumer Postpaid,68.87,24,74.52184771961558
3914,Consumer Prepaid,20.52,26,45.662898915114155
3915,Corporate,179.9,32,75.45379761511037
3916,Consumer Prepaid,26.23,23,98.42612944157845
3917,Consumer Postpaid,26.27,21,69.87357051503005
3918,Consumer Postpaid,58.75,24,76.8811656238217
3919,Consumer Prepaid,28.35,26,40.93868368164492
3920,Consumer Prepaid,39.66,20,3.95955717990778
3921,Corporate,167.25,30,99.67282140794629
3922,Consumer Prepaid,33.11,28,97.58805437588852
3923,Corporate,150.54,32,0.05099890159435683
3924,Consumer Postpaid,23.24,20,15.290544405022855
3925,SME,63.8,34,9.500276182293065
3926,Consumer Prepaid,11.79,24,32.72936435708872
3927,SME,76.37,22,13.40827719549832
3928,Consumer Prepaid,30.51,17,55.200427988531764
3929,Consumer Prepaid,31.71,23,47.218360663446745
3930,Consumer Postpaid,27.91,30,7.9302474753386365
3931,Consumer Prepaid,17.88,24,68.29377976993462
3932,Corporate,139.52,24,88.13552403057496
3933,Consumer Prepaid,27.01,28,56.3941769644487
3934,Consumer Postpaid,44.02,24,27.93310185303406
3935,SME,88.47,20,90.14436858492466
3936,Consumer Postpaid,49.73,19,47.29837666521338
3937,SME,87.04,31,92.99315989816455
3938,Consumer Postpaid,53.04,32,71.52429571211358
3939,SME,100.31,22,24.850232750227352
3940,Consumer Prepaid,5.0,25,91.27266260883977
3941,Consumer Prepaid,23.63,20,38.84633411734405
3942,Consumer Postpaid,41.62,25,33.86719248874972
3943,SME,70.27,16,13.736865457490277
3944,Consumer Postpaid,60.5,18,22.100289232464775
3945,SME,81.03,18,86.92000880648071
3946,SME,71.11,16,61.16473327375985
3947,Consumer Postpaid,59.23,20,32.91154128948273
3948,SME,76.04,32,79.77039302997684
3949,Public Sector,126.34,53,63.404837643636505
3950,SME,96.55,32,84.19606812337943
3951,Public Sector,94.75,28,40.0404737210037
3952,Corporate,150.48,26,90.28647937916409
3953,Consumer Postpaid,68.33,27,10.254812592464656
3954,Consumer Prepaid,21.84,17,26.182156558079907
3955,SME,82.04,33,72.78776220711732
3956,Consumer Postpaid,48.75,21,90.53932329290053
3957,Consumer Postpaid,46.2,25,29.06621213482635
3958,Consumer Prepaid,39.02,29,16.35262086081204
3959,Consumer Prepaid,5.0,26,14.347570413421472
3960,Consumer Postpaid,16.44,32,68.9754640977749
3961,Consumer Postpaid,35.42,34,84.70711376911369
3962,Consumer Prepaid,29.54,22,65.77962650257493
3963,Consumer Prepaid,30.59,30,81.90574556693498
3964,Corporate,118.38,25,19.47937836376018
3965,Consumer Postpaid,71.1,26,77.50250556294934
3966,SME,89.48,20,62.90469935870504
3967,Consumer Postpaid,37.49,21,54.690901926522805
3968,SME,60.9,25,12.756854721543132
3969,Consumer Postpaid,68.91,27,65.14298121960167
3970,Consumer Prepaid,34.91,27,99.34799343336272
3971,SME,83.13,28,7.8954826931568185
3972,SME,119.5,27,12.455538839948932
3973,SME,100.22,20,29.49929469839797
3974,Consumer Prepaid,17.07,26,65.9291472788214
3975,Public Sector,86.82,37,7.392171664576363
3976,Consumer Postpaid,61.7,21,41.02857106531591
3977,SME,86.46,34,72.35782116411494
3978,Corporate,152.09,37,30.20787992734968
3979,Consumer Prepaid,12.69,24,49.73639202167177
3980,SME,75.12,15,93.90691921010685
3981,SME,74.18,23,58.559182522045425
3982,Consumer Prepaid,27.27,26,86.07903810304644
3983,SME,67.07,30,53.57990655656452
3984,SME,57.53,22,47.52549026080286
3985,Consumer Prepaid,22.23,21,96.18331662913197
3986,Consumer Postpaid,42.95,28,10.653669360837192
3987,Corporate,114.45,27,84.36098291374418
3988,Consumer Prepaid,29.74,25,97.78918579104594
3989,Corporate,178.68,33,82.014406795187
3990,Corporate,119.37,20,79.6399988770646
3991,Consumer Prepaid,23.62,29,67.18419718044674
3992,Consumer Prepaid,18.82,17,8.360228102441402
3993,Corporate,161.79,24,18.41885255233714
3994,Consumer Prepaid,30.6,24,9.465438039363915
3995,Consumer Prepaid,23.75,24,79.0776808572579
3996,Consumer Prepaid,32.52,20,43.36459247320299
3997,Consumer Prepaid,37.87,17,22.127675537223325
3998,Consumer Postpaid,57.53,28,66.25239103837039
3999,Consumer Prepaid,21.13,20,41.031555147388964
4000,Consumer Prepaid,19.99,25,89.0083169546758
4001,Public Sector,116.15,35,32.33230995267489
4002,Consumer Postpaid,30.9,24,92.98424936337062
4003,SME,89.79,27,35.842574238014876
4004,Corporate,105.62,30,12.278479811915076
4005,Consumer Postpaid,15.25,26,14.513969326614063
4006,Consumer Postpaid,53.57,18,39.120344171442525
4007,Consumer Postpaid,44.95,27,59.29053414052634
4008,SME,111.88,26,78.92195914275945
4009,Public Sector,129.47,20,41.2049225889386
4010,Corporate,93.47,29,1.9007400025671362
4011,Consumer Postpaid,42.23,27,45.997831351126585
4012,SME,85.37,20,15.311353090573343
4013,Consumer Postpaid,60.3,22,21.68342176929906
4014,Corporate,164.54,19,64.86830449042336
4015,SME,104.74,22,20.458337215043855
4016,Consumer Prepaid,31.59,22,32.14886927901909
4017,SME,68.33,25,84.07461546868151
4018,Consumer Postpaid,39.08,31,39.322175880423615
4019,Consumer Postpaid,23.47,23,60.777322387740206
4020,SME,87.67,23,42.895411223254406
4021,SME,80.5,24,17.709669429408383
4022,Public Sector,129.67,26,71.53470212874741
4023,SME,83.38,31,62.67125759567877
4024,SME,91.98,20,77.84768291162368
4025,Corporate,183.72,26,46.29736651457122
4026,Consumer Postpaid,27.63,23,17.802952960536366
4027,Consumer Prepaid,35.48,23,15.77076447119513
4028,Consumer Prepaid,28.55,20,22.499867701757115
4029,Consumer Postpaid,55.78,16,47.707717155921344
4030,Public Sector,137.0,25,73.086082304457
4031,Consumer Prepaid,24.8,27,25.780391699196926
4032,Consumer Postpaid,58.9,21,37.40051993732892
4033,SME,76.22,26,34.169834049022285
4034,Consumer Prepaid,24.95,20,93.53694994047291
4035,Consumer Postpaid,47.4,19,37.00620628699755
4036,Corporate,127.24,26,72.12855485978258
4037,Consumer Postpaid,54.17,23,96.72034558421934
4038,SME,102.18,32,48.32361562451519
4039,Corporate,126.85,36,2.2250125495225204
4040,Consumer Prepaid,24.01,17,18.06365509475325
4041,SME,73.68,19,87.31840920006323
4042,Consumer Postpaid,38.04,14,79.75209993180094
4043,Consumer Prepaid,30.6,25,33.22365952468594
4044,Public Sector,137.6,30,46.7312378155068
4045,Public Sector,126.48,25,84.38520582019737
4046,Public Sector,94.07,29,0.29801307823309475
4047,Consumer Prepaid,20.12,21,96.87660395681932
4048,SME,74.68,18,64.70622070490494
4049,Consumer Prepaid,19.61,18,92.88898266555178
4050,SME,85.84,26,29.280599869510283
4051,SME,58.32,27,19.066858102117322
4052,Corporate,141.76,31,41.82027843427241
4053,Consumer Postpaid,61.46,36,82.06222542831536
4054,Consumer Postpaid,58.05,24,57.397471046831015
4055,Corporate,170.19,23,23.320491665023578
4056,Consumer Prepaid,31.59,25,56.06978174642661
4057,Consumer Postpaid,37.08,31,0.16524881419711646
4058,Corporate,141.65,30,1.437020592674898
4059,Consumer Prepaid,22.39,27,54.00934210977145
4060,Consumer Prepaid,25.61,28,8.616669340141502
4061,Corporate,174.18,19,98.7705809716198
4062,Consumer Postpaid,46.35,20,26.4285221212482
4063,SME,89.13,20,41.32510032332763
4064,Consumer Postpaid,53.12,18,51.07829905154797
4065,Consumer Postpaid,46.08,20,79.73141440866252
4066,Consumer Prepaid,38.32,26,34.1926304578064
4067,Corporate,154.57,32,95.85531853126267
4068,Consumer Postpaid,57.48,25,7.198193705642875
4069,Consumer Postpaid,53.99,31,52.71545895806339
4070,Consumer Prepaid,30.71,24,6.438410592868083
4071,Consumer Postpaid,32.63,21,65.13399408695105
4072,Public Sector,109.8,30,40.625426642782756
4073,Corporate,186.47,34,77.08956832795819
4074,Corporate,118.39,24,20.412228455809768
4075,Consumer Prepaid,26.31,22,25.217110566518596
4076,Consumer Postpaid,41.22,26,52.46211016193748
4077,Consumer Postpaid,38.98,15,78.5093306497992
4078,Consumer Prepaid,32.76,25,92.85417634273816
4079,Consumer Prepaid,20.41,22,64.17520771315496
4080,SME,45.87,19,53.40093173071892
4081,Corporate,194.85,39,77.60942862183244
4082,Consumer Prepaid,23.78,27,36.697637339645006
4083,Consumer Prepaid,24.81,19,50.84165513575169
4084,Consumer Postpaid,10.27,20,90.0339963874295
4085,Consumer Postpaid,82.75,23,64.09941161261558
4086,Consumer Prepaid,18.16,38,91.7098768583007
4087,Consumer Prepaid,17.29,26,67.22736540247367
4088,Consumer Postpaid,33.57,23,96.75191878052406
4089,Public Sector,129.44,25,16.482188299022628
4090,Consumer Prepaid,23.3,26,23.11318606256029
4091,Consumer Postpaid,40.05,32,66.79015127348595
4092,Public Sector,126.05,27,29.59238110626332
4093,Consumer Prepaid,28.45,23,91.43635202447616
4094,Consumer Prepaid,25.53,22,51.80458844113917
4095,Consumer Prepaid,45.32,16,93.08324158174878
4096,Corporate,117.85,26,69.73835240876468
4097,Consumer Prepaid,25.09,25,9.557537353853062
4098,Consumer Prepaid,17.55,22,29.38429187596653
4099,Consumer Prepaid,31.29,26,43.12369913906071
4100,Consumer Prepaid,24.94,26,11.04276364633331
4101,Consumer Postpaid,13.49,28,7.203692501852011
4102,Consumer Prepaid,5.0,27,96.5000209476719
4103,Consumer Postpaid,54.66,18,54.48351546889943
4104,Public Sector,154.38,27,54.23000740240844
4105,Consumer Prepaid,21.41,23,44.50452833148654
4106,Public Sector,92.27,32,11.900539071826255
4107,Consumer Postpaid,53.71,19,58.80477183456377
4108,Consumer Postpaid,40.28,29,37.739111042369125
4109,SME,31.5,30,23.168096542336457
4110,Consumer Prepaid,31.96,26,78.20981470876015
4111,SME,80.13,23,47.68612917912745
4112,Corporate,159.33,26,27.649039568487876
4113,Consumer Prepaid,18.08,27,19.93647317471632
4114,Consumer Postpaid,44.42,24,73.74764718989887
4115,Corporate,162.52,43,97.4499883262783
4116,Consumer Prepaid,21.56,19,99.35973657117101
4117,Consumer Postpaid,72.73,20,9.76282396085244
4118,SME,89.59,19,88.8113655180377
4119,Consumer Prepaid,5.1,15,40.806820303593085
4120,Corporate,188.84,26,78.28967686723345
4121,SME,71.74,29,27.77140325185653
4122,Consumer Prepaid,38.21,20,18.449041185365033
4123,Consumer Prepaid,36.51,24,14.13127444941602
4124,Consumer Prepaid,27.93,12,5.9930433118891795
4125,Consumer Prepaid,17.34,22,34.01420207477571
4126,Consumer Prepaid,17.24,21,36.71431593120737
4127,SME,95.59,22,55.77451404428959
4128,SME,59.59,20,72.18427497552398
4129,Consumer Prepaid,12.97,24,42.949167869784375
4130,Consumer Postpaid,42.49,27,82.18713548708459
4131,Consumer Prepaid,40.01,26,38.6202924545881
4132,Consumer Prepaid,21.91,25,72.56976947831409
4133,Consumer Postpaid,38.38,20,51.59840862093631
4134,Consumer Postpaid,32.64,28,94.64728292974468
4135,Consumer Prepaid,35.6,29,74.6846974893977
4136,Corporate,115.71,33,82.73689113661882
4137,SME,103.16,15,4.643365539104794
4138,Consumer Prepaid,32.54,25,68.53952459095386
4139,Corporate,176.54,35,29.871518712461498
4140,Consumer Prepaid,23.24,21,13.89332294404545
4141,Consumer Postpaid,57.83,19,29.91955061317254
4142,Consumer Prepaid,38.34,23,26.324365627324664
4143,Consumer Postpaid,50.71,23,56.8649636179005
4144,Consumer Prepaid,29.58,27,61.909444219360196
4145,SME,60.46,30,88.3885463239154
4146,Consumer Prepaid,40.48,17,37.598666907040524
4147,Corporate,205.76,26,38.804903094882384
4148,SME,64.74,26,98.80557186241089
4149,SME,76.61,18,51.898125352327874
4150,Consumer Postpaid,39.1,31,33.851368877065724
4151,Consumer Prepaid,26.79,25,71.18972503066855
4152,SME,54.11,31,34.76278014389943
4153,Consumer Prepaid,21.22,29,29.22947658618158
4154,Consumer Prepaid,22.58,28,30.83011038682084
4155,Consumer Postpaid,20.98,20,97.3978095087245
4156,Consumer Prepaid,18.35,11,75.92134152107181
4157,Consumer Postpaid,55.42,29,30.812640760385246
4158,Consumer Postpaid,59.96,24,18.60975677829041
4159,SME,123.94,20,21.020121445252027
4160,Corporate,126.2,29,4.120869574154629
4161,SME,43.58,26,82.02742939097465
4162,Consumer Prepaid,27.91,30,34.82994173861882
4163,SME,58.08,22,61.3370169761843
4164,Consumer Prepaid,30.56,21,40.902712091464835
4165,Consumer Prepaid,23.57,22,63.57563343675191
4166,SME,96.52,23,91.85101506885499
4167,Public Sector,149.2,28,7.731879285780763
4168,Consumer Postpaid,27.09,29,58.21076831802223
4169,Corporate,131.87,33,19.198426756064848
4170,Consumer Postpaid,36.92,22,61.84434719336769
4171,Consumer Postpaid,54.16,17,96.25287065865552
4172,Public Sector,101.16,23,42.10851343386198
4173,Consumer Prepaid,18.91,14,95.77866361101015
4174,Consumer Postpaid,48.35,24,38.586081334160184
4175,Consumer Prepaid,5.0,20,31.123886866755367
4176,Consumer Postpaid,53.48,14,94.76572669690954
4177,Consumer Postpaid,47.61,28,73.22045446193496
4178,Consumer Prepaid,21.06,27,33.950590727184384
4179,Public Sector,112.98,20,6.240232027687065
4180,SME,80.06,15,25.883031006928046
4181,SME,85.38,18,39.504541896966785
4182,Public Sector,93.48,21,75.11665107956239
4183,Consumer Prepaid,16.13,23,45.15282148790869
4184,SME,92.85,28,92.8371843721051
4185,Consumer Prepaid,31.05,26,60.77777123868976
4186,Consumer Postpaid,24.3,25,63.63658101666421
4187,SME,75.4,38,22.31532510417408
4188,Consumer Prepaid,8.68,26,63.856977806745405
4189,SME,57.4,26,1.859205862303337
4190,Consumer Postpaid,49.82,37,73.24501158673063
4191,Consumer Prepaid,30.16,25,61.53114072274393
4192,Consumer Postpaid,20.28,32,22.526577869505505
4193,Consumer Prepaid,40.72,12,10.611346010363942
4194,Consumer Postpaid,33.91,20,59.27707197430223
4195,SME,96.84,26,51.89738559443876
4196,Consumer Postpaid,17.9,23,93.29476075562772
4197,Consumer Postpaid,12.66,26,8.14408673219329
4198,Consumer Postpaid,48.99,26,70.75544169787575
4199,Consumer Postpaid,73.16,24,95.27466009925385
4200,SME,64.63,28,61.137005655957324
4201,Consumer Prepaid,17.35,25,87.44387851607439
4202,SME,82.17,20,57.32426648480058
4203,SME,84.69,33,94.07524526450062
4204,Consumer Prepaid,22.83,30,16.391720294358493
4205,SME,57.07,22,19.40299482396042
4206,Consumer Postpaid,59.86,26,46.83001989551471
4207,Consumer Postpaid,36.35,24,76.1736902212518
4208,Consumer Postpaid,24.62,27,96.18454045268344
4209,Consumer Postpaid,66.04,17,33.00708004491545
4210,Consumer Postpaid,63.74,25,19.00092948312523
4211,SME,79.43,18,74.99174220717195
4212,Consumer Postpaid,35.27,18,36.75395886521824
4213,Consumer Prepaid,42.92,14,41.40006828847249
4214,Consumer Prepaid,39.06,25,41.640927947780604
4215,SME,87.68,24,72.75346564904108
4216,Consumer Postpaid,28.67,24,80.22903079813608
4217,Public Sector,122.8,24,53.19710170643921
4218,SME,86.3,23,48.971925384094995
4219,Consumer Postpaid,32.46,22,11.601851127913953
4220,Consumer Prepaid,10.06,26,43.02000967426576
4221,Consumer Prepaid,38.53,31,5.991217588088082
4222,SME,71.69,20,19.58732079599845
4223,SME,103.92,26,44.46444143253616
4224,SME,111.78,26,28.710396668811057
4225,SME,118.1,23,17.930226474164446
4226,SME,66.61,25,6.600633581166793
4227,SME,72.65,20,53.41118384025133
4228,Corporate,137.96,24,4.024085841838032
4229,Consumer Prepaid,36.65,22,71.38474496287269
4230,Public Sector,106.82,32,23.002882987906005
4231,Consumer Prepaid,14.63,30,53.06355823724562
4232,SME,95.01,28,93.8431815412743
4233,Public Sector,124.96,21,0.5688223529377034
4234,Consumer Prepaid,37.57,23,90.16634146767579
4235,Corporate,147.47,34,94.54505501177889
4236,Public Sector,96.41,25,29.92728927440308
4237,Corporate,193.17,25,56.402379360218205
4238,Public Sector,104.16,34,78.68702691851252
4239,SME,65.61,30,21.320428276094905
4240,SME,68.14,23,53.185710935716436
4241,Consumer Prepaid,24.25,25,40.20927494109968
4242,Consumer Prepaid,15.86,18,80.33775714379212
4243,Consumer Postpaid,59.23,22,40.411618154615994
4244,Consumer Postpaid,35.35,22,67.38893989463809
4245,SME,50.64,24,70.06217301596945
4246,Consumer Postpaid,62.95,16,68.72384143378015
4247,Consumer Postpaid,70.46,29,39.91019393708157
4248,Corporate,136.55,24,36.16203140134371
4249,Corporate,137.8,22,76.76191228265967
4250,Consumer Prepaid,31.12,27,89.27063140950847
4251,SME,86.9,25,65.26296360752238
4252,Consumer Prepaid,27.86,20,21.61538276063797
4253,Consumer Postpaid,61.62,27,3.972915336469085
4254,Consumer Prepaid,19.84,37,85.49860148320575
4255,Consumer Postpaid,38.98,26,76.455146427049
4256,Consumer Postpaid,21.36,29,67.9756587682372
4257,Consumer Prepaid,20.67,28,29.297972050443267
4258,Consumer Postpaid,64.61,12,42.44963745271675
4259,Corporate,226.8,36,70.06993211020558
4260,Corporate,131.92,24,97.98101738893551
4261,Public Sector,83.07,28,89.95027601315464
4262,Consumer Prepaid,9.83,30,4.187469897321472
4263,Consumer Postpaid,42.77,31,70.59757751249032
4264,Consumer Prepaid,18.91,29,61.729382645808705
4265,Corporate,131.99,33,74.59668078860847
4266,Consumer Postpaid,53.52,17,49.21339923973399
4267,Consumer Postpaid,15.35,24,95.03871441791127
4268,SME,38.51,21,62.72235829079828
4269,SME,55.38,23,81.49673380198462
4270,Consumer Prepaid,28.26,32,5.693495693731343
4271,Consumer Postpaid,44.62,33,9.310928060046075
4272,Consumer Prepaid,23.59,24,46.65617051432619
4273,Corporate,134.95,30,84.40409134460755
4274,SME,64.86,16,11.301262534697843
4275,Consumer Prepaid,20.83,26,17.602815278772688
4276,Public Sector,89.73,27,12.056901695511513
4277,Consumer Postpaid,45.79,35,43.5841103652012
4278,Consumer Postpaid,50.27,27,86.3886032678957
4279,Consumer Prepaid,30.2,26,42.74799709858353
4280,Consumer Postpaid,5.0,27,73.78273273437873
4281,Consumer Prepaid,17.09,21,85.07993783196139
4282,SME,67.54,30,59.34612224518362
4283,Consumer Prepaid,28.25,18,64.79643049054091
4284,Corporate,129.28,22,99.92765259462371
4285,Corporate,173.26,27,72.41780351404532
4286,SME,104.07,29,12.125271213239063
4287,Consumer Postpaid,34.35,29,0.9800526933971043
4288,Consumer Postpaid,23.35,21,40.4692721447877
4289,Public Sector,102.01,23,4.358957731721191
4290,Consumer Postpaid,41.99,17,52.10960689927538
4291,Public Sector,67.61,24,75.65147240490595
4292,SME,98.93,26,76.28288663942945
4293,SME,81.77,21,17.584070537823248
4294,SME,89.43,27,15.84893231822786
4295,Consumer Prepaid,23.53,22,41.36246026107911
4296,SME,84.55,30,68.64123437411651
4297,Consumer Postpaid,45.11,18,69.82692319477086
4298,SME,75.27,23,53.82394482471339
4299,SME,113.81,19,43.9963149507692
4300,Consumer Postpaid,59.79,28,16.25051560591824
4301,Consumer Prepaid,32.0,24,41.621968075762695
4302,Corporate,124.15,36,93.46208403539079
4303,Corporate,156.88,25,89.40054147313161
4304,Consumer Prepaid,39.94,25,38.669253800555566
4305,Corporate,158.96,25,40.8293393789216
4306,Consumer Postpaid,61.04,17,30.183129787448358
4307,SME,66.13,24,54.12306587611441
4308,Corporate,95.36,33,13.94646545990349
4309,SME,88.09,31,24.214469973925056
4310,Corporate,194.63,31,35.31314085110525
4311,Corporate,163.59,37,55.32368711396226
4312,Consumer Prepaid,22.61,20,10.629486049964143
4313,Consumer Postpaid,33.01,24,74.24960605073649
4314,Consumer Prepaid,27.71,21,98.31264099816141
4315,Consumer Prepaid,21.84,17,0.6070622813812321
4316,SME,77.15,19,33.701781216078764
4317,SME,75.11,25,65.13831711560145
4318,Consumer Prepaid,21.44,25,40.12364539631279
4319,Consumer Postpaid,29.88,27,12.741551880155344
4320,Corporate,154.68,25,23.64595760623557
4321,SME,84.11,24,87.93010465893589
4322,SME,70.91,23,99.2654747252716
4323,Consumer Prepaid,6.34,24,24.00958962784876
4324,Consumer Postpaid,52.31,28,38.34261333139071
4325,Consumer Prepaid,30.68,30,7.357963815975155
4326,Consumer Prepaid,33.09,18,97.09120703627649
4327,Consumer Postpaid,43.67,22,97.48077672500773
4328,SME,41.49,27,62.78124290700053
4329,Consumer Postpaid,41.09,27,25.9372533524196
4330,Consumer Postpaid,58.49,21,4.96687059008093
4331,Corporate,153.34,29,28.705660611915572
4332,SME,137.52,24,82.6500666980728
4333,SME,101.59,32,21.495245015692078
4334,Corporate,140.09,23,32.748700887313085
4335,SME,84.21,35,6.075372958802006
4336,SME,92.99,13,24.479290641577066
4337,Consumer Prepaid,45.6,15,58.64677720405472
4338,Corporate,155.63,29,81.09912730552394
4339,Consumer Prepaid,30.87,23,41.86338560479791
4340,Consumer Postpaid,28.36,32,27.9730746807615
4341,Consumer Postpaid,59.24,34,55.70768419744303
4342,Consumer Prepaid,39.41,23,83.79621748360849
4343,Public Sector,115.27,22,40.08632388049265
4344,Consumer Prepaid,48.93,26,59.59707593878597
4345,Consumer Postpaid,46.98,17,42.95454487186029
4346,SME,40.65,20,27.865034052281835
4347,Consumer Postpaid,20.96,19,36.89702095355373
4348,Public Sector,102.45,27,63.74636288776231
4349,Public Sector,109.7,29,53.731669523304774
4350,Consumer Postpaid,68.38,31,20.81840256006242
4351,Consumer Postpaid,44.88,32,85.54328533030777
4352,Consumer Prepaid,10.33,31,3.17597887404798
4353,SME,95.98,24,62.753648994537606
4354,Consumer Prepaid,26.59,28,30.693574379235223
4355,Consumer Postpaid,22.62,31,88.4164175193483
4356,Public Sector,76.18,27,9.826520581332032
4357,Consumer Postpaid,46.31,26,14.351966414225625
4358,Consumer Postpaid,54.6,35,87.74840413175336
4359,Consumer Prepaid,39.14,30,18.993166719757216
4360,Consumer Prepaid,41.44,35,3.696235022056038
4361,Consumer Postpaid,63.2,35,92.99941824196554
4362,SME,82.01,26,68.02420845169307
4363,Consumer Postpaid,50.12,29,22.911466775667655
4364,Public Sector,84.96,25,40.572969298866845
4365,SME,77.2,27,46.53071964186813
4366,SME,107.54,24,52.60908377837612
4367,SME,63.15,25,97.63129001106398
4368,Consumer Prepaid,38.34,19,41.46838858234438
4369,Consumer Prepaid,35.99,29,47.25779348875353
4370,Consumer Postpaid,36.77,19,1.1046360056648385
4371,Consumer Postpaid,63.77,26,0.7272981478591567
4372,Consumer Prepaid,13.27,26,10.764242183346385
4373,SME,64.27,24,94.55435621759695
4374,Consumer Prepaid,36.27,29,97.548449335038
4375,Consumer Postpaid,55.77,24,26.10403333069965
4376,Consumer Prepaid,32.36,23,50.074460820252874
4377,SME,60.9,22,97.19900985807263
4378,Consumer Prepaid,28.23,23,24.2376459649256
4379,Consumer Postpaid,21.89,20,96.26416629468812
4380,Consumer Prepaid,27.32,27,92.7952254965632
4381,SME,93.6,21,58.00248023169697
4382,SME,128.52,18,62.311948809468454
4383,Consumer Prepaid,5.0,26,96.34586620379476
4384,Consumer Postpaid,32.26,28,50.875309262614685
4385,Consumer Postpaid,39.97,21,21.564830163787875
4386,SME,39.37,28,40.8042998818072
4387,Consumer Prepaid,32.5,25,25.744199512243217
4388,Corporate,128.82,24,66.43586916546444
4389,Consumer Postpaid,58.97,20,15.906384061818335
4390,SME,78.18,30,72.42945071913289
4391,Corporate,162.49,38,18.6122244528756
4392,Consumer Prepaid,17.64,20,51.33940715850475
4393,Consumer Prepaid,21.8,24,70.56149627507266
4394,Consumer Prepaid,10.26,16,42.315031546491035
4395,Consumer Prepaid,16.81,34,44.63257524422016
4396,SME,94.54,27,93.514670625037
4397,Consumer Postpaid,38.02,30,28.92670728360325
4398,SME,103.94,19,30.526242901741472
4399,SME,86.51,29,6.892322134514528
4400,Consumer Prepaid,32.26,25,22.056807363694265
4401,Consumer Postpaid,28.78,29,73.49148821595668
4402,Public Sector,139.13,25,85.54783401603136
4403,Consumer Postpaid,38.96,25,98.57676058248134
4404,Corporate,190.87,36,18.605003280869948
4405,Consumer Prepaid,22.12,20,42.08985224757193
4406,SME,100.24,24,85.3423269509143
4407,Consumer Prepaid,18.01,37,38.10998495926295
4408,SME,42.28,23,89.4468760475444
4409,Consumer Postpaid,37.33,27,35.91992956432081
4410,Consumer Prepaid,26.68,32,65.37061048017107
4411,Consumer Prepaid,37.5,22,20.985580048453944
4412,Consumer Postpaid,39.92,33,90.19314590929315
4413,Corporate,145.16,31,2.5554284649379477
4414,Consumer Postpaid,37.88,23,27.961289842543835
4415,Consumer Prepaid,16.43,25,33.68945651790579
4416,Consumer Postpaid,29.01,20,70.8210837588187
4417,Consumer Prepaid,16.31,25,3.5483405145697478
4418,Corporate,200.21,37,78.7056095845733
4419,SME,73.93,23,83.76609057760554
4420,Consumer Prepaid,12.52,25,78.61905940651585
4421,Consumer Prepaid,36.51,21,80.43585113363324
4422,Consumer Prepaid,25.82,30,0.14503165911271543
4423,Consumer Prepaid,14.9,33,46.00982579549186
4424,Consumer Postpaid,55.22,27,12.860035622519185
4425,Corporate,127.37,29,27.558246415775855
4426,Corporate,146.2,32,42.08249528677942
4427,Public Sector,113.99,26,4.779148387012144
4428,Consumer Prepaid,8.74,29,34.11800546003557
4429,SME,61.05,25,80.14416946695064
4430,Consumer Postpaid,54.6,20,39.68592661698217
4431,Corporate,112.77,30,10.167689643099187
4432,Consumer Postpaid,53.42,27,63.70344090727096
4433,Consumer Postpaid,78.79,27,58.694556491345175
4434,Consumer Prepaid,28.23,19,91.96616570875022
4435,SME,47.76,31,79.72166660964962
4436,Consumer Postpaid,50.16,21,61.432954106073055
4437,SME,75.63,21,50.24798726438055
4438,Consumer Prepaid,19.88,23,73.52960480205113
4439,SME,57.03,21,10.837470729316989
4440,Consumer Prepaid,31.1,15,99.81301159238252
4441,Consumer Prepaid,24.16,26,90.27169348111993
4442,Consumer Prepaid,25.71,21,40.738332580443384
4443,Corporate,171.43,29,44.94417982413283
4444,Consumer Prepaid,34.02,30,5.363354102444806
4445,Consumer Prepaid,40.25,20,77.36401553995343
4446,Public Sector,138.84,30,75.30996797716337
4447,Consumer Prepaid,22.79,24,12.627588777512544
4448,Consumer Postpaid,15.76,27,54.63138975047486
4449,Consumer Postpaid,26.78,18,46.500663221233616
4450,SME,70.85,27,51.03072642112257
4451,Consumer Postpaid,64.35,32,14.033636679250595
4452,Consumer Prepaid,5.0,20,64.20532476558895
4453,Consumer Postpaid,48.44,24,78.49393484845682
4454,Consumer Prepaid,22.81,31,87.52616076579979
4455,Public Sector,77.36,23,10.355294213470955
4456,Corporate,151.2,32,47.604264694394026
4457,Consumer Postpaid,92.51,24,81.53495732604306
4458,Consumer Prepaid,18.35,20,28.744559739058506
4459,Consumer Prepaid,43.5,20,37.327861157271954
4460,Corporate,122.81,29,19.331399724521457
4461,SME,126.43,28,4.336330016822698
4462,Corporate,174.37,29,53.751942626807036
4463,SME,74.74,21,9.133493840730821
4464,Consumer Prepaid,13.85,18,89.44915448747915
4465,Consumer Prepaid,7.8,28,19.65433955358904
4466,Consumer Prepaid,17.35,18,16.782209412292424
4467,Consumer Prepaid,24.79,26,55.36950860673294
4468,Consumer Prepaid,39.42,21,15.035012591923024
4469,SME,103.41,25,79.8913167785853
4470,Public Sector,60.0,23,5.978157544533113
4471,Corporate,117.27,23,60.32413213948116
4472,Consumer Postpaid,66.97,23,33.89271933568677
4473,Consumer Prepaid,22.89,22,89.74225712283456
4474,Consumer Prepaid,32.7,26,3.49136146032174
4475,Corporate,202.56,27,25.429491455769913
4476,Consumer Prepaid,15.08,35,82.40992896335071
4477,Consumer Prepaid,36.78,24,66.24377467363361
4478,Consumer Prepaid,21.06,22,30.983222453910784
4479,Consumer Prepaid,30.32,24,69.60766257676386
4480,Consumer Postpaid,53.05,18,88.58630260756603
4481,SME,73.17,20,39.41145761854605
4482,SME,95.91,18,54.898264902486936
4483,Consumer Prepaid,44.29,25,75.29810739761967
4484,Consumer Prepaid,24.46,21,67.61496784223647
4485,Public Sector,92.5,19,44.77328896813607
4486,SME,59.22,21,53.482807824011466
4487,Public Sector,100.7,33,2.3194140426842758
4488,Public Sector,79.34,25,48.56598756065795
4489,Consumer Postpaid,36.68,23,39.43870997416406
4490,Corporate,191.51,35,0.019486233731713654
4491,Corporate,139.55,22,80.28775378898348
4492,Consumer Postpaid,37.32,36,48.5634908131234
4493,Public Sector,113.66,23,34.75651225959177
4494,Consumer Postpaid,56.7,26,72.65234719135164
4495,SME,78.52,26,31.30566872163897
4496,Consumer Prepaid,17.5,21,74.32372527790844
4497,Consumer Prepaid,22.67,30,14.566355186367586
4498,Consumer Prepaid,33.24,22,1.1201115388235205
4499,SME,83.69,28,21.268722551237516
4500,SME,75.79,18,62.66899022253577
4501,Public Sector,105.41,29,90.95555357753415
4502,Consumer Prepaid,34.09,16,9.5849633768749
4503,Consumer Postpaid,65.75,22,60.76135260332347
4504,SME,35.52,24,62.08882691817477
4505,Consumer Postpaid,39.9,30,88.87770255029474
4506,SME,56.31,32,45.606620926691654
4507,SME,55.51,22,26.1346913184336
4508,Consumer Prepaid,28.14,24,74.20326623937564
4509,Corporate,143.7,26,93.04916218764343
4510,Consumer Prepaid,34.61,28,94.87807744991864
4511,Consumer Postpaid,36.28,21,99.79826337074738
4512,Consumer Postpaid,57.71,33,79.58643141772349
4513,Consumer Postpaid,26.74,28,24.517954034228218
4514,Public Sector,88.79,19,35.545800048247465
4515,Consumer Postpaid,51.47,27,75.75053009554765
4516,Consumer Prepaid,23.61,19,36.81502324753752
4517,Consumer Postpaid,42.93,30,55.46214091286116
4518,SME,66.83,20,91.14072831381922
4519,Consumer Postpaid,50.86,25,9.05944057475666
4520,Consumer Prepaid,14.52,18,45.410532323556794
4521,Consumer Postpaid,48.77,31,8.987047068933995
4522,Consumer Postpaid,58.13,29,9.121427875264976
4523,Consumer Prepaid,9.42,18,68.22824046021103
4524,Consumer Postpaid,31.6,26,54.9052939857669
4525,Consumer Prepaid,20.65,23,18.19956213541093
4526,Consumer Prepaid,25.2,19,34.78573211400901
4527,Public Sector,85.75,31,94.98949800186242
4528,Corporate,86.68,24,88.71967667221563
4529,SME,87.77,22,3.040290107864918
4530,SME,79.01,33,2.1299837926929466
4531,Consumer Prepaid,28.18,17,80.48253636154794
4532,Corporate,166.8,21,78.00260645738895
4533,Consumer Postpaid,44.63,27,94.29654956850457
4534,Consumer Postpaid,53.99,20,85.27752041652292
4535,Consumer Postpaid,54.5,18,28.058468369349075
4536,SME,38.27,27,92.66635593944696
4537,Consumer Postpaid,41.04,14,44.85690978307624
4538,Consumer Prepaid,26.49,21,35.8522178802846
4539,Consumer Postpaid,27.16,15,5.770046949104435
4540,SME,73.7,29,38.71110553523582
4541,Corporate,138.18,29,59.965442504647925
4542,SME,74.26,14,23.857052394569312
4543,SME,72.27,16,10.40084890589197
4544,Consumer Prepaid,31.59,22,16.680174037083507
4545,Consumer Prepaid,30.99,24,35.756387869960484
4546,SME,65.96,24,26.51384037080429
4547,Public Sector,86.75,26,18.59343944822671
4548,Consumer Prepaid,7.59,27,78.19675630706587
4549,SME,85.46,28,60.00165080879809
4550,SME,53.3,20,24.230499469650745
4551,Corporate,216.28,33,85.45323695857864
4552,SME,73.99,20,51.31935546949619
4553,SME,121.53,23,82.22623026137111
4554,Consumer Prepaid,16.82,27,44.711140748178245
4555,Consumer Prepaid,13.54,21,70.24995732190771
4556,SME,52.37,22,72.06842502713152
4557,Consumer Prepaid,36.28,25,97.45611837367615
4558,Public Sector,133.72,35,88.57272082369565
4559,Consumer Prepaid,20.4,26,77.11816961182281
4560,Consumer Prepaid,32.35,23,69.53489965083351
4561,Consumer Prepaid,19.99,26,35.52330320665401
4562,Public Sector,97.35,24,40.045380868174476
4563,SME,72.5,26,27.844449005543336
4564,Consumer Prepaid,33.65,24,81.08098964824715
4565,Consumer Prepaid,22.29,17,39.96758904418704
4566,SME,66.09,35,17.944866288060435
4567,Public Sector,85.72,27,89.5044287797484
4568,Consumer Prepaid,5.0,25,79.73753747701804
4569,SME,100.71,27,60.05983822716702
4570,Consumer Postpaid,27.57,16,46.97750098386913
4571,Consumer Postpaid,37.12,26,60.184763004722996
4572,Public Sector,91.37,25,99.75713803665354
4573,Consumer Postpaid,61.44,30,45.25157638414533
4574,Consumer Prepaid,12.96,21,42.16540068218385
4575,Consumer Prepaid,11.55,20,40.927272864618416
4576,Consumer Prepaid,29.96,20,85.58813094629404
4577,Consumer Postpaid,34.92,19,90.78620871734981
4578,Public Sector,79.66,30,63.1697592823107
4579,Public Sector,97.65,26,50.331003088094896
4580,SME,73.55,22,82.6878820259627
4581,Corporate,127.57,35,32.584678039073786
4582,Consumer Postpaid,28.83,19,42.486205801352874
4583,SME,85.06,21,28.047755164244805
4584,Consumer Postpaid,68.97,30,73.98163343882102
4585,SME,67.32,24,54.28949813566215
4586,Consumer Postpaid,28.06,23,43.435151984597034
4587,Consumer Postpaid,49.33,27,64.30176824140023
4588,Consumer Postpaid,57.64,17,79.35269516744836
4589,Consumer Postpaid,35.41,20,61.614562640791924
4590,Corporate,175.42,28,97.35795542016493
4591,Consumer Prepaid,5.0,16,2.844121257911203
4592,Corporate,138.73,30,52.15544524029898
4593,Consumer Postpaid,53.29,16,70.90261907000006
4594,Public Sector,106.8,23,94.60436442804254
4595,Consumer Postpaid,49.5,26,33.87487956394422
4596,Consumer Prepaid,19.83,25,0.4275124660490959
4597,Public Sector,68.15,24,99.91370762165099
4598,Consumer Prepaid,17.07,23,64.18875035428782
4599,Consumer Postpaid,48.95,20,92.23984982924016
4600,Consumer Postpaid,51.31,27,24.455955093128935
4601,Consumer Postpaid,29.51,27,38.21459668887683
4602,Consumer Prepaid,5.0,25,68.57624417600562
4603,Consumer Postpaid,47.96,34,72.86421891840615
4604,Consumer Postpaid,41.52,24,8.342434221115358
4605,Consumer Postpaid,35.44,26,59.38250989731627
4606,Consumer Prepaid,13.65,26,73.58116038161786
4607,SME,101.94,25,90.6500276513407
4608,Consumer Prepaid,41.57,22,46.92718463629291
4609,SME,79.9,16,93.21019599743644
4610,Consumer Prepaid,39.76,21,73.35807888859381
4611,Corporate,159.47,28,76.93305888246348
4612,Corporate,77.41,22,43.2978766057497
4613,Consumer Prepaid,26.71,22,73.42731338758665
4614,Consumer Prepaid,20.76,27,42.25825687039121
4615,SME,77.49,23,70.04850100498132
4616,Consumer Prepaid,35.64,31,24.94158814023304
4617,Public Sector,128.15,28,15.578304793936626
4618,Consumer Prepaid,17.49,21,82.02211977415281
4619,Corporate,168.96,33,22.062390831025425
4620,Consumer Postpaid,32.89,23,35.974086950252314
4621,Public Sector,113.19,21,14.270035982935081
4622,Consumer Prepaid,24.54,26,3.9183782011250834
4623,Consumer Postpaid,33.15,24,5.322728487553096
4624,SME,82.45,25,21.806257285406993
4625,Corporate,144.09,32,0.9523355613956119
4626,Consumer Prepaid,16.69,18,66.37969338825597
4627,Public Sector,103.42,29,60.334062950222666
4628,Public Sector,109.73,36,26.598039139339324
4629,Corporate,133.37,33,47.35239649699615
4630,Consumer Prepaid,33.0,31,16.89929248783747
4631,SME,90.3,18,65.71765052734784
4632,Consumer Postpaid,49.82,24,64.52742296654618
4633,Consumer Postpaid,45.68,22,56.80466417875153
4634,Consumer Prepaid,23.83,26,70.50074741207528
4635,Public Sector,82.44,34,3.7257210687799636
4636,Corporate,81.16,17,10.20799669741872
4637,Consumer Prepaid,8.96,17,22.61119106342585
4638,Consumer Prepaid,21.26,23,31.860443134649273
4639,Consumer Postpaid,61.07,34,47.25699097250722
4640,Consumer Prepaid,40.54,28,49.11328898204841
4641,Consumer Postpaid,54.43,34,26.18172182671782
4642,Corporate,157.15,29,71.06254523807058
4643,SME,81.49,23,80.85398166969733
4644,SME,88.32,26,69.13260270127965
4645,SME,79.57,28,77.96211359353894
4646,Consumer Postpaid,40.19,16,54.170902487391906
4647,Consumer Prepaid,32.68,22,77.90714485987759
4648,SME,56.99,22,44.96582244427424
4649,Corporate,139.79,20,36.700174213088374
4650,Consumer Postpaid,57.38,26,66.74991196239858
4651,Public Sector,75.36,30,87.07001108984207
4652,Consumer Postpaid,51.58,23,52.44253117420254
4653,SME,81.5,17,66.16268615323904
4654,Consumer Prepaid,19.58,21,65.08052425268339
4655,Consumer Prepaid,13.85,20,10.934682329818912
4656,Public Sector,106.1,23,82.9838845023225
4657,Public Sector,125.63,42,47.94360890595326
4658,Consumer Prepaid,23.05,26,20.412628466319717
4659,SME,80.65,15,72.19133493118358
4660,Consumer Prepaid,24.02,24,4.963435403657835
4661,Corporate,187.76,27,43.37627437925612
4662,SME,91.82,28,17.496563989074655
4663,Public Sector,92.99,19,29.84630367454768
4664,Consumer Postpaid,53.41,26,35.695156951408634
4665,SME,52.5,26,59.248558095278746
4666,Consumer Prepaid,36.38,29,7.658093136761379
4667,Consumer Postpaid,38.93,19,82.63066273008779
4668,Consumer Prepaid,36.77,25,60.236703934827965
4669,SME,61.43,20,1.7693161136770774
4670,SME,86.6,26,59.81328297531397
4671,Consumer Postpaid,41.09,32,62.98441768795017
4672,Consumer Prepaid,8.17,15,77.82407636264455
4673,Consumer Postpaid,56.17,18,43.093144327002086
4674,Consumer Prepaid,16.8,25,39.29516358588919
4675,Corporate,156.14,31,78.558808405292
4676,Consumer Postpaid,61.06,17,76.05851706775364
4677,Corporate,131.76,25,13.387708416345978
4678,Consumer Postpaid,32.64,19,70.63876345584274
4679,Corporate,151.59,14,70.50840346141091
4680,SME,72.33,29,85.98074820161882
4681,Consumer Prepaid,19.26,29,15.551124275829565
4682,SME,72.14,15,10.671764855245891
4683,Consumer Prepaid,30.66,19,81.09685984700397
4684,Consumer Postpaid,71.89,27,23.771802602079227
4685,Public Sector,73.57,27,21.408746858852133
4686,Public Sector,104.7,36,35.21478890555167
4687,SME,88.41,27,70.64086402755005
4688,SME,53.22,37,87.85904243758395
4689,Consumer Prepaid,24.03,26,84.57068636520462
4690,SME,79.09,30,3.0524215935032184
4691,Corporate,127.67,26,86.71017509378709
4692,Consumer Prepaid,39.23,21,13.229552475222805
4693,Corporate,156.45,32,30.82670029862493
4694,Consumer Postpaid,46.9,22,96.10088489108219
4695,Consumer Prepaid,22.67,27,33.398421826600156
4696,Consumer Prepaid,35.66,25,6.666076327786897
4697,Consumer Postpaid,34.18,24,21.604022447357973
4698,Consumer Prepaid,28.11,38,21.342613396841102
4699,Consumer Postpaid,63.04,28,39.37604003795633
4700,SME,98.27,32,5.230685350968567
4701,Consumer Postpaid,46.8,14,41.695842396477424
4702,Consumer Postpaid,41.92,23,71.32391520201999
4703,Consumer Postpaid,17.27,22,49.049465163702
4704,SME,88.98,25,44.340821299471656
4705,Consumer Postpaid,28.28,22,2.8876269265736387
4706,Consumer Postpaid,55.2,31,50.721010402892475
4707,Consumer Prepaid,32.7,17,94.40425017358079
4708,Corporate,128.21,33,51.65613264852313
4709,Consumer Postpaid,58.44,23,27.496558372026826
4710,Consumer Prepaid,19.94,31,56.03762658820751
4711,Consumer Postpaid,63.73,23,90.91742987396809
4712,Corporate,172.06,35,15.890748198073435
4713,Consumer Prepaid,17.52,24,60.38585624378753
4714,Public Sector,118.72,31,58.18783478916334
4715,Corporate,124.96,38,67.15255770582212
4716,Consumer Postpaid,34.8,22,12.05663494216671
4717,Consumer Postpaid,73.59,26,55.63038614691638
4718,SME,35.61,15,57.96704351975396
4719,Consumer Postpaid,48.05,18,66.49810252380308
4720,Consumer Prepaid,39.06,20,98.03784690587429
4721,SME,26.6,25,50.2888056785668
4722,Consumer Prepaid,36.0,21,82.61386603553316
4723,Public Sector,83.7,34,54.00139862592812
4724,Consumer Prepaid,26.16,32,89.84633484785533
4725,Consumer Prepaid,30.52,19,38.85103285601114
4726,SME,77.22,17,69.89326268452632
4727,Consumer Postpaid,47.07,24,61.2655895228373
4728,Corporate,141.1,21,72.86688817626303
4729,Consumer Prepaid,24.69,29,83.6637272214923
4730,SME,71.68,21,96.55749797267384
4731,Consumer Prepaid,48.58,18,1.3459952931471286
4732,Consumer Prepaid,24.91,23,13.399089075726323
4733,Consumer Prepaid,31.15,22,24.55833682738664
4734,Consumer Prepaid,23.51,31,96.42488410362292
4735,Consumer Prepaid,22.74,28,68.97827511400445
4736,Consumer Prepaid,14.23,20,90.73364316469362
4737,Consumer Prepaid,25.97,22,11.906274486254699
4738,SME,69.87,25,17.157494376313597
4739,Consumer Postpaid,34.43,14,40.59143431274212
4740,Public Sector,126.16,20,39.55343960629634
4741,Corporate,132.89,40,59.768350253375615
4742,Corporate,150.5,19,82.42898755244522
4743,Public Sector,76.14,32,69.99660121046173
4744,Corporate,178.97,20,64.0617124225558
4745,Public Sector,114.05,39,90.98509748640853
4746,Corporate,148.75,34,2.4408178592608243
4747,Consumer Prepaid,12.42,29,14.212703691587658
4748,Corporate,182.89,26,29.05941604996074
4749,Consumer Postpaid,39.21,42,53.400890974050405
4750,Corporate,160.67,40,14.398498121480863
4751,SME,79.62,29,18.801326577400502
4752,Consumer Postpaid,36.15,32,72.14906275690198
4753,Consumer Prepaid,19.04,24,54.19647874261011
4754,SME,64.8,28,75.04308488338631
4755,SME,55.3,18,15.939834067243087
4756,Public Sector,138.83,33,94.15405000545918
4757,SME,61.03,25,40.44831451977754
4758,Consumer Prepaid,34.85,19,38.777881950723135
4759,Corporate,183.17,31,23.689169326133054
4760,Public Sector,89.83,31,24.032095529260534
4761,Consumer Postpaid,42.67,22,94.29499947200082
4762,Consumer Prepaid,28.57,23,52.65984301668132
4763,Consumer Postpaid,44.92,32,25.511636463975805
4764,Consumer Prepaid,11.82,21,4.261328837083012
4765,SME,109.94,24,96.53829763588242
4766,Consumer Prepaid,26.24,25,52.748637879533575
4767,Consumer Postpaid,48.88,26,9.0658493659171
4768,Consumer Prepaid,18.41,26,67.75982107884423
4769,Consumer Prepaid,34.28,28,87.04584166251011
4770,SME,71.17,27,40.88705609535646
4771,Corporate,144.98,26,65.15296853650074
4772,Consumer Prepaid,23.7,29,51.271462411829695
4773,Consumer Postpaid,38.94,16,71.53535462678857
4774,SME,96.21,19,66.08657584017463
4775,SME,100.63,25,71.30543960262874
4776,Consumer Postpaid,38.96,19,81.06487975560806
4777,Consumer Prepaid,23.94,26,54.60624966304577
4778,Consumer Postpaid,40.62,29,61.11544902263005
4779,Consumer Postpaid,40.28,20,81.94667514944217
4780,Consumer Postpaid,51.8,21,39.129833598306874
4781,Consumer Postpaid,46.4,29,35.26448065343022
4782,Consumer Prepaid,15.26,33,44.50761419929553
4783,Consumer Prepaid,8.1,31,64.4895410301611
4784,Consumer Prepaid,8.94,35,62.62567303206703
4785,Consumer Postpaid,27.91,22,14.877631284724968
4786,Public Sector,84.36,26,46.284225703432824
4787,SME,76.65,24,30.429670155832568
4788,Consumer Prepaid,43.01,25,70.98997977278731
4789,SME,95.09,17,52.71180905684043
4790,Consumer Postpaid,33.91,27,22.347032567557832
4791,SME,72.79,20,62.231525238684135
4792,Consumer Postpaid,60.78,31,3.5823587570585014
4793,Consumer Prepaid,43.38,21,1.8966384731041175
4794,Corporate,136.23,34,93.32366912398429
4795,Consumer Prepaid,34.3,19,63.622586743163
4796,SME,91.21,24,84.15952268003821
4797,Public Sector,65.2,20,69.55312485118324
4798,Consumer Prepaid,20.22,25,83.77192431353768
4799,Consumer Postpaid,32.37,19,35.88727318257262
4800,Consumer Prepaid,35.53,21,64.79190471601368
4801,Consumer Prepaid,30.58,21,71.2810757115764
4802,Consumer Prepaid,7.95,21,12.760918276449173
4803,Public Sector,112.57,33,24.102263855769834
4804,Corporate,81.27,36,37.486159965176824
4805,SME,66.76,20,5.220470959509827
4806,Consumer Postpaid,39.69,28,7.189534051450696
4807,Consumer Postpaid,40.92,14,19.49639641237091
4808,Public Sector,103.22,30,70.47767291149508
4809,Consumer Postpaid,39.47,26,27.268904004806373
4810,Consumer Prepaid,19.83,19,82.58169167543645
4811,SME,93.35,14,41.440685567053215
4812,Consumer Postpaid,48.5,23,14.950331558022834
4813,Consumer Postpaid,42.41,21,32.42580006979621
4814,SME,93.68,29,32.24787537195516
4815,Consumer Prepaid,22.69,26,97.25579630469194
4816,Corporate,152.03,23,48.55660038352634
4817,Consumer Prepaid,29.39,26,34.89877269966929
4818,Consumer Postpaid,72.61,18,2.748604628770379
4819,Consumer Prepaid,25.75,26,28.86668276681662
4820,Corporate,119.4,19,3.9115578803970763
4821,Consumer Prepaid,13.74,20,16.298009624922138
4822,SME,69.18,27,54.655614517628784
4823,Consumer Postpaid,59.97,29,20.727066601845245
4824,Consumer Prepaid,26.83,24,13.56166185430162
4825,Corporate,217.18,27,22.220041307608483
4826,SME,77.32,27,32.11161342991829
4827,Consumer Prepaid,26.7,24,82.75022408016585
4828,Consumer Postpaid,35.98,22,82.06880082146192
4829,Consumer Postpaid,48.88,23,91.89145969959962
4830,SME,65.85,27,56.025545500115726
4831,SME,131.75,31,9.82465075519119
4832,SME,78.21,26,70.06642057232902
4833,Consumer Prepaid,18.28,20,31.45670663263369
4834,Consumer Prepaid,30.49,18,1.9662589975881772
4835,Consumer Postpaid,52.74,29,73.04264811638562
4836,Consumer Prepaid,28.83,14,64.8796164736406
4837,Corporate,117.73,35,80.7609699035004
4838,SME,87.28,21,17.650440908958487
4839,Consumer Prepaid,22.48,27,34.13892013205535
4840,SME,48.03,32,70.58430618638334
4841,Consumer Prepaid,29.66,27,47.73640243842032
4842,SME,64.49,31,69.4757516714373
4843,Consumer Postpaid,52.3,26,2.6032649823605647
4844,Consumer Prepaid,30.14,23,92.93245985612091
4845,Consumer Prepaid,5.0,24,55.587469182671455
4846,Consumer Prepaid,28.25,28,29.685862496600713
4847,Consumer Prepaid,19.9,24,75.11811614991585
4848,Consumer Prepaid,22.32,22,10.43003229873346
4849,Consumer Postpaid,59.24,31,74.66651727668186
4850,Consumer Prepaid,10.83,31,19.210118059938928
4851,Consumer Prepaid,30.12,22,62.33080309392077
4852,Corporate,94.23,33,66.91830270396567
4853,SME,74.11,19,37.85230434632532
4854,Public Sector,90.98,25,18.723383961532946
4855,Consumer Postpaid,38.48,15,25.53434361504908
4856,Consumer Prepaid,32.93,25,39.47609857352138
4857,Consumer Prepaid,27.47,20,2.7792789967078013
4858,Consumer Prepaid,29.38,24,20.818487800854115
4859,SME,93.58,20,20.751462525023022
4860,SME,46.03,23,2.8164994016766087
4861,Consumer Postpaid,50.05,23,95.23951740639515
4862,Consumer Postpaid,26.19,28,92.17911043238652
4863,Consumer Prepaid,9.07,35,38.06764852414683
4864,SME,61.65,21,54.39696357977055
4865,Consumer Postpaid,42.46,29,57.536820217779194
4866,Consumer Prepaid,37.85,22,21.598819343575503
4867,Corporate,159.11,25,69.9198902757233
4868,Consumer Prepaid,20.18,24,94.7348996354534
4869,Consumer Prepaid,20.22,26,92.40573153600069
4870,Corporate,116.23,25,74.7268988183434
4871,Corporate,129.99,37,48.05129861917358
4872,Corporate,91.35,34,32.47950654119334
4873,Consumer Postpaid,43.67,22,60.66939634624288
4874,Consumer Postpaid,68.2,34,71.21324844725882
4875,Consumer Postpaid,59.64,19,72.84766841211328
4876,Consumer Prepaid,36.91,24,58.023382343532994
4877,SME,100.05,29,71.06705990412712
4878,Consumer Prepaid,8.56,17,22.626231926773176
4879,Corporate,226.13,33,84.17604082132918
4880,Public Sector,114.98,29,52.48483545437927
4881,Consumer Prepaid,18.87,26,65.32462153559258
4882,Consumer Prepaid,22.42,28,89.51504000902803
4883,Corporate,135.76,24,12.197443430259513
4884,Consumer Prepaid,26.96,25,22.20756999439295
4885,Consumer Postpaid,30.28,24,73.45167742737694
4886,Consumer Prepaid,21.52,26,40.60618750524041
4887,Consumer Prepaid,36.99,35,39.71469025198663
4888,Consumer Prepaid,13.51,33,66.52813932565596
4889,Consumer Postpaid,52.21,21,43.01939546012656
4890,Consumer Prepaid,32.77,29,50.995450600261414
4891,Consumer Prepaid,21.97,19,23.628770803952126
4892,Consumer Prepaid,5.0,13,43.11646483110637
4893,Consumer Postpaid,53.18,25,96.29726257427166
4894,Consumer Prepaid,18.96,23,72.84212980337776
4895,Consumer Postpaid,31.2,18,80.2765287536304
4896,Consumer Prepaid,32.89,21,14.783379456878265
4897,SME,76.47,26,23.368028441447652
4898,Consumer Prepaid,20.7,31,12.774312750901629
4899,Consumer Prepaid,38.79,26,59.19318842226031
4900,Consumer Prepaid,20.48,16,29.56492616573746
4901,Consumer Postpaid,71.97,30,51.63541626664959
4902,Consumer Prepaid,42.13,29,81.65550240405165
4903,Consumer Prepaid,24.58,24,51.93106413968722
4904,Consumer Prepaid,24.83,23,6.199993833810802
4905,Consumer Postpaid,29.4,25,63.06998066776936
4906,Consumer Prepaid,17.09,21,54.05036049978419
4907,Consumer Postpaid,61.47,17,36.823018916083186
4908,Corporate,130.45,19,33.54434065002363
4909,Public Sector,115.1,22,98.92517284795547
4910,Consumer Postpaid,78.14,17,26.834806724854964
4911,Consumer Postpaid,36.79,18,7.031659271775403
4912,Corporate,89.97,23,34.955178820334595
4913,Consumer Postpaid,60.34,30,24.221764366359245
4914,SME,58.27,19,9.442807969363553
4915,SME,59.7,26,21.71150508170857
4916,Consumer Postpaid,45.53,24,95.76094831283542
4917,SME,98.23,21,72.30089750001024
4918,Consumer Postpaid,19.94,20,38.28627966949429
4919,Consumer Prepaid,37.65,29,23.359025825436397
4920,Corporate,116.57,37,2.690415384963385
4921,SME,111.64,22,42.81790381143607
4922,SME,114.02,24,60.650086301013175
4923,SME,78.53,17,13.39366988727243
4924,Corporate,158.74,36,18.660621766203043
4925,Consumer Prepaid,26.9,27,40.23679950243623
4926,Consumer Prepaid,51.26,26,91.97646338134479
4927,SME,50.02,32,32.69124672523922
4928,Public Sector,83.94,31,20.353471792042743
4929,Corporate,130.46,23,95.33124959788029
4930,SME,64.69,20,59.88836495702912
4931,Consumer Postpaid,34.16,23,27.45646772243131
4932,Consumer Prepaid,24.63,21,30.87757763619975
4933,Public Sector,103.06,26,95.90617769846655
4934,SME,94.21,19,20.574618204608754
4935,Consumer Prepaid,17.61,21,8.698740568108853
4936,Consumer Postpaid,33.15,16,56.333125384079544
4937,Consumer Prepaid,18.37,21,4.195457129062897
4938,Consumer Prepaid,7.67,27,45.603786481445454
4939,Consumer Prepaid,20.37,25,36.35290748895772
4940,Consumer Prepaid,17.23,23,75.16162624323093
4941,Consumer Prepaid,7.23,27,25.692486505129608
4942,Consumer Postpaid,65.81,31,96.53961189814116
4943,Consumer Prepaid,5.0,25,84.14480255830603
4944,SME,56.89,22,92.15037270922942
4945,Consumer Postpaid,33.53,18,19.647165084953187
4946,Consumer Postpaid,66.37,30,3.0428535664649647
4947,SME,62.71,23,0.35664326795945556
4948,Corporate,96.6,24,97.19257966710786
4949,Corporate,150.64,33,76.08418524044703
4950,Consumer Postpaid,30.22,19,64.7887249173292
4951,SME,99.89,23,46.72323823097815
4952,Consumer Postpaid,33.54,23,28.469929509950433
4953,SME,75.01,28,58.977104565441266
4954,Consumer Prepaid,16.02,17,67.50109960860287
4955,Consumer Prepaid,24.75,17,16.957245653184195
4956,Consumer Prepaid,25.38,29,38.85194403786828
4957,Public Sector,72.95,25,49.87412795633048
4958,Consumer Prepaid,20.81,24,77.72987857132578
4959,SME,74.27,25,8.493372177151326
4960,Consumer Postpaid,41.7,21,31.419163054841803
4961,Public Sector,171.18,32,48.34435984145732
4962,Consumer Postpaid,51.05,21,16.728473929341227
4963,Corporate,192.03,30,14.823275223614175
4964,Consumer Postpaid,51.53,22,49.84778442378648
4965,SME,62.89,26,98.17944714046234
4966,Corporate,168.53,27,11.728945722547202
4967,Consumer Postpaid,56.13,24,80.31459261575446
4968,Consumer Prepaid,39.15,29,37.273142794878744
4969,Consumer Prepaid,28.94,29,46.63224639621269
4970,SME,74.58,23,30.74040996601579
4971,Corporate,119.11,35,17.46388647374615
4972,Consumer Prepaid,37.23,29,14.137505560476804
4973,Consumer Prepaid,34.26,37,76.209567058172
4974,Consumer Postpaid,38.93,29,89.73616239704609
4975,Consumer Prepaid,22.12,29,48.055912479443144
4976,Corporate,185.22,28,10.066216496344559
4977,SME,91.87,20,43.3256563689223
4978,Consumer Postpaid,49.52,17,83.69884614476463
4979,SME,102.59,16,86.81760527142883
4980,Corporate,137.86,27,42.746814551987754
4981,Corporate,197.26,19,55.02841774693387
4982,SME,83.66,28,82.5896269292096
4983,Consumer Prepaid,33.91,29,30.889760229540407
4984,Consumer Postpaid,49.27,38,57.960428782989524
4985,Consumer Prepaid,31.95,24,3.6314739335735258
4986,Public Sector,81.4,23,39.56746099587316
4987,Consumer Postpaid,65.57,18,79.04774491418569
4988,Consumer Postpaid,63.19,18,21.23795641050702
4989,Consumer Prepaid,32.38,15,99.30244401696075
4990,Public Sector,44.82,35,2.2407596479367298
4991,Corporate,110.95,33,21.970178026461205
4992,SME,83.6,22,12.202172863117477
4993,SME,45.64,29,48.45373426885524
4994,SME,68.6,22,75.69263876274805
4995,SME,67.85,21,82.81352338029582
4996,Consumer Prepaid,13.26,25,50.577787504606185
4997,SME,79.31,16,39.41308487726265
4998,Consumer Prepaid,25.44,17,30.047059452819557
4999,Public Sector,66.33,31,49.40860432311611
5000,Consumer Postpaid,38.39,23,21.66130014661839
