Ticket_ID,Incident_ID,Ticket_Created_Time,Ticket_Resolved_Time,Priority,Ticket_Category,Is_Escalated,Assigned_Team
1,1902,2025-04-07 13:10:08.072859,2025-04-07 13:19:24.668903,Medium,Configuration Change,True,Engineering
2,4365,2025-04-29 06:20:03.449292,2025-04-29 08:42:02.528889,Medium-High,Software Patch,True,Vendor
3,4190,2024-04-22 17:43:50.212575,2024-04-22 17:49:48.407631,Medium-High,Fibre Repair,False,NOC
4,1460,2024-11-28 11:56:53.822524,2024-11-28 12:10:47.911871,Medium,Route Optimization,False,Engineering
5,2314,2024-01-21 03:52:53.761607,2024-01-21 04:31:57.185974,Medium,Configuration Change,True,Engineering
6,861,2025-06-27 11:11:41.358359,2025-06-27 11:34:44.308832,High,Software Patch,False,Field Ops
7,1544,2024-11-26 20:58:32.666389,2024-11-26 21:24:09.246284,High,Emergency Maintenance,False,Engineering
8,4573,2025-09-02 00:15:21.674666,2025-09-02 01:54:57.815590,Medium,Vendor Escalation,False,Field Ops
9,2771,2025-07-13 17:06:13.633160,2025-07-13 17:53:21.053737,Medium-High,Hardware Replacement,True,Field Ops
10,1650,2024-08-01 15:02:33.278175,2024-08-01 15:10:08.758713,Medium-High,Software Patch,False,NOC
11,1403,2025-05-26 17:11:50.444250,2025-05-26 17:24:02.204409,Medium-High,Route Optimization,False,NOC
12,1002,2025-08-25 15:04:02.322452,2025-08-25 15:44:30.873485,High,Configuration Change,False,Engineering
13,3886,2025-09-30 00:54:43.157559,2025-09-30 01:22:33.340655,High,Software Patch,False,NOC
14,319,2024-09-27 20:23:45.493010,2024-09-27 21:10:10.770794,High,Route Optimization,False,Field Ops
15,4450,2024-11-17 11:12:28.439680,2024-11-17 12:51:35.709573,High,Emergency Maintenance,False,Field Ops
16,2500,2024-07-20 09:17:08.807303,2024-07-20 09:29:41.386109,Medium-High,Power Restoration,True,Engineering
17,153,2025-12-09 15:27:46.037731,2025-12-09 15:37:36.063926,Medium-High,Power Restoration,False,Engineering
18,3808,2025-09-08 10:20:04.883094,2025-09-08 10:20:36.609165,Medium,Vendor Escalation,False,Vendor
19,4672,2024-07-09 08:49:01.532248,2024-07-09 09:05:33.710552,Medium,Vendor Escalation,True,Field Ops
20,2732,2025-11-23 13:12:09.408975,2025-11-23 13:22:47.847260,Medium-High,Hardware Replacement,False,NOC
21,1149,2024-03-07 00:10:51.234616,2024-03-07 00:15:00.706253,Medium,Hardware Replacement,False,Field Ops
22,1120,2024-06-25 22:42:32.608235,2024-06-25 23:09:24.005335,High,Vendor Escalation,False,Vendor
23,2625,2024-02-18 17:22:53.452186,2024-02-18 18:01:18.262737,Medium-High,Software Patch,False,Engineering
24,1524,2024-02-14 17:51:02.149806,2024-02-14 18:05:58.413795,Medium,Software Patch,False,Vendor
25,251,2025-07-01 12:17:49.975553,2025-07-01 12:22:50.372105,Medium,Route Optimization,False,Field Ops
26,1221,2025-09-06 01:22:54.093006,2025-09-06 01:33:20.210863,Medium-High,Emergency Maintenance,False,Field Ops
27,1863,2025-03-23 11:42:32.302249,2025-03-23 12:00:21.158041,High,Fibre Repair,False,Engineering
28,945,2024-12-15 20:01:05.977856,2024-12-15 20:26:40.878029,Medium,Configuration Change,False,Field Ops
29,2601,2024-07-14 11:39:55.094488,2024-07-14 12:10:01.016385,High,Software Patch,False,Vendor
30,693,2025-11-30 20:00:17.279460,2025-11-30 20:12:39.382449,Medium,Vendor Escalation,False,Field Ops
31,1296,2025-09-13 09:10:19.257643,2025-09-13 09:12:17.931631,High,Route Optimization,False,Field Ops
32,4503,2025-08-22 08:47:28.064657,2025-08-22 09:38:18.728060,Medium-High,Configuration Change,False,Engineering
33,3652,2025-07-09 14:32:15.458409,2025-07-09 14:45:50.082707,Medium,Route Optimization,True,Vendor
34,4511,2025-12-21 05:32:01.496368,2025-12-21 05:52:29.921113,Medium-High,Configuration Change,True,NOC
35,28,2024-06-30 14:27:59.189490,2024-06-30 15:14:04.448005,Medium-High,Hardware Replacement,False,Vendor
36,1195,2024-04-09 14:57:57.180945,2024-04-09 15:14:26.815845,Medium-High,Emergency Maintenance,False,Engineering
37,3319,2024-05-30 13:52:03.026583,2024-05-30 13:55:48.997356,Medium-High,Vendor Escalation,False,Field Ops
38,1994,2024-06-05 06:15:51.633127,2024-06-05 06:21:18.140132,Medium-High,Vendor Escalation,False,NOC
39,2911,2025-06-16 16:53:24.976060,2025-06-16 16:56:40.869523,Medium,Hardware Replacement,True,Vendor
40,900,2025-10-02 19:48:11.649888,2025-10-02 19:53:42.156311,Medium-High,Configuration Change,False,Vendor
41,74,2024-08-09 18:29:13.314074,2024-08-09 19:29:52.261270,Medium-High,Emergency Maintenance,False,NOC
42,1947,2024-01-13 18:12:49.835991,2024-01-13 18:26:36.396978,Medium,Hardware Replacement,True,Field Ops
43,4707,2024-09-25 16:41:35.495359,2024-09-25 16:54:02.544385,High,Software Patch,False,Engineering
44,2624,2024-11-09 18:30:45.165183,2024-11-09 20:05:48.773806,High,Configuration Change,False,Field Ops
45,1822,2024-12-13 12:45:40.537251,2024-12-13 12:52:20.483095,Medium-High,Software Patch,False,Engineering
46,2553,2025-01-16 07:18:37.569959,2025-01-16 07:23:28.191293,Medium,Route Optimization,False,Field Ops
47,4467,2024-06-20 00:11:31.489444,2024-06-20 00:34:10.617963,High,Hardware Replacement,True,Field Ops
48,2754,2024-12-25 02:10:28.578396,2024-12-25 02:22:11.995121,Medium-High,Fibre Repair,True,Field Ops
49,4150,2024-07-15 13:21:51.951015,2024-07-15 13:34:59.917549,Medium-High,Power Restoration,False,Engineering
50,442,2024-11-28 10:27:14.839058,2024-11-28 10:39:27.924108,Medium-High,Emergency Maintenance,False,Vendor
51,3653,2025-06-12 17:22:19.134205,2025-06-12 17:23:16.152738,Medium,Fibre Repair,False,Field Ops
52,404,2025-11-08 14:38:44.406566,2025-11-08 15:28:09.497209,High,Hardware Replacement,False,Vendor
53,2071,2025-01-25 15:42:30.183922,2025-01-25 15:50:06.065026,Medium-High,Route Optimization,False,NOC
54,1400,2025-11-27 14:51:07.862099,2025-11-27 15:03:49.075883,High,Vendor Escalation,False,NOC
55,2123,2025-12-04 15:45:09.796775,2025-12-04 16:11:27.515201,Medium,Power Restoration,True,Engineering
56,198,2024-12-16 18:00:30.521820,2024-12-16 18:14:09.372506,High,Software Patch,False,Field Ops
57,2488,2025-03-28 00:12:47.870199,2025-03-28 00:15:10.817611,Medium,Power Restoration,False,Vendor
58,223,2024-06-12 17:47:16.630403,2024-06-12 17:54:09.265589,Medium-High,Hardware Replacement,False,Vendor
59,3322,2024-08-14 03:20:22.711721,2024-08-14 04:01:03.440296,Medium-High,Configuration Change,False,Vendor
60,2906,2024-03-03 17:16:19.780415,2024-03-03 17:17:50.291010,Medium,Configuration Change,False,Engineering
61,4731,2024-11-15 20:04:53.756516,2024-11-15 20:59:23.402163,Medium-High,Software Patch,False,Field Ops
62,111,2025-12-11 08:37:11.718304,2025-12-11 08:58:37.260194,High,Power Restoration,True,Field Ops
63,3166,2024-11-09 15:45:10.649488,2024-11-09 16:02:53.270128,Medium-High,Hardware Replacement,True,Vendor
64,4075,2025-11-25 17:33:22.202934,2025-11-25 18:25:44.785775,High,Emergency Maintenance,False,Vendor
65,1724,2025-03-03 09:12:03.082755,2025-03-03 09:34:07.160581,Medium-High,Hardware Replacement,False,Field Ops
66,4534,2025-11-20 17:06:18.224494,2025-11-20 17:18:38.616422,Medium,Configuration Change,False,Engineering
67,1970,2024-10-18 14:02:35.538084,2024-10-18 15:34:19.971229,Medium-High,Emergency Maintenance,False,Vendor
68,2270,2025-04-12 10:21:41.213667,2025-04-12 10:46:07.842993,Medium-High,Fibre Repair,False,NOC
69,3994,2024-04-15 13:39:54.298619,2024-04-15 13:40:19.062210,Low,Power Restoration,False,Engineering
70,4450,2024-11-17 11:10:24.314972,2024-11-17 11:44:48.053296,High,Software Patch,True,Field Ops
71,3113,2024-02-16 15:31:37.965227,2024-02-16 16:07:41.574319,Medium-High,Software Patch,False,Field Ops
72,417,2024-02-09 13:06:06.192321,2024-02-09 13:10:12.372035,Medium,Hardware Replacement,False,Field Ops
73,4109,2024-02-03 18:56:56.298723,2024-02-03 19:07:17.695085,Medium,Configuration Change,False,Field Ops
74,4560,2025-07-17 20:29:49.728125,2025-07-17 20:32:38.449944,Medium,Fibre Repair,True,Field Ops
75,281,2024-05-12 17:50:29.894598,2024-05-12 17:51:01.679216,Medium-High,Vendor Escalation,False,NOC
76,1903,2025-01-11 18:45:29.881494,2025-01-11 18:51:46.800989,Medium-High,Vendor Escalation,False,Field Ops
77,60,2025-12-09 16:20:30.516154,2025-12-09 16:42:12.716487,High,Fibre Repair,False,NOC
78,2644,2025-03-27 09:15:30.576974,2025-03-27 09:27:42.671664,Medium-High,Power Restoration,False,Field Ops
79,2947,2024-03-10 12:19:20.539662,2024-03-10 12:30:31.841656,Low,Software Patch,True,Vendor
80,1795,2025-01-29 11:58:03.746224,2025-01-29 12:01:59.096263,Medium,Route Optimization,False,Engineering
81,3512,2025-01-13 02:54:23.847061,2025-01-13 03:29:00.353841,Medium-High,Vendor Escalation,True,Engineering
82,4150,2024-07-15 13:47:19.043115,2024-07-15 13:55:01.336293,Medium-High,Software Patch,False,Field Ops
83,4688,2024-06-30 09:01:23.235428,2024-06-30 09:23:35.264160,Medium-High,Power Restoration,True,Field Ops
84,1926,2025-03-09 10:37:54.225133,2025-03-09 10:50:54.874476,Medium-High,Software Patch,False,NOC
85,2098,2024-12-28 15:08:59.633335,2024-12-28 15:14:00.853511,Medium-High,Software Patch,False,Engineering
86,1245,2025-12-14 11:07:40.296096,2025-12-14 12:12:54.345320,High,Power Restoration,False,Vendor
87,1154,2025-02-27 05:34:05.297724,2025-02-27 05:37:01.483518,Medium-High,Software Patch,False,Field Ops
88,3891,2024-08-22 09:11:24.585916,2024-08-22 10:16:05.515349,Medium-High,Power Restoration,False,Field Ops
89,4405,2024-06-17 00:55:21.988388,2024-06-17 01:09:15.601818,Medium-High,Vendor Escalation,False,Vendor
90,70,2025-05-12 12:03:29.012357,2025-05-12 12:20:00.571069,Medium,Configuration Change,False,Engineering
91,4546,2024-09-01 13:46:57.861569,2024-09-01 14:24:50.340952,High,Configuration Change,False,NOC
92,4770,2025-06-29 14:10:04.449128,2025-06-29 14:45:47.908751,High,Fibre Repair,False,Vendor
93,2329,2024-11-01 23:50:42.191859,2024-11-01 23:51:32.850713,High,Configuration Change,False,Engineering
94,657,2025-02-08 16:45:20.211054,2025-02-08 16:56:59.619209,Medium,Route Optimization,True,Vendor
95,918,2025-08-21 10:21:20.483589,2025-08-21 11:32:21.714965,High,Software Patch,True,Engineering
96,199,2024-07-17 09:50:32.028406,2024-07-17 10:12:19.711715,Medium,Power Restoration,True,Field Ops
97,619,2024-01-22 20:10:04.577606,2024-01-22 20:16:06.556989,Medium,Hardware Replacement,False,Field Ops
98,4031,2024-09-14 10:53:49.156214,2024-09-14 10:54:46.822752,Medium,Emergency Maintenance,False,Vendor
99,306,2024-01-13 10:01:26.506106,2024-01-13 10:07:55.295937,Medium,Emergency Maintenance,False,Vendor
100,2452,2024-04-25 16:00:29.801100,2024-04-25 16:08:19.778478,Medium-High,Power Restoration,False,Field Ops
101,181,2024-10-30 00:26:49.561973,2024-10-30 00:48:56.396001,Medium-High,Power Restoration,False,Field Ops
102,2266,2024-04-11 09:57:24.364079,2024-04-11 10:24:12.123389,High,Power Restoration,False,Vendor
103,98,2024-05-27 12:56:37.234857,2024-05-27 13:36:36.454784,High,Fibre Repair,False,NOC
104,3430,2025-08-29 15:50:18.025419,2025-08-29 15:53:06.509295,Medium-High,Emergency Maintenance,True,Field Ops
105,2959,2025-12-10 16:31:02.929989,2025-12-10 16:34:58.441587,Medium-High,Software Patch,False,Vendor
106,2881,2024-08-28 23:07:18.124056,2024-08-28 23:12:40.508315,Medium,Hardware Replacement,False,NOC
107,527,2025-03-28 17:09:29.532976,2025-03-28 17:21:43.856934,Medium-High,Emergency Maintenance,False,Vendor
108,4501,2024-08-01 00:07:35.181428,2024-08-01 00:14:49.474273,Medium-High,Fibre Repair,False,Vendor
109,579,2025-10-15 20:45:49.354796,2025-10-15 20:55:04.173426,Medium,Hardware Replacement,False,Field Ops
110,2818,2024-08-17 11:19:57.636537,2024-08-17 12:10:26.969187,Medium-High,Vendor Escalation,False,Field Ops
111,1646,2025-02-14 17:40:53.486730,2025-02-14 17:51:51.207839,High,Route Optimization,False,Field Ops
112,2930,2024-12-22 16:22:55.598852,2024-12-22 16:28:58.797627,High,Hardware Replacement,False,Field Ops
113,1702,2024-06-02 12:57:06.609596,2024-06-02 15:27:04.523259,High,Hardware Replacement,False,NOC
114,3006,2025-05-30 06:49:36.713986,2025-05-30 06:50:22.943800,Medium-High,Hardware Replacement,False,NOC
115,4183,2025-11-05 14:02:02.905834,2025-11-05 14:49:45.028002,Medium-High,Configuration Change,True,NOC
116,3724,2025-04-11 19:07:26.656287,2025-04-11 19:19:43.275816,Medium,Hardware Replacement,True,NOC
117,1017,2025-06-17 18:28:21.229119,2025-06-17 18:33:22.215277,Medium,Fibre Repair,False,NOC
118,4409,2025-12-23 08:34:45.987650,2025-12-23 08:57:46.720494,High,Vendor Escalation,False,Vendor
119,2346,2025-04-29 10:51:38.187165,2025-04-29 11:03:53.579873,Medium-High,Emergency Maintenance,False,Field Ops
120,2756,2025-01-09 12:16:01.697365,2025-01-09 13:05:03.449322,High,Vendor Escalation,True,Engineering
121,3159,2024-10-26 14:49:09.695789,2024-10-26 15:45:24.872928,High,Emergency Maintenance,False,Engineering
122,3982,2025-05-27 17:05:13.694792,2025-05-27 17:11:45.063420,Medium-High,Emergency Maintenance,False,NOC
123,161,2024-10-06 15:53:22.228134,2024-10-06 16:04:36.154357,Medium,Emergency Maintenance,False,Engineering
124,4256,2024-09-12 05:22:43.827778,2024-09-12 05:51:01.628522,High,Power Restoration,False,NOC
125,1156,2024-09-14 14:40:25.625859,2024-09-14 15:18:40.821268,Medium-High,Configuration Change,False,Engineering
126,1761,2025-10-07 08:14:18.240765,2025-10-07 08:21:28.829536,Medium,Route Optimization,False,Engineering
127,2342,2025-09-26 16:45:04.694242,2025-09-26 17:10:45.840480,High,Emergency Maintenance,False,Vendor
128,4382,2025-11-05 22:25:31.993122,2025-11-05 22:38:19.552480,Medium,Route Optimization,False,NOC
129,3562,2025-02-09 21:09:10.306305,2025-02-09 22:12:03.409741,Medium-High,Route Optimization,False,NOC
130,4645,2025-06-08 03:43:21.618578,2025-06-08 04:46:33.089705,Medium-High,Vendor Escalation,False,Vendor
131,635,2025-12-24 01:57:36.784765,2025-12-24 02:13:16.194292,Medium-High,Hardware Replacement,False,NOC
132,1694,2025-11-09 15:30:38.284747,2025-11-09 16:13:42.493229,High,Emergency Maintenance,False,Vendor
133,2721,2024-06-12 11:14:34.355286,2024-06-12 11:16:40.432494,Medium,Configuration Change,False,Engineering
134,2294,2024-09-01 06:47:30.091953,2024-09-01 06:49:13.304303,High,Vendor Escalation,False,NOC
135,4597,2024-11-03 13:40:57.020750,2024-11-03 14:32:00.510898,High,Emergency Maintenance,False,NOC
136,4819,2025-04-17 20:27:23.568143,2025-04-17 20:51:35.543378,High,Power Restoration,True,Vendor
137,2556,2024-02-19 06:48:29.891594,2024-02-19 07:34:24.399078,High,Route Optimization,False,Field Ops
138,961,2025-06-29 19:11:26.340605,2025-06-29 19:40:28.376992,High,Software Patch,False,NOC
139,3910,2024-07-15 16:16:14.300790,2024-07-15 16:16:44.927178,Medium-High,Emergency Maintenance,False,Vendor
140,918,2025-08-21 10:36:53.369597,2025-08-21 13:13:58.342793,High,Software Patch,False,Engineering
141,3247,2024-04-18 12:29:33.293741,2024-04-18 13:06:14.362634,Medium,Route Optimization,False,Engineering
142,3393,2025-09-21 11:07:39.944429,2025-09-21 11:28:10.387897,Medium,Configuration Change,False,Engineering
143,3294,2024-08-02 07:15:45.229173,2024-08-02 07:20:54.663078,High,Configuration Change,False,Vendor
144,2008,2024-02-06 17:57:05.726067,2024-02-06 18:12:45.218422,Medium-High,Route Optimization,False,Field Ops
145,62,2025-02-21 14:21:38.632284,2025-02-21 14:49:15.470848,High,Emergency Maintenance,False,NOC
146,1729,2025-02-07 10:47:00.195751,2025-02-07 10:52:10.434800,Medium,Fibre Repair,False,Vendor
147,3147,2025-10-24 11:03:20.981624,2025-10-24 11:04:17.848183,Medium,Vendor Escalation,False,Vendor
148,705,2024-06-11 11:11:35.102957,2024-06-11 11:33:53.269438,Medium-High,Route Optimization,False,Vendor
149,2154,2025-03-23 03:41:37.635354,2025-03-23 04:27:44.955028,Medium-High,Vendor Escalation,False,Field Ops
150,4200,2024-05-14 19:59:52.374498,2024-05-14 20:00:53.326678,Medium,Emergency Maintenance,True,NOC
151,89,2024-12-19 00:11:28.133117,2024-12-19 00:30:18.647037,High,Hardware Replacement,False,Field Ops
152,4178,2025-11-19 12:40:18.721517,2025-11-19 12:46:34.451672,Medium,Hardware Replacement,True,Engineering
153,4390,2025-03-25 09:55:03.906586,2025-03-25 10:18:12.973835,Medium-High,Software Patch,False,NOC
154,1937,2024-06-05 10:21:44.030160,2024-06-05 13:12:32.393666,High,Configuration Change,True,NOC
155,424,2025-01-22 16:25:36.521331,2025-01-22 16:25:51.450702,Medium,Hardware Replacement,False,Engineering
156,1501,2024-06-10 13:27:30.386118,2024-06-10 13:27:56.209468,Medium,Vendor Escalation,False,Field Ops
157,3680,2025-07-17 10:02:16.197368,2025-07-17 10:15:07.574036,Medium,Software Patch,False,NOC
158,3886,2025-09-30 00:55:04.631349,2025-09-30 01:58:38.502713,High,Hardware Replacement,False,NOC
159,3471,2024-09-20 13:24:42.374399,2024-09-20 14:28:07.741261,Medium-High,Vendor Escalation,False,Field Ops
160,2973,2024-09-24 20:11:46.685985,2024-09-24 20:24:16.116988,Medium,Power Restoration,False,NOC
161,4772,2025-07-18 21:07:59.360608,2025-07-18 21:19:25.795842,Medium-High,Power Restoration,False,NOC
162,3323,2024-08-25 01:37:41.132302,2024-08-25 01:49:24.354602,High,Hardware Replacement,False,Vendor
163,1117,2025-01-11 08:29:18.335050,2025-01-11 08:49:52.289173,Medium-High,Software Patch,False,Engineering
164,163,2025-01-25 19:10:39.246274,2025-01-25 19:11:37.729035,Medium-High,Software Patch,False,Engineering
165,4745,2024-04-22 04:03:01.716843,2024-04-22 04:26:27.098976,High,Hardware Replacement,False,Field Ops
166,3009,2025-05-02 09:40:30.825745,2025-05-02 10:41:54.441309,Medium-High,Power Restoration,True,Engineering
167,1718,2024-11-17 18:37:45.081862,2024-11-17 18:52:50.309668,Medium-High,Hardware Replacement,False,NOC
168,3153,2024-04-27 17:31:22.816995,2024-04-27 17:49:39.953900,High,Emergency Maintenance,False,Engineering
169,4377,2024-01-20 13:36:33.899318,2024-01-20 14:05:51.315349,High,Emergency Maintenance,False,Field Ops
170,1782,2024-02-06 16:14:32.515155,2024-02-06 16:30:57.279519,Medium,Hardware Replacement,False,Vendor
171,4389,2025-05-07 10:18:56.238222,2025-05-07 10:22:58.818929,Medium,Vendor Escalation,False,NOC
172,575,2025-06-27 11:01:57.751599,2025-06-27 11:46:23.876183,Medium,Vendor Escalation,False,NOC
173,205,2024-05-08 14:31:39.821362,2024-05-08 14:32:28.490017,Low,Fibre Repair,False,Engineering
174,4771,2024-01-08 22:48:56.035669,2024-01-08 23:24:42.741624,Medium-High,Route Optimization,False,Engineering
175,4747,2025-03-20 14:42:53.992466,2025-03-20 15:06:39.897586,Medium-High,Emergency Maintenance,False,Field Ops
176,3066,2025-03-07 13:25:41.311052,2025-03-07 13:31:16.470773,Medium,Configuration Change,True,Vendor
177,1780,2024-01-08 01:57:31.749805,2024-01-08 02:23:13.764045,High,Configuration Change,False,Vendor
178,4976,2024-07-20 07:25:54.620218,2024-07-20 08:02:04.860079,High,Route Optimization,True,Engineering
179,1130,2024-01-16 05:32:57.020652,2024-01-16 05:43:47.865016,High,Vendor Escalation,False,NOC
180,472,2025-03-15 07:23:37.594887,2025-03-15 07:25:36.890288,High,Fibre Repair,False,Field Ops
181,4091,2025-12-07 10:08:13.947501,2025-12-07 10:11:34.352936,Medium-High,Route Optimization,True,Vendor
182,1893,2024-04-22 11:20:56.463454,2024-04-22 11:33:56.110503,Medium-High,Power Restoration,False,Vendor
183,390,2025-04-26 18:08:19.119174,2025-04-26 18:30:30.910253,Medium-High,Power Restoration,False,Engineering
184,4158,2024-09-01 15:25:20.450880,2024-09-01 16:04:39.084344,Medium-High,Configuration Change,False,Vendor
185,3321,2024-02-09 15:43:32.603431,2024-02-10 01:01:32.603431,High,Configuration Change,False,NOC
186,3509,2024-10-10 08:46:56.924575,2024-10-10 08:58:23.912741,High,Software Patch,False,NOC
187,145,2024-05-26 06:01:59.588426,2024-05-26 06:09:17.210369,Medium-High,Vendor Escalation,False,Engineering
188,820,2024-10-20 22:30:39.140453,2024-10-20 23:24:45.359849,High,Vendor Escalation,False,Engineering
189,4915,2024-10-17 22:47:37.499449,2024-10-17 22:51:32.813487,Medium,Route Optimization,False,NOC
190,3936,2025-03-18 07:29:35.888210,2025-03-18 09:14:36.596517,High,Fibre Repair,False,Engineering
191,4686,2024-05-06 14:10:50.891799,2024-05-06 16:13:56.782361,Medium-High,Software Patch,False,Vendor
192,1525,2025-07-29 13:50:40.954597,2025-07-29 13:56:40.591317,Medium,Configuration Change,False,Field Ops
193,4381,2024-08-10 17:31:04.116625,2024-08-10 18:27:25.481177,High,Configuration Change,False,Vendor
194,3822,2024-04-11 14:18:33.936533,2024-04-11 15:07:01.248099,Medium-High,Vendor Escalation,False,Field Ops
195,4984,2024-04-21 01:57:03.265074,2024-04-21 02:01:24.495767,Medium,Emergency Maintenance,True,NOC
196,3492,2024-01-22 04:47:00.669118,2024-01-22 05:00:01.308991,Medium-High,Hardware Replacement,False,Field Ops
197,766,2025-12-21 07:51:45.734084,2025-12-21 07:53:50.456895,Medium-High,Configuration Change,False,Vendor
198,2009,2025-04-25 04:11:21.301038,2025-04-25 05:28:33.796446,High,Power Restoration,False,Engineering
199,152,2024-04-07 17:10:31.757515,2024-04-07 19:11:05.256669,High,Route Optimization,False,Engineering
200,4852,2025-11-16 19:58:37.127307,2025-11-16 20:05:36.266480,Medium-High,Fibre Repair,False,Engineering
201,3154,2025-03-26 03:41:06.416392,2025-03-26 04:19:31.737759,High,Configuration Change,False,Vendor
202,4020,2025-10-16 09:54:58.115016,2025-10-16 09:58:00.844113,High,Emergency Maintenance,False,Field Ops
203,2933,2025-05-10 00:14:06.999678,2025-05-10 01:17:00.069566,Medium-High,Power Restoration,False,NOC
204,56,2025-08-03 14:44:08.123133,2025-08-03 15:13:24.992639,High,Power Restoration,False,NOC
205,4336,2024-08-26 09:39:47.070383,2024-08-26 09:40:00.165271,Medium-High,Route Optimization,False,NOC
206,1221,2025-09-06 01:54:55.309593,2025-09-06 02:03:13.915633,Medium-High,Software Patch,False,Vendor
207,45,2025-11-28 15:40:36.125902,2025-11-28 15:46:11.859045,Medium-High,Power Restoration,True,Field Ops
208,159,2025-12-19 19:56:20.102614,2025-12-19 20:36:14.164841,High,Software Patch,False,Engineering
209,1011,2024-08-08 16:27:54.980681,2024-08-08 17:07:08.141952,High,Configuration Change,False,Engineering
210,153,2025-12-09 15:45:10.316433,2025-12-09 15:54:46.113794,Medium-High,Software Patch,False,Vendor
211,4045,2025-06-28 11:34:03.809649,2025-06-28 11:38:52.774495,Medium-High,Fibre Repair,True,Vendor
212,2776,2024-10-17 12:29:15.938566,2024-10-17 14:28:15.938566,Medium-High,Configuration Change,False,Field Ops
213,300,2024-10-26 12:39:15.296295,2024-10-26 12:49:40.254737,Medium-High,Software Patch,False,Engineering
214,4891,2024-01-02 23:25:40.493875,2024-01-03 01:52:29.755719,High,Software Patch,False,Field Ops
215,3620,2025-08-17 13:48:01.615967,2025-08-17 13:55:14.348946,High,Configuration Change,False,Vendor
216,1008,2025-02-15 17:36:41.088677,2025-02-15 18:57:21.961396,High,Power Restoration,False,Vendor
217,2155,2024-03-25 02:11:41.729120,2024-03-25 02:12:46.265103,Medium,Route Optimization,False,Field Ops
218,4368,2024-12-19 11:17:33.611045,2024-12-19 12:16:38.027056,High,Software Patch,False,Vendor
219,2136,2024-07-08 14:36:25.464744,2024-07-08 14:46:07.715954,Medium-High,Fibre Repair,False,Engineering
220,3139,2025-08-24 00:16:41.086800,2025-08-24 00:20:36.884055,Medium,Emergency Maintenance,False,Field Ops
221,1197,2025-06-29 13:35:57.506223,2025-06-29 13:52:08.272178,Medium-High,Power Restoration,False,NOC
222,1245,2025-12-14 11:22:08.603601,2025-12-14 13:10:39.608752,High,Vendor Escalation,False,NOC
223,1978,2025-06-14 17:31:50.294825,2025-06-14 17:32:20.367841,Medium-High,Emergency Maintenance,False,NOC
224,3896,2024-08-30 10:36:37.160068,2024-08-30 10:48:16.128222,Medium-High,Vendor Escalation,True,Vendor
225,2628,2024-04-14 11:42:43.591048,2024-04-14 12:28:11.116779,High,Fibre Repair,False,Vendor
226,3107,2024-10-23 13:12:21.093564,2024-10-23 13:46:34.428357,High,Power Restoration,False,Vendor
227,2405,2025-06-25 19:02:31.395494,2025-06-25 19:23:14.058347,Medium-High,Emergency Maintenance,False,Field Ops
228,1043,2025-08-30 23:59:13.215813,2025-08-31 00:30:44.329678,Medium,Power Restoration,False,NOC
229,626,2024-07-04 11:48:29.105949,2024-07-04 12:56:29.170711,Medium-High,Hardware Replacement,False,Engineering
230,203,2025-08-19 19:06:35.342991,2025-08-19 19:58:35.426224,Medium-High,Software Patch,False,Engineering
231,3365,2025-02-24 21:12:22.250473,2025-02-24 21:22:36.480430,Medium-High,Route Optimization,False,Field Ops
232,1019,2024-11-17 00:59:50.471046,2024-11-17 01:13:22.367999,Medium-High,Software Patch,True,NOC
233,4213,2024-07-11 17:07:14.059432,2024-07-11 21:14:14.059432,High,Hardware Replacement,False,Field Ops
234,4373,2025-03-05 23:36:18.233455,2025-03-05 23:47:48.543885,Medium,Power Restoration,False,Vendor
235,3286,2024-10-16 08:44:03.627841,2024-10-16 09:05:25.917151,High,Vendor Escalation,False,Engineering
236,4897,2024-03-07 10:10:43.443409,2024-03-07 10:50:56.723796,High,Fibre Repair,False,Field Ops
237,2044,2025-03-28 02:00:32.635535,2025-03-28 02:03:23.099874,Medium,Software Patch,False,NOC
238,4024,2025-05-31 01:49:12.177498,2025-05-31 01:57:42.899754,Medium,Emergency Maintenance,True,NOC
239,1858,2025-01-17 11:40:19.680221,2025-01-17 11:56:22.581915,Medium-High,Hardware Replacement,False,NOC
240,1197,2025-06-29 13:05:05.326240,2025-06-29 13:39:58.654399,Medium-High,Configuration Change,False,NOC
241,4353,2025-09-14 03:19:18.234833,2025-09-14 03:36:00.170968,Medium-High,Software Patch,True,NOC
242,1924,2024-08-11 14:28:02.319309,2024-08-11 15:12:38.309190,High,Vendor Escalation,False,Field Ops
243,3616,2024-09-22 13:44:57.679235,2024-09-22 13:46:45.936226,Medium,Emergency Maintenance,True,Vendor
244,3268,2025-10-10 13:03:45.849206,2025-10-10 13:16:23.882620,Medium-High,Vendor Escalation,False,Engineering
245,526,2025-08-29 08:43:58.169529,2025-08-29 09:07:22.804551,Medium-High,Configuration Change,False,NOC
246,4053,2025-10-23 10:07:20.824283,2025-10-23 10:36:32.141932,Medium,Fibre Repair,False,Field Ops
247,625,2024-09-09 07:30:52.912141,2024-09-09 07:34:54.541723,High,Power Restoration,True,Engineering
248,3572,2025-11-25 09:12:11.818530,2025-11-25 09:17:22.648135,High,Hardware Replacement,False,Vendor
249,214,2025-09-15 19:12:52.683590,2025-09-15 19:48:05.860156,Medium-High,Hardware Replacement,False,Field Ops
250,1075,2025-10-29 18:52:02.476239,2025-10-29 19:15:30.976476,Medium-High,Route Optimization,False,Vendor
251,1796,2025-09-20 08:50:24.196569,2025-09-20 08:51:04.723843,Medium,Software Patch,False,NOC
252,494,2024-12-15 06:48:47.675241,2024-12-15 06:52:40.890332,Medium-High,Emergency Maintenance,False,NOC
253,3699,2024-12-26 09:51:10.776558,2024-12-26 10:44:03.160048,High,Fibre Repair,False,Engineering
254,2771,2025-07-13 17:06:49.337998,2025-07-13 17:32:01.485017,Medium-High,Vendor Escalation,False,NOC
255,4942,2024-10-30 10:45:17.014968,2024-10-30 10:53:59.620683,High,Hardware Replacement,False,Engineering
256,4956,2024-01-09 07:26:04.450874,2024-01-09 08:51:21.419667,High,Software Patch,False,Vendor
257,1372,2024-08-28 06:25:34.650412,2024-08-28 06:28:38.764804,Medium,Fibre Repair,False,NOC
258,2626,2025-09-25 11:52:13.004108,2025-09-25 11:56:14.163588,Medium,Power Restoration,False,Vendor
259,4422,2025-10-15 08:12:00.399224,2025-10-15 08:17:03.133134,Medium-High,Emergency Maintenance,False,Vendor
260,3337,2025-03-25 12:56:08.573307,2025-03-25 13:12:04.578269,Medium,Route Optimization,False,Field Ops
261,2844,2025-07-22 18:21:54.722056,2025-07-22 18:39:46.316992,High,Vendor Escalation,False,Field Ops
262,2280,2025-09-08 11:08:42.753995,2025-09-08 11:14:26.035636,Medium,Fibre Repair,False,Engineering
263,4653,2025-09-17 17:19:49.447013,2025-09-17 17:42:43.986894,High,Hardware Replacement,False,Field Ops
264,2635,2025-09-30 12:11:53.238909,2025-09-30 12:21:02.461984,Medium,Vendor Escalation,False,Vendor
265,3571,2025-04-14 02:28:39.098221,2025-04-14 02:53:58.463314,High,Software Patch,False,NOC
266,458,2024-09-30 12:40:13.370781,2024-09-30 12:48:06.062007,High,Fibre Repair,False,Field Ops
267,2611,2024-07-24 17:02:00.894228,2024-07-24 18:18:36.249243,High,Power Restoration,False,Vendor
268,1061,2024-06-09 21:17:16.679676,2024-06-09 22:03:24.986488,High,Vendor Escalation,False,Field Ops
269,4068,2025-03-27 08:45:39.475616,2025-03-27 08:50:17.077493,Medium-High,Power Restoration,True,Engineering
270,878,2025-09-09 14:47:27.369891,2025-09-09 14:54:41.714898,Medium,Hardware Replacement,False,NOC
271,4343,2025-01-30 10:08:25.480869,2025-01-30 10:10:29.600003,Medium,Vendor Escalation,False,Field Ops
272,888,2024-12-09 12:07:37.975529,2024-12-09 12:09:41.820198,Medium,Software Patch,True,Vendor
273,683,2024-05-20 21:38:15.972004,2024-05-20 22:07:34.835072,Medium-High,Route Optimization,False,Vendor
274,1583,2024-11-27 16:56:34.304185,2024-11-27 17:01:05.927544,Medium,Vendor Escalation,False,Field Ops
275,3281,2024-08-10 18:00:53.942371,2024-08-10 18:15:24.121107,Medium,Software Patch,False,NOC
276,289,2024-08-08 16:57:32.159186,2024-08-08 17:34:23.436889,High,Configuration Change,False,NOC
277,624,2025-08-14 13:25:31.818824,2025-08-14 13:47:24.475543,Medium-High,Fibre Repair,False,NOC
278,2588,2025-01-26 05:29:00.727932,2025-01-26 06:05:11.187773,High,Fibre Repair,False,Field Ops
279,2158,2024-10-04 16:12:05.047356,2024-10-04 16:37:13.572938,Medium-High,Power Restoration,False,Engineering
280,1863,2025-03-23 11:37:52.794161,2025-03-23 11:55:09.343071,High,Software Patch,True,Field Ops
281,2438,2025-11-05 23:31:46.627304,2025-11-05 23:56:43.606535,High,Software Patch,False,Vendor
282,2706,2024-02-26 11:01:09.397254,2024-02-26 11:09:23.491183,Medium-High,Emergency Maintenance,False,NOC
283,4249,2024-11-10 00:07:16.939390,2024-11-10 00:25:38.344321,Medium-High,Fibre Repair,True,Vendor
284,3702,2025-11-22 08:21:02.778916,2025-11-22 08:21:36.442242,Medium-High,Power Restoration,False,NOC
285,4786,2025-12-10 16:47:22.605778,2025-12-10 16:47:52.387266,Medium,Fibre Repair,False,Vendor
286,1280,2025-09-11 14:05:39.826236,2025-09-11 14:57:33.922197,High,Route Optimization,False,NOC
287,3095,2024-07-25 08:15:25.386320,2024-07-25 08:25:55.772752,Medium-High,Route Optimization,True,Vendor
288,2601,2024-07-14 11:48:45.087808,2024-07-14 12:47:15.176270,High,Power Restoration,True,Vendor
289,3702,2025-11-22 08:18:56.478581,2025-11-22 08:21:20.226398,Medium-High,Emergency Maintenance,False,Engineering
290,3334,2024-03-17 21:26:22.884293,2024-03-17 21:50:31.289320,Medium-High,Route Optimization,True,Vendor
291,4848,2025-09-02 01:38:28.113139,2025-09-02 02:13:53.123060,Medium,Software Patch,False,Engineering
292,1042,2025-07-05 17:28:37.646053,2025-07-05 17:40:44.236006,Medium-High,Vendor Escalation,False,Engineering
293,4853,2025-09-08 13:16:55.817669,2025-09-08 13:32:30.626768,Medium-High,Vendor Escalation,False,NOC
294,2937,2025-12-07 12:33:32.169977,2025-12-07 12:46:27.909859,Medium-High,Route Optimization,False,Field Ops
295,1130,2024-01-16 05:35:04.288666,2024-01-16 06:11:30.441774,High,Hardware Replacement,False,Field Ops
296,4741,2025-07-10 16:22:54.209235,2025-07-10 16:29:32.364626,Medium,Configuration Change,False,Field Ops
297,4122,2025-05-23 12:09:11.568044,2025-05-23 12:14:11.771050,High,Software Patch,False,NOC
298,3804,2024-02-15 00:48:33.311425,2024-02-15 00:56:18.242150,Low,Configuration Change,False,Vendor
299,2762,2025-09-04 17:36:50.755957,2025-09-04 17:43:09.672683,Medium-High,Software Patch,True,Field Ops
300,669,2024-07-03 09:39:05.732312,2024-07-03 09:43:07.187220,Medium,Power Restoration,False,Field Ops
301,2749,2024-10-23 22:33:05.467903,2024-10-23 22:35:38.110948,Medium,Configuration Change,False,Engineering
302,3473,2024-05-01 17:05:53.668445,2024-05-01 17:25:37.998891,Medium,Route Optimization,False,Vendor
303,1244,2024-09-28 05:15:39.788211,2024-09-28 06:08:54.014701,Medium-High,Route Optimization,True,Vendor
304,4036,2024-04-03 15:34:17.920517,2024-04-03 15:44:04.195526,Medium,Hardware Replacement,True,Vendor
305,3959,2024-07-20 09:21:09.766601,2024-07-20 09:45:41.481442,Medium-High,Vendor Escalation,False,Vendor
306,3747,2024-03-05 15:23:00.749441,2024-03-05 15:29:49.893582,Medium,Emergency Maintenance,True,Field Ops
307,4405,2024-06-17 01:46:17.247738,2024-06-17 01:58:12.004247,Medium-High,Fibre Repair,False,Field Ops
308,4446,2025-05-24 03:52:26.430617,2025-05-24 03:56:09.183177,High,Vendor Escalation,True,Field Ops
309,1803,2025-08-02 07:10:42.502493,2025-08-02 07:16:06.903739,Medium-High,Fibre Repair,False,NOC
310,3242,2024-03-23 15:01:44.231307,2024-03-23 17:25:14.000241,High,Software Patch,False,Field Ops
311,4063,2025-07-12 05:06:05.679112,2025-07-12 05:10:28.011341,Medium-High,Vendor Escalation,False,Engineering
312,291,2025-07-30 05:39:02.094105,2025-07-30 06:30:21.263545,High,Route Optimization,False,NOC
313,746,2025-10-27 15:00:13.670289,2025-10-27 15:01:50.545524,Medium,Fibre Repair,True,NOC
314,3018,2024-02-23 15:36:05.318544,2024-02-23 15:36:35.166092,Medium,Configuration Change,False,Engineering
315,2072,2024-09-05 13:16:24.807907,2024-09-05 17:22:24.807907,High,Route Optimization,False,NOC
316,933,2024-05-13 02:08:08.871657,2024-05-13 02:29:01.163090,Medium-High,Software Patch,False,Engineering
317,2175,2025-12-02 13:50:42.867860,2025-12-02 13:54:23.485293,Medium-High,Hardware Replacement,True,NOC
318,2326,2025-12-23 13:07:32.791319,2025-12-23 13:20:11.390848,Medium-High,Vendor Escalation,False,NOC
319,810,2024-09-05 05:31:33.311608,2024-09-05 06:32:12.018231,High,Route Optimization,False,NOC
320,4792,2025-06-27 10:29:57.870545,2025-06-27 10:43:03.618927,Medium,Fibre Repair,False,Field Ops
321,1258,2025-04-29 14:33:43.431105,2025-04-29 14:49:18.855877,Medium-High,Power Restoration,False,Field Ops
322,332,2024-12-07 09:56:25.156095,2024-12-07 09:56:33.007159,Medium,Software Patch,False,Vendor
323,3347,2024-10-07 17:05:42.532988,2024-10-07 18:21:22.330915,Medium-High,Software Patch,False,Field Ops
324,2119,2025-02-15 16:18:58.791008,2025-02-15 17:02:00.086802,Medium-High,Configuration Change,False,Engineering
325,4870,2025-05-23 23:12:23.703657,2025-05-23 23:14:58.260179,Medium,Software Patch,True,NOC
326,1133,2025-06-18 16:50:54.383071,2025-06-18 16:54:18.003397,Medium,Software Patch,True,Vendor
327,3637,2024-04-14 12:41:28.040016,2024-04-14 13:30:30.622168,Medium-High,Vendor Escalation,False,Field Ops
328,2326,2025-12-23 13:07:34.799291,2025-12-23 13:25:22.522086,Medium-High,Power Restoration,False,Engineering
329,2765,2024-02-19 08:59:03.577918,2024-02-19 09:49:52.595205,High,Software Patch,False,Engineering
330,253,2024-02-01 11:13:39.848064,2024-02-01 11:20:53.687483,Medium-High,Vendor Escalation,False,Vendor
331,2627,2024-08-04 10:41:32.558301,2024-08-04 10:59:27.351029,High,Fibre Repair,False,Field Ops
332,1203,2024-04-28 15:56:05.055738,2024-04-28 16:07:39.512846,Medium-High,Vendor Escalation,False,Engineering
333,3312,2024-07-27 08:35:49.930870,2024-07-27 08:54:39.024280,Medium-High,Configuration Change,False,Engineering
334,1033,2024-01-25 08:23:37.558047,2024-01-25 08:40:12.117062,Medium-High,Emergency Maintenance,False,NOC
335,2004,2025-12-21 11:48:55.698528,2025-12-21 12:04:30.599933,Medium-High,Fibre Repair,True,Field Ops
336,4004,2025-02-04 12:47:27.546927,2025-02-04 12:57:37.509495,Medium-High,Fibre Repair,False,Vendor
337,771,2024-10-25 15:31:26.237717,2024-10-25 15:58:41.484039,High,Route Optimization,True,NOC
338,4056,2025-11-05 08:04:02.169197,2025-11-05 08:19:41.739096,Medium,Power Restoration,False,Field Ops
339,843,2024-02-29 14:47:12.875174,2024-02-29 16:10:47.413189,High,Configuration Change,True,NOC
340,2834,2024-09-16 22:10:21.703069,2024-09-16 22:22:23.479341,Medium-High,Power Restoration,False,Vendor
341,4319,2025-07-09 10:56:21.765529,2025-07-09 11:32:59.734038,Medium-High,Fibre Repair,False,NOC
342,2391,2024-09-25 10:34:56.360344,2024-09-25 10:35:17.157294,Medium,Fibre Repair,False,Field Ops
343,880,2024-01-23 15:47:38.906089,2024-01-23 16:01:52.776414,Medium,Power Restoration,True,Engineering
344,715,2025-01-03 17:00:52.572517,2025-01-03 17:23:24.284810,Medium,Vendor Escalation,False,NOC
345,4232,2024-12-28 10:26:28.385906,2024-12-28 10:32:53.652572,Medium-High,Fibre Repair,False,NOC
346,3416,2024-05-19 20:08:32.918018,2024-05-19 20:21:53.746793,High,Fibre Repair,False,NOC
347,4210,2024-11-18 18:52:31.499484,2024-11-18 19:09:30.043896,Medium,Hardware Replacement,False,Engineering
348,1547,2025-03-30 17:56:13.445156,2025-03-30 18:05:18.405585,Medium,Configuration Change,False,Vendor
349,3354,2024-07-20 17:46:35.895688,2024-07-20 17:53:16.874260,Medium,Emergency Maintenance,False,Engineering
350,577,2025-03-25 17:13:02.498634,2025-03-25 17:59:59.478648,High,Vendor Escalation,False,Engineering
351,576,2024-03-06 20:46:18.478419,2024-03-06 21:07:09.207909,Medium-High,Software Patch,False,Field Ops
352,1400,2025-11-27 14:39:41.602377,2025-11-27 15:11:46.073294,High,Fibre Repair,False,NOC
353,4827,2025-06-04 21:44:14.247431,2025-06-04 21:58:26.981771,Medium-High,Fibre Repair,False,Engineering
354,4385,2024-07-17 12:36:50.662405,2024-07-17 12:47:14.020290,Medium,Route Optimization,False,NOC
355,2377,2024-09-14 02:44:40.090457,2024-09-14 06:43:40.090457,High,Configuration Change,False,Field Ops
356,3736,2025-01-21 11:36:35.604176,2025-01-21 11:49:28.201999,High,Emergency Maintenance,True,Vendor
357,1208,2025-05-12 05:34:59.614142,2025-05-12 05:38:44.346964,Medium-High,Route Optimization,False,Field Ops
358,4308,2025-05-14 00:29:55.191343,2025-05-14 00:33:35.163540,Medium,Fibre Repair,False,Engineering
359,4177,2025-06-26 23:40:05.074222,2025-06-26 23:52:32.722292,Medium-High,Emergency Maintenance,False,Vendor
360,1611,2024-10-12 16:45:04.128814,2024-10-12 16:56:33.135788,Medium,Route Optimization,False,NOC
361,3179,2024-09-02 08:47:21.447678,2024-09-02 09:58:49.859439,Medium-High,Emergency Maintenance,False,Vendor
362,542,2024-11-10 03:55:33.203242,2024-11-10 03:58:27.173830,Medium,Hardware Replacement,False,Vendor
363,3196,2024-05-27 05:53:15.144147,2024-05-27 06:04:41.663681,Medium,Route Optimization,True,Engineering
364,1382,2025-11-13 06:27:51.399340,2025-11-13 06:37:24.229089,High,Route Optimization,False,Field Ops
365,3080,2024-12-27 15:49:21.672057,2024-12-27 15:52:28.086688,High,Vendor Escalation,True,Vendor
366,181,2024-10-30 00:25:03.590811,2024-10-30 00:28:35.844638,Medium-High,Hardware Replacement,False,Vendor
367,2603,2024-04-08 08:09:11.449754,2024-04-08 08:18:44.112423,Medium,Route Optimization,False,NOC
368,1758,2024-04-18 15:06:27.849218,2024-04-18 15:19:55.531980,Medium,Configuration Change,False,Field Ops
369,4963,2024-07-12 04:56:14.585100,2024-07-12 05:05:06.466197,Medium-High,Route Optimization,False,NOC
370,3594,2025-07-04 15:24:47.751001,2025-07-04 15:31:34.632530,High,Emergency Maintenance,False,Vendor
371,4143,2025-12-30 07:34:18.939799,2025-12-30 07:40:10.979501,Medium,Emergency Maintenance,True,Vendor
372,3464,2025-01-22 08:20:59.953317,2025-01-22 09:06:11.271766,High,Software Patch,False,NOC
373,621,2026-01-01 20:40:26.748799,2026-01-01 20:52:28.137234,Medium,Emergency Maintenance,False,Field Ops
374,3374,2024-06-05 08:21:28.171907,2024-06-05 08:28:05.941258,Medium-High,Software Patch,False,Field Ops
375,3208,2024-03-05 07:32:58.090516,2024-03-05 08:22:08.805749,High,Software Patch,True,NOC
376,338,2024-08-29 14:33:47.099908,2024-08-29 14:47:43.628034,High,Vendor Escalation,True,Vendor
377,1486,2025-01-08 18:27:13.319785,2025-01-08 18:38:48.888654,Medium,Emergency Maintenance,False,NOC
378,3664,2024-11-17 06:44:40.834733,2024-11-17 08:28:54.876056,High,Software Patch,False,Vendor
379,3398,2024-01-08 16:04:36.265712,2024-01-08 17:25:57.949692,High,Configuration Change,False,Engineering
380,4317,2025-12-03 16:26:38.717731,2025-12-03 16:34:10.953420,Medium,Route Optimization,False,Vendor
381,1881,2025-03-21 11:25:53.387857,2025-03-21 11:35:12.184121,Medium,Power Restoration,True,Engineering
382,720,2024-08-30 10:26:29.894464,2024-08-30 10:42:37.959337,Medium,Power Restoration,True,Field Ops
383,3256,2024-09-14 17:15:52.850030,2024-09-14 17:26:17.544958,Medium-High,Vendor Escalation,False,Vendor
384,3053,2025-09-01 03:02:19.094412,2025-09-01 03:53:27.782139,High,Hardware Replacement,False,Engineering
385,3470,2025-08-30 11:53:36.879649,2025-08-30 12:11:55.443151,Medium-High,Fibre Repair,False,Field Ops
386,192,2025-08-17 02:59:50.867027,2025-08-17 03:06:26.405843,Medium-High,Software Patch,True,Field Ops
387,3812,2024-07-13 08:18:22.072823,2024-07-13 08:59:37.815817,High,Power Restoration,False,Engineering
388,4456,2024-07-26 15:05:15.205072,2024-07-26 15:12:28.681844,Medium,Power Restoration,False,Engineering
389,4819,2025-04-17 20:30:43.068398,2025-04-17 20:33:04.825071,High,Hardware Replacement,True,NOC
390,2746,2024-11-14 01:55:58.043283,2024-11-14 01:57:00.431875,Medium-High,Software Patch,False,Field Ops
391,1301,2025-09-30 16:00:42.867496,2025-09-30 16:01:04.750721,Medium-High,Emergency Maintenance,False,Vendor
392,1767,2024-02-20 17:20:05.168714,2024-02-20 17:31:39.178817,High,Emergency Maintenance,False,Field Ops
393,2473,2024-03-01 11:54:04.276817,2024-03-01 12:13:29.282941,Medium,Power Restoration,False,Vendor
394,193,2024-04-29 12:01:29.238577,2024-04-29 12:56:57.142377,High,Route Optimization,False,Engineering
395,4574,2025-09-16 11:42:39.389720,2025-09-16 12:11:30.954999,Medium-High,Fibre Repair,False,NOC
396,4012,2024-07-12 01:59:14.585740,2024-07-12 03:11:32.866610,Medium-High,Hardware Replacement,False,Engineering
397,2346,2025-04-29 11:27:40.591328,2025-04-29 11:53:39.638603,Medium-High,Vendor Escalation,False,Engineering
398,1029,2025-12-21 23:36:23.782218,2025-12-21 23:51:12.444998,Medium,Hardware Replacement,False,Engineering
399,2914,2025-12-09 19:01:09.058891,2025-12-09 19:04:20.674714,Medium-High,Fibre Repair,False,Engineering
400,4791,2024-01-08 22:35:26.242123,2024-01-08 23:05:52.142059,High,Hardware Replacement,False,NOC
401,4258,2024-06-24 09:01:16.461904,2024-06-24 09:03:11.499044,Medium,Route Optimization,False,Field Ops
402,2415,2025-09-12 04:18:11.316959,2025-09-12 04:24:48.777766,Medium,Software Patch,False,NOC
403,1392,2025-06-18 14:54:50.969055,2025-06-18 16:59:41.252436,High,Configuration Change,True,Field Ops
404,3420,2025-11-01 08:50:42.795810,2025-11-01 08:52:48.298692,Medium-High,Route Optimization,True,Vendor
405,3871,2025-02-18 03:25:54.715748,2025-02-18 05:57:31.499097,High,Software Patch,False,Engineering
406,462,2024-05-26 04:28:43.222390,2024-05-26 05:17:25.672625,High,Configuration Change,True,Vendor
407,577,2025-03-25 17:23:37.891426,2025-03-25 17:35:15.983708,High,Power Restoration,True,Engineering
408,2641,2025-12-09 09:01:27.632806,2025-12-09 09:43:34.991277,Medium,Fibre Repair,False,Field Ops
409,374,2024-08-26 00:59:22.375559,2024-08-26 01:02:51.145132,Medium,Emergency Maintenance,False,Engineering
410,4055,2024-06-01 14:40:26.975557,2024-06-01 14:41:11.724002,Medium,Hardware Replacement,False,NOC
411,3230,2025-07-20 16:30:05.400381,2025-07-20 16:43:39.789106,High,Hardware Replacement,False,NOC
412,630,2025-06-13 11:27:29.095061,2025-06-13 11:58:07.937210,Medium-High,Route Optimization,True,Field Ops
413,1221,2025-09-06 01:24:15.958717,2025-09-06 01:36:04.073281,Medium-High,Power Restoration,False,Engineering
414,3908,2024-10-21 05:13:53.985961,2024-10-21 05:16:18.471818,Medium-High,Software Patch,False,Vendor
415,3169,2025-09-26 22:03:59.518256,2025-09-26 22:14:59.203929,Medium-High,Software Patch,False,Field Ops
416,1381,2025-06-04 16:29:44.501455,2025-06-04 19:29:17.793861,High,Hardware Replacement,False,Field Ops
417,1244,2024-09-28 05:16:12.334108,2024-09-28 05:35:01.919808,Medium-High,Configuration Change,False,Field Ops
418,1589,2025-12-11 08:15:04.346295,2025-12-11 08:30:43.589222,Medium-High,Hardware Replacement,False,Field Ops
419,1914,2024-07-06 02:51:34.850171,2024-07-06 03:15:28.295975,High,Configuration Change,False,NOC
420,3544,2025-01-22 14:34:56.623690,2025-01-22 14:49:30.308221,Medium,Power Restoration,False,NOC
421,4842,2025-01-20 13:12:13.869915,2025-01-20 13:18:01.703734,High,Configuration Change,True,Engineering
422,3248,2025-06-12 10:55:25.631393,2025-06-12 11:55:23.984364,High,Fibre Repair,False,Vendor
423,2192,2024-06-10 03:22:56.161118,2024-06-10 03:49:45.980974,High,Hardware Replacement,True,NOC
424,2107,2025-04-05 16:18:42.189704,2025-04-05 16:29:16.473859,Medium-High,Hardware Replacement,False,Field Ops
425,2395,2024-08-30 17:03:51.942324,2024-08-30 17:17:59.528136,High,Route Optimization,False,Vendor
426,3289,2024-03-09 09:27:44.016252,2024-03-09 09:38:27.162913,High,Power Restoration,False,Vendor
427,3591,2025-09-30 04:01:37.297875,2025-09-30 04:12:09.611195,Medium,Vendor Escalation,True,Field Ops
428,2612,2024-03-26 08:48:47.851080,2024-03-26 08:58:26.765439,Medium-High,Power Restoration,True,Field Ops
429,1704,2025-11-13 09:43:01.710111,2025-11-13 09:49:16.638060,Medium,Hardware Replacement,False,Vendor
430,3002,2024-12-26 16:30:27.984034,2024-12-26 16:34:13.815857,Medium,Fibre Repair,False,Field Ops
431,3422,2025-10-05 14:15:48.261148,2025-10-05 14:46:58.897685,High,Configuration Change,False,Field Ops
432,81,2025-04-30 15:30:08.218450,2025-04-30 16:34:41.293630,High,Vendor Escalation,True,Engineering
433,85,2024-04-29 15:47:47.296730,2024-04-29 16:09:51.510310,High,Route Optimization,False,Vendor
434,1517,2024-02-19 18:33:55.853052,2024-02-19 18:56:47.721589,Medium-High,Hardware Replacement,False,Vendor
435,4511,2025-12-21 05:37:59.263614,2025-12-21 05:51:14.300297,Medium-High,Configuration Change,False,NOC
436,1152,2024-11-05 10:07:03.898285,2024-11-05 11:42:11.947904,Medium-High,Emergency Maintenance,False,Vendor
437,289,2024-08-08 16:36:28.056043,2024-08-08 17:09:55.181413,High,Hardware Replacement,True,NOC
438,1134,2024-06-19 08:59:44.769055,2024-06-19 09:07:10.852588,Medium,Software Patch,False,Engineering
439,2917,2024-03-12 20:32:20.371209,2024-03-12 21:59:12.014391,Medium-High,Configuration Change,False,NOC
440,1758,2024-04-18 15:24:19.871241,2024-04-18 15:42:24.199150,Medium,Emergency Maintenance,False,Engineering
441,3563,2025-05-22 00:50:00.533207,2025-05-22 00:56:38.651322,Medium-High,Configuration Change,False,Field Ops
442,1221,2025-09-06 01:18:41.613031,2025-09-06 01:49:06.025845,Medium-High,Vendor Escalation,True,Field Ops
443,4076,2025-03-29 19:29:55.339433,2025-03-29 19:30:03.229256,Medium,Power Restoration,True,Vendor
444,1063,2025-10-10 00:51:22.762732,2025-10-10 01:15:10.837830,Medium-High,Power Restoration,False,Field Ops
445,4298,2025-10-29 13:02:16.225034,2025-10-29 13:03:32.215276,Medium,Emergency Maintenance,False,Field Ops
446,3137,2025-10-09 14:17:06.632125,2025-10-09 14:39:18.928698,Medium-High,Configuration Change,False,NOC
447,4743,2024-11-23 04:48:35.363017,2024-11-23 05:03:24.235725,Medium-High,Route Optimization,True,Field Ops
448,3617,2025-12-08 13:21:59.485260,2025-12-08 13:26:13.211573,Medium-High,Configuration Change,False,Vendor
449,2857,2024-12-31 08:44:39.064779,2024-12-31 08:59:32.130896,Medium,Route Optimization,False,Vendor
450,1155,2025-06-24 14:57:31.669675,2025-06-24 15:43:45.146826,High,Software Patch,False,Engineering
451,3662,2025-07-31 09:12:18.156974,2025-07-31 09:23:21.664931,Medium-High,Software Patch,False,Vendor
452,1446,2025-11-10 15:30:13.335891,2025-11-10 15:38:08.157702,Medium,Route Optimization,False,NOC
453,3831,2025-03-22 08:34:57.865495,2025-03-22 09:32:22.956806,High,Configuration Change,False,Field Ops
454,1808,2025-10-01 06:40:28.426586,2025-10-01 06:57:34.018997,High,Configuration Change,False,Field Ops
455,3312,2024-07-27 08:21:18.977121,2024-07-27 08:41:32.293119,Medium-High,Software Patch,True,NOC
456,889,2025-09-16 05:03:12.408589,2025-09-16 05:03:23.112069,High,Power Restoration,False,Vendor
457,2212,2024-03-04 09:01:02.627261,2024-03-04 11:29:24.403257,High,Emergency Maintenance,False,Engineering
458,4751,2025-09-25 20:24:08.483738,2025-09-25 21:16:29.274670,High,Software Patch,False,Vendor
459,2523,2025-11-17 17:49:02.406520,2025-11-17 17:50:58.575872,Medium,Fibre Repair,False,Field Ops
460,366,2024-03-28 08:42:08.902494,2024-03-28 08:57:25.161424,Medium-High,Configuration Change,False,Engineering
461,4097,2025-01-12 12:24:29.096799,2025-01-12 13:13:15.412726,Medium-High,Configuration Change,False,Field Ops
462,4403,2024-02-15 11:41:58.737416,2024-02-15 11:47:20.587573,Medium,Power Restoration,False,Engineering
463,652,2025-07-17 21:33:57.299444,2025-07-17 21:35:49.820343,Medium,Vendor Escalation,False,NOC
464,1540,2025-04-02 11:55:30.143618,2025-04-02 12:07:03.158229,Medium,Fibre Repair,False,Vendor
465,1129,2024-03-22 04:21:27.687436,2024-03-22 04:26:49.689439,Medium-High,Vendor Escalation,False,NOC
466,3589,2024-12-30 19:48:22.238850,2024-12-30 20:09:24.780234,High,Configuration Change,False,Engineering
467,4075,2025-11-25 17:28:42.185723,2025-11-25 17:48:51.990344,High,Configuration Change,False,Engineering
468,2760,2025-11-14 11:23:09.321074,2025-11-14 13:27:45.398359,High,Hardware Replacement,False,NOC
469,4778,2024-06-05 16:51:52.009046,2024-06-05 17:17:05.540076,Medium-High,Power Restoration,False,NOC
470,530,2025-06-18 04:13:04.748346,2025-06-18 04:18:08.326647,Medium-High,Hardware Replacement,False,Engineering
471,4170,2025-11-22 19:16:30.828245,2025-11-22 19:45:07.660247,High,Emergency Maintenance,False,NOC
472,4342,2025-07-28 13:55:54.182326,2025-07-28 14:32:28.479435,Medium-High,Power Restoration,True,Field Ops
473,1698,2024-01-19 12:13:57.532573,2024-01-19 13:13:46.909973,High,Emergency Maintenance,False,Vendor
474,2515,2025-10-22 07:25:06.322699,2025-10-22 07:34:29.497407,High,Route Optimization,False,Vendor
475,1943,2024-05-16 10:23:11.309721,2024-05-16 10:31:54.090289,High,Hardware Replacement,False,NOC
476,4844,2024-03-11 13:59:04.830833,2024-03-11 14:37:25.413476,High,Vendor Escalation,False,Vendor
477,908,2024-04-19 11:43:50.673193,2024-04-19 11:45:51.032242,Medium-High,Fibre Repair,False,Engineering
478,1573,2024-08-12 14:37:58.532664,2024-08-12 14:43:15.532621,Medium,Power Restoration,False,Vendor
479,1262,2025-01-27 20:45:12.296145,2025-01-27 21:05:57.040179,Medium-High,Route Optimization,True,Vendor
480,253,2024-02-01 11:06:11.584764,2024-02-01 11:21:23.825579,Medium-High,Configuration Change,False,Vendor
481,3131,2024-11-06 20:20:24.924381,2024-11-06 20:57:22.661799,Medium-High,Vendor Escalation,False,Field Ops
482,2192,2024-06-10 03:28:22.955672,2024-06-10 05:24:00.452126,High,Emergency Maintenance,True,Engineering
483,4745,2024-04-22 04:06:51.888396,2024-04-22 04:55:53.377370,High,Vendor Escalation,False,NOC
484,526,2025-08-29 08:40:34.315750,2025-08-29 09:44:20.387105,Medium-High,Hardware Replacement,False,Vendor
485,343,2025-09-02 01:58:11.759941,2025-09-02 02:06:30.923186,Medium,Hardware Replacement,False,NOC
486,1763,2024-12-02 21:09:58.112491,2024-12-02 21:35:20.748714,High,Hardware Replacement,False,Engineering
487,1345,2025-12-30 16:40:17.352939,2025-12-30 17:03:11.273156,Medium-High,Power Restoration,True,Engineering
488,4776,2025-09-15 04:23:04.687269,2025-09-15 04:37:08.432357,Medium-High,Fibre Repair,False,Engineering
489,3273,2025-05-29 23:11:09.694918,2025-05-29 23:19:16.272540,Medium,Hardware Replacement,False,Engineering
490,1355,2024-03-01 13:18:37.287018,2024-03-01 13:43:08.432055,High,Software Patch,False,NOC
491,790,2025-10-10 00:22:11.382956,2025-10-10 00:22:48.655053,Medium,Software Patch,False,Field Ops
492,3434,2025-02-01 23:44:03.702947,2025-02-02 02:13:13.214812,High,Hardware Replacement,False,NOC
493,2279,2024-09-17 15:54:18.095556,2024-09-17 16:03:15.150793,Medium-High,Route Optimization,False,Field Ops
494,528,2025-06-02 16:40:28.012848,2025-06-02 16:45:14.102074,Medium,Configuration Change,True,NOC
495,4597,2024-11-03 13:42:08.518953,2024-11-03 13:53:12.001132,High,Route Optimization,True,Vendor
496,3090,2025-04-21 18:30:27.150145,2025-04-21 18:38:28.086523,High,Route Optimization,False,Engineering
497,1006,2025-05-08 12:38:45.639857,2025-05-08 12:50:10.721634,Medium,Route Optimization,False,Engineering
498,2329,2024-11-01 23:24:45.705338,2024-11-01 23:29:23.110621,High,Software Patch,False,Field Ops
499,4776,2025-09-15 04:37:46.919744,2025-09-15 04:56:58.230991,Medium-High,Vendor Escalation,False,Engineering
500,3106,2024-11-11 20:35:57.930912,2024-11-11 20:49:29.818656,High,Configuration Change,False,Field Ops
501,1880,2024-01-27 00:09:21.214475,2024-01-27 00:13:41.545118,Medium,Vendor Escalation,False,NOC
502,3363,2025-01-18 18:59:50.969076,2025-01-18 19:59:00.566943,Medium-High,Configuration Change,False,Engineering
503,3553,2024-03-04 17:56:03.751737,2024-03-04 19:09:52.572706,High,Software Patch,True,Engineering
504,1464,2025-08-10 03:05:11.105278,2025-08-10 03:26:53.869753,Medium-High,Route Optimization,False,Engineering
505,280,2024-07-10 08:22:05.297212,2024-07-10 08:34:16.355715,Medium-High,Vendor Escalation,False,NOC
506,819,2025-06-14 16:35:21.859884,2025-06-14 17:26:01.391747,High,Emergency Maintenance,False,Engineering
507,4115,2024-02-29 17:45:50.365467,2024-02-29 17:55:43.005409,Medium,Route Optimization,False,Field Ops
508,2707,2024-10-05 11:34:43.859943,2024-10-05 11:41:56.525449,Medium-High,Hardware Replacement,False,NOC
509,1565,2024-03-28 21:30:03.570629,2024-03-28 21:35:20.648689,Low,Emergency Maintenance,False,Vendor
510,4404,2024-08-02 11:19:42.930731,2024-08-02 13:19:52.794757,High,Configuration Change,False,Engineering
511,978,2025-02-14 20:03:42.618042,2025-02-14 20:58:15.720375,High,Hardware Replacement,False,Engineering
512,3079,2025-06-03 00:41:21.873093,2025-06-03 00:45:30.796901,Low,Vendor Escalation,True,Vendor
513,1157,2024-11-17 10:44:03.032773,2024-11-17 10:47:19.263016,Medium,Hardware Replacement,True,Field Ops
514,93,2024-07-15 12:57:52.731986,2024-07-15 13:38:06.918712,Medium-High,Software Patch,False,Engineering
515,547,2024-05-03 14:33:09.895959,2024-05-03 16:06:09.895959,Medium-High,Vendor Escalation,True,Engineering
516,1176,2025-06-16 11:01:08.733778,2025-06-16 12:03:33.584406,Medium-High,Power Restoration,False,NOC
517,2104,2024-03-29 18:50:49.161151,2024-03-29 20:31:24.010831,Medium-High,Software Patch,True,Field Ops
518,2083,2025-04-12 13:37:13.569592,2025-04-12 13:41:40.203938,Medium,Power Restoration,False,Vendor
519,3053,2025-09-01 02:59:01.796617,2025-09-01 03:26:29.148550,High,Power Restoration,False,Field Ops
520,4496,2025-08-05 06:11:33.132183,2025-08-05 06:31:14.574692,Medium-High,Hardware Replacement,False,Field Ops
521,4002,2024-02-12 10:50:52.927187,2024-02-12 11:56:52.927187,Medium-High,Fibre Repair,False,Vendor
522,49,2025-12-22 23:04:29.204436,2025-12-22 23:11:25.851066,Medium-High,Hardware Replacement,False,Field Ops
523,4244,2024-10-06 17:36:08.263321,2024-10-06 18:49:11.620542,Medium-High,Software Patch,True,NOC
524,4431,2024-05-17 20:59:41.763806,2024-05-17 21:13:26.966839,Medium-High,Route Optimization,False,Field Ops
525,4531,2024-02-22 00:59:54.496357,2024-02-22 01:42:56.128081,Medium-High,Hardware Replacement,True,NOC
526,380,2025-03-06 08:57:02.452518,2025-03-06 08:57:19.573781,Medium-High,Route Optimization,False,Vendor
527,351,2025-12-24 18:25:26.815888,2025-12-24 18:45:36.537842,Medium,Software Patch,False,Engineering
528,3571,2025-04-14 02:28:22.039312,2025-04-14 03:20:10.969983,High,Fibre Repair,True,Field Ops
529,3893,2024-04-18 16:33:10.000529,2024-04-18 16:35:30.908932,Medium-High,Software Patch,False,Field Ops
530,3948,2024-01-14 19:48:56.984117,2024-01-14 19:59:10.133841,Medium,Route Optimization,False,Vendor
531,3731,2025-06-16 10:19:52.711733,2025-06-16 11:26:31.188928,Medium-High,Power Restoration,False,Field Ops
532,4568,2024-04-19 22:18:50.066682,2024-04-19 22:36:12.826833,High,Vendor Escalation,False,Field Ops
533,799,2025-04-08 16:44:56.382583,2025-04-08 17:11:49.028198,Medium-High,Route Optimization,False,Vendor
534,1591,2024-05-23 18:11:30.847985,2024-05-23 18:18:54.599232,High,Emergency Maintenance,False,Vendor
535,393,2025-05-17 09:16:37.744807,2025-05-17 09:31:10.443230,High,Software Patch,False,Field Ops
536,4019,2024-03-01 12:46:14.428067,2024-03-01 12:50:42.855717,Medium-High,Hardware Replacement,False,Field Ops
537,1351,2025-03-01 12:14:21.119371,2025-03-01 12:38:22.802126,Medium,Fibre Repair,False,Engineering
538,1327,2024-04-09 05:55:58.770505,2024-04-09 06:05:55.457173,Medium-High,Fibre Repair,True,Field Ops
539,3514,2025-04-16 09:23:41.649255,2025-04-16 09:30:52.604408,Medium,Emergency Maintenance,True,Field Ops
540,162,2025-06-19 13:19:39.100734,2025-06-19 13:23:58.305654,Medium,Vendor Escalation,False,NOC
541,4509,2025-10-26 16:56:13.187334,2025-10-26 17:00:27.199023,High,Route Optimization,False,NOC
542,4161,2025-08-12 08:38:05.100295,2025-08-12 08:46:53.593164,Medium,Fibre Repair,True,Vendor
543,1654,2025-03-29 15:52:01.433761,2025-03-29 15:58:09.633349,Medium-High,Power Restoration,False,Engineering
544,1218,2024-04-28 15:12:26.712504,2024-04-28 15:42:01.669950,High,Configuration Change,False,Field Ops
545,2863,2025-10-25 17:56:24.058727,2025-10-25 18:40:36.946413,High,Vendor Escalation,False,Engineering
546,3848,2025-07-20 10:35:47.489850,2025-07-20 10:42:59.915665,Medium,Power Restoration,False,NOC
547,2959,2025-12-10 16:26:03.859565,2025-12-10 16:47:07.141168,Medium-High,Configuration Change,False,Field Ops
548,3563,2025-05-22 00:54:17.821357,2025-05-22 01:14:05.256906,Medium-High,Emergency Maintenance,False,Vendor
549,2665,2024-06-04 18:19:22.677143,2024-06-04 18:57:53.974404,Medium-High,Configuration Change,True,NOC
550,3404,2024-07-31 05:05:12.050105,2024-07-31 06:02:22.625578,Medium-High,Power Restoration,False,Vendor
551,2541,2025-12-01 20:51:05.423155,2025-12-01 21:07:48.372861,Medium-High,Route Optimization,True,Engineering
552,3025,2025-11-21 23:46:22.599536,2025-11-22 01:30:06.048443,Medium-High,Emergency Maintenance,False,NOC
553,4212,2025-09-24 16:10:58.601462,2025-09-24 16:25:52.854556,Medium-High,Vendor Escalation,False,Field Ops
554,2709,2024-11-16 00:14:29.239493,2024-11-16 00:46:18.204668,Medium,Power Restoration,True,NOC
555,1383,2025-12-26 11:48:06.324549,2025-12-26 12:20:04.603051,High,Route Optimization,True,NOC
556,2146,2024-10-03 13:00:20.013798,2024-10-03 13:11:55.096956,Medium-High,Route Optimization,False,Field Ops
557,3323,2024-08-25 01:28:16.369698,2024-08-25 02:33:44.338468,High,Configuration Change,False,Engineering
558,147,2025-05-11 20:41:25.950826,2025-05-11 20:50:57.969873,Medium-High,Route Optimization,False,Engineering
559,4260,2025-02-26 07:37:30.655320,2025-02-26 07:52:58.251124,Medium-High,Route Optimization,False,Field Ops
560,4719,2025-10-03 12:06:05.366592,2025-10-03 12:12:30.299709,Medium,Fibre Repair,True,Field Ops
561,1156,2024-09-14 14:33:56.917109,2024-09-14 14:47:49.118212,Medium-High,Configuration Change,True,NOC
562,3824,2024-08-27 20:27:23.755687,2024-08-27 20:42:38.200326,Medium-High,Route Optimization,False,Engineering
563,1652,2025-01-15 17:57:11.476662,2025-01-15 18:01:22.013013,Medium-High,Power Restoration,False,NOC
564,315,2025-11-27 01:48:30.818541,2025-11-27 02:06:21.595465,Medium-High,Route Optimization,True,Field Ops
565,4356,2025-05-21 13:29:37.998160,2025-05-21 13:36:57.128173,Medium-High,Route Optimization,False,Field Ops
566,691,2024-08-17 21:51:02.499865,2024-08-17 21:52:49.659189,Medium,Configuration Change,True,Vendor
567,1370,2025-03-29 05:27:10.464266,2025-03-29 05:49:28.336850,Medium-High,Software Patch,False,NOC
568,2118,2025-11-10 23:29:22.971348,2025-11-11 00:03:01.845182,High,Configuration Change,False,Vendor
569,3920,2024-02-19 16:33:26.184100,2024-02-19 16:48:28.726957,Medium,Hardware Replacement,False,Vendor
570,1885,2025-04-13 20:10:54.271926,2025-04-13 20:13:58.009545,Medium-High,Emergency Maintenance,False,Vendor
571,2447,2025-03-20 12:05:47.949385,2025-03-20 12:27:32.634239,Medium,Fibre Repair,False,Engineering
572,3838,2024-11-15 15:10:48.806334,2024-11-15 15:24:43.694619,Medium-High,Power Restoration,False,Field Ops
573,2869,2024-11-29 11:58:20.521806,2024-11-29 12:16:10.623189,Medium-High,Hardware Replacement,False,NOC
574,3336,2025-06-13 13:50:41.347977,2025-06-13 14:00:14.514035,Low,Vendor Escalation,True,Engineering
575,1105,2024-11-06 08:43:58.150589,2024-11-06 08:46:20.484611,Medium,Route Optimization,False,Field Ops
576,723,2024-02-10 03:31:12.568648,2024-02-10 04:49:42.732546,High,Configuration Change,False,Vendor
577,2818,2024-08-17 11:30:08.066092,2024-08-17 11:49:08.291638,Medium-High,Vendor Escalation,False,NOC
578,4391,2025-05-06 14:01:02.344464,2025-05-06 14:12:18.548152,Medium,Emergency Maintenance,True,Field Ops
579,4002,2024-02-12 11:00:02.235467,2024-02-12 11:08:47.043583,Medium-High,Hardware Replacement,False,Vendor
580,2460,2024-03-12 15:33:42.010368,2024-03-12 15:41:51.571605,Medium-High,Route Optimization,False,Engineering
581,1200,2025-07-10 14:48:32.420769,2025-07-10 14:48:38.060782,Medium-High,Software Patch,True,Field Ops
582,2176,2024-01-06 14:43:25.158278,2024-01-06 14:58:12.375528,Medium-High,Power Restoration,True,Field Ops
583,1036,2024-01-29 16:37:44.683525,2024-01-29 19:24:52.526666,High,Hardware Replacement,False,Vendor
584,2590,2024-09-03 10:03:12.421038,2024-09-03 10:59:48.985303,High,Software Patch,True,Vendor
585,1196,2024-06-25 12:02:13.532472,2024-06-25 12:06:52.697285,Low,Vendor Escalation,False,Vendor
586,1922,2024-04-18 07:08:44.015829,2024-04-18 07:31:37.400789,High,Configuration Change,False,Engineering
587,3893,2024-04-18 16:27:55.245920,2024-04-18 16:38:47.454386,Medium-High,Software Patch,False,Field Ops
588,93,2024-07-15 13:13:36.187871,2024-07-15 14:22:06.965588,Medium-High,Configuration Change,False,Engineering
589,1757,2024-10-22 22:01:45.339779,2024-10-22 22:06:13.531821,Low,Hardware Replacement,False,Field Ops
590,3429,2024-08-12 14:33:44.239345,2024-08-12 15:05:27.447086,High,Configuration Change,False,Vendor
591,3712,2024-09-15 13:19:15.993384,2024-09-15 13:37:42.181884,Medium-High,Configuration Change,False,Field Ops
592,408,2024-08-21 11:45:16.896616,2024-08-21 12:22:31.932904,Medium,Route Optimization,False,NOC
593,4702,2025-03-11 08:55:45.280227,2025-03-11 09:01:01.816007,Medium,Route Optimization,True,Vendor
594,3003,2024-01-16 13:12:44.844818,2024-01-16 13:22:25.058759,Medium,Software Patch,False,Engineering
595,1243,2024-06-10 16:58:50.015028,2024-06-10 17:36:25.251421,Medium,Configuration Change,False,Vendor
596,4126,2024-11-26 06:49:46.935115,2024-11-26 06:56:16.440937,Medium,Fibre Repair,True,NOC
597,3347,2024-10-07 16:37:55.798668,2024-10-07 17:55:54.839102,Medium-High,Emergency Maintenance,False,Vendor
598,3485,2025-06-03 08:59:13.170291,2025-06-03 09:23:21.695843,High,Software Patch,True,NOC
599,2176,2024-01-06 14:52:06.533508,2024-01-06 15:21:52.184275,Medium-High,Emergency Maintenance,False,Field Ops
600,1518,2024-04-26 14:26:18.925969,2024-04-26 14:38:43.015001,High,Hardware Replacement,True,Field Ops
601,2771,2025-07-13 17:27:27.206799,2025-07-13 18:32:34.967843,Medium-High,Fibre Repair,False,Engineering
602,2865,2025-08-20 14:08:28.068251,2025-08-20 14:29:44.745095,Medium-High,Hardware Replacement,False,Vendor
603,53,2024-02-15 22:16:03.123259,2024-02-15 22:48:35.172244,High,Route Optimization,False,Engineering
604,4913,2025-10-19 23:38:51.010539,2025-10-19 23:41:05.270992,Medium,Hardware Replacement,False,Vendor
605,157,2025-12-14 06:39:30.027063,2025-12-14 06:56:07.519660,High,Emergency Maintenance,False,Vendor
606,4720,2025-08-31 07:27:11.694448,2025-08-31 07:29:24.347549,Medium-High,Emergency Maintenance,False,Field Ops
607,2186,2025-01-07 10:56:33.183767,2025-01-07 11:00:24.784783,Medium-High,Hardware Replacement,False,NOC
608,2915,2024-04-13 11:01:13.030920,2024-04-13 11:40:58.755676,High,Vendor Escalation,False,Engineering
609,1784,2025-08-10 03:47:19.176883,2025-08-10 04:08:45.725318,Medium-High,Hardware Replacement,True,Vendor
610,2443,2024-09-16 13:14:58.966256,2024-09-16 13:26:52.701340,Medium-High,Power Restoration,False,Engineering
611,4155,2024-03-15 08:26:02.300489,2024-03-15 08:30:17.182137,Medium,Hardware Replacement,False,Engineering
612,2689,2025-12-07 20:51:33.922563,2025-12-07 20:52:52.750086,Medium,Software Patch,False,Vendor
613,2844,2025-07-22 18:02:50.640466,2025-07-22 18:09:45.247463,High,Emergency Maintenance,False,Engineering
614,3089,2025-10-19 10:38:59.056822,2025-10-19 11:01:38.543756,Medium-High,Route Optimization,False,Field Ops
615,4194,2024-05-27 10:15:43.373608,2024-05-27 11:33:10.282795,High,Configuration Change,False,Field Ops
616,549,2024-08-01 08:33:00.007807,2024-08-01 10:28:06.379104,High,Emergency Maintenance,True,Field Ops
617,918,2025-08-21 10:18:48.339702,2025-08-21 10:54:02.030314,High,Power Restoration,True,Field Ops
618,852,2024-11-26 01:34:42.818512,2024-11-26 01:40:44.143451,High,Hardware Replacement,False,Engineering
619,1114,2024-05-10 21:27:40.891557,2024-05-10 22:07:54.579319,Medium,Software Patch,False,NOC
620,3170,2024-09-10 23:21:12.714628,2024-09-11 01:05:34.875432,Medium-High,Fibre Repair,False,Field Ops
621,4158,2024-09-01 15:22:39.001033,2024-09-01 16:32:02.565308,Medium-High,Software Patch,False,NOC
622,2187,2024-08-24 05:16:18.893636,2024-08-24 05:19:11.461984,Low,Route Optimization,False,NOC
623,1567,2024-10-16 01:26:38.642061,2024-10-16 01:49:12.988174,High,Configuration Change,True,Field Ops
624,32,2025-05-19 16:35:08.782576,2025-05-19 17:03:23.482279,High,Vendor Escalation,False,Vendor
625,4066,2025-08-12 05:26:34.724851,2025-08-12 05:56:38.731880,High,Configuration Change,False,NOC
626,4953,2025-09-19 18:20:09.664471,2025-09-19 18:31:01.959947,Medium-High,Hardware Replacement,True,NOC
627,917,2024-05-26 13:49:19.913722,2024-05-26 15:14:15.070602,Medium-High,Route Optimization,False,Engineering
628,2111,2025-02-10 07:52:18.773197,2025-02-10 08:16:10.649206,Medium-High,Hardware Replacement,False,Field Ops
629,1994,2024-06-05 05:54:39.380041,2024-06-05 05:58:02.664589,Medium-High,Fibre Repair,False,Vendor
630,829,2024-02-22 02:48:48.797278,2024-02-22 03:02:31.498624,High,Vendor Escalation,False,Engineering
631,193,2024-04-29 12:03:33.918953,2024-04-29 12:15:42.749643,High,Software Patch,True,Vendor
632,56,2025-08-03 14:58:51.926553,2025-08-03 15:38:29.699138,High,Emergency Maintenance,False,Field Ops
633,2759,2025-01-07 04:06:28.148150,2025-01-07 04:17:47.973661,Medium-High,Emergency Maintenance,False,Engineering
634,1903,2025-01-11 18:50:06.929394,2025-01-11 19:02:03.950924,Medium-High,Power Restoration,False,NOC
635,1137,2025-01-21 12:05:31.963335,2025-01-21 12:11:03.044046,High,Fibre Repair,True,Field Ops
636,1705,2024-06-20 11:33:04.318427,2024-06-20 11:33:09.749129,Medium,Vendor Escalation,False,Vendor
637,822,2025-06-20 04:10:48.173472,2025-06-20 04:35:40.306790,Medium-High,Fibre Repair,False,NOC
638,754,2025-05-23 12:49:32.327800,2025-05-23 13:02:56.468264,Medium-High,Fibre Repair,True,Field Ops
639,1985,2025-04-26 02:54:45.737715,2025-04-26 02:56:40.732484,Medium,Power Restoration,False,Vendor
640,4446,2025-05-24 04:06:03.232506,2025-05-24 04:11:59.572604,High,Emergency Maintenance,False,Engineering
641,4164,2025-09-01 11:03:42.846136,2025-09-01 11:13:44.371021,High,Fibre Repair,False,Engineering
642,3704,2025-10-04 21:32:15.217275,2025-10-04 21:41:52.587361,High,Software Patch,False,Engineering
643,4944,2024-08-28 18:02:43.704030,2024-08-28 18:24:28.700771,High,Hardware Replacement,False,NOC
644,4365,2025-04-29 06:14:17.020729,2025-04-29 08:50:17.020729,Medium-High,Fibre Repair,False,Vendor
645,2853,2024-01-10 20:30:50.574515,2024-01-10 20:33:48.719704,Medium-High,Configuration Change,False,Vendor
646,4152,2024-06-19 11:57:32.416178,2024-06-19 12:09:20.024890,High,Route Optimization,False,Vendor
647,531,2025-04-07 01:08:45.774185,2025-04-07 01:31:56.539399,High,Power Restoration,False,Engineering
648,1647,2024-06-19 10:33:22.103560,2024-06-19 10:34:35.281672,Medium,Vendor Escalation,False,Vendor
649,1379,2025-05-28 17:38:36.116073,2025-05-28 17:43:06.594435,Medium-High,Route Optimization,False,NOC
650,3152,2024-02-16 14:47:50.805117,2024-02-16 15:15:08.887754,Medium-High,Hardware Replacement,True,Vendor
651,1727,2025-03-11 16:58:47.660244,2025-03-11 17:01:22.678023,Medium,Fibre Repair,False,Field Ops
652,65,2024-03-20 15:34:39.072516,2024-03-20 15:49:00.680636,High,Configuration Change,True,Field Ops
653,3347,2024-10-07 17:06:14.656452,2024-10-07 19:14:14.656452,Medium-High,Fibre Repair,False,Vendor
654,2852,2024-05-20 21:01:10.222644,2024-05-20 21:06:09.847804,High,Route Optimization,False,Field Ops
655,3600,2025-11-02 14:59:12.334776,2025-11-02 16:03:43.640516,High,Fibre Repair,False,Vendor
656,4000,2025-05-20 15:29:57.876075,2025-05-20 15:48:00.805030,High,Configuration Change,True,Vendor
657,1103,2025-06-15 16:54:43.532066,2025-06-15 17:13:22.683636,High,Emergency Maintenance,False,Field Ops
658,3662,2025-07-31 09:15:12.520673,2025-07-31 09:40:41.124974,Medium-High,Fibre Repair,True,NOC
659,4187,2024-04-06 16:00:08.537538,2024-04-06 16:22:41.834723,Medium-High,Fibre Repair,True,Engineering
660,3662,2025-07-31 09:26:25.988340,2025-07-31 09:33:28.669193,Medium-High,Emergency Maintenance,True,Vendor
661,4280,2024-02-08 04:10:00.812142,2024-02-08 04:26:24.904901,Medium-High,Vendor Escalation,False,Engineering
662,2780,2025-07-19 13:42:06.801235,2025-07-19 13:52:28.621839,High,Fibre Repair,True,Vendor
663,500,2024-05-05 15:51:20.804325,2024-05-05 17:02:32.673475,High,Vendor Escalation,False,Engineering
664,4105,2025-12-05 00:48:51.553393,2025-12-05 00:51:13.373709,High,Power Restoration,False,Vendor
665,3447,2025-08-02 09:00:18.211625,2025-08-02 10:21:12.233043,Medium-High,Fibre Repair,False,Vendor
666,3523,2025-10-04 17:11:12.168090,2025-10-04 17:12:39.212937,Medium-High,Vendor Escalation,False,Engineering
667,3117,2024-03-26 00:13:26.948833,2024-03-26 01:36:55.275082,Medium,Fibre Repair,True,Vendor
668,4828,2024-11-20 14:05:02.603461,2024-11-20 14:11:04.341632,Medium-High,Fibre Repair,False,NOC
669,447,2025-04-20 00:12:14.230523,2025-04-20 00:29:38.002061,Medium-High,Software Patch,False,Field Ops
670,4138,2024-12-19 13:52:54.480859,2024-12-19 13:55:20.880425,Medium,Vendor Escalation,False,Vendor
671,1565,2024-03-28 21:15:03.588164,2024-03-28 21:31:25.748480,Low,Power Restoration,False,Vendor
672,957,2025-07-24 12:52:55.870341,2025-07-24 14:11:08.779856,High,Power Restoration,False,NOC
673,100,2025-09-14 17:46:15.679460,2025-09-14 17:48:54.500819,Medium-High,Hardware Replacement,False,Engineering
674,2305,2024-06-27 10:29:42.902503,2024-06-27 10:46:52.217320,Medium,Emergency Maintenance,False,Field Ops
675,2948,2024-09-21 13:02:30.522025,2024-09-21 13:29:49.297447,High,Vendor Escalation,False,Engineering
676,3321,2024-02-09 16:25:29.932129,2024-02-09 19:38:27.797314,High,Power Restoration,False,NOC
677,591,2024-06-29 13:41:34.753534,2024-06-29 13:42:40.500004,Medium-High,Fibre Repair,False,Field Ops
678,307,2025-03-11 16:31:54.313387,2025-03-11 16:43:41.554229,High,Software Patch,False,NOC
679,767,2024-12-09 11:30:39.381943,2024-12-09 11:31:44.319426,Low,Hardware Replacement,False,Vendor
680,1983,2024-03-13 13:24:42.515631,2024-03-13 13:45:44.370464,Medium-High,Software Patch,False,Vendor
681,2794,2024-01-12 21:46:40.661368,2024-01-12 21:59:53.018235,Medium-High,Software Patch,False,Vendor
682,409,2025-10-26 18:05:36.619884,2025-10-26 18:45:16.094836,High,Fibre Repair,False,NOC
683,724,2024-07-10 17:39:31.532595,2024-07-10 21:35:31.532595,High,Software Patch,False,Vendor
684,2957,2025-07-27 17:24:07.688683,2025-07-27 17:26:13.460017,Medium-High,Fibre Repair,False,Vendor
685,4175,2025-05-23 05:46:59.014485,2025-05-23 06:42:31.687753,High,Emergency Maintenance,False,Field Ops
686,900,2025-10-02 19:32:47.223101,2025-10-02 19:43:34.983702,Medium-High,Power Restoration,False,Field Ops
687,2929,2025-08-16 16:05:30.735308,2025-08-16 16:45:59.140671,Medium-High,Configuration Change,False,Engineering
688,4921,2024-09-17 21:55:33.041574,2024-09-17 23:05:29.008965,Medium,Vendor Escalation,False,NOC
689,2230,2025-11-08 01:29:03.621553,2025-11-08 01:44:03.569248,Medium-High,Fibre Repair,False,Field Ops
690,1096,2024-03-12 16:20:21.658913,2024-03-12 16:25:55.552607,Medium,Fibre Repair,False,Engineering
691,2965,2025-11-29 22:11:27.340813,2025-11-29 22:33:06.665927,Medium-High,Hardware Replacement,False,Engineering
692,3020,2024-10-13 08:55:37.805749,2024-10-13 09:28:59.025393,Medium,Fibre Repair,False,Vendor
693,1114,2024-05-10 21:15:46.539719,2024-05-10 21:25:11.261978,Medium,Software Patch,False,NOC
694,2645,2024-08-01 16:45:04.309277,2024-08-01 16:53:53.138743,Medium-High,Power Restoration,True,Engineering
695,830,2024-08-03 04:48:48.342187,2024-08-03 04:53:17.850431,Medium-High,Power Restoration,False,NOC
696,2448,2025-08-23 14:11:12.521839,2025-08-23 14:21:37.869321,Medium-High,Fibre Repair,True,Engineering
697,309,2025-04-11 11:50:28.288479,2025-04-11 12:38:46.503809,Medium,Power Restoration,False,NOC
698,239,2024-10-04 15:01:02.889567,2024-10-04 15:50:39.311434,Medium,Route Optimization,True,NOC
699,3253,2025-07-07 07:55:34.994114,2025-07-07 08:07:02.609095,Medium,Software Patch,True,Field Ops
700,2624,2024-11-09 18:12:35.296360,2024-11-09 19:23:38.366442,High,Emergency Maintenance,False,NOC
701,4765,2024-08-12 12:20:55.280033,2024-08-12 12:33:12.053859,Medium-High,Hardware Replacement,True,Vendor
702,3239,2024-08-11 13:04:33.382362,2024-08-11 13:06:15.530216,Medium,Fibre Repair,False,Vendor
703,1694,2025-11-09 15:16:20.939417,2025-11-09 16:11:47.130206,High,Power Restoration,False,NOC
704,501,2025-04-26 09:11:56.362423,2025-04-26 09:15:57.642883,Medium-High,Emergency Maintenance,False,NOC
705,2408,2025-05-21 02:16:16.977849,2025-05-21 02:22:24.490361,High,Configuration Change,False,Engineering
706,1215,2025-05-28 11:52:32.349307,2025-05-28 11:55:58.154984,Medium-High,Hardware Replacement,False,NOC
707,2072,2024-09-05 13:36:22.076314,2024-09-05 15:45:56.388653,High,Fibre Repair,False,Vendor
708,2917,2024-03-12 20:48:37.463672,2024-03-12 21:27:21.108967,Medium-High,Hardware Replacement,False,NOC
709,3487,2025-08-21 21:54:58.484927,2025-08-21 22:57:45.849116,High,Vendor Escalation,False,Field Ops
710,683,2024-05-20 21:16:31.200579,2024-05-20 21:19:27.137120,Medium-High,Fibre Repair,True,Engineering
711,4769,2025-02-25 10:29:40.168906,2025-02-25 10:39:07.802626,Medium-High,Emergency Maintenance,False,Vendor
712,1810,2024-11-11 04:19:56.517170,2024-11-11 04:20:38.826065,Medium,Hardware Replacement,True,Engineering
713,2803,2024-09-17 14:38:57.782555,2024-09-17 15:10:04.797403,High,Software Patch,False,Vendor
714,2852,2024-05-20 20:57:15.606310,2024-05-20 21:10:37.520889,High,Emergency Maintenance,False,NOC
715,3691,2025-11-04 08:53:40.131181,2025-11-04 08:56:23.235345,High,Hardware Replacement,False,Vendor
716,2607,2024-09-03 06:56:57.961940,2024-09-03 08:22:03.615967,High,Hardware Replacement,False,NOC
717,3689,2024-12-17 21:41:00.542583,2024-12-17 22:02:06.738840,High,Route Optimization,False,Engineering
718,3153,2024-04-27 17:17:39.813944,2024-04-27 17:46:29.790332,High,Vendor Escalation,False,NOC
719,992,2025-07-23 23:13:37.693792,2025-07-23 23:20:03.840088,Medium,Configuration Change,False,Engineering
720,2175,2025-12-02 13:43:57.440546,2025-12-02 14:31:43.405706,Medium-High,Configuration Change,False,NOC
721,1347,2024-05-21 15:50:47.870424,2024-05-21 15:52:38.581463,Medium,Software Patch,False,Field Ops
722,3100,2025-11-06 20:29:44.056971,2025-11-06 20:34:29.510116,Medium-High,Vendor Escalation,True,NOC
723,1086,2024-01-24 12:38:59.845705,2024-01-24 13:18:17.630182,Medium-High,Hardware Replacement,False,NOC
724,4027,2025-02-11 06:01:34.629179,2025-02-11 06:03:23.140771,Medium-High,Fibre Repair,True,NOC
725,2327,2024-09-17 07:38:38.881178,2024-09-17 07:54:09.641863,Medium,Software Patch,False,NOC
726,1438,2024-02-08 04:26:12.921409,2024-02-08 06:00:32.683348,High,Hardware Replacement,False,Field Ops
727,1287,2024-11-07 01:22:43.577840,2024-11-07 01:30:10.624984,Low,Fibre Repair,False,Engineering
728,1584,2024-12-13 14:01:07.274250,2024-12-13 14:28:38.147104,High,Emergency Maintenance,False,NOC
729,4697,2025-06-13 09:37:53.913901,2025-06-13 10:22:57.304909,Medium-High,Fibre Repair,False,Engineering
730,666,2024-06-24 09:35:30.312664,2024-06-24 10:03:34.123607,High,Software Patch,False,Engineering
731,2565,2025-11-09 04:48:19.545355,2025-11-09 08:17:19.545355,High,Configuration Change,False,Vendor
732,1348,2025-10-23 16:49:47.860718,2025-10-23 16:55:32.505000,High,Fibre Repair,False,Engineering
733,3781,2024-09-10 21:47:52.788334,2024-09-10 21:56:44.540865,Medium-High,Configuration Change,False,NOC
734,312,2025-12-29 15:20:27.521951,2025-12-29 15:33:36.467644,Medium,Fibre Repair,False,Vendor
735,4087,2025-07-26 15:11:45.015043,2025-07-26 16:16:53.824956,Medium,Hardware Replacement,False,Field Ops
736,3480,2024-08-04 00:32:44.515836,2024-08-04 00:59:38.761800,High,Hardware Replacement,False,Field Ops
737,3255,2025-01-26 10:49:02.708799,2025-01-26 10:49:21.364726,Low,Vendor Escalation,False,Engineering
738,4778,2024-06-05 16:55:25.233093,2024-06-05 17:03:53.872292,Medium-High,Route Optimization,False,Engineering
739,4749,2025-11-13 20:35:11.182332,2025-11-13 21:31:48.334528,High,Configuration Change,False,Engineering
740,856,2025-08-16 08:23:57.076037,2025-08-16 08:38:30.745976,Medium-High,Vendor Escalation,False,Engineering
741,1937,2024-06-05 10:16:15.554642,2024-06-05 11:53:34.549295,High,Hardware Replacement,False,Engineering
742,3048,2025-06-06 15:05:39.710668,2025-06-06 15:32:20.127496,Medium-High,Fibre Repair,False,Engineering
743,547,2024-05-03 14:48:54.266181,2024-05-03 15:48:31.921756,Medium-High,Route Optimization,False,Vendor
744,581,2025-01-03 12:05:57.324263,2025-01-03 14:55:17.542442,High,Vendor Escalation,True,Engineering
745,3431,2025-07-30 16:56:19.786838,2025-07-30 16:59:06.626617,Medium,Route Optimization,False,Vendor
746,1994,2024-06-05 05:55:05.973544,2024-06-05 06:00:07.048972,Medium-High,Hardware Replacement,False,Field Ops
747,1870,2025-08-07 15:41:40.145832,2025-08-07 15:51:26.221749,Medium,Emergency Maintenance,False,Vendor
748,2580,2024-06-01 22:47:11.358711,2024-06-01 23:14:14.981354,High,Power Restoration,False,Vendor
749,2140,2024-05-10 22:09:56.448761,2024-05-10 22:14:09.413706,Medium-High,Software Patch,False,Vendor
750,2120,2024-05-15 15:01:57.525246,2024-05-15 15:04:59.797800,Low,Vendor Escalation,False,NOC
751,4979,2025-09-20 16:55:52.836320,2025-09-20 16:56:04.983456,Medium-High,Hardware Replacement,False,NOC
752,1035,2024-02-03 13:27:39.487970,2024-02-03 13:36:28.211903,Medium,Software Patch,True,Engineering
753,4664,2025-12-04 11:35:33.835638,2025-12-04 11:36:10.349800,Medium,Software Patch,False,Engineering
754,1903,2025-01-11 18:51:50.655088,2025-01-11 18:59:44.445201,Medium-High,Route Optimization,False,Field Ops
755,273,2024-06-22 00:33:32.340277,2024-06-22 00:52:41.821044,Medium,Software Patch,False,Field Ops
756,1726,2024-09-25 21:37:25.390145,2024-09-25 22:27:01.665013,Medium-High,Configuration Change,False,Field Ops
757,3924,2025-07-18 03:52:11.527349,2025-07-18 04:12:50.563604,High,Hardware Replacement,False,Vendor
758,4961,2024-09-28 18:34:32.176856,2024-09-28 18:53:57.110342,High,Vendor Escalation,False,NOC
759,34,2024-10-19 10:12:44.986480,2024-10-19 10:48:56.188462,High,Vendor Escalation,False,Vendor
760,1566,2025-10-22 17:43:45.582719,2025-10-22 17:45:35.822906,Medium,Configuration Change,True,Field Ops
761,2811,2024-05-14 08:12:51.645492,2024-05-14 08:14:12.237123,Medium-High,Power Restoration,False,Engineering
762,1668,2024-06-15 16:52:34.767328,2024-06-15 16:57:05.370086,Medium-High,Emergency Maintenance,True,Field Ops
763,1506,2024-04-05 14:46:05.751669,2024-04-05 14:50:11.548076,Medium,Configuration Change,False,NOC
764,363,2024-11-08 10:26:19.976060,2024-11-08 10:42:54.263018,Medium,Power Restoration,False,Field Ops
765,400,2024-01-01 15:35:37.661518,2024-01-01 15:55:20.487375,Medium-High,Route Optimization,False,Field Ops
766,2599,2025-01-30 12:58:58.353201,2025-01-30 13:00:09.688724,Medium,Hardware Replacement,False,Engineering
767,4454,2025-05-27 14:48:36.301180,2025-05-27 14:49:17.403918,Medium,Vendor Escalation,False,Vendor
768,816,2025-09-27 13:18:12.127551,2025-09-27 13:21:32.857188,Medium-High,Power Restoration,False,Vendor
769,4019,2024-03-01 12:56:31.020591,2024-03-01 13:01:28.859012,Medium-High,Software Patch,True,Field Ops
770,2091,2024-12-22 09:29:18.375358,2024-12-22 09:52:00.443556,Medium-High,Fibre Repair,False,Engineering
771,1791,2025-11-07 09:57:38.433900,2025-11-07 10:06:58.375952,Medium-High,Emergency Maintenance,True,Field Ops
772,560,2025-03-15 06:24:04.179441,2025-03-15 06:24:29.279452,Medium,Software Patch,False,Engineering
773,3159,2024-10-26 14:47:12.927877,2024-10-26 16:24:29.038782,High,Vendor Escalation,False,Vendor
774,3204,2024-12-19 01:47:25.994592,2024-12-19 02:06:22.537631,Medium-High,Fibre Repair,False,NOC
775,1933,2024-05-23 17:26:05.123915,2024-05-23 17:44:56.830759,Medium-High,Route Optimization,False,Vendor
776,3502,2025-11-05 13:54:25.122469,2025-11-05 13:58:43.904640,Medium,Vendor Escalation,False,Engineering
777,4041,2025-09-28 21:05:45.186658,2025-09-28 21:59:14.618624,Medium-High,Hardware Replacement,False,Engineering
778,279,2025-02-24 01:59:35.677134,2025-02-24 02:22:48.735667,High,Power Restoration,False,Vendor
779,745,2024-10-06 07:18:21.273668,2024-10-06 07:27:53.141584,High,Hardware Replacement,False,NOC
780,823,2024-12-21 19:03:07.885062,2024-12-21 19:15:24.735254,Medium-High,Power Restoration,False,Field Ops
781,4439,2024-05-06 14:56:26.452723,2024-05-06 15:04:27.215622,Medium-High,Software Patch,False,NOC
782,1888,2024-03-07 19:59:03.829121,2024-03-07 21:21:15.533902,Medium-High,Fibre Repair,False,Vendor
783,3016,2025-11-18 13:00:35.650702,2025-11-18 13:08:46.556477,Medium-High,Hardware Replacement,False,Field Ops
784,1731,2025-03-27 10:19:37.049375,2025-03-27 10:30:40.090329,Medium,Software Patch,False,NOC
785,4575,2024-10-05 13:10:12.926344,2024-10-05 13:10:53.886863,Medium-High,Emergency Maintenance,False,Field Ops
786,1844,2025-02-04 20:13:29.738564,2025-02-04 22:24:10.814678,Medium-High,Vendor Escalation,False,Vendor
787,4064,2024-08-12 13:06:53.751596,2024-08-12 13:07:56.564134,Low,Software Patch,False,Vendor
788,3766,2024-06-06 19:55:15.949938,2024-06-06 19:58:39.035162,Medium,Hardware Replacement,True,Field Ops
789,2766,2025-04-29 03:37:44.942192,2025-04-29 04:06:57.958467,Medium-High,Fibre Repair,False,Vendor
790,3602,2025-03-01 22:04:22.817438,2025-03-01 22:05:10.608728,Medium-High,Fibre Repair,False,Field Ops
791,2658,2025-04-02 13:01:39.121025,2025-04-02 13:29:01.128149,High,Fibre Repair,False,Vendor
792,193,2024-04-29 12:32:52.806784,2024-04-29 12:36:06.899439,High,Vendor Escalation,False,Vendor
793,2788,2024-01-13 08:55:01.735121,2024-01-13 10:07:43.772282,High,Fibre Repair,False,Field Ops
794,2892,2024-01-13 16:55:02.803045,2024-01-13 18:13:00.997718,High,Route Optimization,True,Vendor
795,611,2025-11-23 00:38:00.357856,2025-11-23 01:41:58.160974,High,Route Optimization,False,Engineering
796,1718,2024-11-17 18:45:13.517832,2024-11-17 19:25:15.565312,Medium-High,Configuration Change,False,NOC
797,918,2025-08-21 10:22:43.636233,2025-08-21 12:11:12.998621,High,Power Restoration,False,Field Ops
798,1074,2025-12-26 12:27:35.429756,2025-12-26 12:31:36.918700,High,Route Optimization,False,Field Ops
799,3365,2025-02-24 21:16:34.978751,2025-02-24 21:24:48.352889,Medium-High,Software Patch,True,NOC
800,624,2025-08-14 13:25:31.388375,2025-08-14 14:15:01.125071,Medium-High,Fibre Repair,False,Field Ops
801,843,2024-02-29 14:30:37.567410,2024-02-29 15:48:16.336713,High,Hardware Replacement,False,Field Ops
802,2984,2024-05-21 13:19:22.933286,2024-05-21 13:28:17.268418,Medium,Emergency Maintenance,False,Vendor
803,2479,2025-01-21 03:50:22.301023,2025-01-21 05:55:23.429553,High,Route Optimization,False,Vendor
804,439,2025-04-04 10:31:04.882404,2025-04-04 10:32:16.563387,Medium,Power Restoration,False,Field Ops
805,2822,2025-07-20 23:40:29.709036,2025-07-20 23:42:11.424396,Medium-High,Fibre Repair,True,Field Ops
806,1701,2025-10-06 06:41:54.469846,2025-10-06 06:47:26.686637,Medium,Software Patch,False,Field Ops
807,2454,2025-03-14 11:38:21.563069,2025-03-14 12:33:42.481291,Medium-High,Route Optimization,False,NOC
808,2173,2025-08-11 20:57:34.709367,2025-08-11 21:19:56.670899,High,Route Optimization,False,Field Ops
809,985,2024-10-01 09:50:33.811188,2024-10-01 09:53:40.390196,Medium-High,Vendor Escalation,True,Engineering
810,605,2024-02-02 10:10:45.721469,2024-02-02 10:22:22.877441,Medium,Software Patch,False,Engineering
811,2136,2024-07-08 14:33:35.444782,2024-07-08 15:27:24.106597,Medium-High,Route Optimization,False,Vendor
812,552,2025-02-16 09:09:04.179779,2025-02-16 09:11:48.580150,Medium-High,Configuration Change,False,Field Ops
813,4859,2024-11-14 16:35:09.804381,2024-11-14 17:20:58.913937,High,Power Restoration,False,Field Ops
814,2442,2024-11-01 20:04:59.736805,2024-11-01 20:26:58.905629,Medium-High,Route Optimization,False,Field Ops
815,281,2024-05-12 17:55:52.892471,2024-05-12 17:56:22.070935,Medium-High,Power Restoration,False,Engineering
816,4284,2024-12-13 12:25:35.523093,2024-12-13 13:40:03.086379,Medium-High,Configuration Change,True,Vendor
817,4829,2025-12-09 17:47:01.911934,2025-12-09 17:51:40.334483,Medium-High,Route Optimization,False,Vendor
818,643,2025-10-28 15:57:52.964720,2025-10-28 17:38:15.079276,High,Power Restoration,False,NOC
819,3274,2024-08-13 07:47:55.061405,2024-08-13 07:49:42.429719,Medium,Emergency Maintenance,False,Engineering
820,3828,2024-04-19 10:41:56.945232,2024-04-19 11:02:32.828610,High,Power Restoration,True,Field Ops
821,2404,2024-01-21 04:42:12.546928,2024-01-21 04:52:18.764534,Medium-High,Power Restoration,False,NOC
822,4931,2024-10-26 10:17:54.748246,2024-10-26 10:22:54.559654,Medium,Power Restoration,False,Engineering
823,2156,2024-02-27 04:39:29.019533,2024-02-27 04:51:28.497097,Medium,Fibre Repair,True,NOC
824,4591,2024-04-11 19:44:26.587087,2024-04-11 20:23:48.605684,High,Vendor Escalation,True,Field Ops
825,3784,2024-11-07 17:05:34.540979,2024-11-07 17:06:38.867635,Low,Hardware Replacement,False,Engineering
826,3526,2024-04-26 00:38:38.709976,2024-04-26 01:31:50.239254,Medium,Hardware Replacement,False,Engineering
827,3708,2025-09-25 14:47:23.552201,2025-09-25 14:50:16.011504,Medium,Software Patch,False,Vendor
828,3615,2024-04-15 08:31:08.463963,2024-04-15 08:49:37.498083,Medium-High,Configuration Change,False,NOC
829,4374,2024-10-05 15:53:25.551884,2024-10-05 16:36:02.701077,High,Power Restoration,False,Field Ops
830,3731,2025-06-16 10:20:36.519943,2025-06-16 10:34:00.755325,Medium-High,Software Patch,False,NOC
831,851,2024-06-19 04:50:00.914439,2024-06-19 04:53:30.670821,Medium,Emergency Maintenance,False,Field Ops
832,3017,2024-06-18 02:40:50.707934,2024-06-18 02:43:27.746928,Medium-High,Hardware Replacement,False,Vendor
833,2565,2025-11-09 04:44:39.428127,2025-11-09 07:19:44.502294,High,Route Optimization,False,Vendor
834,2130,2025-02-14 15:51:44.227348,2025-02-14 18:09:27.401579,High,Route Optimization,False,NOC
835,4024,2025-05-31 02:03:27.678297,2025-05-31 02:05:36.797391,Medium,Vendor Escalation,False,NOC
836,427,2024-01-11 21:39:16.487806,2024-01-11 21:39:20.612612,Low,Emergency Maintenance,True,NOC
837,2110,2025-06-07 09:38:42.009369,2025-06-07 09:42:21.881542,Medium,Fibre Repair,True,Vendor
838,2603,2024-04-08 08:09:09.235647,2024-04-08 08:16:27.277437,Medium,Vendor Escalation,False,NOC
839,974,2024-07-25 13:07:33.917063,2024-07-25 14:10:56.082669,High,Fibre Repair,False,NOC
840,1680,2025-07-10 10:59:26.290635,2025-07-10 11:03:44.537096,High,Software Patch,False,NOC
841,908,2024-04-19 11:49:55.616082,2024-04-19 12:07:16.802488,Medium-High,Fibre Repair,True,NOC
842,1413,2025-05-15 01:39:03.226211,2025-05-15 01:49:09.023629,High,Vendor Escalation,False,Engineering
843,136,2024-06-13 03:31:43.103003,2024-06-13 03:34:26.239618,Medium,Hardware Replacement,False,Field Ops
844,2192,2024-06-10 03:24:29.131098,2024-06-10 03:52:39.716250,High,Power Restoration,False,Vendor
845,4653,2025-09-17 17:49:52.025851,2025-09-17 18:34:33.856404,High,Software Patch,True,Engineering
846,1417,2024-01-19 08:39:08.276584,2024-01-19 09:07:14.811662,Medium-High,Emergency Maintenance,True,NOC
847,2591,2025-01-27 16:22:11.684725,2025-01-27 16:31:01.859780,Medium-High,Power Restoration,True,Vendor
848,4843,2024-07-15 12:09:46.069518,2024-07-15 12:50:41.753788,Medium-High,Software Patch,True,Engineering
849,4761,2024-03-01 16:22:25.461156,2024-03-01 16:24:38.978123,Medium,Fibre Repair,False,NOC
850,68,2025-01-12 07:31:08.746120,2025-01-12 09:01:31.973751,Medium-High,Power Restoration,False,Field Ops
851,2727,2025-04-11 08:54:09.271450,2025-04-11 08:54:26.054466,Medium-High,Vendor Escalation,True,NOC
852,4291,2024-02-07 20:30:39.891269,2024-02-07 20:33:34.625434,Medium-High,Software Patch,False,Field Ops
853,4953,2025-09-19 18:29:21.032769,2025-09-19 18:34:49.351209,Medium-High,Configuration Change,False,Engineering
854,1943,2024-05-16 10:27:11.669173,2024-05-16 12:06:57.110474,High,Vendor Escalation,False,Engineering
855,1731,2025-03-27 10:03:38.371603,2025-03-27 10:13:23.018812,Medium,Hardware Replacement,False,Field Ops
856,1309,2025-06-11 04:11:31.477144,2025-06-11 04:37:28.990614,Medium,Configuration Change,False,Vendor
857,4353,2025-09-14 03:13:29.110300,2025-09-14 03:45:33.215689,Medium-High,Vendor Escalation,False,Engineering
858,3615,2024-04-15 07:58:14.170694,2024-04-15 08:31:58.298649,Medium-High,Vendor Escalation,False,Vendor
859,4843,2024-07-15 12:12:33.027788,2024-07-15 12:23:14.115546,Medium-High,Fibre Repair,False,Engineering
860,4843,2024-07-15 11:46:40.587211,2024-07-15 12:15:40.333378,Medium-High,Fibre Repair,False,NOC
861,252,2024-10-26 03:39:51.330558,2024-10-26 03:43:44.850083,High,Hardware Replacement,False,Engineering
862,2484,2025-04-11 02:10:46.045116,2025-04-11 02:30:54.822430,High,Software Patch,False,Engineering
863,2910,2025-04-17 14:38:35.874460,2025-04-17 14:59:43.667851,High,Emergency Maintenance,False,Engineering
864,3064,2024-12-02 14:47:50.649781,2024-12-02 14:58:07.829017,Medium-High,Vendor Escalation,False,Field Ops
865,4232,2024-12-28 10:20:24.494413,2024-12-28 10:29:59.914421,Medium-High,Configuration Change,False,Engineering
866,675,2025-01-06 10:37:21.498765,2025-01-06 10:55:13.124377,Medium-High,Emergency Maintenance,True,Vendor
867,1203,2024-04-28 15:52:29.130227,2024-04-28 15:53:52.455343,Medium-High,Configuration Change,False,NOC
868,1858,2025-01-17 11:40:14.480859,2025-01-17 11:48:48.163966,Medium-High,Emergency Maintenance,False,Vendor
869,2569,2024-09-15 08:29:27.311810,2024-09-15 09:25:29.056357,Medium-High,Configuration Change,False,Field Ops
870,3466,2025-11-29 12:14:47.107804,2025-11-29 12:33:03.502530,High,Fibre Repair,False,Vendor
871,3492,2024-01-22 04:59:03.090246,2024-01-22 05:07:17.938389,Medium-High,Configuration Change,False,Vendor
872,2260,2024-04-29 00:01:18.010810,2024-04-29 00:05:21.922346,Low,Hardware Replacement,False,NOC
873,3787,2025-01-26 07:58:30.971009,2025-01-26 07:59:22.889428,Low,Power Restoration,False,Field Ops
874,2924,2025-11-08 02:49:22.938348,2025-11-08 06:32:22.938348,High,Configuration Change,True,NOC
875,2491,2024-02-18 02:14:31.842838,2024-02-18 02:15:22.411803,Low,Hardware Replacement,False,Field Ops
876,1296,2025-09-13 09:05:46.156347,2025-09-13 09:08:00.847984,High,Software Patch,False,Vendor
877,3867,2025-08-27 11:26:25.599896,2025-08-27 11:32:39.847427,Medium,Power Restoration,False,NOC
878,3259,2025-10-29 17:59:24.896077,2025-10-29 18:39:13.637543,High,Vendor Escalation,True,Engineering
879,1466,2025-10-15 15:28:08.039312,2025-10-15 15:32:50.000385,Medium,Software Patch,False,Engineering
880,830,2024-08-03 04:47:52.098613,2024-08-03 04:48:15.398101,Medium-High,Power Restoration,False,Engineering
881,4174,2024-06-28 19:30:15.187464,2024-06-28 20:07:21.668752,Medium-High,Configuration Change,True,Field Ops
882,1295,2025-08-11 06:13:03.474460,2025-08-11 06:23:02.295206,Medium-High,Emergency Maintenance,False,Vendor
883,3580,2025-03-03 08:14:29.610171,2025-03-03 08:34:36.580311,High,Power Restoration,False,Field Ops
884,1725,2025-08-19 04:31:03.715305,2025-08-19 04:32:56.717346,Medium,Software Patch,True,Engineering
885,3651,2025-09-05 17:39:30.119951,2025-09-05 17:54:09.173447,High,Configuration Change,False,Vendor
886,4148,2025-01-08 07:55:35.600561,2025-01-08 08:03:17.436993,Medium-High,Hardware Replacement,False,Engineering
887,2226,2025-07-16 12:48:19.460681,2025-07-16 12:50:28.966031,Medium,Fibre Repair,False,NOC
888,2331,2024-01-09 09:23:56.006681,2024-01-09 09:24:05.601276,Medium-High,Fibre Repair,False,Vendor
889,2659,2025-06-08 06:43:24.002835,2025-06-08 07:21:56.737578,High,Power Restoration,False,Field Ops
890,3602,2025-03-01 21:36:00.302272,2025-03-01 21:36:08.100038,Medium-High,Configuration Change,True,Vendor
891,196,2025-05-23 18:07:37.307975,2025-05-23 18:10:58.193804,High,Vendor Escalation,False,Field Ops
892,1235,2025-05-31 15:47:02.183556,2025-05-31 15:56:50.171981,Medium-High,Power Restoration,True,Vendor
893,4583,2024-01-11 22:49:08.573127,2024-01-11 22:53:20.501594,Low,Software Patch,True,Field Ops
894,2221,2024-01-03 14:11:28.490612,2024-01-03 14:20:54.818450,Medium-High,Route Optimization,False,Vendor
895,952,2025-06-24 11:53:52.187414,2025-06-24 12:50:05.264720,High,Route Optimization,False,NOC
896,85,2024-04-29 15:44:49.147660,2024-04-29 16:32:33.651906,High,Emergency Maintenance,False,Engineering
897,1373,2025-10-17 16:53:14.181266,2025-10-17 17:18:03.063069,Medium,Fibre Repair,False,Vendor
898,3727,2024-05-27 04:06:58.784371,2024-05-27 04:24:39.049191,High,Hardware Replacement,True,NOC
899,4323,2025-01-23 19:05:51.781538,2025-01-23 19:11:54.119574,Medium,Vendor Escalation,True,NOC
900,4109,2024-02-03 18:36:09.726503,2024-02-03 19:21:41.977757,Medium,Fibre Repair,False,Field Ops
901,3758,2024-12-14 16:04:27.692753,2024-12-14 16:09:24.404943,Medium,Hardware Replacement,False,Engineering
902,4802,2025-02-26 16:18:09.396944,2025-02-26 16:24:13.237821,Medium-High,Vendor Escalation,True,Vendor
903,2504,2024-11-23 09:20:24.898484,2024-11-23 09:41:03.019312,Medium,Configuration Change,True,Vendor
904,2544,2024-01-21 12:33:45.787722,2024-01-21 13:20:36.905631,Medium-High,Hardware Replacement,True,Field Ops
905,2992,2024-04-20 10:55:07.475839,2024-04-20 11:12:32.509009,High,Configuration Change,False,NOC
906,4929,2025-09-16 05:09:17.397729,2025-09-16 05:22:25.522699,Medium-High,Configuration Change,False,Vendor
907,1330,2025-06-02 13:22:17.956481,2025-06-02 13:26:12.233151,Medium-High,Hardware Replacement,False,Engineering
908,854,2025-03-20 01:14:32.373662,2025-03-20 01:22:32.652735,Medium-High,Route Optimization,False,Engineering
909,1538,2024-02-26 12:09:49.579214,2024-02-26 12:15:44.742345,Medium-High,Software Patch,True,Engineering
910,4017,2024-09-26 18:28:16.459782,2024-09-26 18:40:40.981467,Medium-High,Fibre Repair,True,Vendor
911,4637,2025-10-01 09:36:15.803385,2025-10-01 09:54:57.734909,High,Vendor Escalation,False,Field Ops
912,3421,2024-04-06 12:40:08.690001,2024-04-06 12:44:13.057931,High,Route Optimization,False,Vendor
913,2876,2024-01-09 15:10:03.672985,2024-01-09 15:42:14.231652,Medium-High,Fibre Repair,True,Vendor
914,3403,2024-06-15 18:33:33.878711,2024-06-15 20:22:09.619632,High,Power Restoration,False,Field Ops
915,1935,2025-03-14 05:20:16.582458,2025-03-14 05:36:18.481095,High,Configuration Change,False,NOC
916,3837,2024-08-07 10:29:53.980894,2024-08-07 11:12:38.327746,High,Hardware Replacement,True,Field Ops
917,4588,2025-03-16 16:56:23.728241,2025-03-16 18:08:48.058574,High,Route Optimization,False,Field Ops
918,140,2025-02-14 13:35:06.310749,2025-02-14 13:38:49.504716,Medium,Vendor Escalation,False,Engineering
919,2051,2025-09-03 17:57:22.868990,2025-09-03 18:55:03.053030,Medium-High,Software Patch,True,Field Ops
920,1352,2024-11-10 08:41:37.803364,2024-11-10 09:14:10.351013,Medium-High,Fibre Repair,False,Field Ops
921,4015,2024-01-07 12:42:24.533041,2024-01-07 12:43:52.007542,High,Route Optimization,False,NOC
922,1515,2024-08-16 00:21:08.319650,2024-08-16 00:42:29.081097,Medium-High,Software Patch,True,Field Ops
923,4916,2025-02-25 10:10:03.038494,2025-02-25 10:39:53.618107,Medium-High,Fibre Repair,True,Engineering
924,4142,2024-03-30 14:36:12.334790,2024-03-30 14:57:11.362514,High,Vendor Escalation,False,NOC
925,2256,2025-03-17 07:17:31.801152,2025-03-17 07:23:45.137148,High,Hardware Replacement,True,Field Ops
926,3215,2025-09-05 02:27:18.992009,2025-09-05 02:40:55.818866,Medium,Vendor Escalation,False,Vendor
927,2190,2024-10-30 16:23:01.931457,2024-10-30 16:28:36.811014,High,Hardware Replacement,False,Vendor
928,3048,2025-06-06 15:09:25.581658,2025-06-06 15:13:44.695121,Medium-High,Vendor Escalation,True,NOC
929,1191,2025-01-18 00:14:33.578859,2025-01-18 00:40:44.557246,Medium-High,Route Optimization,False,Field Ops
930,828,2024-01-20 10:13:36.523389,2024-01-20 10:37:17.929061,Medium-High,Route Optimization,True,Vendor
931,2957,2025-07-27 17:12:34.616606,2025-07-27 17:17:44.937287,Medium-High,Emergency Maintenance,True,Vendor
932,3616,2024-09-22 13:19:40.784170,2024-09-22 13:19:52.237229,Medium,Fibre Repair,False,Vendor
933,1192,2024-07-09 08:30:39.365993,2024-07-09 09:33:10.975990,Medium-High,Vendor Escalation,False,Engineering
934,4368,2024-12-19 11:19:58.868669,2024-12-19 11:31:11.765075,High,Route Optimization,False,NOC
935,4978,2025-11-24 19:12:23.567666,2025-11-24 20:38:47.554532,High,Route Optimization,False,Field Ops
936,2956,2025-03-07 11:57:33.797978,2025-03-07 12:20:04.938387,Medium-High,Power Restoration,False,Field Ops
937,4597,2024-11-03 13:40:32.148105,2024-11-03 13:56:56.073054,High,Emergency Maintenance,False,Vendor
938,1906,2025-03-26 13:31:45.647321,2025-03-26 13:42:11.562038,Medium-High,Power Restoration,False,Engineering
939,1114,2024-05-10 21:07:44.882399,2024-05-10 22:00:30.455307,Medium,Vendor Escalation,False,Engineering
940,435,2025-01-31 17:51:57.094294,2025-01-31 17:55:37.774035,Low,Hardware Replacement,False,Engineering
941,567,2025-05-14 22:28:07.961438,2025-05-14 23:39:43.597455,Medium-High,Power Restoration,False,NOC
942,3399,2025-10-26 16:02:39.927612,2025-10-26 16:09:43.591335,Medium-High,Software Patch,True,NOC
943,1250,2025-06-21 18:29:31.407687,2025-06-21 18:53:36.280258,High,Configuration Change,False,Vendor
944,1409,2025-05-30 10:33:17.727126,2025-05-30 10:37:52.797456,Medium-High,Software Patch,True,NOC
945,4841,2025-11-07 09:20:57.738592,2025-11-07 10:12:30.049859,Medium-High,Vendor Escalation,True,Vendor
946,3106,2024-11-11 20:22:50.538762,2024-11-11 20:36:53.589723,High,Hardware Replacement,False,Field Ops
947,3879,2024-03-14 09:01:19.399256,2024-03-14 09:41:46.929677,Medium-High,Fibre Repair,False,Vendor
948,4506,2024-01-14 12:19:13.024932,2024-01-14 12:25:37.061227,Medium,Fibre Repair,False,Engineering
949,3992,2024-08-04 10:44:51.570025,2024-08-04 11:25:59.054563,High,Configuration Change,False,Engineering
950,757,2025-05-31 14:05:57.770503,2025-05-31 14:08:08.048386,Low,Power Restoration,False,Engineering
951,4814,2024-01-01 14:48:48.367629,2024-01-01 14:57:51.408776,Medium-High,Power Restoration,False,Vendor
952,2748,2025-03-09 14:30:59.226299,2025-03-09 14:57:45.682900,Medium-High,Software Patch,True,NOC
953,2561,2024-10-21 18:01:31.282022,2024-10-21 18:05:24.261871,High,Power Restoration,True,Engineering
954,3090,2025-04-21 18:22:00.618123,2025-04-21 19:00:29.078447,High,Power Restoration,False,Field Ops
955,3156,2024-11-20 15:14:28.173842,2024-11-20 16:48:02.112721,High,Route Optimization,False,Vendor
956,3794,2024-01-22 09:50:37.263565,2024-01-22 10:13:20.809390,High,Software Patch,False,Vendor
957,2115,2024-07-20 10:07:51.557186,2024-07-20 10:17:51.976919,Medium-High,Software Patch,True,Engineering
958,524,2024-05-14 01:12:12.525491,2024-05-14 01:56:42.529663,High,Fibre Repair,False,NOC
959,3223,2024-02-26 10:08:06.263227,2024-02-26 10:55:54.681486,Medium,Software Patch,False,NOC
960,648,2025-10-25 08:38:48.689394,2025-10-25 08:48:13.131936,Medium-High,Emergency Maintenance,False,NOC
961,549,2024-08-01 08:35:40.301743,2024-08-01 09:35:53.134529,High,Configuration Change,False,NOC
962,2497,2025-05-17 12:30:19.084624,2025-05-17 13:13:52.935951,Medium-High,Emergency Maintenance,False,Vendor
963,2039,2025-02-17 11:10:51.248940,2025-02-17 11:21:17.805313,Low,Power Restoration,False,Field Ops
964,1688,2025-08-17 17:56:17.780957,2025-08-17 18:03:08.049180,Medium,Configuration Change,False,Vendor
965,856,2025-08-16 08:29:34.459696,2025-08-16 08:40:51.738654,Medium-High,Hardware Replacement,False,NOC
966,4840,2025-08-26 05:35:17.260962,2025-08-26 05:39:22.305633,High,Route Optimization,False,Engineering
967,3826,2024-11-05 05:54:02.394162,2024-11-05 06:14:19.855843,Medium,Vendor Escalation,False,NOC
968,3729,2025-08-20 12:38:09.217140,2025-08-20 12:48:29.611553,Medium-High,Vendor Escalation,True,Engineering
969,1793,2025-09-05 21:56:35.557657,2025-09-05 22:10:58.603868,Medium-High,Route Optimization,True,Vendor
970,420,2024-10-12 22:00:41.878819,2024-10-12 22:02:01.753165,Medium-High,Hardware Replacement,False,Engineering
971,4635,2024-09-13 04:11:30.243564,2024-09-13 04:46:19.669396,Medium-High,Fibre Repair,False,Field Ops
972,3394,2024-04-30 02:07:08.055501,2024-04-30 02:18:25.288945,High,Emergency Maintenance,True,Engineering
973,4049,2024-02-23 12:10:37.098135,2024-02-23 12:11:38.819030,Medium-High,Power Restoration,False,NOC
974,3812,2024-07-13 08:19:59.476291,2024-07-13 08:49:31.187351,High,Emergency Maintenance,True,Vendor
975,2076,2024-11-23 08:55:22.567703,2024-11-23 09:21:04.572503,High,Configuration Change,False,Vendor
976,4403,2024-02-15 11:49:31.157395,2024-02-15 12:10:20.874865,Medium,Vendor Escalation,False,Field Ops
977,3151,2025-05-15 05:49:50.342941,2025-05-15 06:13:55.197834,High,Fibre Repair,True,Engineering
978,157,2025-12-14 06:42:21.031963,2025-12-14 08:45:21.031963,High,Vendor Escalation,True,NOC
979,790,2025-10-09 23:56:49.013459,2025-10-09 23:57:02.929890,Medium,Hardware Replacement,False,NOC
980,4938,2025-02-17 14:01:04.530658,2025-02-17 14:17:25.256188,High,Configuration Change,True,NOC
981,276,2025-09-11 19:06:28.344267,2025-09-11 19:25:43.972711,Medium-High,Power Restoration,True,Field Ops
982,1622,2024-02-26 08:24:21.097520,2024-02-26 08:42:51.173075,Medium-High,Fibre Repair,True,Field Ops
983,107,2025-11-26 16:53:09.810029,2025-11-26 17:04:49.329429,Medium-High,Power Restoration,True,Vendor
984,3244,2024-03-10 03:28:59.011962,2024-03-10 04:39:45.953811,High,Vendor Escalation,False,Vendor
985,1230,2025-09-22 05:37:46.832286,2025-09-22 05:46:07.398851,Medium-High,Configuration Change,False,Vendor
986,4758,2025-12-31 12:05:13.494408,2025-12-31 12:40:40.953653,Medium-High,Route Optimization,False,Vendor
987,2517,2024-01-01 05:40:24.966907,2024-01-01 05:42:57.486331,High,Vendor Escalation,False,Vendor
988,1858,2025-01-17 11:39:57.423291,2025-01-17 11:45:11.661849,Medium-High,Emergency Maintenance,False,Vendor
989,960,2024-02-04 03:06:32.107378,2024-02-04 03:27:55.364446,Medium-High,Software Patch,False,Vendor
990,1974,2024-09-16 09:22:19.452315,2024-09-16 09:38:35.693136,High,Emergency Maintenance,False,Engineering
991,1919,2024-08-22 11:23:17.459564,2024-08-22 12:38:57.593295,Medium-High,Power Restoration,False,Engineering
992,488,2025-06-19 10:31:37.323297,2025-06-19 11:04:14.868614,Medium-High,Software Patch,False,NOC
993,844,2025-03-08 20:35:03.973886,2025-03-08 21:00:07.431713,High,Route Optimization,True,Engineering
994,87,2025-07-29 16:47:31.825333,2025-07-29 17:00:29.484845,Medium,Power Restoration,False,Engineering
995,4206,2025-03-31 04:41:00.596856,2025-03-31 05:07:44.501178,High,Route Optimization,True,Vendor
996,3219,2025-06-29 10:17:41.476090,2025-06-29 11:06:17.850575,Medium-High,Hardware Replacement,True,Field Ops
997,2978,2025-03-07 04:39:29.588381,2025-03-07 06:06:51.234843,High,Route Optimization,True,NOC
998,2846,2025-05-25 19:20:13.763667,2025-05-25 19:33:15.017721,High,Route Optimization,False,Vendor
999,4370,2025-08-17 06:56:10.503114,2025-08-17 07:40:12.205582,High,Emergency Maintenance,False,Engineering
1000,1627,2024-03-31 08:36:47.418361,2024-03-31 08:58:25.671879,Medium-High,Emergency Maintenance,False,Field Ops
1001,3647,2024-08-31 18:02:24.954695,2024-08-31 18:16:13.212467,Medium-High,Vendor Escalation,False,Vendor
1002,2245,2025-05-11 16:03:13.146117,2025-05-11 16:59:33.374735,High,Fibre Repair,False,Engineering
1003,1838,2024-06-19 20:19:20.723617,2024-06-19 20:24:00.790421,Medium-High,Power Restoration,False,NOC
1004,2912,2024-11-23 08:15:33.997472,2024-11-23 09:20:32.703969,Medium-High,Hardware Replacement,False,NOC
1005,2766,2025-04-29 03:39:55.232342,2025-04-29 03:53:14.706216,Medium-High,Hardware Replacement,True,NOC
1006,3610,2024-02-22 15:32:57.437186,2024-02-22 16:14:22.996274,High,Emergency Maintenance,False,Vendor
1007,852,2024-11-26 01:15:40.384283,2024-11-26 01:19:47.275678,High,Emergency Maintenance,False,Field Ops
1008,4158,2024-09-01 15:26:28.470528,2024-09-01 15:44:58.425291,Medium-High,Configuration Change,False,Vendor
1009,3009,2025-05-02 09:50:16.180898,2025-05-02 10:50:40.730133,Medium-High,Software Patch,False,Field Ops
1010,4853,2025-09-08 13:08:40.638588,2025-09-08 13:17:17.487860,Medium-High,Emergency Maintenance,False,Engineering
1011,329,2024-03-13 11:01:35.107404,2024-03-13 11:05:32.373683,Medium-High,Configuration Change,False,Engineering
1012,834,2024-01-31 11:48:03.368314,2024-01-31 11:51:56.014851,High,Hardware Replacement,False,Engineering
1013,4702,2025-03-11 09:18:01.668009,2025-03-11 09:23:37.633381,Medium,Power Restoration,False,NOC
1014,2678,2025-07-15 12:51:51.941576,2025-07-15 13:02:19.980794,Medium-High,Vendor Escalation,False,Vendor
1015,2820,2025-12-03 17:26:15.358288,2025-12-03 17:53:13.735238,Medium-High,Configuration Change,False,NOC
1016,3492,2024-01-22 05:31:13.961479,2024-01-22 05:33:09.991859,Medium-High,Route Optimization,False,Vendor
1017,2233,2025-07-17 15:13:39.737180,2025-07-17 15:19:15.278689,Medium-High,Hardware Replacement,False,Vendor
1018,4457,2024-10-29 15:25:37.457662,2024-10-29 15:28:19.635219,Medium,Hardware Replacement,False,Vendor
1019,233,2025-09-11 00:51:07.532654,2025-09-11 01:24:40.514416,High,Fibre Repair,False,Vendor
1020,4600,2024-11-19 17:30:36.125347,2024-11-19 17:51:06.059614,Medium-High,Configuration Change,False,Vendor
1021,290,2024-05-23 12:11:17.509940,2024-05-23 12:14:39.456325,Medium-High,Route Optimization,False,Field Ops
1022,2977,2025-04-10 09:00:03.892806,2025-04-10 09:33:59.227427,Medium-High,Fibre Repair,False,NOC
1023,3903,2025-10-05 13:07:47.520147,2025-10-05 13:10:21.618355,Medium-High,Vendor Escalation,False,Field Ops
1024,100,2025-09-14 17:55:17.894470,2025-09-14 18:02:41.504487,Medium-High,Software Patch,False,Field Ops
1025,4853,2025-09-08 13:07:31.236996,2025-09-08 13:18:38.053744,Medium-High,Hardware Replacement,False,Field Ops
1026,1631,2024-01-27 16:44:38.860837,2024-01-27 16:53:41.706543,Medium-High,Configuration Change,False,Engineering
1027,200,2025-02-23 21:26:23.972009,2025-02-23 21:57:22.926740,Medium-High,Fibre Repair,False,Vendor
1028,279,2025-02-24 01:57:54.471409,2025-02-24 02:20:45.594070,High,Fibre Repair,False,Engineering
1029,3320,2025-10-04 12:20:55.009630,2025-10-04 12:29:27.112739,Medium,Power Restoration,False,NOC
1030,601,2025-04-16 09:37:33.691736,2025-04-16 09:43:18.756722,Medium-High,Software Patch,False,NOC
1031,3138,2025-11-05 11:59:26.058676,2025-11-05 13:12:08.426908,High,Emergency Maintenance,False,Vendor
1032,3600,2025-11-02 15:04:59.490719,2025-11-02 15:13:05.106107,High,Hardware Replacement,False,NOC
1033,4842,2025-01-20 12:59:18.994905,2025-01-20 13:03:43.358805,High,Vendor Escalation,False,Engineering
1034,413,2024-11-18 06:48:52.989598,2024-11-18 06:55:59.151348,Medium,Emergency Maintenance,True,Vendor
1035,3887,2024-09-25 01:33:01.043123,2024-09-25 01:47:56.207232,Medium-High,Fibre Repair,False,Field Ops
1036,4029,2024-12-25 11:12:38.150411,2024-12-25 11:31:27.144914,Medium,Software Patch,False,Engineering
1037,4914,2024-12-21 15:44:45.543178,2024-12-21 16:02:17.885941,High,Power Restoration,True,NOC
1038,4992,2025-02-25 15:41:59.078210,2025-02-25 15:53:10.531680,High,Power Restoration,False,NOC
1039,2809,2025-05-28 18:04:59.419139,2025-05-28 18:08:23.445763,Medium-High,Emergency Maintenance,False,Field Ops
1040,3061,2024-07-30 08:16:50.322426,2024-07-30 08:24:56.218444,Medium,Fibre Repair,False,Field Ops
1041,2507,2025-06-24 18:24:41.031051,2025-06-24 19:18:20.641552,Medium-High,Hardware Replacement,False,NOC
1042,2638,2025-04-04 20:03:37.632829,2025-04-04 20:26:05.460640,Medium-High,Vendor Escalation,False,Engineering
1043,1857,2024-09-28 05:29:41.633123,2024-09-28 05:48:24.397122,Medium-High,Power Restoration,False,Vendor
1044,1806,2024-10-19 14:07:45.439255,2024-10-19 14:16:03.842197,Medium-High,Hardware Replacement,False,Field Ops
1045,2844,2025-07-22 17:50:21.529196,2025-07-22 18:04:36.387647,High,Fibre Repair,False,Vendor
1046,2872,2024-11-09 10:23:50.764399,2024-11-09 11:25:01.499988,High,Fibre Repair,False,Field Ops
1047,3378,2025-12-01 20:42:31.888594,2025-12-01 20:43:44.906945,Medium,Route Optimization,False,Field Ops
1048,1530,2025-09-07 12:20:56.723568,2025-09-07 12:41:31.375718,Medium-High,Route Optimization,False,Engineering
1049,604,2024-12-15 12:55:31.209954,2024-12-15 13:19:47.590957,Medium-High,Fibre Repair,False,Vendor
1050,4077,2025-10-31 17:19:13.503443,2025-10-31 17:33:35.360010,Medium,Vendor Escalation,True,Vendor
1051,4712,2025-08-28 12:52:44.206980,2025-08-28 13:24:50.471343,Medium-High,Vendor Escalation,True,Field Ops
1052,3661,2024-02-05 17:11:00.638485,2024-02-05 18:02:44.568607,Medium-High,Configuration Change,False,Vendor
1053,582,2024-07-22 10:03:10.895796,2024-07-22 10:08:41.405991,High,Configuration Change,False,Vendor
1054,2813,2025-04-23 09:35:23.440166,2025-04-23 09:38:26.206127,Medium,Software Patch,False,Vendor
1055,1709,2025-09-04 12:52:59.233297,2025-09-04 13:00:47.216206,Medium,Fibre Repair,True,Field Ops
1056,3813,2024-09-11 08:48:45.319522,2024-09-11 09:53:11.858529,Medium-High,Fibre Repair,False,Vendor
1057,4498,2024-08-18 09:08:39.468777,2024-08-18 09:29:41.374063,Medium-High,Software Patch,True,Field Ops
1058,1632,2024-11-17 17:23:59.850959,2024-11-17 17:33:04.068977,Medium,Software Patch,False,NOC
1059,1494,2024-06-16 14:33:16.577253,2024-06-16 14:35:49.323159,Medium,Fibre Repair,False,NOC
1060,4486,2025-03-10 10:33:13.296090,2025-03-10 11:57:58.910249,Medium-High,Hardware Replacement,True,Vendor
1061,4080,2024-07-24 15:34:38.694930,2024-07-24 15:40:46.563649,Medium,Power Restoration,True,Vendor
1062,3192,2024-03-01 16:06:45.175655,2024-03-01 17:53:24.298140,High,Configuration Change,False,Engineering
1063,1570,2025-05-08 13:45:16.760307,2025-05-08 14:39:26.425811,Medium,Fibre Repair,False,NOC
1064,2756,2025-01-09 11:53:05.310348,2025-01-09 12:02:46.392710,High,Route Optimization,False,Field Ops
1065,3723,2024-02-16 09:39:15.577715,2024-02-16 09:51:56.669895,Medium,Software Patch,False,NOC
1066,2882,2024-05-01 18:08:06.831628,2024-05-01 18:10:13.952588,High,Hardware Replacement,False,Vendor
1067,2762,2025-09-04 17:05:53.878813,2025-09-04 17:07:33.790707,Medium-High,Hardware Replacement,True,Vendor
1068,3572,2025-11-25 09:28:25.492250,2025-11-25 09:31:28.562087,High,Emergency Maintenance,False,Vendor
1069,1460,2024-11-28 12:02:13.750300,2024-11-28 12:44:59.151711,Medium,Power Restoration,False,NOC
1070,3009,2025-05-02 09:38:50.357153,2025-05-02 10:13:12.092108,Medium-High,Fibre Repair,False,Vendor
1071,1125,2025-03-17 13:14:33.927070,2025-03-17 13:27:45.250742,Medium-High,Fibre Repair,True,NOC
1072,4743,2024-11-23 04:16:24.302587,2024-11-23 04:39:07.255815,Medium-High,Power Restoration,False,NOC
1073,380,2025-03-06 09:41:42.888185,2025-03-06 09:44:09.376386,Medium-High,Vendor Escalation,False,Vendor
1074,1543,2024-10-25 17:11:10.255233,2024-10-25 17:43:29.203940,High,Hardware Replacement,False,NOC
1075,815,2025-05-23 17:41:42.521639,2025-05-23 18:15:17.066194,High,Power Restoration,False,Field Ops
1076,4889,2025-01-29 06:29:11.605662,2025-01-29 06:43:01.509271,High,Vendor Escalation,False,Vendor
1077,836,2025-01-18 20:41:25.093754,2025-01-18 21:05:07.204873,Medium-High,Power Restoration,False,Engineering
1078,4948,2024-06-07 19:45:00.780317,2024-06-07 20:11:24.503391,Medium-High,Power Restoration,False,Vendor
1079,4396,2025-05-19 16:18:39.374218,2025-05-19 16:21:01.311241,Medium,Hardware Replacement,False,NOC
1080,1611,2024-10-12 16:45:39.976496,2024-10-12 17:03:03.778219,Medium,Route Optimization,False,NOC
1081,509,2024-09-18 15:55:50.964054,2024-09-18 16:02:39.349995,Medium,Emergency Maintenance,False,NOC
1082,2161,2024-04-18 14:12:07.612945,2024-04-18 14:13:22.607839,Low,Vendor Escalation,False,Engineering
1083,61,2024-12-25 13:13:58.442641,2024-12-25 13:23:02.032797,Medium-High,Hardware Replacement,False,Engineering
1084,3577,2025-02-12 00:45:04.928963,2025-02-12 00:56:56.186196,Medium,Vendor Escalation,False,Field Ops
1085,1091,2024-05-04 02:16:47.937007,2024-05-04 02:25:12.069866,Medium-High,Route Optimization,False,Field Ops
1086,463,2024-11-22 14:08:22.880979,2024-11-22 14:11:05.860332,High,Software Patch,False,Engineering
1087,1858,2025-01-17 11:44:56.164754,2025-01-17 11:49:03.644916,Medium-High,Software Patch,True,Engineering
1088,4684,2024-03-05 13:18:13.260613,2024-03-05 13:18:38.408730,Medium,Emergency Maintenance,True,NOC
1089,3159,2024-10-26 14:48:18.107612,2024-10-26 15:40:41.114079,High,Configuration Change,False,Engineering
1090,399,2024-05-16 12:55:43.034207,2024-05-16 13:17:26.642932,Medium,Software Patch,False,Field Ops
1091,2917,2024-03-12 21:02:26.756515,2024-03-12 21:31:07.889775,Medium-High,Route Optimization,False,Engineering
1092,2203,2024-06-22 03:52:09.539728,2024-06-22 03:59:16.608220,Medium,Fibre Repair,False,NOC
1093,3864,2025-09-28 17:35:04.317941,2025-09-28 17:48:29.567092,Medium-High,Vendor Escalation,False,Vendor
1094,1814,2024-11-20 03:42:42.087546,2024-11-20 03:43:11.465320,Medium,Configuration Change,False,NOC
1095,4674,2024-12-31 10:37:37.283765,2024-12-31 10:53:51.222915,Medium-High,Route Optimization,True,Field Ops
1096,2136,2024-07-08 14:35:47.597822,2024-07-08 14:49:44.433214,Medium-High,Emergency Maintenance,True,Engineering
1097,1316,2024-12-19 01:46:57.260239,2024-12-19 01:56:28.853984,Medium-High,Power Restoration,False,Vendor
1098,4899,2025-11-16 14:13:06.309775,2025-11-16 14:49:08.151787,High,Configuration Change,False,Vendor
1099,1922,2024-04-18 07:16:44.354814,2024-04-18 07:21:41.611691,High,Power Restoration,True,Vendor
1100,2861,2025-12-04 05:36:22.569016,2025-12-04 05:46:40.580664,Medium-High,Fibre Repair,False,NOC
1101,3512,2025-01-13 02:56:52.898568,2025-01-13 03:07:24.795516,Medium-High,Configuration Change,True,NOC
1102,2408,2025-05-21 01:54:31.983974,2025-05-21 02:00:12.015317,High,Vendor Escalation,False,NOC
1103,4104,2025-03-19 14:04:43.130479,2025-03-19 14:19:25.988929,Medium,Vendor Escalation,False,Field Ops
1104,1155,2025-06-24 15:08:52.765172,2025-06-24 15:59:44.650782,High,Route Optimization,False,Engineering
1105,2263,2025-06-16 13:20:27.273100,2025-06-16 13:26:19.545728,Medium-High,Emergency Maintenance,False,Field Ops
1106,4791,2024-01-08 22:40:46.726572,2024-01-08 23:32:47.338517,High,Emergency Maintenance,False,Field Ops
1107,1507,2024-08-01 05:35:14.123731,2024-08-01 05:35:49.834455,Low,Fibre Repair,False,Field Ops
1108,3036,2024-07-02 17:03:32.561402,2024-07-02 17:11:06.710998,Medium,Configuration Change,False,NOC
1109,3765,2025-08-28 10:59:01.894752,2025-08-28 11:28:19.084324,High,Software Patch,False,NOC
1110,1537,2025-06-11 11:09:58.690471,2025-06-11 11:17:44.281328,High,Route Optimization,True,NOC
1111,4752,2025-12-05 17:28:12.224939,2025-12-05 17:37:35.308753,Medium,Hardware Replacement,False,Field Ops
1112,4586,2025-11-04 01:20:49.440389,2025-11-04 01:21:11.794516,Medium,Configuration Change,True,Engineering
1113,4184,2024-02-22 08:03:08.433884,2024-02-22 08:10:28.534585,High,Fibre Repair,True,Field Ops
1114,1060,2025-10-09 11:59:26.995725,2025-10-09 12:02:01.689877,Medium-High,Software Patch,False,Engineering
1115,2563,2024-11-30 11:36:56.361999,2024-11-30 11:48:52.032833,Medium,Vendor Escalation,False,Vendor
1116,4123,2025-12-14 20:19:43.238688,2025-12-14 20:36:32.144866,Medium-High,Power Restoration,False,Engineering
1117,196,2025-05-23 18:40:04.297283,2025-05-23 18:48:15.084072,High,Fibre Repair,False,Field Ops
1118,2958,2025-03-28 19:27:14.061814,2025-03-28 19:30:59.149813,Medium,Fibre Repair,False,Vendor
1119,2722,2025-02-03 09:47:32.716704,2025-02-03 10:02:14.221524,Medium-High,Vendor Escalation,True,Engineering
1120,1937,2024-06-05 10:27:29.537427,2024-06-05 13:53:20.588796,High,Hardware Replacement,False,Engineering
1121,4415,2025-03-02 14:29:45.519679,2025-03-02 14:53:22.951751,Medium-High,Hardware Replacement,True,Field Ops
1122,1245,2025-12-14 11:24:40.230485,2025-12-14 13:13:25.613780,High,Software Patch,False,Engineering
1123,3421,2024-04-06 12:43:44.442631,2024-04-06 13:02:39.256727,High,Configuration Change,False,Field Ops
1124,922,2025-05-31 02:52:14.523115,2025-05-31 03:03:49.742444,Medium-High,Emergency Maintenance,False,NOC
1125,2562,2025-06-20 17:29:01.994471,2025-06-20 19:15:18.097668,High,Emergency Maintenance,False,Vendor
1126,3852,2024-08-24 08:39:05.191161,2024-08-24 09:36:19.559552,Medium-High,Route Optimization,False,NOC
1127,3302,2024-03-13 12:53:45.320589,2024-03-13 13:01:06.179179,Medium,Fibre Repair,False,NOC
1128,648,2025-10-25 08:37:38.708071,2025-10-25 08:43:25.468220,Medium-High,Software Patch,False,Engineering
1129,1192,2024-07-09 08:42:48.997364,2024-07-09 09:22:20.686255,Medium-High,Software Patch,True,NOC
1130,1236,2024-05-29 18:10:20.633596,2024-05-29 18:20:50.334267,Medium-High,Emergency Maintenance,False,Engineering
1131,2066,2024-08-10 11:38:55.379566,2024-08-10 14:35:01.559103,High,Software Patch,True,NOC
1132,2885,2024-10-30 15:24:55.089172,2024-10-30 15:50:39.316325,High,Route Optimization,False,Engineering
1133,2073,2024-07-22 09:26:46.662135,2024-07-22 09:37:21.151768,Medium,Emergency Maintenance,False,Field Ops
1134,2340,2024-12-18 14:53:35.573954,2024-12-18 14:53:54.777259,Medium-High,Software Patch,False,Engineering
1135,4368,2024-12-19 11:18:45.515782,2024-12-19 11:28:38.574863,High,Route Optimization,True,Engineering
1136,1327,2024-04-09 06:12:15.172982,2024-04-09 06:20:59.930189,Medium-High,Vendor Escalation,False,Field Ops
1137,2245,2025-05-11 16:08:07.107462,2025-05-11 16:24:34.114169,High,Route Optimization,False,Engineering
1138,4152,2024-06-19 11:56:43.290058,2024-06-19 12:29:27.358711,High,Power Restoration,False,Vendor
1139,3665,2024-01-29 04:17:03.529113,2024-01-29 04:40:49.634599,Medium-High,Route Optimization,True,Engineering
1140,2326,2025-12-23 13:03:59.625246,2025-12-23 13:28:45.696695,Medium-High,Fibre Repair,False,Engineering
1141,1915,2025-08-08 15:30:32.118770,2025-08-08 15:41:42.835088,High,Fibre Repair,False,Vendor
1142,2552,2024-11-05 04:17:13.650019,2024-11-05 04:21:05.784867,Medium,Power Restoration,False,Vendor
1143,1151,2024-04-04 01:00:58.348167,2024-04-04 01:01:36.449685,Medium,Configuration Change,False,Engineering
1144,2462,2024-10-23 19:02:47.837066,2024-10-23 20:35:56.667387,Medium-High,Emergency Maintenance,False,Vendor
1145,666,2024-06-24 09:38:53.863458,2024-06-24 09:46:03.216070,High,Hardware Replacement,True,Engineering
1146,927,2024-06-04 12:23:07.826021,2024-06-04 13:18:23.668727,High,Software Patch,False,Engineering
1147,2315,2025-03-08 13:50:40.353373,2025-03-08 14:22:43.722375,Medium-High,Configuration Change,False,NOC
1148,3600,2025-11-02 15:23:29.520763,2025-11-02 15:28:39.884325,High,Vendor Escalation,False,NOC
1149,668,2025-11-30 07:52:38.959604,2025-11-30 07:57:38.244336,Medium-High,Fibre Repair,False,Field Ops
1150,2757,2025-08-02 13:36:59.996184,2025-08-02 14:02:53.725303,Medium-High,Emergency Maintenance,False,Field Ops
1151,3338,2025-10-20 15:20:56.548527,2025-10-20 15:32:31.351981,Medium-High,Configuration Change,True,Engineering
1152,4347,2024-02-22 11:02:14.688947,2024-02-22 11:10:55.383952,Medium-High,Hardware Replacement,False,Engineering
1153,1328,2024-08-29 14:53:15.750982,2024-08-29 15:25:02.388851,Medium-High,Route Optimization,True,NOC
1154,2250,2024-01-09 10:27:08.664379,2024-01-09 10:31:27.802462,High,Power Restoration,False,Field Ops
1155,4068,2025-03-27 08:30:52.539778,2025-03-27 08:34:20.018931,Medium-High,Power Restoration,False,Field Ops
1156,4831,2024-12-03 04:13:53.629344,2024-12-03 04:19:33.101533,Medium-High,Software Patch,False,NOC
1157,1529,2024-04-11 15:11:46.598137,2024-04-11 15:40:53.719287,Medium,Configuration Change,True,Vendor
1158,3138,2025-11-05 12:01:39.782894,2025-11-05 15:12:14.176050,High,Route Optimization,False,NOC
1159,4762,2025-10-16 01:53:03.861172,2025-10-16 02:05:33.290078,Medium-High,Route Optimization,False,Field Ops
1160,4901,2024-02-25 18:55:57.555986,2024-02-25 19:02:16.184780,Medium-High,Software Patch,False,NOC
1161,658,2025-03-28 17:16:54.604526,2025-03-28 17:35:47.192464,Medium,Configuration Change,False,Engineering
1162,1504,2024-04-11 12:59:58.365363,2024-04-11 13:04:25.981326,Medium-High,Emergency Maintenance,False,NOC
1163,1537,2025-06-11 11:08:52.198924,2025-06-11 11:40:31.583911,High,Vendor Escalation,False,Vendor
1164,2690,2024-03-07 15:07:58.080761,2024-03-07 15:54:39.471006,High,Configuration Change,True,Field Ops
1165,1087,2025-09-17 12:21:14.991805,2025-09-17 12:22:17.894828,Medium-High,Power Restoration,False,Engineering
1166,2624,2024-11-09 18:14:06.604822,2024-11-09 18:38:49.699177,High,Configuration Change,True,Vendor
1167,3304,2025-07-25 15:05:12.648768,2025-07-25 15:06:19.909511,Medium,Power Restoration,False,Engineering
1168,1343,2025-11-10 04:16:35.127502,2025-11-10 04:26:09.378560,Medium-High,Configuration Change,False,Engineering
1169,1664,2025-01-01 23:02:49.870068,2025-01-02 00:32:49.870068,High,Software Patch,False,NOC
1170,4749,2025-11-13 20:33:37.719576,2025-11-13 20:56:19.583458,High,Hardware Replacement,False,Vendor
1171,2742,2024-11-28 02:53:33.674819,2024-11-28 02:55:59.880683,Medium-High,Power Restoration,False,Vendor
1172,4526,2024-08-16 20:33:59.858915,2024-08-16 20:37:43.544649,Medium-High,Software Patch,True,NOC
1173,620,2025-01-03 17:21:24.180224,2025-01-03 17:22:02.542373,Medium-High,Power Restoration,True,Field Ops
1174,886,2025-07-04 14:44:22.320777,2025-07-04 16:12:36.826946,Medium-High,Configuration Change,False,Engineering
1175,486,2025-09-27 16:50:43.601093,2025-09-27 16:50:58.732176,Low,Vendor Escalation,True,Field Ops
1176,2713,2025-07-27 11:44:35.618599,2025-07-27 11:44:53.910159,Medium,Configuration Change,True,Field Ops
1177,3462,2025-06-05 14:13:19.530626,2025-06-05 14:39:11.580974,High,Power Restoration,False,Engineering
1178,1098,2024-07-23 16:09:29.491184,2024-07-23 16:11:15.789739,Medium,Hardware Replacement,True,Engineering
1179,2149,2025-08-31 16:46:12.100727,2025-08-31 17:39:03.012056,Medium-High,Fibre Repair,False,Engineering
1180,918,2025-08-21 10:17:59.896001,2025-08-21 11:05:18.642872,High,Power Restoration,True,Vendor
1181,1975,2025-11-24 09:57:48.481253,2025-11-24 10:00:49.997789,Medium-High,Emergency Maintenance,False,Field Ops
1182,3357,2024-06-30 13:22:00.311913,2024-06-30 13:32:34.053241,High,Emergency Maintenance,True,Engineering
1183,111,2025-12-11 08:43:03.341180,2025-12-11 09:03:48.455041,High,Software Patch,True,Field Ops
1184,387,2025-02-12 08:36:25.462488,2025-02-12 08:41:14.771602,High,Configuration Change,False,Engineering
1185,2821,2024-07-18 20:09:39.445622,2024-07-18 20:37:53.631826,High,Configuration Change,False,Field Ops
1186,3046,2024-03-26 13:47:21.319327,2024-03-26 14:14:20.681330,Medium-High,Hardware Replacement,False,Vendor
1187,1133,2025-06-18 16:50:59.313141,2025-06-18 16:53:10.940176,Medium,Power Restoration,False,Field Ops
1188,4206,2025-03-31 04:49:06.246206,2025-03-31 04:54:42.141095,High,Route Optimization,True,Engineering
1189,2604,2024-03-18 19:07:54.748156,2024-03-18 20:14:12.297128,High,Software Patch,False,NOC
1190,4381,2024-08-10 17:00:41.155820,2024-08-10 17:47:20.482150,High,Route Optimization,False,NOC
1191,3429,2024-08-12 14:35:22.764466,2024-08-12 14:54:30.280830,High,Fibre Repair,False,Engineering
1192,566,2025-10-09 11:33:29.792763,2025-10-09 12:11:30.081151,Medium-High,Emergency Maintenance,True,NOC
1193,4275,2025-04-23 09:02:12.601936,2025-04-23 09:02:43.564524,Medium,Software Patch,False,NOC
1194,638,2025-11-03 21:24:02.407580,2025-11-03 21:27:20.721999,Medium,Software Patch,False,NOC
1195,4676,2024-01-01 09:34:11.137460,2024-01-01 09:51:29.378088,High,Emergency Maintenance,True,Field Ops
1196,3074,2025-01-10 12:51:12.803605,2025-01-10 12:56:40.278360,High,Configuration Change,True,Field Ops
1197,2569,2024-09-15 08:22:38.063985,2024-09-15 08:39:20.926471,Medium-High,Configuration Change,False,Field Ops
1198,2950,2025-10-30 02:34:49.934475,2025-10-30 02:38:53.142358,Medium-High,Emergency Maintenance,True,Field Ops
1199,2541,2025-12-01 20:57:42.211494,2025-12-01 21:12:04.430906,Medium-High,Fibre Repair,False,Vendor
1200,2048,2024-01-03 08:43:26.210294,2024-01-03 09:11:10.585588,Medium-High,Fibre Repair,True,NOC
1201,1271,2025-12-12 18:12:46.918263,2025-12-12 18:46:21.008482,Medium-High,Software Patch,False,Vendor
1202,3338,2025-10-20 15:21:30.130279,2025-10-20 15:26:50.851019,Medium-High,Vendor Escalation,False,Vendor
1203,4097,2025-01-12 12:19:42.995388,2025-01-12 13:37:52.232796,Medium-High,Hardware Replacement,True,Engineering
1204,2541,2025-12-01 21:01:48.153388,2025-12-01 21:15:23.601815,Medium-High,Route Optimization,False,Vendor
1205,854,2025-03-20 00:48:42.639750,2025-03-20 00:49:08.882151,Medium-High,Fibre Repair,False,NOC
1206,3392,2024-09-24 04:44:47.863040,2024-09-24 05:16:37.216287,Medium-High,Configuration Change,False,NOC
1207,380,2025-03-06 08:54:27.928000,2025-03-06 08:57:14.961729,Medium-High,Software Patch,False,NOC
1208,604,2024-12-15 13:38:53.604995,2024-12-15 13:47:45.190869,Medium-High,Software Patch,False,NOC
1209,3383,2024-12-18 07:44:47.881728,2024-12-18 07:58:46.282380,Medium-High,Emergency Maintenance,False,Field Ops
1210,1589,2025-12-11 08:01:29.223163,2025-12-11 08:18:20.970646,Medium-High,Route Optimization,False,Vendor
1211,3741,2024-06-21 02:11:04.842910,2024-06-21 03:17:02.030518,Medium-High,Power Restoration,False,Vendor
1212,803,2024-03-10 02:36:14.916308,2024-03-10 03:27:06.687800,Medium-High,Software Patch,False,NOC
1213,3777,2024-10-07 19:29:14.367709,2024-10-07 19:31:39.143894,Medium,Configuration Change,False,NOC
1214,3367,2024-03-06 08:56:16.902310,2024-03-06 09:24:53.561230,Medium,Hardware Replacement,True,NOC
1215,1680,2025-07-10 10:37:05.070941,2025-07-10 10:38:53.425788,High,Route Optimization,True,NOC
1216,2609,2024-12-25 09:51:20.001800,2024-12-25 10:27:53.560508,High,Vendor Escalation,True,Engineering
1217,4105,2025-12-05 00:58:51.586818,2025-12-05 01:08:02.907593,High,Power Restoration,False,Engineering
1218,2416,2025-11-13 14:58:23.799753,2025-11-13 15:40:04.584259,Medium-High,Hardware Replacement,False,Field Ops
1219,1383,2025-12-26 11:32:58.679102,2025-12-26 11:40:22.972379,High,Emergency Maintenance,False,NOC
1220,3879,2024-03-14 08:52:54.440037,2024-03-14 09:21:08.571780,Medium-High,Emergency Maintenance,False,NOC
1221,4838,2025-10-30 09:04:02.845769,2025-10-30 09:08:15.771591,Medium-High,Emergency Maintenance,False,Vendor
1222,3098,2024-04-04 00:37:04.158881,2024-04-04 00:48:31.799710,Medium-High,Vendor Escalation,False,Vendor
1223,4213,2024-07-11 16:39:03.065158,2024-07-11 17:51:40.074199,High,Fibre Repair,False,Engineering
1224,4707,2024-09-25 16:41:01.150547,2024-09-25 18:02:01.776380,High,Hardware Replacement,False,NOC
1225,3779,2024-10-29 14:51:42.909403,2024-10-29 15:00:29.631412,Medium,Fibre Repair,True,Engineering
1226,2806,2024-06-15 03:35:32.373259,2024-06-15 04:03:02.240943,Medium-High,Fibre Repair,False,Field Ops
1227,2265,2024-04-23 16:29:55.077535,2024-04-23 16:40:59.513973,Medium-High,Software Patch,False,Field Ops
1228,2157,2024-11-13 12:30:23.163427,2024-11-13 14:12:49.693029,High,Power Restoration,False,Field Ops
1229,702,2024-06-24 02:27:11.639087,2024-06-24 03:07:28.603484,High,Configuration Change,False,Vendor
1230,2665,2024-06-04 18:18:31.279913,2024-06-04 18:47:48.880996,Medium-High,Fibre Repair,False,Vendor
1231,406,2024-02-25 11:28:53.433761,2024-02-25 11:40:09.108347,Medium,Route Optimization,False,Engineering
1232,2349,2024-09-20 19:50:44.920860,2024-09-20 20:55:49.683725,High,Hardware Replacement,False,Vendor
1233,3469,2024-06-06 11:36:22.308935,2024-06-06 11:37:42.722721,Medium-High,Power Restoration,False,Field Ops
1234,1313,2025-08-05 01:17:14.806687,2025-08-05 01:39:19.998004,Medium-High,Emergency Maintenance,True,Engineering
1235,3593,2024-06-08 20:45:34.268859,2024-06-08 21:03:17.198324,Medium-High,Emergency Maintenance,False,Engineering
1236,531,2025-04-07 01:20:06.689095,2025-04-07 03:29:06.689095,High,Software Patch,False,Engineering
1237,126,2025-02-03 16:17:11.262635,2025-02-03 17:41:55.926612,High,Power Restoration,False,Field Ops
1238,2308,2024-07-13 14:51:33.785815,2024-07-13 15:20:46.103071,High,Power Restoration,False,NOC
1239,2931,2025-02-15 07:08:59.683003,2025-02-15 07:40:52.793962,Medium,Configuration Change,False,Engineering
1240,3656,2024-09-24 15:31:19.430269,2024-09-24 15:42:13.221200,Medium-High,Hardware Replacement,True,Field Ops
1241,1599,2025-05-01 14:43:40.504744,2025-05-01 14:48:54.924527,Medium-High,Vendor Escalation,False,Field Ops
1242,1292,2024-10-22 17:53:02.678727,2024-10-22 17:57:05.271484,High,Fibre Repair,False,Field Ops
1243,4726,2025-05-13 13:05:23.318753,2025-05-13 13:22:58.151087,High,Hardware Replacement,False,Field Ops
1244,2082,2025-11-23 04:34:50.244679,2025-11-23 04:53:45.928953,Medium-High,Hardware Replacement,False,Vendor
1245,488,2025-06-19 10:26:00.238020,2025-06-19 10:38:10.688163,Medium-High,Vendor Escalation,False,NOC
1246,809,2024-03-19 17:22:38.909642,2024-03-20 01:02:38.909642,High,Vendor Escalation,False,Engineering
1247,2230,2025-11-08 01:19:25.764815,2025-11-08 02:03:14.070279,Medium-High,Route Optimization,False,Vendor
1248,4189,2024-03-23 01:22:29.745005,2024-03-23 02:07:53.675129,Medium-High,Configuration Change,False,NOC
1249,2131,2025-01-16 06:48:44.111526,2025-01-16 06:58:55.910216,High,Configuration Change,True,Engineering
1250,279,2025-02-24 01:52:23.485822,2025-02-24 02:32:34.457707,High,Route Optimization,True,Vendor
1251,156,2025-12-24 18:53:47.847478,2025-12-24 19:04:41.346009,Medium-High,Vendor Escalation,False,NOC
1252,3301,2025-06-17 04:19:56.683159,2025-06-17 04:22:02.926874,Medium-High,Hardware Replacement,False,Vendor
1253,4451,2025-08-20 14:49:01.331472,2025-08-20 14:58:13.053062,Medium-High,Configuration Change,False,Field Ops
1254,1608,2024-01-11 04:50:44.650667,2024-01-11 05:03:47.011799,Medium-High,Vendor Escalation,False,Engineering
1255,4265,2025-11-04 09:31:43.623920,2025-11-04 09:32:33.119611,Medium-High,Fibre Repair,False,Engineering
1256,2912,2024-11-23 08:07:37.960243,2024-11-23 09:10:16.467366,Medium-High,Route Optimization,False,Vendor
1257,4018,2025-11-10 12:07:21.293308,2025-11-10 12:18:06.095159,High,Vendor Escalation,False,Engineering
1258,2722,2025-02-03 09:37:09.333821,2025-02-03 09:48:40.055425,Medium-High,Hardware Replacement,False,Engineering
1259,3586,2025-07-30 14:21:15.937980,2025-07-30 15:04:47.911227,Medium-High,Fibre Repair,False,Engineering
1260,4292,2025-06-10 11:43:26.820819,2025-06-10 11:48:12.207300,Low,Power Restoration,False,Vendor
1261,1703,2025-01-16 17:44:27.700515,2025-01-16 18:23:59.191127,Medium-High,Power Restoration,False,NOC
1262,1820,2024-04-27 11:10:21.024713,2024-04-27 11:39:37.324899,Medium-High,Hardware Replacement,True,Vendor
1263,710,2024-07-16 09:46:02.407591,2024-07-16 09:49:51.774953,Medium-High,Power Restoration,False,Field Ops
1264,4772,2025-07-18 21:02:44.211421,2025-07-18 21:08:46.197781,Medium-High,Software Patch,False,Engineering
1265,4187,2024-04-06 15:36:42.730661,2024-04-06 15:44:07.579780,Medium-High,Power Restoration,False,Vendor
1266,658,2025-03-28 17:17:36.187492,2025-03-28 17:26:35.447835,Medium,Software Patch,True,Engineering
1267,4492,2024-06-21 01:02:10.581064,2024-06-21 01:08:24.000851,Medium-High,Configuration Change,True,Field Ops
1268,2613,2024-03-05 15:49:20.163785,2024-03-05 16:22:57.555974,High,Emergency Maintenance,False,NOC
1269,1071,2025-11-05 07:05:02.414978,2025-11-05 07:31:24.994339,Medium-High,Software Patch,False,NOC
1270,3960,2025-05-17 14:01:25.271091,2025-05-17 14:31:31.452825,Medium,Fibre Repair,False,Engineering
1271,1597,2025-07-21 19:06:11.524953,2025-07-21 19:52:06.317001,High,Fibre Repair,False,Engineering
1272,4568,2024-04-19 22:05:43.210647,2024-04-19 22:17:02.817752,High,Hardware Replacement,False,Engineering
1273,1847,2025-06-12 23:28:44.678082,2025-06-13 01:23:32.748587,High,Configuration Change,False,Field Ops
1274,4223,2024-12-29 12:28:56.710072,2024-12-29 12:33:23.906238,High,Software Patch,False,Field Ops
1275,3111,2024-12-31 10:13:03.643202,2024-12-31 10:16:55.931823,Medium,Configuration Change,False,Vendor
1276,4043,2025-05-18 12:57:43.093243,2025-05-18 13:26:50.082814,Medium-High,Route Optimization,False,Engineering
1277,4069,2024-07-15 23:22:22.688344,2024-07-15 23:26:32.613209,Medium,Power Restoration,False,NOC
1278,4012,2024-07-12 01:57:03.529119,2024-07-12 03:46:49.741483,Medium-High,Hardware Replacement,False,NOC
1279,1344,2024-01-31 17:09:39.104897,2024-01-31 17:38:50.217273,High,Vendor Escalation,False,NOC
1280,3563,2025-05-22 00:49:41.002713,2025-05-22 01:01:57.561380,Medium-High,Power Restoration,False,Vendor
1281,2009,2025-04-25 04:12:14.966529,2025-04-25 05:22:26.976251,High,Fibre Repair,False,Engineering
1282,3181,2025-11-06 15:43:21.331245,2025-11-06 15:50:32.521750,High,Software Patch,False,Engineering
1283,2098,2024-12-28 15:18:59.682756,2024-12-28 15:23:08.264017,Medium-High,Vendor Escalation,False,Field Ops
1284,3074,2025-01-10 12:42:49.967739,2025-01-10 12:53:26.295768,High,Hardware Replacement,True,Field Ops
1285,547,2024-05-03 14:42:08.443806,2024-05-03 14:43:53.663362,Medium-High,Emergency Maintenance,False,Field Ops
1286,253,2024-02-01 11:19:47.768536,2024-02-01 11:30:42.390614,Medium-High,Configuration Change,False,Vendor
1287,4550,2024-02-05 21:12:58.014044,2024-02-05 21:20:01.020612,Medium,Hardware Replacement,False,Vendor
1288,4122,2025-05-23 12:33:52.960188,2025-05-23 12:37:57.339075,High,Configuration Change,False,NOC
1289,2507,2025-06-24 18:37:20.599352,2025-06-24 19:21:05.579099,Medium-High,Route Optimization,False,Field Ops
1290,4880,2025-05-06 07:06:29.249355,2025-05-06 07:08:16.759563,Medium-High,Route Optimization,False,Field Ops
1291,2677,2024-03-13 09:25:01.483531,2024-03-13 09:31:25.195101,Medium-High,Hardware Replacement,True,Vendor
1292,1420,2025-12-10 20:49:41.145778,2025-12-10 21:04:50.892025,Medium-High,Power Restoration,False,Field Ops
1293,1896,2026-01-01 12:04:09.405488,2026-01-01 13:11:31.685699,Medium-High,Hardware Replacement,False,NOC
1294,2729,2024-10-03 04:48:44.704887,2024-10-03 04:52:01.175358,Medium,Hardware Replacement,False,NOC
1295,108,2025-12-03 08:06:14.205359,2025-12-03 08:39:09.088510,High,Hardware Replacement,False,Engineering
1296,2701,2024-05-25 03:32:28.687298,2024-05-25 03:35:38.069282,Medium,Configuration Change,False,Field Ops
1297,3956,2025-06-03 13:32:31.622928,2025-06-03 13:49:25.950499,Medium,Hardware Replacement,False,NOC
1298,1908,2024-02-09 13:37:13.769539,2024-02-09 13:57:05.316528,Medium-High,Fibre Repair,True,Vendor
1299,4051,2025-04-16 08:16:52.776536,2025-04-16 08:22:57.571069,Medium,Vendor Escalation,False,NOC
1300,1189,2025-09-10 11:49:08.744759,2025-09-10 11:56:40.464411,High,Software Patch,False,Vendor
1301,1851,2025-04-21 18:16:34.993179,2025-04-21 18:29:06.918182,High,Vendor Escalation,False,Field Ops
1302,1914,2024-07-06 02:22:07.479030,2024-07-06 02:28:41.611963,High,Vendor Escalation,True,Engineering
1303,2064,2024-04-30 13:55:14.289230,2024-04-30 14:29:10.837935,Medium-High,Vendor Escalation,False,NOC
1304,647,2024-05-18 05:19:28.191884,2024-05-18 05:25:01.149299,Medium-High,Power Restoration,False,NOC
1305,2821,2024-07-18 20:11:28.300462,2024-07-18 20:50:01.862120,High,Software Patch,False,Engineering
1306,1486,2025-01-08 18:33:47.207685,2025-01-08 18:48:52.107591,Medium,Hardware Replacement,False,Field Ops
1307,2790,2025-10-15 01:15:55.344112,2025-10-15 01:55:22.936172,High,Vendor Escalation,False,Vendor
1308,1027,2025-04-05 02:59:51.744631,2025-04-05 03:14:26.046585,Medium,Configuration Change,False,Field Ops
1309,4002,2024-02-12 11:00:05.122114,2024-02-12 11:36:15.854187,Medium-High,Software Patch,False,Vendor
1310,120,2024-04-06 02:52:44.359572,2024-04-06 03:15:34.580469,Medium,Emergency Maintenance,False,Engineering
1311,4024,2025-05-31 02:08:55.471044,2025-05-31 02:12:02.348872,Medium,Fibre Repair,True,Vendor
1312,2087,2024-03-18 09:03:30.044425,2024-03-18 09:19:05.901430,Medium-High,Software Patch,True,Vendor
1313,107,2025-11-26 16:53:54.561563,2025-11-26 17:23:43.294905,Medium-High,Fibre Repair,False,NOC
1314,3083,2024-08-06 20:50:24.498537,2024-08-06 21:05:44.793656,High,Hardware Replacement,False,Vendor
1315,3730,2025-12-06 10:42:30.686155,2025-12-06 10:45:26.455760,Low,Hardware Replacement,False,Field Ops
1316,1698,2024-01-19 12:12:51.325019,2024-01-19 12:44:57.359610,High,Fibre Repair,False,NOC
1317,86,2025-04-15 17:12:12.459471,2025-04-15 17:17:21.237937,Medium,Software Patch,False,Vendor
1318,365,2025-01-10 13:32:47.959380,2025-01-10 13:47:21.273874,Medium,Software Patch,False,Field Ops
1319,4175,2025-05-23 05:47:12.480800,2025-05-23 06:54:18.489845,High,Emergency Maintenance,False,NOC
1320,197,2025-07-29 12:36:34.739144,2025-07-29 12:48:46.930833,Medium-High,Software Patch,False,Engineering
1321,1355,2024-03-01 13:09:48.762755,2024-03-01 13:37:51.828279,High,Emergency Maintenance,False,Engineering
1322,4368,2024-12-19 11:22:39.011027,2024-12-19 11:42:23.994457,High,Route Optimization,False,NOC
1323,2235,2024-05-10 02:19:27.325756,2024-05-10 03:04:10.542691,Medium-High,Fibre Repair,True,NOC
1324,4355,2025-09-08 00:32:32.825374,2025-09-08 01:01:45.384565,Medium,Software Patch,False,NOC
1325,2345,2025-02-01 16:21:22.782882,2025-02-01 16:44:32.387929,Medium-High,Hardware Replacement,False,Field Ops
1326,4145,2025-05-05 16:57:15.120159,2025-05-05 16:59:52.703050,Medium-High,Emergency Maintenance,False,Field Ops
1327,158,2025-11-16 14:59:05.508594,2025-11-16 15:01:07.110545,Medium,Configuration Change,False,Vendor
1328,4287,2024-10-08 04:33:00.976313,2024-10-08 04:36:30.569403,Medium-High,Vendor Escalation,False,Engineering
1329,809,2024-03-19 17:33:19.003917,2024-03-19 18:45:51.094717,High,Vendor Escalation,False,NOC
1330,2617,2025-02-15 10:57:35.364595,2025-02-15 12:17:51.605533,High,Hardware Replacement,True,NOC
1331,2215,2025-05-15 05:35:55.392803,2025-05-15 05:38:17.457434,Medium,Vendor Escalation,False,Field Ops
1332,862,2025-02-20 19:56:42.359311,2025-02-20 19:56:46.388012,Low,Configuration Change,True,Engineering
1333,4287,2024-10-08 04:28:02.994707,2024-10-08 04:45:48.930231,Medium-High,Route Optimization,False,NOC
1334,3001,2025-06-06 12:59:33.715455,2025-06-06 13:07:34.216081,Medium,Hardware Replacement,False,Vendor
1335,3545,2025-08-21 16:01:57.562470,2025-08-21 16:15:04.570172,Medium,Emergency Maintenance,False,NOC
1336,2534,2025-10-08 02:55:51.859999,2025-10-08 03:00:14.814080,Medium,Emergency Maintenance,False,NOC
1337,1218,2024-04-28 15:19:09.671055,2024-04-28 18:46:09.671055,High,Configuration Change,False,Vendor
1338,1780,2024-01-08 02:02:57.088327,2024-01-08 02:55:40.625655,High,Power Restoration,True,Vendor
1339,1277,2024-08-09 11:51:20.310484,2024-08-09 14:56:52.844969,High,Fibre Repair,True,Vendor
1340,600,2025-01-08 18:51:13.182397,2025-01-08 19:02:27.997278,High,Route Optimization,False,NOC
1341,4345,2024-11-04 15:27:09.253224,2024-11-04 15:35:54.911640,Medium-High,Route Optimization,False,Engineering
1342,3231,2024-11-02 15:40:21.585590,2024-11-02 15:44:54.063201,Medium,Power Restoration,False,Vendor
1343,3476,2024-05-13 08:28:01.545258,2024-05-13 08:41:13.835334,Medium-High,Route Optimization,True,Field Ops
1344,3400,2024-09-10 13:24:13.307995,2024-09-10 13:26:04.330352,Medium,Hardware Replacement,True,Field Ops
1345,1933,2024-05-23 17:56:05.352663,2024-05-23 19:36:29.474425,Medium-High,Emergency Maintenance,False,Vendor
1346,1354,2024-06-28 16:53:12.383285,2024-06-28 18:30:48.193306,High,Hardware Replacement,True,Vendor
1347,1413,2025-05-15 01:42:52.760369,2025-05-15 01:43:17.283437,High,Power Restoration,False,Field Ops
1348,441,2024-03-08 11:44:11.051783,2024-03-08 12:25:14.686467,Medium,Hardware Replacement,False,Vendor
1349,4686,2024-05-06 14:22:31.037336,2024-05-06 15:11:04.430690,Medium-High,Power Restoration,True,NOC
1350,1169,2024-07-30 08:26:32.962477,2024-07-30 08:36:33.692055,Medium-High,Configuration Change,False,NOC
1351,4900,2024-02-27 08:52:13.110137,2024-02-27 09:16:09.351056,Medium-High,Hardware Replacement,True,Engineering
1352,2151,2025-03-10 17:53:30.050865,2025-03-10 18:20:35.108355,Medium,Vendor Escalation,False,Vendor
1353,1441,2024-12-16 18:33:04.127645,2024-12-16 18:37:38.310602,Low,Software Patch,False,Engineering
1354,1624,2024-10-13 09:07:12.373757,2024-10-13 10:54:19.267177,High,Power Restoration,False,NOC
1355,2162,2025-05-21 02:41:55.557488,2025-05-21 02:47:51.760059,Medium,Fibre Repair,False,NOC
1356,3434,2025-02-01 23:48:53.972875,2025-02-02 04:46:58.073841,High,Power Restoration,False,Field Ops
1357,4450,2024-11-17 11:12:26.790671,2024-11-17 12:46:15.979867,High,Power Restoration,False,Field Ops
1358,4061,2025-12-04 13:06:43.797429,2025-12-04 13:13:40.152331,Medium-High,Fibre Repair,False,NOC
1359,495,2024-11-12 22:30:42.136162,2024-11-12 22:30:59.106669,Low,Power Restoration,False,Engineering
1360,2055,2025-06-19 11:04:19.820851,2025-06-19 11:17:50.726748,Medium-High,Power Restoration,False,Vendor
1361,4504,2024-09-15 11:46:02.523038,2024-09-15 11:47:54.539398,Medium,Emergency Maintenance,False,NOC
1362,4612,2024-05-10 06:58:16.008561,2024-05-10 07:06:01.576366,High,Fibre Repair,False,Engineering
1363,1345,2025-12-30 16:56:38.240537,2025-12-30 17:10:50.552735,Medium-High,Software Patch,False,Vendor
1364,1752,2024-10-26 09:55:23.110967,2024-10-26 10:29:34.510818,Medium,Hardware Replacement,False,NOC
1365,2386,2025-05-12 23:18:27.865070,2025-05-12 23:21:54.310191,High,Emergency Maintenance,False,Engineering
1366,4259,2024-03-10 12:13:44.750845,2024-03-10 14:10:06.713941,Medium-High,Power Restoration,False,NOC
1367,1769,2025-08-02 04:54:32.032525,2025-08-02 05:34:50.517533,High,Emergency Maintenance,False,Field Ops
1368,4339,2024-11-01 01:34:14.827456,2024-11-01 01:34:57.774034,High,Hardware Replacement,False,Field Ops
1369,4409,2025-12-23 08:35:11.906584,2025-12-23 08:46:16.117264,High,Software Patch,False,Engineering
1370,1173,2025-10-06 12:34:54.013775,2025-10-06 12:51:46.436645,Medium-High,Power Restoration,False,NOC
1371,4345,2024-11-04 14:57:54.993686,2024-11-04 15:10:04.940330,Medium-High,Vendor Escalation,False,NOC
1372,172,2025-04-26 12:43:03.816985,2025-04-26 12:58:33.823727,Medium-High,Emergency Maintenance,False,Engineering
1373,3048,2025-06-06 15:17:02.226953,2025-06-06 15:24:01.888097,Medium-High,Power Restoration,False,NOC
1374,2711,2025-03-13 21:22:58.773686,2025-03-13 21:27:51.870573,Medium-High,Configuration Change,False,Vendor
1375,2087,2024-03-18 08:46:26.090189,2024-03-18 08:52:28.152394,Medium-High,Power Restoration,False,Vendor
1376,2720,2025-03-01 11:02:54.543649,2025-03-01 11:05:27.094213,Medium-High,Route Optimization,False,Field Ops
1377,2826,2024-07-27 12:27:11.613433,2024-07-27 12:29:03.493263,Medium-High,Vendor Escalation,False,Engineering
1378,4753,2025-12-29 19:46:50.662805,2025-12-29 19:51:57.147419,High,Software Patch,False,Engineering
1379,3579,2025-12-31 13:53:36.788346,2025-12-31 14:02:41.565480,Medium,Power Restoration,True,Engineering
1380,895,2025-08-18 06:24:10.172625,2025-08-18 06:32:06.404333,Medium,Power Restoration,True,Engineering
1381,951,2024-11-04 18:53:50.190073,2024-11-04 18:56:34.172141,Medium,Configuration Change,False,Vendor
1382,2625,2024-02-18 17:20:03.476474,2024-02-18 17:54:02.202809,Medium-High,Fibre Repair,False,NOC
1383,4175,2025-05-23 05:35:35.031556,2025-05-23 06:43:26.360551,High,Power Restoration,False,NOC
1384,3739,2025-05-09 11:28:15.763847,2025-05-09 13:27:28.030912,High,Software Patch,False,Vendor
1385,2164,2024-08-04 12:28:48.580560,2024-08-04 12:46:35.064615,Medium-High,Power Restoration,False,Vendor
1386,4435,2025-11-11 11:23:22.770608,2025-11-11 11:34:48.628312,High,Fibre Repair,False,Vendor
1387,3647,2024-08-31 18:03:51.318534,2024-08-31 18:12:32.741525,Medium-High,Fibre Repair,False,Engineering
1388,894,2025-11-07 13:27:15.985250,2025-11-07 13:32:10.214698,Medium,Fibre Repair,False,Field Ops
1389,412,2024-12-17 06:29:41.471530,2024-12-17 06:40:24.774864,High,Emergency Maintenance,False,Field Ops
1390,2189,2024-12-17 10:27:07.264868,2024-12-17 11:13:54.449103,High,Configuration Change,True,NOC
1391,524,2024-05-14 01:11:51.516362,2024-05-14 04:10:51.516362,High,Vendor Escalation,False,Vendor
1392,4802,2025-02-26 16:37:06.032095,2025-02-26 16:46:59.412516,Medium-High,Emergency Maintenance,False,Field Ops
1393,3391,2025-11-14 17:30:37.342236,2025-11-14 17:35:40.740963,Medium-High,Vendor Escalation,True,NOC
1394,3998,2024-02-13 16:55:53.616375,2024-02-13 16:56:53.498308,Medium-High,Vendor Escalation,False,Field Ops
1395,2079,2024-06-26 05:24:12.831799,2024-06-26 05:35:06.932365,High,Hardware Replacement,False,Field Ops
1396,3893,2024-04-18 16:29:21.373566,2024-04-18 16:43:12.318382,Medium-High,Power Restoration,False,Field Ops
1397,3679,2024-08-03 12:32:08.119793,2024-08-03 12:35:29.282713,Medium-High,Hardware Replacement,False,Vendor
1398,710,2024-07-16 09:48:50.605190,2024-07-16 09:50:19.160835,Medium-High,Hardware Replacement,False,Field Ops
1399,2413,2025-10-19 12:29:41.376827,2025-10-19 12:52:33.692666,High,Software Patch,False,Field Ops
1400,3464,2025-01-22 08:38:11.658466,2025-01-22 10:22:55.116469,High,Power Restoration,True,Engineering
1401,2030,2025-02-04 06:35:55.488448,2025-02-04 06:53:53.441637,High,Fibre Repair,False,Vendor
1402,2956,2025-03-07 11:55:12.192162,2025-03-07 11:58:09.754024,Medium-High,Route Optimization,False,Vendor
1403,372,2024-03-24 12:20:35.856477,2024-03-24 12:42:24.486538,Medium-High,Power Restoration,False,NOC
1404,1982,2025-07-02 13:45:13.378727,2025-07-02 13:53:54.857232,Medium,Emergency Maintenance,False,NOC
1405,204,2025-01-30 09:53:48.581639,2025-01-30 09:55:51.362832,Medium-High,Hardware Replacement,False,NOC
1406,2892,2024-01-13 17:10:04.970277,2024-01-13 17:51:26.119578,High,Configuration Change,False,Field Ops
1407,3316,2024-01-13 16:43:45.851902,2024-01-13 16:46:36.333609,Medium-High,Vendor Escalation,False,NOC
1408,144,2024-12-22 09:22:09.363575,2024-12-22 09:28:30.050260,High,Fibre Repair,True,Field Ops
1409,3136,2024-07-04 13:41:39.818941,2024-07-04 13:52:28.227005,Medium-High,Vendor Escalation,False,Vendor
1410,61,2024-12-25 13:09:58.918053,2024-12-25 14:17:51.140844,Medium-High,Configuration Change,False,Engineering
1411,677,2025-07-04 12:49:15.952631,2025-07-04 12:50:38.367766,Medium-High,Configuration Change,False,Engineering
1412,488,2025-06-19 10:27:48.986006,2025-06-19 10:32:04.041792,Medium-High,Hardware Replacement,False,NOC
1413,1626,2024-09-25 09:15:00.807379,2024-09-25 09:25:29.559059,Medium,Fibre Repair,False,NOC
1414,1579,2025-08-11 13:14:19.992299,2025-08-11 14:19:37.087541,Medium-High,Emergency Maintenance,False,Vendor
1415,705,2024-06-11 10:55:11.236104,2024-06-11 11:00:01.301182,Medium-High,Emergency Maintenance,True,Vendor
1416,1851,2025-04-21 18:20:17.247664,2025-04-21 18:50:36.855059,High,Vendor Escalation,False,NOC
1417,3164,2024-11-16 09:32:47.096300,2024-11-16 10:07:23.823306,Medium,Route Optimization,False,Vendor
1418,4384,2025-10-09 13:59:30.732127,2025-10-09 14:06:24.282628,Medium-High,Hardware Replacement,False,NOC
1419,2881,2024-08-28 23:10:23.285926,2024-08-28 23:13:20.911496,Medium,Route Optimization,False,NOC
1420,803,2024-03-10 02:33:32.331719,2024-03-10 02:38:08.238591,Medium-High,Fibre Repair,False,NOC
1421,1147,2025-07-15 14:28:19.756014,2025-07-15 14:37:20.011883,Medium,Vendor Escalation,False,Vendor
1422,459,2025-03-16 05:44:13.961045,2025-03-16 05:45:48.398532,Medium-High,Configuration Change,False,Field Ops
1423,4667,2024-01-12 19:22:50.972191,2024-01-12 19:24:07.569653,Medium,Emergency Maintenance,False,NOC
1424,1240,2024-03-07 08:41:24.171920,2024-03-07 09:46:27.285425,High,Power Restoration,False,NOC
1425,1641,2024-12-06 10:25:29.224189,2024-12-06 10:28:37.833913,Medium-High,Emergency Maintenance,False,Field Ops
1426,1327,2024-04-09 05:52:27.759146,2024-04-09 05:57:49.700865,Medium-High,Power Restoration,False,NOC
1427,3698,2025-06-02 17:24:16.254069,2025-06-02 17:40:59.665338,Medium-High,Power Restoration,True,Engineering
1428,1375,2025-05-01 12:15:02.797572,2025-05-01 13:21:05.584143,Medium-High,Emergency Maintenance,False,Vendor
1429,1680,2025-07-10 10:45:22.586148,2025-07-10 10:46:09.656481,High,Configuration Change,False,Engineering
1430,56,2025-08-03 14:55:18.438403,2025-08-03 15:58:58.905504,High,Hardware Replacement,False,NOC
1431,1033,2024-01-25 08:20:22.659221,2024-01-25 08:28:06.561941,Medium-High,Fibre Repair,False,NOC
1432,839,2024-05-31 16:37:27.245999,2024-05-31 16:43:31.828818,Medium,Software Patch,False,Field Ops
1433,1724,2025-03-03 08:48:55.999235,2025-03-03 09:37:00.056875,Medium-High,Emergency Maintenance,False,NOC
1434,1436,2025-10-08 03:04:15.330946,2025-10-08 03:37:49.106202,High,Vendor Escalation,False,Engineering
1435,3323,2024-08-25 01:29:04.932398,2024-08-25 02:06:46.237308,High,Fibre Repair,False,Engineering
1436,2620,2024-10-20 07:48:14.719336,2024-10-20 07:52:01.109486,Medium-High,Software Patch,False,Field Ops
1437,1847,2025-06-12 23:32:31.843217,2025-06-13 02:10:31.843217,High,Power Restoration,False,Vendor
1438,1074,2025-12-26 12:28:44.193028,2025-12-26 12:34:55.684631,High,Software Patch,False,Vendor
1439,2315,2025-03-08 13:49:06.288035,2025-03-08 15:03:22.129802,Medium-High,Software Patch,False,Vendor
1440,2774,2025-08-06 14:15:45.984031,2025-08-06 14:18:35.363262,Medium-High,Hardware Replacement,False,NOC
1441,4329,2024-08-29 18:41:22.538885,2024-08-29 18:48:33.736253,Medium,Route Optimization,False,Engineering
1442,1992,2024-04-22 16:34:58.168318,2024-04-22 16:37:57.376909,Medium,Power Restoration,False,Vendor
1443,149,2024-10-15 16:46:07.807075,2024-10-15 16:59:15.063895,Medium,Route Optimization,False,Vendor
1444,3722,2024-11-23 15:05:39.006291,2024-11-23 15:20:23.779699,Medium-High,Hardware Replacement,False,NOC
1445,1709,2025-09-04 12:35:35.752010,2025-09-04 12:56:43.433184,Medium,Power Restoration,True,Field Ops
1446,4908,2024-03-23 03:57:27.618122,2024-03-23 03:59:48.357015,Medium-High,Software Patch,False,NOC
1447,2467,2025-01-24 03:29:09.728030,2025-01-24 04:53:05.290062,High,Emergency Maintenance,True,Field Ops
1448,1915,2025-08-08 15:25:16.387262,2025-08-08 15:37:17.501356,High,Software Patch,False,Engineering
1449,684,2025-08-26 01:48:46.588490,2025-08-26 02:03:31.303081,Medium,Emergency Maintenance,False,Field Ops
1450,2666,2025-07-02 13:59:45.955352,2025-07-02 14:04:44.725794,Medium,Route Optimization,False,Vendor
1451,3043,2024-12-25 17:00:13.857686,2024-12-25 17:23:40.702841,Medium-High,Hardware Replacement,False,Field Ops
1452,4820,2024-02-16 10:04:57.492819,2024-02-16 11:44:50.101505,High,Fibre Repair,False,NOC
1453,1235,2025-05-31 15:55:16.562084,2025-05-31 15:57:25.352027,Medium-High,Software Patch,False,Engineering
1454,1642,2024-07-02 08:11:45.827628,2024-07-02 08:20:40.895969,Medium,Software Patch,False,Field Ops
1455,4820,2024-02-16 10:06:44.809617,2024-02-16 10:37:24.907391,High,Power Restoration,False,Field Ops
1456,2759,2025-01-07 04:11:05.460347,2025-01-07 04:43:12.649419,Medium-High,Hardware Replacement,True,Vendor
1457,857,2025-05-11 13:44:39.898166,2025-05-11 13:55:57.701341,Medium-High,Hardware Replacement,False,Field Ops
1458,3219,2025-06-29 10:28:02.643923,2025-06-29 11:02:09.917765,Medium-High,Power Restoration,False,Field Ops
1459,4299,2024-01-27 15:27:43.386065,2024-01-27 15:29:32.728998,Medium,Fibre Repair,False,Field Ops
1460,390,2025-04-26 17:52:28.052808,2025-04-26 17:55:22.090020,Medium-High,Configuration Change,False,Vendor
1461,2849,2024-08-26 00:50:05.472426,2024-08-26 00:51:09.844301,Medium-High,Software Patch,False,NOC
1462,3628,2025-03-04 14:55:19.211678,2025-03-04 14:59:59.459591,Medium-High,Hardware Replacement,False,Vendor
1463,4544,2025-03-26 08:03:50.460166,2025-03-26 08:08:42.169233,Medium-High,Vendor Escalation,False,Vendor
1464,2413,2025-10-19 12:42:16.462052,2025-10-19 16:24:16.462052,High,Vendor Escalation,False,Field Ops
1465,3998,2024-02-13 17:03:16.828266,2024-02-13 17:05:52.631011,Medium-High,Route Optimization,False,Engineering
1466,4582,2025-02-22 11:00:53.645200,2025-02-22 11:20:13.441724,High,Configuration Change,True,Vendor
1467,2690,2024-03-07 15:04:28.856528,2024-03-07 16:57:54.899183,High,Software Patch,False,Engineering
1468,628,2025-05-16 13:56:48.105423,2025-05-16 14:03:45.650621,Medium-High,Configuration Change,False,Vendor
1469,92,2025-02-27 09:48:08.569986,2025-02-27 10:33:51.213732,Medium-High,Configuration Change,False,Engineering
1470,3544,2025-01-22 14:41:40.980979,2025-01-22 15:04:43.209014,Medium,Vendor Escalation,False,NOC
1471,1007,2025-08-22 13:41:14.602611,2025-08-22 13:51:45.785366,Medium,Emergency Maintenance,False,Field Ops
1472,1657,2025-03-20 19:49:10.398216,2025-03-20 19:58:37.848222,High,Vendor Escalation,False,Vendor
1473,2300,2024-06-30 14:32:08.262618,2024-06-30 14:59:03.028841,Medium-High,Configuration Change,True,Vendor
1474,1400,2025-11-27 14:21:43.706329,2025-11-27 15:18:37.233745,High,Power Restoration,False,Engineering
1475,3347,2024-10-07 16:37:25.887440,2024-10-07 16:55:22.799912,Medium-High,Emergency Maintenance,False,Vendor
1476,412,2024-12-17 06:34:09.739501,2024-12-17 08:40:57.791675,High,Hardware Replacement,False,Vendor
1477,4256,2024-09-12 05:34:32.734724,2024-09-12 06:23:32.224940,High,Power Restoration,False,NOC
1478,2780,2025-07-19 13:45:03.738242,2025-07-19 14:50:54.319147,High,Hardware Replacement,False,NOC
1479,4402,2025-08-21 23:46:39.928307,2025-08-21 23:57:35.982407,Medium-High,Power Restoration,False,Field Ops
1480,698,2025-02-14 19:44:45.543408,2025-02-14 19:45:06.488189,Medium,Configuration Change,True,Vendor
1481,1327,2024-04-09 05:49:26.342096,2024-04-09 05:52:27.186045,Medium-High,Route Optimization,True,Engineering
1482,1873,2024-05-15 15:52:08.385652,2024-05-15 16:16:35.616827,Medium-High,Vendor Escalation,False,Vendor
1483,3106,2024-11-11 20:27:58.930893,2024-11-11 20:32:57.605426,High,Emergency Maintenance,False,Engineering
1484,3858,2025-08-19 16:32:03.179374,2025-08-19 16:58:10.174769,Medium-High,Power Restoration,False,NOC
1485,3186,2025-12-10 20:27:38.169110,2025-12-10 20:49:59.705262,Medium-High,Hardware Replacement,False,NOC
1486,3836,2024-05-21 11:05:14.039334,2024-05-21 11:26:01.589427,Medium-High,Route Optimization,False,Engineering
1487,1769,2025-08-02 05:08:05.524517,2025-08-02 06:11:11.469925,High,Software Patch,True,NOC
1488,4202,2024-08-05 15:08:17.509471,2024-08-05 15:20:56.615408,Medium-High,Vendor Escalation,False,NOC
1489,978,2025-02-14 19:47:29.160026,2025-02-14 20:39:04.105802,High,Vendor Escalation,False,NOC
1490,3992,2024-08-04 10:51:19.455748,2024-08-04 11:09:10.735143,High,Route Optimization,False,Engineering
1491,1244,2024-09-28 05:14:35.093872,2024-09-28 06:04:24.872309,Medium-High,Fibre Repair,False,Engineering
1492,57,2025-06-19 02:14:10.567207,2025-06-19 02:15:12.346993,Medium-High,Route Optimization,False,Vendor
1493,1332,2025-04-16 03:44:38.094713,2025-04-16 03:52:57.768161,Medium-High,Power Restoration,False,Engineering
1494,1187,2024-04-24 13:07:20.925853,2024-04-24 13:15:08.634835,Medium,Software Patch,True,Engineering
1495,1479,2025-08-22 12:27:20.442578,2025-08-22 12:37:55.957786,High,Vendor Escalation,True,Field Ops
1496,1171,2024-02-21 12:39:56.173975,2024-02-21 12:56:41.475717,High,Hardware Replacement,False,NOC
1497,574,2024-01-29 13:09:02.444272,2024-01-29 13:13:28.276276,Medium,Route Optimization,False,Field Ops
1498,2665,2024-06-04 18:24:17.216131,2024-06-04 18:50:38.849652,Medium-High,Vendor Escalation,False,NOC
1499,3922,2025-08-03 20:39:44.623842,2025-08-03 20:51:21.912849,High,Software Patch,False,NOC
1500,4152,2024-06-19 11:51:30.596303,2024-06-19 12:02:00.528657,High,Power Restoration,False,Vendor
1501,1159,2024-03-14 09:38:59.543747,2024-03-14 10:11:47.527477,Medium-High,Software Patch,True,Engineering
1502,1197,2025-06-29 13:05:11.725220,2025-06-29 13:12:27.006000,Medium-High,Power Restoration,False,Field Ops
1503,1620,2024-02-08 13:40:10.114357,2024-02-08 13:48:17.806788,Medium,Configuration Change,True,Vendor
1504,4331,2025-09-08 14:51:01.634165,2025-09-08 15:12:43.638440,Medium-High,Software Patch,False,Field Ops
1505,94,2025-10-18 04:11:29.272118,2025-10-18 04:43:03.772703,High,Hardware Replacement,False,Field Ops
1506,4646,2025-11-17 16:41:37.887553,2025-11-17 16:44:04.412342,Medium-High,Vendor Escalation,False,NOC
1507,1055,2025-03-23 16:35:23.036641,2025-03-23 16:54:13.182147,High,Configuration Change,False,NOC
1508,1400,2025-11-27 14:21:16.200113,2025-11-27 14:38:03.849058,High,Configuration Change,False,Field Ops
1509,3143,2024-12-25 09:50:18.388337,2024-12-25 09:54:57.917225,Medium,Route Optimization,True,Vendor
1510,2551,2024-12-23 11:29:55.620199,2024-12-23 11:36:09.501952,Medium,Emergency Maintenance,False,Field Ops
1511,2167,2024-03-10 20:51:13.408227,2024-03-10 21:10:45.612318,High,Software Patch,False,Field Ops
1512,2818,2024-08-17 11:37:56.221766,2024-08-17 11:54:42.712462,Medium-High,Vendor Escalation,False,Engineering
1513,819,2025-06-14 16:42:29.856959,2025-06-14 16:43:57.621020,High,Emergency Maintenance,True,NOC
1514,3143,2024-12-25 09:52:20.705121,2024-12-25 10:17:00.015627,Medium,Software Patch,False,NOC
1515,3076,2024-06-04 18:18:29.198966,2024-06-04 18:56:05.260326,High,Fibre Repair,True,NOC
1516,4472,2024-01-20 17:37:47.535904,2024-01-20 18:18:01.235965,Medium-High,Hardware Replacement,False,Field Ops
1517,3902,2024-06-22 09:55:32.623919,2024-06-22 10:09:55.371871,Medium-High,Route Optimization,True,Engineering
1518,1770,2024-05-05 16:31:03.864140,2024-05-05 16:39:55.205121,Medium-High,Software Patch,True,Vendor
1519,4784,2025-02-11 13:59:02.758534,2025-02-11 14:31:08.228830,High,Vendor Escalation,False,Field Ops
1520,3252,2025-10-10 13:04:52.734381,2025-10-10 13:33:03.172798,Medium-High,Emergency Maintenance,False,Vendor
1521,371,2025-03-07 16:05:30.068176,2025-03-07 16:08:27.052543,Medium,Fibre Repair,False,Field Ops
1522,3127,2025-07-13 15:28:11.818978,2025-07-13 16:25:14.510994,Medium-High,Software Patch,True,NOC
1523,249,2024-11-04 12:44:13.966797,2024-11-04 13:01:31.433503,High,Hardware Replacement,False,Field Ops
1524,247,2024-11-01 19:00:55.941487,2024-11-01 19:30:54.936086,High,Software Patch,True,Field Ops
1525,4061,2025-12-04 12:57:57.549951,2025-12-04 12:58:53.296278,Medium-High,Route Optimization,False,NOC
1526,2590,2024-09-03 09:57:37.076130,2024-09-03 10:08:31.356347,High,Software Patch,False,NOC
1527,1741,2025-05-06 12:00:15.168554,2025-05-06 12:26:42.665743,Medium-High,Emergency Maintenance,True,Vendor
1528,863,2024-01-30 17:53:13.938557,2024-01-30 18:01:36.357554,Medium-High,Software Patch,False,Engineering
1529,3701,2025-01-26 13:38:52.810111,2025-01-26 14:35:56.190635,Medium-High,Configuration Change,False,Engineering
1530,4922,2024-12-18 14:21:44.730702,2024-12-18 14:30:07.049869,High,Power Restoration,True,Field Ops
1531,367,2024-12-15 13:14:25.240926,2024-12-15 13:21:03.307514,Medium-High,Configuration Change,False,Engineering
1532,3005,2025-06-26 10:54:44.394506,2025-06-26 11:16:11.820790,Medium-High,Emergency Maintenance,False,Field Ops
1533,3353,2024-11-03 10:21:03.275402,2024-11-03 10:25:08.983550,Medium,Power Restoration,False,Field Ops
1534,2221,2024-01-03 14:07:30.118570,2024-01-03 14:31:52.395992,Medium-High,Vendor Escalation,True,Field Ops
1535,3394,2024-04-30 02:21:51.046501,2024-04-30 02:30:16.438773,High,Vendor Escalation,True,Vendor
1536,1130,2024-01-16 05:37:44.692883,2024-01-16 06:01:08.824083,High,Fibre Repair,False,Engineering
1537,3238,2024-07-20 14:03:11.812141,2024-07-20 14:05:02.073464,Medium,Vendor Escalation,True,NOC
1538,3741,2024-06-21 01:36:05.210289,2024-06-21 02:25:09.232690,Medium-High,Power Restoration,False,Engineering
1539,2308,2024-07-13 15:03:13.544667,2024-07-13 15:14:06.713190,High,Emergency Maintenance,False,Vendor
1540,352,2025-11-18 13:29:26.827482,2025-11-18 13:35:02.178733,Medium,Hardware Replacement,False,Vendor
1541,1588,2025-05-03 18:46:15.439710,2025-05-03 18:47:00.192675,Medium,Configuration Change,False,NOC
1542,4203,2025-04-24 09:51:40.637695,2025-04-24 10:18:25.666007,Medium,Software Patch,False,Field Ops
1543,2164,2024-08-04 12:14:50.801566,2024-08-04 12:53:21.372271,Medium-High,Hardware Replacement,False,Engineering
1544,1090,2024-07-31 22:31:47.499154,2024-07-31 22:32:47.559265,Medium,Vendor Escalation,False,Vendor
1545,14,2024-08-02 12:06:24.688815,2024-08-02 15:59:30.712871,High,Vendor Escalation,False,Vendor
1546,1137,2025-01-21 11:55:05.180358,2025-01-21 11:56:05.912767,High,Fibre Repair,False,Engineering
1547,858,2025-04-01 03:28:20.488827,2025-04-01 04:59:15.397984,High,Vendor Escalation,False,NOC
1548,4842,2025-01-20 13:15:07.328779,2025-01-20 13:29:55.720301,High,Fibre Repair,True,Vendor
1549,695,2024-02-14 04:01:23.381074,2024-02-14 05:38:54.440478,Medium-High,Emergency Maintenance,False,Engineering
1550,89,2024-12-18 23:50:38.185983,2024-12-19 00:04:57.181830,High,Fibre Repair,True,Vendor
1551,4283,2024-06-13 15:29:54.255047,2024-06-13 15:54:43.958435,Medium-High,Power Restoration,False,NOC
1552,4688,2024-06-30 08:45:31.036786,2024-06-30 08:49:08.104163,Medium-High,Fibre Repair,False,Engineering
1553,1119,2025-01-15 21:52:15.407456,2025-01-15 21:56:31.507001,Medium-High,Fibre Repair,True,Engineering
1554,4754,2025-05-22 09:06:36.464925,2025-05-22 09:06:50.565921,Medium,Vendor Escalation,False,NOC
1555,4937,2025-06-06 01:38:19.380757,2025-06-06 01:55:43.882086,Medium-High,Configuration Change,False,Engineering
1556,2360,2024-07-22 08:43:14.695202,2024-07-22 10:06:02.369498,Medium-High,Software Patch,False,Vendor
1557,4719,2025-10-03 12:13:01.002082,2025-10-03 12:14:53.751519,Medium,Configuration Change,True,Vendor
1558,2556,2024-02-19 06:39:39.128802,2024-02-19 07:29:20.210278,High,Vendor Escalation,False,Vendor
1559,2890,2025-12-23 17:20:54.204182,2025-12-23 17:21:17.153231,Medium,Fibre Repair,False,NOC
1560,3966,2025-07-27 10:45:03.892822,2025-07-27 11:33:15.582850,High,Emergency Maintenance,False,Engineering
1561,3151,2025-05-15 06:03:34.825261,2025-05-15 06:08:56.381634,High,Vendor Escalation,True,Field Ops
1562,1270,2024-10-10 15:02:43.163610,2024-10-10 15:35:43.828628,High,Fibre Repair,False,Field Ops
1563,1794,2024-06-26 15:48:39.975512,2024-06-26 17:05:14.296108,High,Route Optimization,False,Engineering
1564,2502,2024-02-01 13:17:15.092964,2024-02-01 14:01:58.011442,Medium,Route Optimization,False,Engineering
1565,4495,2024-09-20 15:29:35.448460,2024-09-20 15:36:11.185716,Medium,Configuration Change,False,Engineering
1566,4959,2025-10-25 22:31:20.917774,2025-10-25 22:32:30.167498,Medium,Hardware Replacement,True,NOC
1567,4261,2024-03-14 00:02:23.994979,2024-03-14 00:05:34.044588,Medium-High,Power Restoration,False,Vendor
1568,2895,2024-12-06 14:28:03.790666,2024-12-06 16:40:03.790666,High,Route Optimization,True,Engineering
1569,1676,2025-07-25 13:31:24.009857,2025-07-25 13:50:48.153572,Medium,Vendor Escalation,False,Engineering
1570,27,2025-05-08 07:57:25.984616,2025-05-08 08:04:53.734228,Low,Route Optimization,False,Engineering
1571,1434,2025-12-08 02:44:57.440436,2025-12-08 02:55:25.735486,Medium-High,Hardware Replacement,True,Vendor
1572,1889,2024-02-19 08:24:18.204929,2024-02-19 08:25:14.244984,Medium,Software Patch,False,Field Ops
1573,1852,2025-05-18 08:33:33.696783,2025-05-18 08:47:37.493089,Medium,Emergency Maintenance,False,Vendor
1574,1493,2025-03-15 17:10:42.486674,2025-03-15 17:29:21.787617,Medium-High,Fibre Repair,False,Field Ops
1575,3664,2024-11-17 06:35:10.377244,2024-11-17 09:44:06.888280,High,Fibre Repair,True,NOC
1576,1894,2025-03-05 18:06:22.656638,2025-03-05 18:43:04.503609,Medium,Vendor Escalation,False,Engineering
1577,4252,2024-09-28 17:35:16.144542,2024-09-28 18:02:19.973112,Medium,Hardware Replacement,False,Field Ops
1578,4721,2025-09-24 08:29:28.420083,2025-09-24 08:43:13.463813,Medium,Software Patch,True,Vendor
1579,1385,2024-08-01 08:19:14.698503,2024-08-01 08:54:22.941804,Medium,Fibre Repair,True,Field Ops
1580,4998,2025-06-02 15:51:54.920248,2025-06-02 15:58:27.689419,Medium,Hardware Replacement,False,Engineering
1581,1147,2025-07-15 14:26:28.875920,2025-07-15 14:30:33.647370,Medium,Emergency Maintenance,False,Vendor
1582,3769,2025-03-07 05:05:51.066525,2025-03-07 05:07:07.838493,Medium,Fibre Repair,True,NOC
1583,1447,2025-01-16 15:44:14.416614,2025-01-16 15:49:24.612975,Medium-High,Emergency Maintenance,False,Field Ops
1584,3396,2024-12-12 05:39:31.761961,2024-12-12 05:46:13.166550,Medium-High,Fibre Repair,True,Engineering
1585,3727,2024-05-27 04:09:52.088126,2024-05-27 04:19:47.991709,High,Vendor Escalation,False,Field Ops
1586,2786,2025-03-25 15:54:56.117065,2025-03-25 16:06:47.293222,Medium-High,Emergency Maintenance,False,Field Ops
1587,3770,2024-02-04 16:27:05.630449,2024-02-04 16:37:21.382865,High,Emergency Maintenance,False,Engineering
1588,3197,2024-11-02 15:21:36.085856,2024-11-02 15:27:27.233319,Medium,Emergency Maintenance,False,NOC
1589,4378,2024-12-08 03:42:04.181914,2024-12-08 03:50:20.515465,Medium-High,Hardware Replacement,False,Engineering
1590,1650,2024-08-01 15:04:00.185288,2024-08-01 15:06:41.314982,Medium-High,Hardware Replacement,True,Field Ops
1591,4506,2024-01-14 12:24:42.180475,2024-01-14 12:26:41.053907,Medium,Power Restoration,False,Vendor
1592,3064,2024-12-02 14:53:23.473270,2024-12-02 15:03:25.572923,Medium-High,Hardware Replacement,True,Engineering
1593,3840,2025-11-12 22:02:42.987607,2025-11-12 22:13:56.369261,Medium-High,Configuration Change,False,Engineering
1594,67,2024-10-21 15:55:38.189143,2024-10-21 16:41:23.686753,Medium-High,Vendor Escalation,True,Field Ops
1595,900,2025-10-02 19:20:16.360774,2025-10-02 19:26:45.251660,Medium-High,Configuration Change,False,Engineering
1596,3394,2024-04-30 02:06:39.212068,2024-04-30 02:47:42.825170,High,Power Restoration,False,Vendor
1597,3324,2024-06-28 13:40:46.676878,2024-06-28 13:46:34.637618,Medium,Power Restoration,True,NOC
1598,710,2024-07-16 09:38:46.855463,2024-07-16 09:59:58.373126,Medium-High,Configuration Change,False,Field Ops
1599,1170,2024-04-05 12:02:20.566092,2024-04-05 12:56:24.024045,High,Route Optimization,False,Vendor
1600,2417,2024-09-19 09:08:30.115645,2024-09-19 12:04:16.149182,High,Hardware Replacement,False,NOC
1601,1296,2025-09-13 08:59:55.086919,2025-09-13 09:00:19.757346,High,Vendor Escalation,False,Vendor
1602,3790,2025-02-10 06:16:44.196011,2025-02-10 07:49:41.543348,High,Power Restoration,False,Field Ops
1603,3204,2024-12-19 01:46:39.202862,2024-12-19 01:57:23.083778,Medium-High,Software Patch,False,Vendor
1604,2818,2024-08-17 11:22:08.912952,2024-08-17 11:29:56.753918,Medium-High,Vendor Escalation,True,Field Ops
1605,3608,2025-10-02 05:27:05.482654,2025-10-02 05:34:18.349349,Medium-High,Fibre Repair,True,Vendor
1606,4259,2024-03-10 12:31:14.849800,2024-03-10 14:21:26.526646,Medium-High,Hardware Replacement,False,NOC
1607,1218,2024-04-28 15:13:52.455456,2024-04-28 16:32:17.063118,High,Vendor Escalation,False,Vendor
1608,1123,2025-01-30 09:48:39.636957,2025-01-30 10:35:44.851966,High,Hardware Replacement,False,Field Ops
1609,1319,2024-09-04 09:36:59.841810,2024-09-04 10:10:03.543113,High,Software Patch,True,Vendor
1610,3088,2024-11-13 16:49:05.368914,2024-11-13 16:53:12.372586,Medium-High,Hardware Replacement,True,Vendor
1611,4471,2025-10-30 04:32:28.640455,2025-10-30 04:38:07.572954,Low,Emergency Maintenance,False,Field Ops
1612,1171,2024-02-21 12:42:03.812839,2024-02-21 12:58:00.585684,High,Fibre Repair,True,NOC
1613,611,2025-11-23 00:44:30.338275,2025-11-23 03:04:53.387216,High,Emergency Maintenance,False,NOC
1614,2009,2025-04-25 04:17:57.373516,2025-04-25 07:59:57.373516,High,Configuration Change,False,Vendor
1615,4319,2025-07-09 10:44:13.934828,2025-07-09 11:07:01.949690,Medium-High,Route Optimization,True,Vendor
1616,2110,2025-06-07 09:20:17.130900,2025-06-07 09:23:42.991421,Medium,Hardware Replacement,False,Engineering
1617,2803,2024-09-17 14:40:05.440786,2024-09-17 14:52:01.829910,High,Hardware Replacement,False,Field Ops
1618,2529,2024-11-12 14:08:07.086186,2024-11-12 14:13:13.886695,Medium-High,Emergency Maintenance,False,Engineering
1619,329,2024-03-13 11:09:41.938129,2024-03-13 11:14:29.897185,Medium-High,Route Optimization,False,Field Ops
1620,3432,2025-12-24 10:46:24.494083,2025-12-24 10:52:13.756027,Medium-High,Configuration Change,False,Engineering
1621,4396,2025-05-19 15:52:36.202976,2025-05-19 15:53:08.604131,Medium,Route Optimization,False,NOC
1622,90,2024-05-04 12:38:55.006632,2024-05-04 12:55:02.478076,Medium,Configuration Change,False,Engineering
1623,868,2025-02-02 15:21:50.678860,2025-02-02 16:27:15.128850,High,Hardware Replacement,True,Vendor
1624,3982,2025-05-27 17:05:24.774070,2025-05-27 17:15:09.142678,Medium-High,Route Optimization,False,Engineering
1625,2880,2025-01-11 17:15:54.941490,2025-01-11 19:07:15.884105,High,Power Restoration,False,Vendor
1626,2748,2025-03-09 14:25:47.407744,2025-03-09 15:19:52.844680,Medium-High,Vendor Escalation,False,NOC
1627,2765,2024-02-19 09:10:41.120754,2024-02-19 10:02:11.960189,High,Fibre Repair,True,Vendor
1628,2602,2024-09-05 17:37:20.824820,2024-09-05 17:45:09.475145,Medium,Configuration Change,False,NOC
1629,1680,2025-07-10 10:49:07.194896,2025-07-10 11:06:14.868642,High,Power Restoration,False,Engineering
1630,2410,2024-06-30 15:23:54.789536,2024-06-30 15:40:36.267489,Medium-High,Software Patch,True,NOC
1631,1272,2025-11-28 08:56:41.798164,2025-11-28 09:05:52.859344,Medium,Software Patch,False,Engineering
1632,2965,2025-11-29 22:14:03.566427,2025-11-29 22:53:13.551255,Medium-High,Vendor Escalation,False,Vendor
1633,204,2025-01-30 09:53:11.154086,2025-01-30 10:20:39.570489,Medium-High,Vendor Escalation,False,Field Ops
1634,1942,2025-05-28 18:00:09.733131,2025-05-28 18:03:23.854583,Medium,Hardware Replacement,False,Field Ops
1635,2178,2024-08-06 06:25:36.090164,2024-08-06 06:30:47.194138,Medium-High,Fibre Repair,False,NOC
1636,565,2025-01-02 12:16:05.656466,2025-01-02 12:19:20.059252,Medium,Configuration Change,True,Engineering
1637,36,2024-04-27 11:06:33.401758,2024-04-27 11:24:10.953464,Medium-High,Configuration Change,False,Engineering
1638,4392,2024-08-11 07:41:15.901749,2024-08-11 07:53:34.743984,Medium-High,Emergency Maintenance,False,NOC
1639,1571,2024-07-24 08:05:09.241397,2024-07-24 08:06:57.097665,Medium,Hardware Replacement,False,NOC
1640,3575,2025-01-17 15:23:50.714686,2025-01-17 15:29:28.223664,High,Vendor Escalation,True,NOC
1641,1274,2025-02-12 23:11:23.998471,2025-02-12 23:30:19.158485,High,Emergency Maintenance,True,Field Ops
1642,2093,2025-01-16 12:58:05.950100,2025-01-16 14:05:23.126970,Medium-High,Route Optimization,False,Field Ops
1643,3494,2025-06-10 17:02:18.211246,2025-06-10 17:14:33.672907,Medium-High,Vendor Escalation,False,Vendor
1644,1781,2025-09-29 11:28:35.605903,2025-09-29 11:32:25.163621,Medium-High,Route Optimization,False,NOC
1645,2202,2024-12-28 05:56:38.766520,2024-12-28 05:58:56.335019,Medium,Software Patch,False,Vendor
1646,2917,2024-03-12 20:42:26.220805,2024-03-12 21:14:00.931250,Medium-High,Vendor Escalation,False,Field Ops
1647,3192,2024-03-01 16:25:02.815249,2024-03-01 17:06:12.146949,High,Route Optimization,False,NOC
1648,12,2025-08-01 13:53:20.054913,2025-08-01 13:53:53.948962,Medium,Fibre Repair,False,Engineering
1649,4546,2024-09-01 13:49:40.774884,2024-09-01 14:20:03.295250,High,Emergency Maintenance,False,Engineering
1650,904,2024-01-30 18:55:58.780231,2024-01-30 20:32:01.802198,High,Route Optimization,False,Field Ops
1651,4344,2025-01-11 06:41:34.447756,2025-01-11 06:55:20.798729,Medium-High,Power Restoration,True,NOC
1652,4372,2024-12-22 09:19:09.281520,2024-12-22 10:22:29.458922,High,Fibre Repair,False,Field Ops
1653,3744,2025-03-15 16:28:36.321110,2025-03-15 17:10:03.352551,Medium,Route Optimization,False,Vendor
1654,868,2025-02-02 15:21:28.031492,2025-02-02 15:48:32.595599,High,Emergency Maintenance,True,Vendor
1655,2977,2025-04-10 08:56:42.239920,2025-04-10 09:24:41.300390,Medium-High,Fibre Repair,False,NOC
1656,1195,2024-04-09 14:57:25.368174,2024-04-09 15:05:05.029937,Medium-High,Configuration Change,False,Engineering
1657,2269,2024-06-01 17:14:44.315232,2024-06-01 17:18:43.825232,Medium,Vendor Escalation,False,NOC
1658,1645,2024-06-24 19:49:48.534222,2024-06-24 19:56:14.041076,Medium,Route Optimization,False,Engineering
1659,2544,2024-01-21 12:15:34.224268,2024-01-21 14:09:34.224268,Medium-High,Vendor Escalation,False,Engineering
1660,4291,2024-02-07 20:59:49.972918,2024-02-07 21:20:17.364724,Medium-High,Hardware Replacement,False,Engineering
1661,4968,2024-12-03 13:28:02.165240,2024-12-03 13:35:37.275274,Medium-High,Hardware Replacement,False,Field Ops
1662,4117,2024-10-28 15:31:32.778111,2024-10-28 15:38:09.516599,High,Power Restoration,False,NOC
1663,2658,2025-04-02 13:25:52.516254,2025-04-02 13:35:54.062965,High,Emergency Maintenance,True,Vendor
1664,2147,2025-04-06 07:52:23.272080,2025-04-06 08:22:24.580339,Medium-High,Route Optimization,False,NOC
1665,670,2025-06-15 10:10:03.878913,2025-06-15 12:54:31.856286,High,Fibre Repair,False,Engineering
1666,2465,2025-08-03 16:38:38.509330,2025-08-03 17:30:19.979575,High,Vendor Escalation,False,NOC
1667,4265,2025-11-04 09:19:35.005803,2025-11-04 09:20:32.005702,Medium-High,Software Patch,False,Field Ops
1668,1242,2025-05-04 23:40:26.427876,2025-05-05 00:00:45.932723,High,Route Optimization,True,Field Ops
1669,2972,2025-04-24 14:00:02.328766,2025-04-24 14:16:07.198449,High,Configuration Change,True,Field Ops
1670,3712,2024-09-15 13:19:50.643911,2024-09-15 13:27:35.170870,Medium-High,Route Optimization,False,Engineering
1671,1370,2025-03-29 05:21:46.783284,2025-03-29 06:20:51.058629,Medium-High,Hardware Replacement,False,Engineering
1672,3263,2025-11-23 19:01:26.880285,2025-11-23 19:09:31.446653,Medium,Route Optimization,False,Engineering
1673,3430,2025-08-29 15:55:24.790548,2025-08-29 16:24:11.520244,Medium-High,Software Patch,False,Engineering
1674,2937,2025-12-07 12:20:29.192303,2025-12-07 12:36:10.123585,Medium-High,Route Optimization,True,Field Ops
1675,2167,2024-03-10 20:23:59.853633,2024-03-10 21:15:53.804971,High,Power Restoration,False,Vendor
1676,544,2025-12-04 15:01:57.807411,2025-12-04 16:15:08.761532,Medium-High,Emergency Maintenance,False,NOC
1677,4361,2024-07-11 09:15:57.013781,2024-07-11 09:48:57.217150,Medium-High,Fibre Repair,False,Engineering
1678,2907,2025-01-12 13:38:34.357422,2025-01-12 13:55:39.891866,Medium-High,Fibre Repair,False,Engineering
1679,4864,2024-04-06 13:58:12.242777,2024-04-06 14:18:53.381234,Medium,Vendor Escalation,True,Field Ops
1680,231,2024-04-24 07:38:29.698126,2024-04-24 08:19:54.778112,High,Software Patch,False,Field Ops
1681,4253,2024-08-11 10:30:27.268535,2024-08-11 11:34:44.121915,High,Vendor Escalation,False,Engineering
1682,4894,2025-08-30 10:55:11.683597,2025-08-30 10:59:51.615799,Medium-High,Hardware Replacement,False,Field Ops
1683,2804,2024-04-02 10:30:35.726277,2024-04-02 10:37:30.460521,Medium,Vendor Escalation,True,Engineering
1684,4052,2025-12-04 10:46:51.163672,2025-12-04 10:53:50.231811,Medium-High,Vendor Escalation,False,NOC
1685,3523,2025-10-04 17:05:08.098706,2025-10-04 17:13:00.277789,Medium-High,Fibre Repair,True,Vendor
1686,977,2025-08-19 13:30:27.207069,2025-08-19 13:44:26.288480,Medium-High,Power Restoration,False,Engineering
1687,4380,2025-09-15 00:42:28.755246,2025-09-15 01:16:19.811809,Medium-High,Emergency Maintenance,False,Engineering
1688,705,2024-06-11 10:55:34.879197,2024-06-11 11:04:37.613095,Medium-High,Route Optimization,False,Field Ops
1689,871,2024-04-24 01:05:58.564344,2024-04-24 01:06:09.943991,Medium-High,Route Optimization,False,Vendor
1690,4824,2024-10-30 13:28:54.101775,2024-10-30 14:48:04.244912,High,Vendor Escalation,False,Engineering
1691,3732,2025-09-24 11:16:02.986814,2025-09-24 11:27:34.398524,Medium,Fibre Repair,False,NOC
1692,2248,2024-04-10 07:39:19.128409,2024-04-10 07:40:31.353667,Medium,Route Optimization,False,NOC
1693,4748,2025-02-03 09:22:22.828987,2025-02-03 10:31:36.335253,High,Configuration Change,False,NOC
1694,4962,2025-03-07 15:16:28.524436,2025-03-07 16:06:39.106873,Medium-High,Fibre Repair,False,Engineering
1695,2728,2025-07-28 18:20:09.478166,2025-07-28 19:08:45.876318,High,Software Patch,False,NOC
1696,4429,2024-08-23 15:01:53.617326,2024-08-23 15:05:53.636665,Medium,Hardware Replacement,False,Field Ops
1697,517,2024-10-21 14:24:09.395771,2024-10-21 14:24:39.793126,Low,Fibre Repair,False,Engineering
1698,67,2024-10-21 16:10:20.534083,2024-10-21 16:48:02.500242,Medium-High,Hardware Replacement,False,NOC
1699,4784,2025-02-11 14:00:39.494074,2025-02-11 15:20:00.369280,High,Vendor Escalation,False,Field Ops
1700,2313,2024-04-22 11:34:54.321449,2024-04-22 11:37:05.579751,Medium,Software Patch,True,Engineering
1701,976,2024-08-19 13:01:48.027576,2024-08-19 13:41:15.167889,Medium-High,Fibre Repair,False,Engineering
1702,3659,2024-08-03 17:39:29.898474,2024-08-03 17:45:42.381975,High,Route Optimization,False,Field Ops
1703,2970,2024-09-19 13:05:45.844304,2024-09-19 13:16:43.947695,High,Route Optimization,False,Field Ops
1704,2810,2025-12-20 13:46:53.143224,2025-12-20 14:03:54.121170,Medium-High,Vendor Escalation,False,Field Ops
1705,1167,2025-01-14 04:34:45.790901,2025-01-14 05:11:52.624613,Medium-High,Software Patch,False,NOC
1706,1891,2025-12-27 13:22:16.992308,2025-12-27 13:31:36.491758,Medium-High,Fibre Repair,False,Engineering
1707,3077,2024-05-14 18:02:24.724836,2024-05-14 18:02:42.981843,Low,Configuration Change,False,Vendor
1708,1130,2024-01-16 05:32:35.277963,2024-01-16 05:57:24.147923,High,Power Restoration,False,Vendor
1709,2924,2025-11-08 02:48:22.098642,2025-11-08 03:37:55.304898,High,Hardware Replacement,False,Vendor
1710,2163,2024-08-06 18:14:58.137421,2024-08-06 18:27:56.177162,Medium,Power Restoration,False,NOC
1711,3776,2025-01-09 10:47:09.480397,2025-01-09 11:32:43.308084,Medium-High,Power Restoration,True,NOC
1712,3549,2024-04-14 07:46:41.385242,2024-04-14 07:52:13.204090,Medium,Software Patch,False,Field Ops
1713,3016,2025-11-18 12:45:42.720757,2025-11-18 14:09:29.565292,Medium-High,Fibre Repair,False,Engineering
1714,1085,2025-03-31 13:27:21.492406,2025-03-31 14:08:23.299647,Medium,Emergency Maintenance,False,Field Ops
1715,2557,2025-08-09 11:19:33.195201,2025-08-09 11:33:35.160772,Medium-High,Software Patch,False,Field Ops
1716,1111,2025-01-06 12:24:35.312348,2025-01-06 12:42:44.152687,High,Power Restoration,False,Vendor
1717,666,2024-06-24 09:26:16.241142,2024-06-24 10:05:43.086848,High,Emergency Maintenance,False,Vendor
1718,3844,2024-11-13 18:54:15.187339,2024-11-13 19:05:06.670818,Medium-High,Emergency Maintenance,False,Engineering
1719,462,2024-05-26 04:25:28.570521,2024-05-26 05:03:52.573039,High,Software Patch,False,Vendor
1720,3248,2025-06-12 11:09:06.076446,2025-06-12 12:30:46.068667,High,Route Optimization,False,Vendor
1721,2175,2025-12-02 13:36:54.781998,2025-12-02 14:45:06.195751,Medium-High,Software Patch,False,NOC
1722,3509,2024-10-10 08:42:36.412533,2024-10-10 08:47:29.091585,High,Configuration Change,True,NOC
1723,1283,2025-11-12 17:22:38.971960,2025-11-12 17:31:53.787319,High,Vendor Escalation,False,Field Ops
1724,3286,2024-10-16 08:49:22.896021,2024-10-16 08:58:17.077882,High,Vendor Escalation,False,Field Ops
1725,4307,2024-07-29 16:08:15.188058,2024-07-29 16:09:10.149261,Medium-High,Vendor Escalation,False,Engineering
1726,2546,2024-05-05 08:51:14.968146,2024-05-05 08:56:58.165773,Low,Hardware Replacement,False,Field Ops
1727,679,2024-04-23 17:30:44.421028,2024-04-23 19:31:08.206108,High,Hardware Replacement,False,Vendor
1728,558,2024-06-08 15:07:43.740912,2024-06-08 15:08:27.422571,High,Hardware Replacement,False,Engineering
1729,1403,2025-05-26 17:28:07.247198,2025-05-26 17:41:16.371897,Medium-High,Fibre Repair,False,Engineering
1730,521,2025-06-29 03:31:34.377178,2025-06-29 03:43:56.992940,Medium-High,Route Optimization,False,Engineering
1731,3496,2024-07-21 17:41:10.249554,2024-07-21 17:49:16.945644,Medium,Vendor Escalation,False,Field Ops
1732,4307,2024-07-29 16:00:21.837883,2024-07-29 16:00:39.305582,Medium-High,Hardware Replacement,True,Field Ops
1733,1093,2024-01-18 16:38:15.078937,2024-01-18 16:54:29.492499,Medium-High,Hardware Replacement,False,Field Ops
1734,3987,2024-02-15 08:42:41.686737,2024-02-15 09:00:39.686412,High,Power Restoration,False,NOC
1735,1161,2024-07-16 19:03:07.442415,2024-07-16 20:08:14.093553,Medium-High,Emergency Maintenance,False,Field Ops
1736,4329,2024-08-29 18:39:34.898430,2024-08-29 18:51:57.950171,Medium,Route Optimization,False,Field Ops
1737,3000,2024-05-05 15:43:54.669226,2024-05-05 15:52:05.383652,Medium,Hardware Replacement,False,Field Ops
1738,4197,2025-04-03 14:16:47.136649,2025-04-03 14:39:29.869208,Medium-High,Route Optimization,False,Vendor
1739,3907,2025-05-23 14:49:15.522463,2025-05-23 15:05:22.988546,Medium,Fibre Repair,False,Vendor
1740,126,2025-02-03 16:13:13.293061,2025-02-03 19:55:23.813540,High,Hardware Replacement,False,Field Ops
1741,3435,2025-06-05 12:08:23.935226,2025-06-05 12:15:39.313574,Low,Configuration Change,False,Engineering
1742,866,2024-10-11 16:38:50.853442,2024-10-11 16:50:42.930285,Medium-High,Software Patch,False,NOC
1743,2647,2025-10-30 08:31:29.587014,2025-10-30 08:36:25.177814,Medium,Route Optimization,False,Vendor
1744,755,2025-02-01 08:31:17.101555,2025-02-01 08:34:22.871943,Medium-High,Configuration Change,False,NOC
1745,3373,2024-04-10 04:54:12.589043,2024-04-10 05:06:05.569727,Medium,Fibre Repair,False,Vendor
1746,2325,2025-08-09 13:59:08.455133,2025-08-09 14:29:04.735156,Medium-High,Vendor Escalation,False,Engineering
1747,1085,2025-03-31 13:27:41.109149,2025-03-31 14:26:07.503685,Medium,Power Restoration,False,Field Ops
1748,3329,2025-05-19 03:07:37.150779,2025-05-19 03:28:57.842652,High,Emergency Maintenance,False,Engineering
1749,3513,2024-05-27 16:39:57.378602,2024-05-27 17:52:43.002513,High,Fibre Repair,False,NOC
1750,2979,2025-10-27 10:53:33.814119,2025-10-27 11:03:31.301340,Medium-High,Fibre Repair,False,Field Ops
1751,3413,2025-11-05 16:33:00.122361,2025-11-05 16:42:34.068629,Medium,Emergency Maintenance,False,Field Ops
1752,3385,2024-08-25 00:04:35.512255,2024-08-25 00:05:12.253468,Low,Fibre Repair,True,NOC
1753,2451,2024-10-06 16:46:01.075110,2024-10-06 16:58:54.761793,Medium-High,Hardware Replacement,True,NOC
1754,4184,2024-02-22 07:48:44.362138,2024-02-22 08:54:17.721365,High,Vendor Escalation,False,Field Ops
1755,1280,2025-09-11 14:13:04.382321,2025-09-11 14:21:27.906695,High,Fibre Repair,False,Vendor
1756,4639,2024-11-20 08:58:09.698334,2024-11-20 09:39:31.109341,Medium,Emergency Maintenance,False,Vendor
1757,844,2025-03-08 20:19:20.013674,2025-03-08 20:36:09.633711,High,Software Patch,False,Vendor
1758,4942,2024-10-30 10:48:04.122338,2024-10-30 11:15:50.170057,High,Emergency Maintenance,False,Engineering
1759,462,2024-05-26 04:41:47.046257,2024-05-26 05:43:43.746675,High,Software Patch,True,Field Ops
1760,241,2025-10-20 05:43:26.549588,2025-10-20 06:30:48.146980,Medium-High,Configuration Change,False,Field Ops
1761,225,2025-01-11 07:51:48.199665,2025-01-11 08:11:23.000631,Medium,Hardware Replacement,False,Engineering
1762,667,2024-12-09 03:07:24.100501,2024-12-09 03:31:34.728699,Medium-High,Route Optimization,False,Engineering
1763,2835,2024-06-22 16:47:47.127889,2024-06-22 17:02:17.246095,High,Hardware Replacement,False,Vendor
1764,196,2025-05-23 18:02:33.358691,2025-05-23 18:05:08.306070,High,Vendor Escalation,False,Engineering
1765,4948,2024-06-07 19:47:37.924066,2024-06-07 20:13:15.110279,Medium-High,Hardware Replacement,False,Engineering
1766,3689,2024-12-17 21:41:51.939785,2024-12-17 21:56:57.483105,High,Route Optimization,False,Engineering
1767,1064,2025-06-21 12:52:29.521398,2025-06-21 13:11:00.183965,Medium-High,Power Restoration,False,Vendor
1768,4655,2025-08-30 22:15:22.490233,2025-08-30 22:28:15.998617,Medium-High,Configuration Change,False,NOC
1769,3197,2024-11-02 15:17:24.994907,2024-11-02 15:37:03.709066,Medium,Hardware Replacement,False,Vendor
1770,2268,2025-08-25 12:13:26.422886,2025-08-25 12:20:45.363248,Medium-High,Vendor Escalation,False,Engineering
1771,825,2024-09-19 09:06:30.577263,2024-09-19 09:20:14.339443,High,Software Patch,False,Engineering
1772,3863,2024-03-14 16:24:59.122924,2024-03-14 17:01:31.337034,High,Software Patch,False,NOC
1773,1763,2024-12-02 21:24:44.061590,2024-12-02 21:56:03.017764,High,Fibre Repair,True,Engineering
1774,1863,2025-03-23 11:37:54.364393,2025-03-23 11:45:30.979481,High,Power Restoration,True,Vendor
1775,3394,2024-04-30 02:09:30.367948,2024-04-30 03:04:00.993723,High,Route Optimization,False,Field Ops
1776,1663,2024-05-02 12:41:23.085841,2024-05-02 12:44:41.815083,Medium-High,Emergency Maintenance,False,Vendor
1777,3492,2024-01-22 05:12:43.073638,2024-01-22 05:23:18.239986,Medium-High,Vendor Escalation,False,Vendor
1778,3242,2024-03-23 15:01:22.762259,2024-03-23 16:16:09.267661,High,Route Optimization,False,Vendor
1779,4953,2025-09-19 18:20:51.023108,2025-09-19 18:25:25.933408,Medium-High,Hardware Replacement,False,Field Ops
1780,3065,2024-09-21 14:44:09.956450,2024-09-21 14:52:03.059794,Medium-High,Fibre Repair,False,NOC
1781,1657,2025-03-20 19:53:05.728892,2025-03-20 19:57:15.645737,High,Power Restoration,False,NOC
1782,3059,2024-09-17 18:12:41.728847,2024-09-17 18:19:17.882040,High,Power Restoration,False,Vendor
1783,3580,2025-03-03 08:24:07.284275,2025-03-03 10:38:12.383900,High,Configuration Change,False,NOC
1784,2190,2024-10-30 16:18:08.452443,2024-10-30 16:30:20.220841,High,Software Patch,False,Engineering
1785,4599,2024-08-15 14:01:29.146638,2024-08-15 14:09:22.846319,Medium-High,Configuration Change,False,Field Ops
1786,1338,2024-12-26 12:13:51.045624,2024-12-26 13:16:11.210829,Medium-High,Configuration Change,False,Engineering
1787,2590,2024-09-03 10:03:46.869877,2024-09-03 10:47:44.064096,High,Configuration Change,False,Field Ops
1788,1166,2025-07-06 08:47:44.084636,2025-07-06 08:49:44.257780,Medium,Configuration Change,False,NOC
1789,1786,2025-07-26 13:06:15.804061,2025-07-26 13:11:35.622101,Medium-High,Emergency Maintenance,False,NOC
1790,4502,2025-03-03 05:26:44.093186,2025-03-03 05:46:33.663098,Medium,Hardware Replacement,False,Vendor
1791,1374,2025-03-06 05:31:36.364506,2025-03-06 05:59:50.996850,Medium-High,Emergency Maintenance,False,Field Ops
1792,3655,2024-05-31 20:25:14.766561,2024-05-31 20:41:24.777414,High,Emergency Maintenance,False,NOC
1793,465,2024-07-04 17:33:07.220357,2024-07-04 17:46:48.697885,Medium,Power Restoration,True,NOC
1794,1412,2025-12-16 09:29:26.167645,2025-12-16 09:46:21.616850,Medium,Fibre Repair,False,Vendor
1795,39,2024-04-09 01:50:07.762412,2024-04-09 02:26:47.486380,High,Software Patch,False,Field Ops
1796,2232,2024-12-12 10:12:57.796644,2024-12-12 10:21:10.679345,High,Emergency Maintenance,False,NOC
1797,55,2024-03-30 05:46:17.567673,2024-03-30 05:53:44.039078,Medium,Hardware Replacement,False,Field Ops
1798,2192,2024-06-10 03:19:01.141871,2024-06-10 03:36:17.318872,High,Software Patch,True,NOC
1799,718,2024-03-15 03:06:38.584404,2024-03-15 03:08:56.270653,Medium,Emergency Maintenance,True,NOC
1800,2360,2024-07-22 09:05:48.709231,2024-07-22 09:17:41.304961,Medium-High,Software Patch,False,NOC
1801,2923,2025-09-02 04:44:50.302084,2025-09-02 05:48:45.827196,Medium-High,Software Patch,False,Engineering
1802,2241,2024-03-13 11:45:23.056524,2024-03-13 11:50:00.475292,Medium,Hardware Replacement,False,Vendor
1803,2861,2025-12-04 05:30:33.952505,2025-12-04 05:34:23.973964,Medium-High,Configuration Change,False,Vendor
1804,2013,2024-07-06 06:04:40.715831,2024-07-06 07:09:58.569037,High,Configuration Change,False,Vendor
1805,729,2024-02-28 19:03:03.106406,2024-02-28 19:14:49.819722,Medium,Hardware Replacement,False,Vendor
1806,1370,2025-03-29 05:29:35.228428,2025-03-29 05:47:15.646994,Medium-High,Emergency Maintenance,False,Vendor
1807,2972,2025-04-24 14:11:09.687906,2025-04-24 14:38:42.975588,High,Vendor Escalation,False,Engineering
1808,1232,2024-08-07 18:12:19.411591,2024-08-07 18:29:05.159140,Medium-High,Software Patch,False,Vendor
1809,1221,2025-09-06 01:27:45.349884,2025-09-06 01:35:45.767684,Medium-High,Hardware Replacement,False,Field Ops
1810,3741,2024-06-21 01:41:53.503626,2024-06-21 02:02:28.185643,Medium-High,Software Patch,False,Field Ops
1811,3472,2024-06-14 17:33:03.044204,2024-06-14 17:38:00.911043,Medium-High,Fibre Repair,True,Field Ops
1812,4952,2025-06-29 08:57:04.414175,2025-06-29 10:05:01.768268,Medium-High,Emergency Maintenance,False,Field Ops
1813,3469,2024-06-06 11:38:53.886022,2024-06-06 11:45:54.490227,Medium-High,Route Optimization,True,Vendor
1814,4425,2025-10-14 11:37:26.070035,2025-10-14 11:59:24.325440,High,Emergency Maintenance,False,NOC
1815,2013,2024-07-06 06:04:05.448103,2024-07-06 07:17:37.880455,High,Hardware Replacement,True,NOC
1816,2104,2024-03-29 18:48:51.635487,2024-03-29 19:15:16.690129,Medium-High,Emergency Maintenance,False,NOC
1817,1306,2025-12-10 19:01:39.405126,2025-12-10 19:05:00.598569,Low,Emergency Maintenance,False,Vendor
1818,521,2025-06-29 03:15:51.984263,2025-06-29 03:38:09.449665,Medium-High,Emergency Maintenance,False,NOC
1819,2357,2024-05-30 12:32:34.597332,2024-05-30 12:37:23.585890,Medium,Software Patch,False,Vendor
1820,4467,2024-06-20 00:22:48.508376,2024-06-20 01:22:15.550895,High,Vendor Escalation,False,Vendor
1821,4187,2024-04-06 15:57:43.182296,2024-04-06 15:58:42.268174,Medium-High,Power Restoration,True,Field Ops
1822,883,2024-01-15 12:33:14.529320,2024-01-15 13:15:25.283477,Medium-High,Fibre Repair,True,Vendor
1823,1561,2024-08-11 00:52:12.883859,2024-08-11 01:04:16.973908,Medium-High,Fibre Repair,False,Vendor
1824,3157,2025-08-04 16:28:34.017144,2025-08-04 16:45:52.367389,Medium-High,Route Optimization,False,Field Ops
1825,4317,2025-12-03 16:02:24.226482,2025-12-03 16:16:07.723639,Medium,Emergency Maintenance,False,Vendor
1826,3538,2024-07-17 13:22:02.022307,2024-07-17 14:14:04.698174,Medium-High,Emergency Maintenance,False,Vendor
1827,1970,2024-10-18 14:10:38.381996,2024-10-18 16:11:14.456927,Medium-High,Configuration Change,True,Field Ops
1828,1744,2025-03-26 13:02:50.398777,2025-03-26 13:12:24.842278,Medium,Software Patch,False,NOC
1829,3974,2025-12-19 10:48:13.827352,2025-12-19 11:03:33.789229,Medium,Hardware Replacement,True,Field Ops
1830,1355,2024-03-01 14:22:40.544946,2024-03-01 16:18:22.815601,High,Vendor Escalation,False,Field Ops
1831,4227,2024-06-02 06:56:51.240493,2024-06-02 07:02:30.648755,Medium-High,Emergency Maintenance,False,Engineering
1832,204,2025-01-30 09:55:56.136885,2025-01-30 10:05:24.919135,Medium-High,Emergency Maintenance,False,Engineering
1833,711,2024-05-09 07:43:52.327317,2024-05-09 08:58:44.298645,High,Power Restoration,False,Vendor
1834,1095,2025-06-29 14:29:09.207016,2025-06-29 14:39:20.881549,Medium-High,Emergency Maintenance,False,Vendor
1835,3480,2024-08-04 00:39:16.647920,2024-08-04 01:31:30.160438,High,Software Patch,False,NOC
1836,1993,2025-11-16 16:13:00.054552,2025-11-16 16:39:07.271490,Medium-High,Software Patch,False,NOC
1837,625,2024-09-09 07:45:29.657632,2024-09-09 08:21:36.936457,High,Software Patch,False,NOC
1838,2588,2025-01-26 05:00:53.805001,2025-01-26 05:41:29.038065,High,Power Restoration,False,Vendor
1839,3431,2025-07-30 16:55:41.248756,2025-07-30 17:02:15.270300,Medium,Power Restoration,False,Vendor
1840,626,2024-07-04 12:01:20.649049,2024-07-04 12:16:58.666966,Medium-High,Fibre Repair,False,Engineering
1841,1319,2024-09-04 09:36:40.362237,2024-09-04 09:59:09.122786,High,Power Restoration,True,Field Ops
1842,1380,2025-01-06 08:48:22.809917,2025-01-06 08:49:24.307618,Medium,Hardware Replacement,True,NOC
1843,4609,2024-08-30 06:43:25.354573,2024-08-30 07:03:02.035125,High,Vendor Escalation,True,Field Ops
1844,4490,2025-02-28 23:59:13.382045,2025-03-01 00:28:37.784278,Medium,Fibre Repair,True,Engineering
1845,3429,2024-08-12 14:36:19.110258,2024-08-12 15:35:00.101921,High,Hardware Replacement,False,NOC
1846,4386,2024-08-14 17:08:36.693093,2024-08-14 17:09:50.204585,Low,Route Optimization,False,Engineering
1847,4206,2025-03-31 05:08:31.899719,2025-03-31 05:36:07.775377,High,Configuration Change,False,NOC
1848,1787,2024-01-25 01:48:11.705078,2024-01-25 02:03:39.799464,Medium-High,Power Restoration,False,Field Ops
1849,4859,2024-11-14 16:15:23.193216,2024-11-14 16:27:13.245649,High,Vendor Escalation,False,Engineering
1850,4609,2024-08-30 06:33:32.244249,2024-08-30 06:38:37.403532,High,Emergency Maintenance,True,Field Ops
1851,366,2024-03-28 08:55:43.666727,2024-03-28 09:11:18.256267,Medium-High,Route Optimization,False,Vendor
1852,4665,2024-10-02 23:29:24.800502,2024-10-02 23:35:15.624937,Medium,Fibre Repair,False,NOC
1853,3142,2024-09-06 16:53:35.320445,2024-09-06 16:59:30.937007,Medium,Vendor Escalation,False,Vendor
1854,2204,2024-12-25 16:29:55.613242,2024-12-25 16:37:08.565728,High,Fibre Repair,False,Field Ops
1855,4117,2024-10-28 15:29:51.016552,2024-10-28 15:39:28.534867,High,Software Patch,True,NOC
1856,4466,2025-03-17 02:44:13.949326,2025-03-17 02:52:10.697940,Medium-High,Configuration Change,False,Field Ops
1857,4015,2024-01-07 12:56:10.257066,2024-01-07 12:58:11.622266,High,Fibre Repair,False,NOC
1858,3469,2024-06-06 11:35:12.834587,2024-06-06 11:36:20.670798,Medium-High,Software Patch,False,Field Ops
1859,1111,2025-01-06 12:28:12.263849,2025-01-06 12:57:36.234545,High,Hardware Replacement,False,NOC
1860,834,2024-01-31 11:43:45.139550,2024-01-31 12:03:12.638735,High,Hardware Replacement,True,NOC
1861,1663,2024-05-02 12:44:20.904311,2024-05-02 12:54:48.070198,Medium-High,Hardware Replacement,False,Engineering
1862,1693,2025-08-06 12:35:34.470977,2025-08-06 12:42:04.931433,Medium-High,Vendor Escalation,False,NOC
1863,670,2025-06-15 10:04:23.523378,2025-06-15 10:54:47.152908,High,Fibre Repair,False,Vendor
1864,4981,2024-02-12 18:17:50.233709,2024-02-12 18:49:19.247895,High,Hardware Replacement,False,Vendor
1865,3477,2025-03-05 16:56:17.404859,2025-03-05 17:05:01.950278,Medium,Power Restoration,False,NOC
1866,1581,2024-06-15 02:05:17.437725,2024-06-15 02:07:19.901313,Medium,Software Patch,False,Vendor
1867,2875,2024-05-18 17:37:04.081327,2024-05-18 17:48:03.656981,Medium,Software Patch,True,Engineering
1868,1061,2024-06-09 20:54:15.838448,2024-06-09 21:16:37.545269,High,Fibre Repair,False,NOC
1869,3141,2025-08-18 10:10:18.362790,2025-08-18 10:15:13.988731,Medium-High,Hardware Replacement,False,Field Ops
1870,4932,2025-04-10 11:21:42.372691,2025-04-10 11:34:24.667583,Medium-High,Software Patch,True,Engineering
1871,1232,2024-08-07 18:00:28.820288,2024-08-07 18:29:27.294993,Medium-High,Emergency Maintenance,False,NOC
1872,2580,2024-06-01 23:02:19.089128,2024-06-01 23:36:13.049500,High,Hardware Replacement,False,Vendor
1873,3495,2025-11-04 23:03:38.135252,2025-11-04 23:05:23.677070,Medium-High,Hardware Replacement,False,Field Ops
1874,255,2024-05-26 14:14:01.171949,2024-05-26 14:23:01.026608,Medium,Emergency Maintenance,True,Field Ops
1875,1208,2025-05-12 05:21:40.017178,2025-05-12 05:23:02.825722,Medium-High,Vendor Escalation,False,NOC
1876,2841,2025-06-18 20:55:36.856524,2025-06-18 21:00:23.286716,High,Route Optimization,False,Vendor
1877,4377,2024-01-20 13:44:59.983060,2024-01-20 15:17:11.495132,High,Vendor Escalation,True,Engineering
1878,922,2025-05-31 02:54:03.208900,2025-05-31 03:06:11.718202,Medium-High,Software Patch,False,Field Ops
1879,672,2024-03-17 12:18:03.591792,2024-03-17 12:22:19.347098,Medium-High,Fibre Repair,False,Field Ops
1880,589,2024-07-03 12:34:56.707941,2024-07-03 12:43:03.981248,Medium-High,Fibre Repair,True,Field Ops
1881,4840,2025-08-26 05:58:49.744655,2025-08-26 06:21:51.791926,High,Route Optimization,False,NOC
1882,1119,2025-01-15 22:03:14.885636,2025-01-15 22:05:38.337733,Medium-High,Vendor Escalation,False,Engineering
1883,2212,2024-03-04 09:07:58.137278,2024-03-04 09:40:08.599341,High,Emergency Maintenance,False,Field Ops
1884,207,2025-07-27 23:31:25.142579,2025-07-27 23:48:16.368542,Medium,Vendor Escalation,False,Field Ops
1885,2696,2024-10-01 15:32:11.259425,2024-10-01 18:23:16.264321,High,Route Optimization,True,Field Ops
1886,2992,2024-04-20 11:02:50.811823,2024-04-20 11:59:25.989638,High,Route Optimization,False,Engineering
1887,4538,2025-11-12 17:45:15.425486,2025-11-12 17:50:25.433733,Medium,Emergency Maintenance,False,Field Ops
1888,613,2025-09-04 05:30:19.535953,2025-09-04 05:45:55.847922,Medium-High,Route Optimization,False,NOC
1889,4581,2025-02-23 10:20:40.964737,2025-02-23 10:30:38.387826,Medium,Software Patch,True,NOC
1890,3169,2025-09-26 22:46:47.714290,2025-09-26 23:15:07.359866,Medium-High,Route Optimization,False,Vendor
1891,4163,2025-12-17 17:46:12.623323,2025-12-17 17:51:59.142100,Medium-High,Software Patch,False,NOC
1892,1097,2024-10-16 08:13:06.597857,2024-10-16 08:43:30.812084,Medium-High,Emergency Maintenance,False,NOC
1893,1231,2024-10-30 16:42:16.187435,2024-10-30 16:46:25.480131,High,Route Optimization,True,NOC
1894,2536,2024-08-26 05:55:09.556308,2024-08-26 06:04:38.646997,Medium-High,Fibre Repair,True,Engineering
1895,3487,2025-08-21 21:54:45.804327,2025-08-21 22:08:08.365370,High,Fibre Repair,False,Vendor
1896,2421,2024-05-06 13:37:22.147951,2024-05-06 16:03:22.147951,High,Power Restoration,False,Engineering
1897,1028,2025-09-03 14:12:09.470180,2025-09-03 14:21:22.093764,Medium-High,Hardware Replacement,False,Field Ops
1898,4906,2024-06-06 19:32:57.607079,2024-06-06 19:46:11.051809,High,Route Optimization,True,Engineering
1899,2364,2025-08-22 12:35:38.648241,2025-08-22 13:20:38.119164,Medium,Vendor Escalation,True,Engineering
1900,937,2025-03-01 03:06:51.772049,2025-03-01 03:09:29.355681,Medium,Vendor Escalation,True,Field Ops
1901,469,2024-03-08 13:01:07.824795,2024-03-08 13:17:21.650527,Medium-High,Route Optimization,False,Engineering
1902,1363,2025-06-22 11:21:02.979927,2025-06-22 11:26:26.158405,High,Power Restoration,False,Engineering
1903,242,2024-02-29 19:34:24.200334,2024-02-29 19:49:57.048028,Medium,Route Optimization,False,Engineering
1904,4593,2025-02-28 17:55:32.699494,2025-02-28 18:09:55.908056,High,Fibre Repair,False,Engineering
1905,2777,2024-11-24 08:16:34.000066,2024-11-24 08:50:05.031143,High,Emergency Maintenance,False,NOC
1906,3138,2025-11-05 12:01:03.279688,2025-11-05 12:37:25.729012,High,Power Restoration,False,Vendor
1907,2374,2024-03-26 02:00:58.983493,2024-03-26 02:12:42.769735,High,Vendor Escalation,False,Engineering
1908,889,2025-09-16 04:57:57.251045,2025-09-16 04:58:23.823978,High,Power Restoration,True,Engineering
1909,4813,2025-04-01 17:20:17.109931,2025-04-01 17:29:44.845126,Medium-High,Vendor Escalation,False,Vendor
1910,413,2024-11-18 06:45:13.504257,2024-11-18 06:57:53.929941,Medium,Hardware Replacement,False,NOC
1911,2172,2024-10-20 13:51:19.267118,2024-10-20 14:07:53.267749,Medium,Emergency Maintenance,False,Field Ops
1912,4260,2025-02-26 07:39:13.950380,2025-02-26 08:02:14.597496,Medium-High,Configuration Change,True,NOC
1913,886,2025-07-04 14:01:36.068260,2025-07-04 16:20:55.941518,Medium-High,Configuration Change,False,Field Ops
1914,301,2024-02-08 16:42:37.657752,2024-02-08 16:44:08.967068,Medium,Configuration Change,False,Field Ops
1915,2557,2025-08-09 10:58:48.110106,2025-08-09 11:34:32.827471,Medium-High,Fibre Repair,False,Vendor
1916,4280,2024-02-08 03:46:32.808054,2024-02-08 04:05:15.866860,Medium-High,Power Restoration,False,Engineering
1917,4249,2024-11-10 00:12:17.312757,2024-11-10 00:20:24.688554,Medium-High,Hardware Replacement,False,Field Ops
1918,816,2025-09-27 13:09:42.242035,2025-09-27 13:19:53.762822,Medium-High,Software Patch,False,Vendor
1919,3770,2024-02-04 16:32:45.855736,2024-02-04 17:01:40.043434,High,Software Patch,False,Field Ops
1920,4003,2025-11-22 22:49:55.646988,2025-11-23 00:12:24.970070,Medium-High,Software Patch,False,Engineering
1921,1673,2024-08-02 23:44:17.691660,2024-08-02 23:47:17.380516,High,Configuration Change,False,Engineering
1922,4802,2025-02-26 16:22:59.823378,2025-02-26 16:55:48.345738,Medium-High,Software Patch,True,Vendor
1923,116,2024-10-12 12:08:33.914899,2024-10-12 13:06:18.516772,Medium-High,Software Patch,False,Engineering
1924,1447,2025-01-16 15:51:11.412710,2025-01-16 16:26:34.376086,Medium-High,Vendor Escalation,False,NOC
1925,1368,2025-06-09 17:29:56.231253,2025-06-09 17:42:50.076468,High,Fibre Repair,False,Field Ops
1926,3325,2024-10-03 14:17:47.399047,2024-10-03 14:22:58.506725,Medium-High,Route Optimization,False,Field Ops
1927,1531,2024-08-31 10:24:37.609400,2024-08-31 10:27:45.253695,Medium,Fibre Repair,True,Field Ops
1928,3637,2024-04-14 12:43:52.784875,2024-04-14 13:29:12.532378,Medium-High,Power Restoration,False,Field Ops
1929,2396,2024-08-04 21:13:43.882553,2024-08-04 21:58:49.494881,High,Vendor Escalation,False,NOC
1930,4881,2025-12-27 17:23:43.094077,2025-12-27 17:27:57.542824,Medium-High,Power Restoration,False,Engineering
1931,3383,2024-12-18 07:48:56.626069,2024-12-18 07:51:13.558480,Medium-High,Configuration Change,True,Field Ops
1932,1769,2025-08-02 05:01:34.451315,2025-08-02 06:20:49.089626,High,Configuration Change,True,NOC
1933,3035,2025-09-19 08:36:45.298388,2025-09-19 08:40:43.346632,Medium-High,Software Patch,False,Vendor
1934,72,2024-11-13 21:26:49.145658,2024-11-13 21:34:05.984377,Medium-High,Power Restoration,False,Engineering
1935,694,2024-03-25 21:49:58.395989,2024-03-25 21:52:57.868607,High,Software Patch,True,Field Ops
1936,784,2024-05-25 05:54:48.751547,2024-05-25 06:09:43.473528,Medium-High,Fibre Repair,False,Field Ops
1937,1745,2025-10-17 09:36:21.199243,2025-10-17 10:06:10.219158,Medium-High,Vendor Escalation,False,Engineering
1938,4421,2024-12-19 20:01:38.020618,2024-12-19 20:38:23.366665,Medium-High,Power Restoration,False,Vendor
1939,187,2025-06-20 16:37:48.126209,2025-06-20 16:40:36.078888,Medium-High,Configuration Change,False,NOC
1940,2091,2024-12-22 09:29:39.275339,2024-12-22 09:45:50.460061,Medium-High,Hardware Replacement,False,Engineering
1941,2590,2024-09-03 10:01:56.268215,2024-09-03 10:06:39.774675,High,Fibre Repair,False,Vendor
1942,2276,2025-07-25 12:26:25.964183,2025-07-25 12:43:48.928731,Medium-High,Software Patch,False,Engineering
1943,1599,2025-05-01 14:58:10.579227,2025-05-01 15:12:53.375320,Medium-High,Power Restoration,True,NOC
1944,2930,2024-12-22 16:25:35.158491,2024-12-22 16:29:24.322489,High,Vendor Escalation,False,Field Ops
1945,4959,2025-10-25 23:08:44.397059,2025-10-25 23:09:07.863286,Medium,Hardware Replacement,False,Field Ops
1946,1661,2024-01-13 11:24:18.953540,2024-01-13 13:00:18.953540,High,Vendor Escalation,True,Vendor
1947,3965,2025-04-28 09:50:01.731043,2025-04-28 09:58:14.596411,Medium,Fibre Repair,False,NOC
1948,4897,2024-03-07 10:06:40.807004,2024-03-07 10:32:48.089030,High,Fibre Repair,False,Vendor
1949,3889,2025-02-26 16:28:37.019191,2025-02-26 17:33:01.667589,Medium-High,Route Optimization,False,NOC
1950,3008,2024-12-18 15:48:14.604417,2024-12-18 16:17:58.147184,Medium-High,Fibre Repair,False,NOC
1951,4917,2024-11-26 20:34:42.640819,2024-11-26 20:36:17.124961,Medium-High,Hardware Replacement,False,Field Ops
1952,1844,2025-02-04 20:07:07.954787,2025-02-04 21:48:57.737841,Medium-High,Software Patch,False,NOC
1953,4674,2024-12-31 10:45:03.831275,2024-12-31 10:48:22.173354,Medium-High,Configuration Change,False,Vendor
1954,1970,2024-10-18 14:09:10.439856,2024-10-18 15:01:15.631131,Medium-High,Software Patch,False,Field Ops
1955,1464,2025-08-10 03:00:09.936379,2025-08-10 03:11:19.696485,Medium-High,Software Patch,False,NOC
1956,4944,2024-08-28 17:31:13.702940,2024-08-28 17:47:50.802482,High,Configuration Change,False,Vendor
1957,1936,2024-05-23 20:19:04.843464,2024-05-23 20:22:40.435542,Low,Configuration Change,False,Field Ops
1958,4579,2024-05-10 15:47:37.115390,2024-05-10 15:57:09.793915,Medium,Route Optimization,False,Field Ops
1959,3433,2025-06-24 08:52:27.596620,2025-06-24 09:29:18.775151,High,Emergency Maintenance,False,NOC
1960,2124,2025-10-22 14:25:17.082026,2025-10-22 16:04:41.485063,High,Route Optimization,False,Vendor
1961,3987,2024-02-15 08:47:19.661658,2024-02-15 09:54:35.541080,High,Power Restoration,False,NOC
1962,3090,2025-04-21 19:02:43.718718,2025-04-21 19:23:41.258772,High,Emergency Maintenance,False,Engineering
1963,759,2024-09-26 13:56:10.812217,2024-09-26 13:58:47.902882,Medium,Hardware Replacement,False,Engineering
1964,2371,2025-11-26 10:07:44.894253,2025-11-26 11:05:34.099595,High,Emergency Maintenance,True,Engineering
1965,4306,2024-09-08 13:22:04.756784,2024-09-08 13:25:06.949644,Medium-High,Fibre Repair,False,Field Ops
1966,4100,2025-04-20 13:28:34.368283,2025-04-20 13:47:10.793932,Medium-High,Fibre Repair,False,Vendor
1967,246,2024-08-25 13:04:02.951216,2024-08-25 13:06:38.139394,Medium,Hardware Replacement,False,NOC
1968,1412,2025-12-16 09:38:32.891836,2025-12-16 09:48:43.807499,Medium,Route Optimization,False,NOC
1969,3780,2025-07-25 12:44:06.634630,2025-07-25 12:48:03.249014,Medium,Route Optimization,False,Engineering
1970,1588,2025-05-03 18:37:39.217771,2025-05-03 18:44:21.022356,Medium,Hardware Replacement,False,NOC
1971,2288,2024-08-07 15:58:37.472458,2024-08-07 17:27:52.423474,Medium-High,Fibre Repair,False,NOC
1972,4170,2025-11-22 19:09:01.882630,2025-11-22 19:22:10.477469,High,Emergency Maintenance,True,Field Ops
1973,1162,2025-07-24 13:58:11.930178,2025-07-24 13:58:29.663038,Medium,Fibre Repair,False,Engineering
1974,214,2025-09-15 19:05:17.970824,2025-09-15 20:00:59.145384,Medium-High,Fibre Repair,False,Engineering
1975,4422,2025-10-15 08:03:53.449880,2025-10-15 09:57:04.464864,Medium-High,Power Restoration,False,NOC
1976,761,2024-01-06 21:58:36.378304,2024-01-06 22:05:44.128888,Medium,Power Restoration,False,Vendor
1977,2992,2024-04-20 10:44:10.647978,2024-04-20 11:38:58.978041,High,Software Patch,False,Field Ops
1978,1235,2025-05-31 15:59:27.314759,2025-05-31 16:21:30.087467,Medium-High,Software Patch,True,Vendor
1979,2580,2024-06-01 23:49:30.727233,2024-06-02 00:26:06.221301,High,Software Patch,False,Vendor
1980,3946,2025-05-04 01:17:44.321129,2025-05-04 01:28:33.815580,High,Emergency Maintenance,False,Field Ops
1981,2153,2025-08-13 16:24:56.554611,2025-08-13 16:53:59.043456,Medium-High,Route Optimization,False,Engineering
1982,3924,2025-07-18 03:49:31.532435,2025-07-18 03:57:50.466169,High,Fibre Repair,False,Engineering
1983,3553,2024-03-04 18:01:53.060774,2024-03-04 18:13:33.740336,High,Configuration Change,False,Field Ops
1984,1778,2024-03-31 12:11:27.429011,2024-03-31 12:14:19.931339,Medium,Vendor Escalation,False,Field Ops
1985,1110,2024-06-13 03:05:51.179085,2024-06-13 03:10:43.959589,Medium-High,Emergency Maintenance,False,Field Ops
1986,323,2024-06-14 14:32:49.919060,2024-06-14 14:57:05.257085,Medium,Vendor Escalation,False,Vendor
1987,380,2025-03-06 09:40:50.007051,2025-03-06 09:43:58.638301,Medium-High,Fibre Repair,False,Engineering
1988,4226,2024-11-07 11:34:17.152977,2024-11-07 11:40:42.346125,High,Power Restoration,False,Field Ops
1989,1016,2025-04-01 10:55:58.870684,2025-04-01 14:05:01.744307,High,Hardware Replacement,False,Engineering
1990,2614,2025-12-25 02:39:31.571434,2025-12-25 02:39:43.998627,Medium,Vendor Escalation,False,NOC
1991,4237,2025-03-16 09:15:47.760978,2025-03-16 09:32:06.767333,Medium-High,Vendor Escalation,True,NOC
1992,3104,2025-04-23 11:55:10.704962,2025-04-23 12:12:28.389626,Medium,Software Patch,False,Engineering
1993,1590,2024-03-14 14:58:59.110481,2024-03-14 15:14:46.198214,Medium,Fibre Repair,False,NOC
1994,406,2024-02-25 11:25:11.233964,2024-02-25 12:04:05.549911,Medium,Vendor Escalation,False,Field Ops
1995,524,2024-05-14 01:11:45.188573,2024-05-14 03:22:57.680234,High,Hardware Replacement,False,NOC
1996,1448,2025-11-08 12:01:42.589382,2025-11-08 13:15:33.363205,Medium-High,Configuration Change,False,NOC
1997,3216,2024-11-08 11:08:52.819410,2024-11-08 11:45:45.276808,Medium-High,Configuration Change,False,Engineering
1998,1951,2024-01-06 17:03:54.038475,2024-01-06 17:40:33.346710,High,Emergency Maintenance,True,Field Ops
1999,664,2025-02-20 04:10:46.580008,2025-02-20 04:14:21.462124,Medium-High,Hardware Replacement,False,Engineering
2000,172,2025-04-26 12:45:36.062200,2025-04-26 12:54:14.500650,Medium-High,Power Restoration,True,Vendor
2001,4598,2025-12-27 09:50:13.814506,2025-12-27 09:57:00.994247,Medium,Route Optimization,False,Engineering
2002,4758,2025-12-31 12:14:51.039983,2025-12-31 12:33:55.775300,Medium-High,Power Restoration,False,Engineering
2003,2157,2024-11-13 11:48:48.985458,2024-11-13 14:43:48.985458,High,Route Optimization,False,Engineering
2004,2388,2024-01-22 13:45:05.032788,2024-01-22 13:46:27.123024,High,Hardware Replacement,False,NOC
2005,4496,2025-08-05 06:29:22.996273,2025-08-05 06:50:38.504248,Medium-High,Hardware Replacement,False,Vendor
2006,4574,2025-09-16 11:40:19.596505,2025-09-16 12:00:40.552824,Medium-High,Emergency Maintenance,True,Vendor
2007,3176,2025-03-20 20:35:47.753421,2025-03-20 20:44:05.632775,High,Hardware Replacement,False,NOC
2008,2902,2025-07-03 19:02:34.086086,2025-07-03 19:05:39.354201,Medium,Power Restoration,True,Vendor
2009,2724,2024-09-07 09:17:12.190075,2024-09-07 09:18:34.600838,Low,Hardware Replacement,False,NOC
2010,2041,2025-07-27 14:47:04.575943,2025-07-27 14:51:35.839262,Medium,Hardware Replacement,False,NOC
2011,2078,2024-12-26 16:20:52.639850,2024-12-26 16:37:24.267969,High,Hardware Replacement,False,Engineering
2012,1427,2025-08-04 09:28:09.238616,2025-08-04 09:34:53.176188,Medium,Configuration Change,False,NOC
2013,38,2025-10-06 07:03:07.914452,2025-10-06 07:12:21.142879,Medium-High,Route Optimization,False,Engineering
2014,2256,2025-03-17 07:09:27.319255,2025-03-17 07:36:26.737041,High,Software Patch,False,Vendor
2015,532,2025-12-04 16:27:31.709709,2025-12-04 17:16:00.572514,Medium,Fibre Repair,False,Engineering
2016,1482,2024-12-29 04:13:44.597532,2024-12-29 04:21:16.000380,Medium-High,Power Restoration,False,Engineering
2017,3760,2024-01-31 11:58:53.954687,2024-01-31 12:03:52.610419,Medium-High,Vendor Escalation,False,Engineering
2018,3449,2025-01-08 11:02:36.334369,2025-01-08 11:16:07.928839,High,Vendor Escalation,False,Vendor
2019,4114,2024-09-04 04:59:37.416376,2024-09-04 05:05:44.065376,Medium-High,Configuration Change,False,Engineering
2020,2468,2025-05-08 22:05:54.762712,2025-05-08 22:16:41.577097,Medium,Software Patch,False,Engineering
2021,4408,2025-01-02 23:43:30.782984,2025-01-02 23:49:10.707807,Medium-High,Vendor Escalation,True,Engineering
2022,3338,2025-10-20 15:23:14.678743,2025-10-20 15:50:47.282882,Medium-High,Configuration Change,True,NOC
2023,3738,2024-01-23 16:12:02.631274,2024-01-23 16:18:18.096551,Medium,Route Optimization,False,NOC
2024,3512,2025-01-13 03:12:46.747866,2025-01-13 03:22:53.578956,Medium-High,Fibre Repair,False,Field Ops
2025,1553,2024-03-13 17:17:48.386211,2024-03-13 17:31:52.799524,High,Fibre Repair,False,Engineering
2026,1173,2025-10-06 12:13:44.977274,2025-10-06 12:15:32.052634,Medium-High,Route Optimization,False,Engineering
2027,2939,2025-11-11 14:37:47.597352,2025-11-11 14:38:06.487235,Medium,Hardware Replacement,True,Engineering
2028,141,2024-05-24 11:01:47.451592,2024-05-24 11:51:23.407522,High,Power Restoration,True,Vendor
2029,4210,2024-11-18 18:53:55.387143,2024-11-18 19:05:26.142126,Medium,Configuration Change,True,NOC
2030,2124,2025-10-22 14:32:42.037810,2025-10-22 16:07:17.066826,High,Fibre Repair,False,Vendor
2031,4700,2024-10-09 05:09:39.203482,2024-10-09 06:11:20.877722,Medium-High,Vendor Escalation,True,Field Ops
2032,2374,2024-03-26 02:03:12.205435,2024-03-26 02:16:04.980644,High,Emergency Maintenance,False,Engineering
2033,2438,2025-11-05 23:42:58.775009,2025-11-06 00:00:56.141651,High,Vendor Escalation,True,Engineering
2034,2307,2024-01-14 11:19:29.051889,2024-01-14 11:20:47.176032,Medium-High,Power Restoration,True,Field Ops
2035,4787,2024-08-11 10:10:16.297672,2024-08-11 10:28:02.193977,Medium,Route Optimization,False,NOC
2036,3503,2024-04-11 09:00:29.562620,2024-04-11 09:13:45.525698,Medium-High,Route Optimization,False,NOC
2037,1646,2025-02-14 17:41:54.869764,2025-02-14 17:53:27.618028,High,Hardware Replacement,False,NOC
2038,14,2024-08-02 12:01:28.984172,2024-08-02 15:50:24.927394,High,Hardware Replacement,False,Field Ops
2039,2603,2024-04-08 08:07:18.290651,2024-04-08 08:11:06.810766,Medium,Fibre Repair,False,Field Ops
2040,3849,2025-01-06 09:45:15.269806,2025-01-06 09:57:02.888591,Medium,Emergency Maintenance,True,Vendor
2041,878,2025-09-09 14:40:15.377171,2025-09-09 14:41:31.046746,Medium,Software Patch,False,Engineering
2042,973,2024-08-31 12:17:40.420789,2024-08-31 12:24:05.074762,Medium,Hardware Replacement,False,Vendor
2043,755,2025-02-01 08:28:39.404792,2025-02-01 08:38:08.711224,Medium-High,Route Optimization,True,Field Ops
2044,1131,2025-07-28 09:51:00.370427,2025-07-28 09:53:20.642437,Medium,Emergency Maintenance,False,Field Ops
2045,1057,2025-09-29 08:48:05.638118,2025-09-29 08:53:13.228639,Medium,Route Optimization,False,NOC
2046,2630,2024-06-18 11:00:55.195063,2024-06-18 13:27:55.195063,High,Power Restoration,False,NOC
2047,905,2025-03-12 13:46:43.593703,2025-03-12 14:08:48.447280,High,Software Patch,False,Vendor
2048,4803,2024-06-01 01:38:32.570395,2024-06-01 01:47:28.566171,Medium-High,Emergency Maintenance,False,Field Ops
2049,1041,2025-02-18 09:36:19.248670,2025-02-18 10:04:14.645534,Medium-High,Software Patch,True,Engineering
2050,1717,2025-12-25 13:50:49.374448,2025-12-25 16:37:14.083642,High,Configuration Change,False,NOC
2051,2620,2024-10-20 07:45:15.897769,2024-10-20 07:48:27.779882,Medium-High,Fibre Repair,False,Engineering
2052,4450,2024-11-17 11:06:11.615891,2024-11-17 12:34:36.846344,High,Emergency Maintenance,False,Field Ops
2053,4260,2025-02-26 07:56:48.472682,2025-02-26 08:58:37.886648,Medium-High,Vendor Escalation,False,Vendor
2054,2797,2024-01-03 16:20:01.630836,2024-01-03 16:21:04.528377,High,Emergency Maintenance,True,NOC
2055,4379,2024-04-02 08:14:17.068176,2024-04-02 08:53:20.044670,High,Emergency Maintenance,False,Vendor
2056,1815,2024-10-29 16:32:37.466353,2024-10-29 18:10:37.466353,Medium,Route Optimization,False,Engineering
2057,2698,2024-09-28 16:57:50.929500,2024-09-28 16:58:55.066625,Medium,Configuration Change,False,NOC
2058,282,2025-04-18 13:07:19.713084,2025-04-18 13:16:51.984737,Medium-High,Vendor Escalation,True,Vendor
2059,1328,2024-08-29 14:33:32.657206,2024-08-29 14:42:20.539468,Medium-High,Power Restoration,False,Vendor
2060,442,2024-11-28 10:32:35.604954,2024-11-28 11:14:40.354723,Medium-High,Software Patch,False,Engineering
2061,4877,2024-09-23 15:20:58.734231,2024-09-23 15:39:48.613865,Medium,Route Optimization,False,NOC
2062,138,2024-06-16 17:41:32.819318,2024-06-16 18:04:51.198125,High,Emergency Maintenance,False,NOC
2063,2561,2024-10-21 18:13:05.952617,2024-10-21 18:15:47.459214,High,Power Restoration,False,Vendor
2064,3571,2025-04-14 02:28:55.690701,2025-04-14 02:45:00.526863,High,Route Optimization,True,Field Ops
2065,1748,2024-08-20 04:09:08.441878,2024-08-20 04:24:22.458031,Medium-High,Emergency Maintenance,True,Vendor
2066,121,2024-12-08 23:26:00.115159,2024-12-08 23:32:51.058842,Medium-High,Software Patch,False,Engineering
2067,3491,2024-04-23 15:29:40.242084,2024-04-23 15:37:22.470592,Medium-High,Emergency Maintenance,True,Vendor
2068,83,2025-04-20 00:47:25.900952,2025-04-20 01:15:52.118381,Medium-High,Power Restoration,False,Vendor
2069,4807,2024-02-02 10:57:46.893180,2024-02-02 11:01:01.088056,High,Emergency Maintenance,False,Vendor
2070,4897,2024-03-07 10:14:13.538550,2024-03-07 11:01:04.966504,High,Route Optimization,True,Field Ops
2071,941,2024-06-14 05:46:25.428409,2024-06-14 06:13:08.375792,Medium,Vendor Escalation,False,Engineering
2072,514,2024-09-15 14:00:17.971223,2024-09-15 14:03:08.999985,Medium-High,Hardware Replacement,False,Vendor
2073,2167,2024-03-10 20:30:13.859431,2024-03-10 20:54:18.754685,High,Software Patch,True,Field Ops
2074,4916,2025-02-25 10:07:25.279087,2025-02-25 11:55:34.529687,Medium-High,Configuration Change,False,Engineering
2075,2923,2025-09-02 04:42:37.912997,2025-09-02 04:45:57.060495,Medium-High,Hardware Replacement,False,Field Ops
2076,4020,2025-10-16 09:51:47.989805,2025-10-16 10:00:12.926100,High,Software Patch,False,NOC
2077,3035,2025-09-19 08:13:45.936652,2025-09-19 08:30:56.509221,Medium-High,Hardware Replacement,False,NOC
2078,916,2025-01-25 11:34:05.469086,2025-01-25 11:45:31.031353,Medium,Software Patch,False,Field Ops
2079,3299,2024-05-20 15:56:27.194243,2024-05-20 16:08:11.118049,Medium-High,Emergency Maintenance,False,Field Ops
2080,1143,2025-02-19 23:56:56.465931,2025-02-20 00:13:15.644713,Medium-High,Vendor Escalation,False,Field Ops
2081,2028,2025-10-21 19:21:53.343880,2025-10-21 19:27:22.467601,Medium-High,Route Optimization,False,Field Ops
2082,834,2024-01-31 11:41:36.639150,2024-01-31 11:54:45.197699,High,Fibre Repair,False,Field Ops
2083,1529,2024-04-11 15:13:01.539538,2024-04-11 15:45:25.348208,Medium,Configuration Change,False,Engineering
2084,4857,2024-07-21 15:04:04.434360,2024-07-21 15:23:27.000586,Medium-High,Configuration Change,False,Field Ops
2085,2212,2024-03-04 09:01:05.064763,2024-03-04 09:06:27.268309,High,Configuration Change,False,Engineering
2086,3305,2025-09-09 17:44:16.619895,2025-09-09 19:27:11.457762,High,Hardware Replacement,False,Field Ops
2087,108,2025-12-03 08:04:29.892478,2025-12-03 10:55:29.892478,High,Software Patch,False,Vendor
2088,3092,2024-12-10 06:29:03.575857,2024-12-10 07:04:03.866906,Medium-High,Vendor Escalation,False,Engineering
2089,22,2025-05-11 05:51:22.987474,2025-05-11 05:51:48.048857,Low,Vendor Escalation,True,Field Ops
2090,4745,2024-04-22 04:06:02.117761,2024-04-22 04:11:29.269647,High,Emergency Maintenance,False,Engineering
2091,223,2024-06-12 17:42:36.124700,2024-06-12 17:49:30.775491,Medium-High,Route Optimization,True,Field Ops
2092,4597,2024-11-03 13:37:57.680191,2024-11-03 13:46:31.052135,High,Emergency Maintenance,False,Engineering
2093,516,2025-06-05 16:39:58.338155,2025-06-05 16:58:01.868018,Medium-High,Power Restoration,False,Field Ops
2094,2690,2024-03-07 15:07:04.747688,2024-03-07 15:44:59.121493,High,Vendor Escalation,False,NOC
2095,3689,2024-12-17 21:54:56.008410,2024-12-17 21:57:18.926848,High,Vendor Escalation,True,NOC
2096,578,2024-03-18 08:20:45.321545,2024-03-18 08:50:05.708796,High,Vendor Escalation,False,NOC
2097,4700,2024-10-09 05:37:05.429047,2024-10-09 05:51:47.409476,Medium-High,Hardware Replacement,False,Vendor
2098,4980,2025-11-23 09:00:52.757805,2025-11-23 09:17:34.774792,Medium-High,Emergency Maintenance,True,NOC
2099,2587,2025-08-14 09:30:30.508332,2025-08-14 11:07:17.895796,High,Vendor Escalation,False,Engineering
2100,752,2024-06-30 15:30:24.005421,2024-06-30 15:40:24.097828,Medium,Hardware Replacement,True,Vendor
2101,4649,2025-05-09 03:59:27.647418,2025-05-09 04:03:12.633571,High,Hardware Replacement,False,Vendor
2102,2164,2024-08-04 12:46:56.695836,2024-08-04 13:03:20.970590,Medium-High,Fibre Repair,False,Vendor
2103,1176,2025-06-16 11:03:58.477694,2025-06-16 11:31:38.948429,Medium-High,Software Patch,True,Field Ops
2104,4170,2025-11-22 19:04:48.983759,2025-11-22 19:52:04.779040,High,Hardware Replacement,False,NOC
2105,3492,2024-01-22 05:21:26.778297,2024-01-22 05:43:45.701654,Medium-High,Route Optimization,False,Vendor
2106,2929,2025-08-16 15:44:38.617648,2025-08-16 17:17:38.151847,Medium-High,Route Optimization,False,Engineering
2107,1474,2025-05-25 16:19:18.551139,2025-05-25 16:38:57.127350,Medium,Fibre Repair,True,NOC
2108,3752,2025-09-29 17:36:30.242577,2025-09-29 17:57:31.296941,Medium-High,Emergency Maintenance,False,Field Ops
2109,4806,2025-12-15 15:58:33.003824,2025-12-15 16:07:14.292973,Medium,Route Optimization,True,Engineering
2110,3586,2025-07-30 14:23:06.821060,2025-07-30 15:01:41.757153,Medium-High,Power Restoration,False,Field Ops
2111,4301,2024-10-02 11:46:41.862577,2024-10-02 11:50:01.015144,Medium,Vendor Escalation,False,Vendor
2112,4416,2025-06-18 02:48:48.028861,2025-06-18 03:41:28.772890,High,Software Patch,False,Engineering
2113,585,2025-08-29 14:12:42.138740,2025-08-29 14:26:26.213897,High,Route Optimization,False,Field Ops
2114,2711,2025-03-13 21:35:03.404984,2025-03-13 21:59:52.295344,Medium-High,Fibre Repair,False,Field Ops
2115,4654,2024-02-08 05:39:57.090491,2024-02-08 05:43:44.544887,High,Fibre Repair,True,NOC
2116,2541,2025-12-01 20:40:26.420672,2025-12-01 20:49:37.225317,Medium-High,Power Restoration,False,Field Ops
2117,2863,2025-10-25 18:04:05.545620,2025-10-25 19:40:14.517075,High,Configuration Change,False,Field Ops
2118,2498,2025-05-07 07:46:08.579868,2025-05-07 07:48:41.291261,Medium,Emergency Maintenance,False,NOC
2119,1580,2025-07-10 04:45:16.878407,2025-07-10 05:11:21.472087,High,Power Restoration,False,NOC
2120,1993,2025-11-16 15:58:20.552376,2025-11-16 16:51:38.963495,Medium-High,Hardware Replacement,True,NOC
2121,3433,2025-06-24 08:56:28.057584,2025-06-24 10:32:19.494579,High,Software Patch,False,Field Ops
2122,4528,2025-01-22 01:36:27.340597,2025-01-22 01:44:27.096393,Medium-High,Software Patch,False,Vendor
2123,1619,2025-10-07 17:57:50.342680,2025-10-07 18:48:25.498225,High,Route Optimization,False,Vendor
2124,2413,2025-10-19 12:34:25.292444,2025-10-19 13:15:08.126179,High,Software Patch,False,Field Ops
2125,3198,2024-01-12 21:33:57.495431,2024-01-12 23:24:57.495431,Medium-High,Software Patch,True,Field Ops
2126,2188,2024-05-16 08:48:55.316743,2024-05-16 09:09:49.119389,Medium-High,Power Restoration,False,Field Ops
2127,320,2024-11-01 16:43:40.606944,2024-11-01 16:48:04.187527,Medium-High,Power Restoration,False,Vendor
2128,897,2024-04-05 16:45:48.399849,2024-04-05 16:55:42.605336,Medium-High,Emergency Maintenance,False,Vendor
2129,1852,2025-05-18 08:12:24.416500,2025-05-18 08:24:39.574070,Medium,Emergency Maintenance,False,NOC
2130,4432,2024-10-31 02:49:07.100167,2024-10-31 02:52:50.396989,Medium,Configuration Change,False,NOC
2131,4691,2024-02-05 16:54:57.176378,2024-02-05 17:02:24.234413,Medium-High,Configuration Change,False,Field Ops
2132,4021,2025-02-25 15:41:42.243115,2025-02-25 15:51:50.441754,High,Hardware Replacement,True,Engineering
2133,1458,2024-02-08 13:45:22.160091,2024-02-08 14:01:17.804609,Medium,Configuration Change,False,Vendor
2134,3926,2024-03-22 11:48:51.337417,2024-03-22 11:51:30.613030,Medium,Vendor Escalation,False,Field Ops
2135,1143,2025-02-20 00:18:49.204761,2025-02-20 00:24:43.233213,Medium-High,Software Patch,False,Field Ops
2136,952,2025-06-24 12:07:10.904842,2025-06-24 13:44:11.329587,High,Emergency Maintenance,False,Field Ops
2137,93,2024-07-15 12:57:15.406196,2024-07-15 13:22:18.188385,Medium-High,Configuration Change,False,Engineering
2138,920,2024-05-08 04:46:25.799180,2024-05-08 07:09:12.906527,High,Route Optimization,False,Vendor
2139,1182,2024-11-16 16:05:53.544377,2024-11-16 16:24:50.804624,Medium,Fibre Repair,False,NOC
2140,1687,2025-10-04 19:21:42.344542,2025-10-04 19:33:33.417055,Medium-High,Route Optimization,False,Engineering
2141,3106,2024-11-11 20:23:22.047404,2024-11-11 20:53:22.505949,High,Emergency Maintenance,False,Engineering
2142,3449,2025-01-08 10:59:44.545446,2025-01-08 13:01:17.427077,High,Power Restoration,False,Engineering
2143,3587,2025-07-21 21:52:45.851375,2025-07-21 22:10:13.619852,Medium,Power Restoration,True,Engineering
2144,3572,2025-11-25 09:13:37.699784,2025-11-25 09:15:10.222980,High,Power Restoration,True,Field Ops
2145,2791,2025-06-06 09:03:45.799021,2025-06-06 10:44:17.640449,Medium-High,Software Patch,False,Vendor
2146,4749,2025-11-13 20:45:11.983797,2025-11-13 20:50:44.272292,High,Route Optimization,False,Vendor
2147,2079,2024-06-26 04:57:29.328323,2024-06-26 06:00:18.877605,High,Hardware Replacement,False,Engineering
2148,4341,2025-12-01 04:17:48.192586,2025-12-01 04:53:13.400797,Medium,Fibre Repair,False,NOC
2149,1996,2024-03-15 17:15:13.371373,2024-03-15 17:21:50.001244,High,Software Patch,False,Engineering
2150,4035,2025-07-04 08:37:29.384713,2025-07-04 08:41:05.185941,Medium,Hardware Replacement,True,NOC
2151,1108,2025-01-02 06:15:00.927885,2025-01-02 06:18:35.766598,Medium-High,Configuration Change,False,Field Ops
2152,526,2025-08-29 08:41:34.732641,2025-08-29 09:42:04.030905,Medium-High,Emergency Maintenance,False,NOC
2153,954,2024-12-07 11:05:16.741250,2024-12-07 11:56:20.351801,Medium-High,Fibre Repair,False,NOC
2154,1807,2024-03-08 16:57:53.391816,2024-03-08 16:59:52.243885,High,Route Optimization,False,Vendor
2155,4780,2025-04-13 19:01:54.086403,2025-04-13 19:22:06.223205,Medium-High,Configuration Change,True,Engineering
2156,2663,2024-05-21 17:08:38.103650,2024-05-21 17:24:04.624627,High,Route Optimization,False,Vendor
2157,783,2024-02-25 13:36:22.786721,2024-02-25 14:19:11.367799,Medium,Software Patch,False,Field Ops
2158,102,2024-01-14 11:05:10.313248,2024-01-14 11:13:45.720900,Medium,Emergency Maintenance,False,NOC
2159,2318,2024-01-18 04:20:28.495502,2024-01-18 04:21:33.301432,Medium-High,Configuration Change,False,Field Ops
2160,4723,2026-01-01 20:16:57.992391,2026-01-01 20:18:28.345561,Medium-High,Emergency Maintenance,True,NOC
2161,1915,2025-08-08 15:28:11.696716,2025-08-08 15:31:11.669004,High,Route Optimization,False,Vendor
2162,4457,2024-10-29 15:25:34.777866,2024-10-29 15:27:36.647521,Medium,Hardware Replacement,True,NOC
2163,85,2024-04-29 15:44:39.481129,2024-04-29 15:52:02.471632,High,Route Optimization,False,Vendor
2164,3040,2025-11-04 16:18:32.008118,2025-11-04 16:46:22.182364,High,Emergency Maintenance,False,Vendor
2165,918,2025-08-21 10:18:22.961192,2025-08-21 10:21:01.816151,High,Route Optimization,False,Vendor
2166,4261,2024-03-14 00:11:45.176039,2024-03-14 00:22:46.542075,Medium-High,Emergency Maintenance,False,Field Ops
2167,3251,2024-10-21 14:34:39.154380,2024-10-21 14:40:39.768145,Medium,Software Patch,False,Vendor
2168,3244,2024-03-10 03:21:03.059699,2024-03-10 03:44:23.506601,High,Power Restoration,True,Vendor
2169,2977,2025-04-10 09:23:03.380625,2025-04-10 11:30:03.380625,Medium-High,Route Optimization,False,Engineering
2170,363,2024-11-08 10:17:08.166620,2024-11-08 10:58:08.276330,Medium,Configuration Change,False,Vendor
2171,2247,2025-10-01 13:35:32.206967,2025-10-01 13:37:06.701809,Low,Vendor Escalation,False,Engineering
2172,126,2025-02-03 16:13:57.576884,2025-02-03 18:52:58.669506,High,Configuration Change,False,NOC
2173,4271,2024-09-16 12:03:16.465438,2024-09-16 13:36:35.099550,Medium-High,Power Restoration,False,Vendor
2174,1458,2024-02-08 13:53:49.954546,2024-02-08 14:03:00.848235,Medium,Vendor Escalation,True,Engineering
2175,854,2025-03-20 00:49:59.945703,2025-03-20 00:52:05.779898,Medium-High,Power Restoration,False,Vendor
2176,3727,2024-05-27 04:02:39.174207,2024-05-27 04:17:50.984378,High,Emergency Maintenance,True,Engineering
2177,1245,2025-12-14 11:39:28.159957,2025-12-14 12:25:12.617814,High,Power Restoration,False,NOC
2178,954,2024-12-07 10:53:25.589336,2024-12-07 12:42:35.482354,Medium-High,Software Patch,False,Engineering
2179,438,2024-11-12 02:29:42.775731,2024-11-12 02:48:04.814515,Medium-High,Vendor Escalation,False,Vendor
2180,4955,2024-06-22 16:13:35.093141,2024-06-22 16:37:55.235021,High,Route Optimization,False,NOC
2181,1618,2024-04-25 21:45:14.379473,2024-04-25 21:54:44.917898,Medium-High,Emergency Maintenance,False,Engineering
2182,832,2024-07-13 19:39:56.558490,2024-07-13 19:48:26.153009,Medium-High,Power Restoration,True,NOC
2183,3301,2025-06-17 04:16:02.847126,2025-06-17 04:22:27.389951,Medium-High,Route Optimization,True,Field Ops
2184,1253,2025-04-25 18:23:26.370206,2025-04-25 20:23:38.231700,High,Vendor Escalation,False,Vendor
2185,4141,2025-07-27 16:59:18.965892,2025-07-27 17:10:56.298144,Medium,Hardware Replacement,True,NOC
2186,3989,2025-10-25 11:42:20.137895,2025-10-25 11:46:50.274786,Medium-High,Power Restoration,False,Vendor
2187,961,2025-06-29 19:19:27.887246,2025-06-29 20:04:02.622054,High,Software Patch,False,NOC
2188,2053,2025-01-09 08:00:11.666964,2025-01-09 08:02:52.470227,Medium,Configuration Change,False,Field Ops
2189,65,2024-03-20 15:38:11.226911,2024-03-20 15:54:07.555707,High,Power Restoration,False,Engineering
2190,3727,2024-05-27 04:07:33.377361,2024-05-27 04:20:37.391689,High,Fibre Repair,False,NOC
2191,3837,2024-08-07 10:23:17.838582,2024-08-07 11:21:46.022096,High,Hardware Replacement,False,Vendor
2192,4841,2025-11-07 09:23:11.936743,2025-11-07 09:53:27.667677,Medium-High,Vendor Escalation,True,NOC
2193,1359,2024-12-24 10:42:50.897603,2024-12-24 11:35:53.902317,High,Vendor Escalation,False,NOC
2194,2970,2024-09-19 12:58:51.020846,2024-09-19 13:29:23.997499,High,Power Restoration,False,Field Ops
2195,624,2025-08-14 13:23:50.795216,2025-08-14 14:42:53.723917,Medium-High,Vendor Escalation,False,Engineering
2196,171,2024-12-02 09:58:47.494931,2024-12-02 09:59:12.320154,Low,Fibre Repair,True,NOC
2197,4963,2024-07-12 04:59:52.157911,2024-07-12 05:21:37.635533,Medium-High,Hardware Replacement,False,Engineering
2198,654,2025-10-17 18:18:15.591629,2025-10-17 18:26:23.735614,Medium-High,Configuration Change,True,Engineering
2199,666,2024-06-24 09:36:22.357325,2024-06-24 10:26:53.657855,High,Emergency Maintenance,True,Engineering
2200,4932,2025-04-10 11:05:53.721891,2025-04-10 11:06:12.962899,Medium-High,Hardware Replacement,False,Vendor
2201,4403,2024-02-15 11:41:39.763046,2024-02-15 11:44:15.726372,Medium,Route Optimization,False,Engineering
2202,3643,2025-07-07 21:12:50.694164,2025-07-07 21:20:30.045161,Medium-High,Fibre Repair,False,Vendor
2203,2335,2025-09-01 11:43:56.172872,2025-09-01 12:54:13.704810,Medium-High,Power Restoration,False,Vendor
2204,2613,2024-03-05 15:51:54.763517,2024-03-05 16:00:10.435792,High,Fibre Repair,False,Engineering
2205,2366,2024-04-14 20:04:31.804865,2024-04-14 20:10:12.137708,Medium,Vendor Escalation,False,NOC
2206,1036,2024-01-29 16:45:04.004168,2024-01-29 17:31:18.324466,High,Configuration Change,False,NOC
2207,4679,2025-11-16 09:43:09.046731,2025-11-16 09:57:04.648445,Medium-High,Emergency Maintenance,False,NOC
2208,1280,2025-09-11 14:04:05.005976,2025-09-11 14:43:31.696254,High,Fibre Repair,False,Field Ops
2209,1912,2024-04-30 17:45:48.440582,2024-04-30 18:02:42.901082,Medium,Fibre Repair,False,NOC
2210,2400,2025-04-16 14:12:24.592702,2025-04-16 14:16:29.447208,Medium-High,Power Restoration,False,NOC
2211,2263,2025-06-16 13:22:17.061365,2025-06-16 13:32:19.881123,Medium-High,Power Restoration,True,Vendor
2212,4187,2024-04-06 15:44:02.084483,2024-04-06 15:46:25.055556,Medium-High,Emergency Maintenance,False,Field Ops
2213,4910,2025-03-25 07:14:28.723731,2025-03-25 08:01:49.382523,Medium-High,Software Patch,False,NOC
2214,763,2025-07-28 16:18:59.134541,2025-07-28 16:28:30.912404,Medium-High,Power Restoration,False,Field Ops
2215,4609,2024-08-30 06:32:50.797418,2024-08-30 07:34:47.753725,High,Configuration Change,False,Engineering
2216,4861,2025-05-08 15:08:30.162816,2025-05-08 15:10:13.082000,Medium-High,Software Patch,False,Vendor
2217,1368,2025-06-09 17:35:44.796464,2025-06-09 18:21:39.830873,High,Fibre Repair,True,Vendor
2218,3637,2024-04-14 13:13:59.766062,2024-04-14 13:19:33.347671,Medium-High,Fibre Repair,False,Field Ops
2219,3987,2024-02-15 08:34:11.346792,2024-02-15 09:50:37.591120,High,Configuration Change,False,Field Ops
2220,1011,2024-08-08 16:27:17.095452,2024-08-08 17:00:14.509199,High,Hardware Replacement,False,Engineering
2221,45,2025-11-28 15:39:59.316155,2025-11-28 16:06:29.716633,Medium-High,Configuration Change,True,NOC
2222,2990,2024-03-29 15:18:11.949646,2024-03-29 16:05:26.037064,Medium-High,Software Patch,False,NOC
2223,2013,2024-07-06 06:16:41.710769,2024-07-06 06:41:51.574910,High,Configuration Change,True,Field Ops
2224,2465,2025-08-03 16:49:52.576253,2025-08-03 17:14:24.307073,High,Configuration Change,False,Field Ops
2225,4184,2024-02-22 08:12:51.465386,2024-02-22 08:52:24.016156,High,Software Patch,False,Engineering
2226,1061,2024-06-09 21:19:28.300662,2024-06-09 22:14:00.920963,High,Configuration Change,False,Field Ops
2227,2951,2025-10-19 17:10:37.714364,2025-10-19 17:34:03.244346,Medium-High,Configuration Change,True,Vendor
2228,520,2025-07-30 14:30:40.796192,2025-07-30 15:07:25.691986,High,Vendor Escalation,False,NOC
2229,1446,2025-11-10 15:30:24.571412,2025-11-10 15:38:54.908022,Medium,Hardware Replacement,True,Field Ops
2230,776,2024-02-21 16:24:28.470700,2024-02-21 16:29:32.500062,Medium,Vendor Escalation,False,Engineering
2231,3299,2024-05-20 15:43:01.103431,2024-05-20 15:53:05.786895,Medium-High,Emergency Maintenance,False,Field Ops
2232,4259,2024-03-10 12:20:25.293889,2024-03-10 13:09:32.334192,Medium-High,Software Patch,False,Vendor
2233,2608,2025-02-25 12:50:14.120223,2025-02-25 13:28:52.328768,High,Route Optimization,False,Engineering
2234,1648,2025-06-19 09:10:23.789001,2025-06-19 09:49:27.735775,Medium-High,Power Restoration,False,Vendor
2235,740,2025-11-05 15:13:17.457394,2025-11-05 15:26:50.844046,Medium-High,Configuration Change,True,Field Ops
2236,2848,2025-09-02 01:33:31.346331,2025-09-02 01:41:48.210861,Medium,Fibre Repair,False,NOC
2237,96,2024-12-15 20:26:07.511513,2024-12-15 20:26:54.937030,Medium,Software Patch,False,Engineering
2238,4854,2025-10-29 16:12:35.694686,2025-10-29 16:34:35.820525,Medium-High,Fibre Repair,False,Field Ops
2239,3518,2024-10-03 15:26:06.077574,2024-10-03 15:39:47.222224,Medium,Configuration Change,False,Vendor
2240,1497,2024-02-01 17:10:40.377641,2024-02-01 17:18:20.199535,Medium-High,Fibre Repair,False,NOC
2241,946,2025-06-21 14:43:01.578015,2025-06-21 14:56:10.689685,Medium-High,Vendor Escalation,False,Field Ops
2242,319,2024-09-27 21:02:41.578916,2024-09-27 22:05:04.897319,High,Emergency Maintenance,False,Vendor
2243,3401,2025-08-11 13:12:27.903525,2025-08-11 13:36:48.853138,Medium-High,Power Restoration,True,NOC
2244,1400,2025-11-27 14:20:26.534562,2025-11-27 14:25:22.539247,High,Vendor Escalation,False,Field Ops
2245,1599,2025-05-01 14:43:04.477850,2025-05-01 14:44:26.870652,Medium-High,Vendor Escalation,False,Vendor
2246,3551,2025-12-22 06:26:28.480720,2025-12-22 07:06:14.919317,Medium,Power Restoration,False,Engineering
2247,710,2024-07-16 09:37:56.212680,2024-07-16 09:49:15.616946,Medium-High,Emergency Maintenance,False,NOC
2248,4423,2025-11-11 14:51:15.110095,2025-11-11 15:09:30.630810,High,Emergency Maintenance,True,Vendor
2249,477,2024-11-21 10:34:32.137963,2024-11-21 10:57:45.059299,High,Software Patch,False,NOC
2250,861,2025-06-27 11:15:21.747407,2025-06-27 12:02:06.318804,High,Emergency Maintenance,True,Field Ops
2251,4122,2025-05-23 12:16:21.316495,2025-05-23 12:20:59.316266,High,Hardware Replacement,True,Engineering
2252,483,2025-04-23 03:41:56.165937,2025-04-23 03:56:15.479040,Medium-High,Vendor Escalation,False,Engineering
2253,2194,2025-09-04 12:18:39.509028,2025-09-04 12:37:18.023392,High,Configuration Change,False,Field Ops
2254,514,2024-09-15 14:00:35.279149,2024-09-15 14:07:20.039212,Medium-High,Vendor Escalation,False,NOC
2255,2857,2024-12-31 08:36:11.922471,2024-12-31 08:59:46.054358,Medium,Fibre Repair,False,Field Ops
2256,2326,2025-12-23 13:20:57.057796,2025-12-23 13:38:19.556122,Medium-High,Emergency Maintenance,True,Field Ops
2257,4806,2025-12-15 16:01:34.740938,2025-12-15 16:09:31.717662,Medium,Configuration Change,True,Vendor
2258,1260,2024-01-23 21:11:07.266146,2024-01-23 21:32:08.376323,Medium,Hardware Replacement,False,Engineering
2259,2623,2024-03-18 10:37:30.655435,2024-03-18 10:57:10.881981,Medium,Vendor Escalation,True,Vendor
2260,526,2025-08-29 08:49:31.258314,2025-08-29 10:18:31.258314,Medium-High,Emergency Maintenance,False,NOC
2261,4891,2024-01-02 23:49:32.929103,2024-01-03 01:35:58.763441,High,Emergency Maintenance,False,Vendor
2262,4280,2024-02-08 03:44:04.826016,2024-02-08 03:45:08.946334,Medium-High,Software Patch,True,NOC
2263,3794,2024-01-22 09:54:44.401979,2024-01-22 10:09:47.045984,High,Route Optimization,False,Vendor
2264,1505,2025-11-23 05:12:40.036424,2025-11-23 06:03:57.637747,Medium-High,Emergency Maintenance,True,Vendor
2265,4174,2024-06-28 19:26:49.812496,2024-06-28 19:42:11.876844,Medium-High,Configuration Change,False,NOC
2266,4509,2025-10-26 16:37:56.825777,2025-10-26 17:12:22.196944,High,Power Restoration,False,Vendor
2267,1812,2025-09-11 09:59:59.610222,2025-09-11 10:07:01.896074,Medium,Hardware Replacement,False,NOC
2268,4485,2025-05-05 09:31:53.259027,2025-05-05 09:44:28.602197,Medium-High,Software Patch,False,Field Ops
2269,3476,2024-05-13 08:20:25.353895,2024-05-13 08:51:15.308441,Medium-High,Vendor Escalation,False,Engineering
2270,1100,2025-07-21 23:36:39.413324,2025-07-22 00:04:01.602583,Medium-High,Software Patch,False,NOC
2271,24,2025-07-25 08:17:40.369407,2025-07-25 08:26:57.884697,Medium-High,Route Optimization,True,Field Ops
2272,2411,2024-11-26 15:28:13.036305,2024-11-26 15:34:43.573069,High,Software Patch,True,Engineering
2273,1203,2024-04-28 15:52:39.139537,2024-04-28 16:10:42.279168,Medium-High,Configuration Change,False,Field Ops
2274,644,2024-12-25 18:23:32.044816,2024-12-25 18:29:13.258369,Medium-High,Power Restoration,True,Vendor
2275,108,2025-12-03 08:12:30.859625,2025-12-03 09:21:50.972573,High,Route Optimization,False,Vendor
2276,1498,2025-04-29 05:42:17.212770,2025-04-29 05:48:17.394699,Medium,Emergency Maintenance,True,Engineering
2277,1215,2025-05-28 11:35:27.748336,2025-05-28 11:40:21.461003,Medium-High,Software Patch,False,Engineering
2278,1648,2025-06-19 08:56:23.187208,2025-06-19 09:43:56.683952,Medium-High,Hardware Replacement,False,Vendor
2279,220,2024-02-22 13:55:13.755554,2024-02-22 14:08:39.258289,High,Emergency Maintenance,True,Engineering
2280,1359,2024-12-24 10:43:44.230845,2024-12-24 11:18:40.530371,High,Power Restoration,False,Field Ops
2281,1663,2024-05-02 12:54:39.564968,2024-05-02 13:05:42.594763,Medium-High,Hardware Replacement,True,Engineering
2282,4948,2024-06-07 19:59:07.763404,2024-06-07 21:09:52.114132,Medium-High,Vendor Escalation,False,NOC
2283,3558,2024-01-05 06:56:37.526139,2024-01-05 06:59:33.833114,Medium-High,Configuration Change,False,Engineering
2284,1544,2024-11-26 20:57:52.768017,2024-11-26 21:41:50.721306,High,Emergency Maintenance,False,NOC
2285,754,2025-05-23 13:04:06.493516,2025-05-23 13:55:49.557072,Medium-High,Vendor Escalation,False,Vendor
2286,40,2025-07-06 14:38:11.043706,2025-07-06 14:41:35.122422,Medium,Hardware Replacement,False,NOC
2287,2663,2024-05-21 17:27:03.021957,2024-05-21 17:42:32.769289,High,Power Restoration,False,Engineering
2288,198,2024-12-16 17:50:39.084664,2024-12-16 18:13:33.951221,High,Route Optimization,False,Engineering
2289,4033,2025-11-16 08:49:30.744359,2025-11-16 08:52:36.594998,Medium-High,Software Patch,False,NOC
2290,4856,2024-09-07 13:20:07.855801,2024-09-07 13:28:00.428930,Medium-High,Power Restoration,False,Field Ops
2291,519,2025-04-22 11:26:38.379102,2025-04-22 11:30:54.733958,Low,Power Restoration,False,Vendor
2292,4979,2025-09-20 17:12:55.545967,2025-09-20 17:13:44.920379,Medium-High,Vendor Escalation,False,NOC
2293,1797,2024-04-27 15:52:26.712473,2024-04-27 16:15:19.816282,Medium-High,Power Restoration,False,Vendor
2294,737,2025-08-30 21:32:51.207506,2025-08-30 21:36:50.660941,Medium,Route Optimization,False,Field Ops
2295,2517,2024-01-01 05:46:57.491666,2024-01-01 06:00:01.141184,High,Power Restoration,False,Vendor
2296,985,2024-10-01 09:44:44.841850,2024-10-01 09:47:00.289524,Medium-High,Vendor Escalation,False,Vendor
2297,3896,2024-08-30 10:38:00.314668,2024-08-30 10:41:37.353654,Medium-High,Vendor Escalation,False,Field Ops
2298,4462,2024-09-03 18:58:15.863258,2024-09-03 19:00:26.010592,Medium,Software Patch,False,Engineering
2299,2651,2025-09-03 12:27:26.764823,2025-09-03 12:32:06.766084,Medium,Configuration Change,True,NOC
2300,196,2025-05-23 18:16:32.876442,2025-05-23 18:38:23.029854,High,Vendor Escalation,False,Vendor
2301,3749,2024-09-16 14:23:59.337549,2024-09-16 14:30:41.854799,Medium-High,Vendor Escalation,False,Vendor
2302,1762,2024-03-12 21:42:50.018634,2024-03-12 22:05:42.676997,High,Emergency Maintenance,False,NOC
2303,2651,2025-09-03 12:03:09.031967,2025-09-03 12:14:50.924316,Medium,Configuration Change,False,Engineering
2304,4695,2024-02-18 10:38:33.227863,2024-02-18 10:54:10.378481,Medium,Software Patch,False,Vendor
2305,859,2024-11-17 19:29:35.813095,2024-11-17 21:32:37.357836,Medium-High,Power Restoration,False,Vendor
2306,4407,2025-11-20 12:14:07.422322,2025-11-20 12:21:48.761311,Medium,Power Restoration,False,Engineering
2307,1832,2025-07-24 20:28:25.459924,2025-07-24 20:37:30.052190,Medium-High,Emergency Maintenance,True,Vendor
2308,3900,2024-05-09 15:39:00.332125,2024-05-09 15:54:16.936809,Medium-High,Vendor Escalation,False,Engineering
2309,927,2024-06-04 12:23:34.190199,2024-06-04 13:17:20.445739,High,Power Restoration,False,Vendor
2310,3027,2024-02-28 09:33:51.749904,2024-02-28 09:42:46.362938,High,Emergency Maintenance,False,Vendor
2311,1292,2024-10-22 17:58:03.629577,2024-10-22 18:07:29.255508,High,Vendor Escalation,False,Vendor
2312,203,2025-08-19 19:17:45.952961,2025-08-19 19:44:10.367482,Medium-High,Software Patch,False,Field Ops
2313,4932,2025-04-10 11:26:53.480072,2025-04-10 11:30:16.113364,Medium-High,Vendor Escalation,False,Vendor
2314,4731,2024-11-15 20:07:37.022521,2024-11-15 20:39:01.843527,Medium-High,Route Optimization,False,NOC
2315,710,2024-07-16 09:38:42.826620,2024-07-16 10:04:54.173414,Medium-High,Configuration Change,True,Engineering
2316,2119,2025-02-15 16:31:04.669179,2025-02-15 17:02:57.963531,Medium-High,Power Restoration,False,Vendor
2317,4135,2024-02-11 15:10:23.757943,2024-02-11 15:16:44.660494,Medium-High,Software Patch,False,Engineering
2318,4948,2024-06-07 19:49:30.044544,2024-06-07 20:14:12.172926,Medium-High,Route Optimization,False,Vendor
2319,3930,2024-06-12 16:30:58.282147,2024-06-12 16:34:08.327417,Medium,Route Optimization,False,Field Ops
2320,4231,2024-02-01 01:28:54.414993,2024-02-01 01:51:59.327960,Medium-High,Fibre Repair,False,NOC
2321,3923,2024-09-26 13:22:56.249474,2024-09-26 13:36:34.888195,Medium,Emergency Maintenance,False,NOC
2322,4458,2024-07-05 04:47:28.587352,2024-07-05 04:48:25.736305,Medium,Hardware Replacement,False,NOC
2323,4419,2025-09-26 23:01:31.307303,2025-09-26 23:02:29.479434,Medium,Vendor Escalation,False,Vendor
2324,933,2024-05-13 02:06:50.465260,2024-05-13 03:01:17.623638,Medium-High,Software Patch,False,Engineering
2325,3820,2024-05-13 00:50:22.179619,2024-05-13 01:00:22.256116,High,Power Restoration,False,Engineering
2326,3098,2024-04-04 00:47:45.809618,2024-04-04 00:50:07.677560,Medium-High,Emergency Maintenance,False,Vendor
2327,2411,2024-11-26 15:35:42.146154,2024-11-26 15:41:12.210701,High,Fibre Repair,False,Engineering
2328,4929,2025-09-16 05:24:15.864031,2025-09-16 05:42:11.288798,Medium-High,Software Patch,True,Vendor
2329,739,2025-10-16 16:16:47.168810,2025-10-16 16:22:02.900895,Medium,Software Patch,False,Field Ops
2330,4402,2025-08-21 23:31:38.952404,2025-08-21 23:38:50.820535,Medium-High,Software Patch,True,Vendor
2331,2051,2025-09-03 18:08:54.879906,2025-09-03 19:11:23.477406,Medium-High,Hardware Replacement,True,Engineering
2332,572,2024-06-13 17:07:22.618786,2024-06-13 17:11:19.757607,Medium,Software Patch,False,Engineering
2333,4177,2025-06-26 23:21:05.019769,2025-06-26 23:25:16.914433,Medium-High,Emergency Maintenance,False,NOC
2334,1535,2025-07-11 06:18:13.779788,2025-07-11 06:22:38.215391,Medium,Software Patch,False,Engineering
2335,2742,2024-11-28 02:43:08.520162,2024-11-28 03:07:30.636610,Medium-High,Vendor Escalation,False,Vendor
2336,2394,2024-05-23 11:40:53.926550,2024-05-23 12:02:46.700997,Medium-High,Power Restoration,False,Field Ops
2337,2697,2025-10-14 18:51:06.528007,2025-10-14 18:52:21.029841,High,Software Patch,False,Vendor
2338,1744,2025-03-26 13:07:13.362826,2025-03-26 13:15:39.255282,Medium,Power Restoration,False,Vendor
2339,2925,2025-07-03 11:21:02.814582,2025-07-03 11:28:35.905887,High,Power Restoration,False,Field Ops
2340,639,2025-06-13 12:48:44.010601,2025-06-13 12:58:03.943705,Medium,Emergency Maintenance,True,Field Ops
2341,4373,2025-03-05 23:32:16.219190,2025-03-05 23:50:46.468115,Medium,Power Restoration,False,Field Ops
2342,2167,2024-03-10 20:21:11.215682,2024-03-10 20:28:13.971163,High,Route Optimization,True,Vendor
2343,1233,2024-05-11 16:40:20.801415,2024-05-11 16:40:39.756125,Medium,Emergency Maintenance,False,Vendor
2344,3889,2025-02-26 16:13:02.214013,2025-02-26 17:33:04.415890,Medium-High,Hardware Replacement,False,Field Ops
2345,83,2025-04-20 00:23:07.699986,2025-04-20 01:02:25.146005,Medium-High,Power Restoration,False,Field Ops
2346,4916,2025-02-25 10:02:20.379239,2025-02-25 10:48:01.099335,Medium-High,Vendor Escalation,False,NOC
2347,1328,2024-08-29 14:30:00.222605,2024-08-29 15:14:53.938672,Medium-High,Software Patch,False,Engineering
2348,4791,2024-01-08 22:54:21.978274,2024-01-08 23:00:20.505357,High,Software Patch,False,NOC
2349,457,2024-12-17 17:27:55.874043,2024-12-17 19:14:55.874043,Medium-High,Emergency Maintenance,False,Vendor
2350,3401,2025-08-11 13:01:45.956096,2025-08-11 13:20:04.494673,Medium-High,Emergency Maintenance,False,Engineering
2351,4840,2025-08-26 05:47:07.173315,2025-08-26 06:46:13.806735,High,Software Patch,True,Vendor
2352,2821,2024-07-18 20:10:07.745632,2024-07-18 21:33:23.377961,High,Vendor Escalation,False,Engineering
2353,2551,2024-12-23 11:32:13.012560,2024-12-23 12:03:59.634967,Medium,Fibre Repair,False,Vendor
2354,1842,2025-12-08 14:07:00.244575,2025-12-08 14:07:10.163287,Medium,Vendor Escalation,False,NOC
2355,1996,2024-03-15 17:13:01.835836,2024-03-15 18:02:49.520731,High,Route Optimization,False,NOC
2356,4057,2024-12-19 08:45:25.897070,2024-12-19 08:58:54.751695,Medium-High,Vendor Escalation,False,Field Ops
2357,2114,2024-02-16 17:22:37.784095,2024-02-16 17:30:37.924643,Medium,Route Optimization,False,Engineering
2358,1820,2024-04-27 11:06:31.110999,2024-04-27 11:35:00.721432,Medium-High,Power Restoration,False,Engineering
2359,2992,2024-04-20 10:46:09.895976,2024-04-20 11:39:23.069629,High,Software Patch,False,NOC
2360,991,2024-09-25 17:11:16.032946,2024-09-25 17:13:47.512433,Medium-High,Emergency Maintenance,False,NOC
2361,1425,2025-02-04 14:51:59.071022,2025-02-04 15:56:01.768298,Medium-High,Software Patch,False,Engineering
2362,210,2025-04-11 21:28:08.820078,2025-04-11 21:37:33.116307,Medium-High,Power Restoration,True,Field Ops
2363,1943,2024-05-16 10:36:20.544015,2024-05-16 11:08:42.182649,High,Fibre Repair,False,Vendor
2364,4679,2025-11-16 09:46:41.463300,2025-11-16 09:56:58.680049,Medium-High,Emergency Maintenance,False,Field Ops
2365,2219,2025-02-23 10:12:20.000178,2025-02-23 10:14:26.366096,Medium-High,Hardware Replacement,False,Field Ops
2366,2374,2024-03-26 01:58:44.474743,2024-03-26 02:28:05.882702,High,Vendor Escalation,True,Vendor
2367,691,2024-08-17 21:44:05.980299,2024-08-17 21:46:03.303566,Medium,Route Optimization,False,Vendor
2368,4088,2024-08-20 00:12:46.472562,2024-08-20 00:19:32.254996,Medium,Emergency Maintenance,False,Engineering
2369,3716,2024-08-06 20:46:30.326359,2024-08-06 21:02:25.695752,Medium-High,Power Restoration,True,NOC
2370,1847,2025-06-12 23:27:56.206478,2025-06-13 02:05:56.206478,High,Route Optimization,False,Engineering
2371,2597,2025-10-09 17:53:10.284973,2025-10-09 18:10:37.461273,Medium-High,Vendor Escalation,False,Vendor
2372,2192,2024-06-10 03:18:10.528433,2024-06-10 05:30:10.528433,High,Vendor Escalation,True,Field Ops
2373,3896,2024-08-30 10:53:28.367534,2024-08-30 11:06:42.627044,Medium-High,Configuration Change,False,Engineering
2374,1015,2024-02-10 12:36:17.723567,2024-02-10 12:40:33.734575,Medium,Software Patch,False,Engineering
2375,1521,2025-12-18 16:30:36.270918,2025-12-18 16:44:05.414596,Medium-High,Route Optimization,False,Engineering
2376,4461,2024-09-17 01:40:41.956143,2024-09-17 01:45:06.059402,Medium,Fibre Repair,False,Vendor
2377,3871,2025-02-18 03:36:10.009656,2025-02-18 05:01:48.950479,High,Power Restoration,False,NOC
2378,2079,2024-06-26 05:03:56.056805,2024-06-26 05:07:25.499428,High,Software Patch,True,Field Ops
2379,2760,2025-11-14 11:13:05.824473,2025-11-14 12:00:31.581261,High,Emergency Maintenance,False,Field Ops
2380,1748,2024-08-20 04:31:48.091635,2024-08-20 04:56:04.157881,Medium-High,Power Restoration,False,Vendor
2381,3370,2025-11-23 12:10:59.696435,2025-11-23 12:25:16.064576,Medium-High,Configuration Change,False,NOC
2382,2013,2024-07-06 06:17:01.048978,2024-07-06 06:29:59.752304,High,Route Optimization,False,Engineering
2383,2538,2025-04-19 13:23:41.019235,2025-04-19 13:36:14.030259,Medium-High,Configuration Change,True,Engineering
2384,1108,2025-01-02 06:06:38.933864,2025-01-02 06:37:30.962148,Medium-High,Configuration Change,True,Vendor
2385,4930,2025-11-09 01:22:25.284252,2025-11-09 01:28:00.355285,Medium-High,Hardware Replacement,True,Field Ops
2386,1363,2025-06-22 11:30:55.496595,2025-06-22 11:47:46.074379,High,Vendor Escalation,False,Vendor
2387,4425,2025-10-14 11:35:35.619706,2025-10-14 11:50:49.857828,High,Power Restoration,False,Engineering
2388,201,2025-01-12 10:26:37.894707,2025-01-12 10:54:57.053222,Medium,Route Optimization,False,NOC
2389,2394,2024-05-23 11:58:04.851583,2024-05-23 12:45:39.705596,Medium-High,Power Restoration,True,Engineering
2390,3610,2024-02-22 15:33:58.227517,2024-02-22 15:35:27.040181,High,Fibre Repair,False,Engineering
2391,2512,2025-07-22 08:10:30.653043,2025-07-22 08:21:34.319594,Medium,Software Patch,False,Vendor
2392,705,2024-06-11 11:02:24.507232,2024-06-11 11:10:10.456461,Medium-High,Hardware Replacement,False,Field Ops
2393,768,2025-12-14 15:28:23.959732,2025-12-14 15:34:17.777464,Medium-High,Software Patch,True,NOC
2394,710,2024-07-16 10:05:16.017198,2024-07-16 10:16:39.401745,Medium-High,Route Optimization,False,Vendor
2395,139,2024-07-23 10:11:12.085643,2024-07-23 10:24:49.534472,Medium-High,Power Restoration,True,NOC
2396,3382,2025-01-29 16:15:43.802344,2025-01-29 16:35:20.745986,Medium,Fibre Repair,True,Field Ops
2397,521,2025-06-29 03:21:08.591522,2025-06-29 03:48:39.650301,Medium-High,Configuration Change,False,Field Ops
2398,2319,2025-10-05 12:26:06.640859,2025-10-05 12:32:33.069644,Medium,Route Optimization,False,Vendor
2399,2829,2025-02-03 14:31:30.286588,2025-02-03 14:46:07.554864,Medium-High,Software Patch,True,Engineering
2400,4366,2024-10-12 18:38:10.353116,2024-10-12 18:40:44.859310,High,Fibre Repair,False,NOC
2401,745,2024-10-06 07:29:19.006407,2024-10-06 07:42:18.962196,High,Fibre Repair,False,Field Ops
2402,3387,2025-08-18 04:05:33.800498,2025-08-18 04:24:40.611921,Medium,Power Restoration,False,Field Ops
2403,175,2025-10-29 04:22:05.338254,2025-10-29 04:24:44.990292,Medium-High,Configuration Change,False,Engineering
2404,4319,2025-07-09 10:43:27.478425,2025-07-09 11:23:01.255236,Medium-High,Vendor Escalation,False,Field Ops
2405,144,2024-12-22 09:25:10.709335,2024-12-22 09:32:23.572482,High,Fibre Repair,False,Engineering
2406,3583,2025-05-11 14:08:07.034414,2025-05-11 14:15:27.829732,Medium-High,Power Restoration,False,Vendor
2407,3836,2024-05-21 11:32:29.915381,2024-05-21 11:50:14.058902,Medium-High,Software Patch,False,Engineering
2408,2562,2025-06-20 17:38:25.701812,2025-06-20 17:56:58.124374,High,Power Restoration,False,NOC
2409,1684,2024-10-16 19:36:59.520482,2024-10-16 19:37:39.399045,Medium,Power Restoration,False,Engineering
2410,232,2024-07-17 01:59:39.877727,2024-07-17 02:12:44.644134,Medium-High,Hardware Replacement,False,Engineering
2411,559,2024-10-23 09:15:34.075895,2024-10-23 09:27:01.177415,Medium,Route Optimization,False,NOC
2412,2647,2025-10-30 08:25:40.471399,2025-10-30 08:34:31.128182,Medium,Configuration Change,True,Engineering
2413,2608,2025-02-25 12:43:55.374011,2025-02-25 12:52:30.904421,High,Emergency Maintenance,False,Engineering
2414,4906,2024-06-06 19:30:12.768923,2024-06-06 20:31:51.331804,High,Power Restoration,False,NOC
2415,1919,2024-08-22 11:21:48.611192,2024-08-22 13:05:48.611192,Medium-High,Emergency Maintenance,False,NOC
2416,2468,2025-05-08 22:08:02.711433,2025-05-08 22:21:29.115312,Medium,Configuration Change,False,NOC
2417,462,2024-05-26 04:45:54.584840,2024-05-26 06:46:16.941800,High,Route Optimization,False,Vendor
2418,4339,2024-11-01 01:33:35.625087,2024-11-01 01:43:35.371898,High,Power Restoration,False,Vendor
2419,4722,2025-02-05 17:17:05.955507,2025-02-05 18:29:46.319485,High,Route Optimization,True,Engineering
2420,4608,2025-04-07 17:42:22.872450,2025-04-07 17:57:03.480997,Medium-High,Software Patch,False,NOC
2421,2915,2024-04-13 11:02:32.455692,2024-04-13 11:58:34.871182,High,Fibre Repair,True,NOC
2422,1309,2025-06-11 04:27:29.348535,2025-06-11 04:33:23.173807,Medium,Software Patch,False,Field Ops
2423,3954,2025-04-21 08:55:32.638604,2025-04-21 09:18:33.897051,High,Emergency Maintenance,False,NOC
2424,4189,2024-03-23 01:24:12.741821,2024-03-23 02:46:12.741821,Medium-High,Vendor Escalation,True,Engineering
2425,1175,2025-07-05 01:18:34.973604,2025-07-05 01:27:34.956160,High,Emergency Maintenance,False,Engineering
2426,3790,2025-02-10 06:14:26.171544,2025-02-10 07:03:25.730107,High,Software Patch,False,Field Ops
2427,4261,2024-03-14 00:23:06.693453,2024-03-14 00:31:42.220486,Medium-High,Vendor Escalation,False,Vendor
2428,3608,2025-10-02 06:23:17.137514,2025-10-02 06:24:09.428047,Medium-High,Fibre Repair,False,NOC
2429,3485,2025-06-03 08:59:59.568764,2025-06-03 09:34:08.962404,High,Emergency Maintenance,False,Engineering
2430,4950,2024-11-02 09:36:42.010639,2024-11-02 09:45:34.101335,Medium,Hardware Replacement,False,Vendor
2431,390,2025-04-26 17:58:31.201792,2025-04-26 18:01:53.102360,Medium-High,Hardware Replacement,True,Vendor
2432,104,2025-04-16 00:38:46.276329,2025-04-16 01:01:34.456007,Medium,Emergency Maintenance,False,NOC
2433,3749,2024-09-16 14:22:02.155920,2024-09-16 14:26:50.638422,Medium-High,Hardware Replacement,False,Vendor
2434,4892,2025-07-24 16:08:32.841181,2025-07-24 17:32:07.333365,Medium-High,Hardware Replacement,False,Engineering
2435,3517,2025-09-19 14:15:36.886377,2025-09-19 14:17:42.059319,Medium-High,Vendor Escalation,False,Engineering
2436,1365,2024-03-11 09:24:29.030741,2024-03-11 09:26:48.806153,Medium,Emergency Maintenance,False,Engineering
2437,2853,2024-01-10 20:14:25.018932,2024-01-10 20:18:46.191745,Medium-High,Hardware Replacement,False,Vendor
2438,4653,2025-09-17 17:22:13.875239,2025-09-17 18:11:30.574983,High,Vendor Escalation,True,NOC
2439,4243,2025-07-22 09:45:37.398450,2025-07-22 09:46:53.593321,Medium,Vendor Escalation,False,Engineering
2440,2029,2025-06-01 18:39:41.067539,2025-06-01 18:48:33.922732,Medium,Hardware Replacement,True,NOC
2441,4236,2024-10-14 17:21:14.474688,2024-10-14 17:43:19.446589,Medium,Hardware Replacement,False,NOC
2442,1640,2025-05-13 09:33:40.097282,2025-05-13 09:57:21.451639,High,Power Restoration,False,NOC
2443,755,2025-02-01 08:40:10.129200,2025-02-01 08:53:49.004449,Medium-High,Emergency Maintenance,False,Vendor
2444,2167,2024-03-10 20:24:31.526032,2024-03-10 20:57:21.826763,High,Hardware Replacement,False,Field Ops
2445,4250,2025-03-10 05:21:33.725802,2025-03-10 05:25:46.914634,Medium-High,Emergency Maintenance,False,Engineering
2446,1426,2025-03-17 17:34:12.446612,2025-03-17 18:56:34.035194,High,Vendor Escalation,False,Field Ops
2447,3487,2025-08-21 22:07:26.895319,2025-08-21 22:20:19.432025,High,Hardware Replacement,False,Field Ops
2448,1804,2025-05-13 06:05:24.264445,2025-05-13 06:11:16.822238,Medium-High,Software Patch,False,Engineering
2449,3082,2025-08-26 17:57:38.854231,2025-08-26 19:31:51.038106,High,Hardware Replacement,False,NOC
2450,4906,2024-06-06 19:38:30.065983,2024-06-06 19:52:26.215711,High,Fibre Repair,False,Engineering
2451,3524,2025-06-21 08:26:53.913014,2025-06-21 08:33:07.616379,Medium,Fibre Repair,True,Field Ops
2452,3015,2025-04-14 22:38:03.990538,2025-04-14 22:52:14.308603,Medium-High,Software Patch,False,Engineering
2453,2863,2025-10-25 17:55:22.025522,2025-10-25 18:09:19.350684,High,Hardware Replacement,False,Engineering
2454,3433,2025-06-24 08:56:04.401113,2025-06-24 09:32:51.205072,High,Emergency Maintenance,False,Vendor
2455,1478,2025-10-07 11:01:57.593356,2025-10-07 11:03:24.282356,Low,Emergency Maintenance,False,NOC
2456,276,2025-09-11 19:03:19.796690,2025-09-11 19:07:24.826004,Medium-High,Vendor Escalation,True,NOC
2457,423,2024-01-12 20:19:32.963721,2024-01-12 20:47:13.640872,Medium-High,Hardware Replacement,False,Field Ops
2458,3095,2024-07-25 08:27:33.484376,2024-07-25 08:45:54.675181,Medium-High,Hardware Replacement,False,Vendor
2459,394,2024-07-06 21:55:48.286785,2024-07-06 22:12:41.439809,Medium,Fibre Repair,False,Field Ops
2460,1974,2024-09-16 09:30:16.661493,2024-09-16 11:20:16.661493,High,Power Restoration,True,NOC
2461,4311,2025-06-25 17:33:11.406013,2025-06-25 17:36:50.450125,Medium-High,Power Restoration,False,Vendor
2462,3858,2025-08-19 16:30:59.989138,2025-08-19 17:12:31.134908,Medium-High,Route Optimization,True,Vendor
2463,3924,2025-07-18 04:08:27.467413,2025-07-18 04:21:30.885702,High,Hardware Replacement,True,Engineering
2464,2351,2024-03-17 17:06:31.613758,2024-03-17 17:16:45.479003,Medium,Configuration Change,False,NOC
2465,4261,2024-03-14 00:05:28.387765,2024-03-14 00:09:05.271169,Medium-High,Vendor Escalation,False,Field Ops
2466,458,2024-09-30 12:23:15.004769,2024-09-30 13:03:47.325566,High,Software Patch,True,Vendor
2467,4533,2024-06-15 22:26:48.733329,2024-06-15 23:32:47.107481,Medium-High,Power Restoration,False,Field Ops
2468,238,2024-03-06 11:33:48.205514,2024-03-06 12:33:15.090426,Medium-High,Hardware Replacement,False,Field Ops
2469,1231,2024-10-30 16:38:57.559019,2024-10-30 17:18:32.744000,High,Hardware Replacement,True,Field Ops
2470,1774,2024-08-24 23:22:39.044946,2024-08-24 23:44:34.668924,Medium-High,Emergency Maintenance,False,Engineering
2471,4566,2024-03-03 02:06:20.481099,2024-03-03 03:05:27.436724,Medium-High,Vendor Escalation,False,Field Ops
2472,2610,2025-12-16 15:45:31.012166,2025-12-16 15:49:44.422612,Medium-High,Route Optimization,False,Engineering
2473,2880,2025-01-11 17:13:17.893336,2025-01-11 18:48:11.211455,High,Hardware Replacement,False,Vendor
2474,4014,2025-02-09 17:26:33.922358,2025-02-09 17:50:47.694986,Medium-High,Power Restoration,False,Field Ops
2475,2788,2024-01-13 08:54:32.421479,2024-01-13 09:14:20.326848,High,Emergency Maintenance,True,Vendor
2476,3312,2024-07-27 08:27:59.348290,2024-07-27 08:39:17.911319,Medium-High,Software Patch,False,Engineering
2477,1458,2024-02-08 13:39:24.230853,2024-02-08 13:51:49.208301,Medium,Software Patch,False,Engineering
2478,2994,2024-07-09 10:58:25.139594,2024-07-09 10:59:05.372223,Medium-High,Route Optimization,False,Field Ops
2479,3462,2025-06-05 14:21:52.496995,2025-06-05 15:43:04.405200,High,Hardware Replacement,False,NOC
2480,4381,2024-08-10 16:58:27.652238,2024-08-10 21:34:27.652238,High,Software Patch,False,Field Ops
2481,2206,2024-11-28 11:42:32.267204,2024-11-28 11:54:45.327308,Medium,Fibre Repair,False,NOC
2482,3071,2024-03-26 10:53:17.565653,2024-03-26 12:43:30.325180,High,Fibre Repair,True,Vendor
2483,2359,2024-11-19 13:44:32.628363,2024-11-19 13:54:19.291808,Medium,Vendor Escalation,False,Engineering
2484,4197,2025-04-03 14:25:17.852058,2025-04-03 14:58:42.957593,Medium-High,Hardware Replacement,False,Vendor
2485,1443,2025-12-24 10:48:37.825725,2025-12-24 11:04:00.584078,Medium-High,Power Restoration,True,NOC
2486,3901,2025-10-19 09:00:58.692439,2025-10-19 09:46:47.114313,Medium-High,Power Restoration,False,Engineering
2487,4923,2024-02-11 09:44:37.472919,2024-02-11 09:46:41.414860,High,Software Patch,False,NOC
2488,3498,2024-06-13 11:43:55.913983,2024-06-13 11:47:59.841853,Medium-High,Software Patch,True,Engineering
2489,279,2025-02-24 01:59:45.824650,2025-02-24 02:25:45.832772,High,Route Optimization,False,Engineering
2490,1546,2025-02-21 05:14:59.066210,2025-02-21 05:41:31.548607,Medium-High,Route Optimization,False,Vendor
2491,44,2025-12-20 12:59:02.192021,2025-12-20 13:07:43.670037,Medium,Route Optimization,False,Vendor
2492,1170,2024-04-05 12:25:44.327463,2024-04-05 14:13:17.662577,High,Fibre Repair,False,Vendor
2493,426,2024-06-11 06:04:45.504937,2024-06-11 06:39:53.241650,Medium,Hardware Replacement,False,NOC
2494,1511,2024-04-01 17:15:50.185410,2024-04-01 17:16:16.528138,Medium,Vendor Escalation,True,Field Ops
2495,2192,2024-06-10 03:22:14.395126,2024-06-10 04:08:16.151840,High,Hardware Replacement,True,Engineering
2496,518,2025-01-20 12:12:19.927043,2025-01-20 12:18:12.342137,Medium-High,Power Restoration,False,NOC
2497,3820,2024-05-13 00:45:14.359495,2024-05-13 00:56:35.210791,High,Hardware Replacement,False,Field Ops
2498,4628,2025-02-17 15:20:20.391473,2025-02-17 16:03:51.374064,Medium-High,Emergency Maintenance,False,Field Ops
2499,1100,2025-07-21 23:50:13.001510,2025-07-22 00:11:12.367915,Medium-High,Software Patch,False,Vendor
2500,1717,2025-12-25 13:52:41.326550,2025-12-25 13:56:41.911617,High,Fibre Repair,False,Engineering
2501,3364,2025-10-18 18:02:09.721262,2025-10-18 18:22:17.582730,Medium,Route Optimization,True,NOC
2502,2318,2024-01-18 04:32:39.714802,2024-01-18 04:37:24.431086,Medium-High,Vendor Escalation,False,NOC
2503,4209,2025-09-09 09:23:02.261026,2025-09-09 09:30:18.849898,Medium,Vendor Escalation,True,Field Ops
2504,2791,2025-06-06 08:48:30.683935,2025-06-06 09:42:45.328466,Medium-High,Configuration Change,True,Vendor
2505,3102,2025-07-19 13:24:59.126456,2025-07-19 13:28:53.450925,Medium-High,Emergency Maintenance,False,Field Ops
2506,4907,2025-09-06 11:53:56.894491,2025-09-06 12:04:46.811779,Medium-High,Vendor Escalation,False,Field Ops
2507,4981,2024-02-12 18:14:10.518250,2024-02-12 18:35:58.337342,High,Fibre Repair,False,NOC
2508,1262,2025-01-27 20:39:28.281470,2025-01-27 20:55:52.584101,Medium-High,Route Optimization,False,Field Ops
2509,2328,2024-09-20 15:44:12.751836,2024-09-20 15:44:48.450259,Medium-High,Emergency Maintenance,False,Field Ops
2510,669,2024-07-03 09:27:27.225273,2024-07-03 09:35:41.431341,Medium,Vendor Escalation,False,Field Ops
2511,2289,2024-05-14 15:03:08.514303,2024-05-14 15:18:31.136458,Medium,Fibre Repair,False,Vendor
2512,1893,2024-04-22 11:29:19.053129,2024-04-22 11:39:53.990256,Medium-High,Configuration Change,False,Field Ops
2513,973,2024-08-31 12:15:13.592193,2024-08-31 12:29:54.794729,Medium,Configuration Change,True,Vendor
2514,1505,2025-11-23 04:50:58.602637,2025-11-23 05:22:03.588170,Medium-High,Power Restoration,True,Vendor
2515,1514,2025-06-25 23:54:49.297818,2025-06-26 00:28:09.171303,Medium-High,Power Restoration,False,Engineering
2516,4731,2024-11-15 20:22:15.642680,2024-11-15 20:56:29.276178,Medium-High,Emergency Maintenance,False,Vendor
2517,1853,2025-10-28 00:25:05.926722,2025-10-28 00:32:07.704970,Medium-High,Software Patch,True,NOC
2518,899,2025-12-14 13:07:28.051736,2025-12-14 13:10:45.890134,Medium,Fibre Repair,False,Field Ops
2519,1461,2024-11-04 06:36:33.908276,2024-11-04 06:39:30.387443,Medium,Software Patch,True,Vendor
2520,2966,2024-03-31 09:33:12.858231,2024-03-31 09:44:57.257065,Medium-High,Fibre Repair,True,Field Ops
2521,4645,2025-06-08 03:58:07.003898,2025-06-08 04:05:49.404162,Medium-High,Configuration Change,False,Field Ops
2522,2331,2024-01-09 09:47:11.178010,2024-01-09 09:47:19.702919,Medium-High,Hardware Replacement,True,NOC
2523,1125,2025-03-17 12:47:48.311273,2025-03-17 12:49:40.544202,Medium-High,Hardware Replacement,False,NOC
2524,3467,2024-09-04 10:43:08.791585,2024-09-04 10:46:07.948130,Medium,Emergency Maintenance,False,Engineering
2525,2541,2025-12-01 20:58:37.229910,2025-12-01 21:00:19.006812,Medium-High,Vendor Escalation,False,Vendor
2526,200,2025-02-23 21:22:52.536026,2025-02-23 21:49:02.912064,Medium-High,Fibre Repair,False,Vendor
2527,1117,2025-01-11 07:47:31.763060,2025-01-11 07:58:45.429436,Medium-High,Fibre Repair,False,NOC
2528,3987,2024-02-15 08:33:07.396898,2024-02-15 09:22:55.572886,High,Power Restoration,False,Engineering
2529,2907,2025-01-12 13:47:05.199891,2025-01-12 14:07:55.245539,Medium-High,Vendor Escalation,False,NOC
2530,71,2025-07-07 13:58:38.775968,2025-07-07 14:06:07.564326,Medium,Emergency Maintenance,False,NOC
2531,1865,2024-03-02 13:36:37.951101,2024-03-02 13:51:22.354752,Medium-High,Hardware Replacement,False,Field Ops
2532,1879,2024-11-11 12:28:14.709687,2024-11-11 12:49:20.221186,Medium-High,Route Optimization,False,Engineering
2533,1370,2025-03-29 05:29:22.991425,2025-03-29 05:46:04.845683,Medium-High,Vendor Escalation,False,Field Ops
2534,2487,2024-04-12 20:07:37.017028,2024-04-12 20:16:35.887798,Medium,Power Restoration,True,Engineering
2535,1624,2024-10-13 09:05:56.346941,2024-10-13 10:19:16.543809,High,Fibre Repair,False,NOC
2536,2811,2024-05-14 08:25:05.233870,2024-05-14 08:40:13.495321,Medium-High,Power Restoration,False,Vendor
2537,1836,2024-07-31 17:14:32.307642,2024-07-31 17:28:52.494519,Medium-High,Route Optimization,True,Field Ops
2538,2597,2025-10-09 18:02:08.849232,2025-10-09 18:17:05.352332,Medium-High,Route Optimization,True,NOC
2539,3317,2024-07-13 14:29:33.792886,2024-07-13 14:52:21.441688,Medium-High,Power Restoration,False,Vendor
2540,1673,2024-08-02 23:45:35.226271,2024-08-02 23:54:36.255673,High,Emergency Maintenance,False,NOC
2541,4839,2024-03-12 03:52:27.734078,2024-03-12 03:57:04.075630,Medium-High,Configuration Change,True,NOC
2542,3610,2024-02-22 15:38:54.083708,2024-02-22 16:03:20.415727,High,Fibre Repair,False,Field Ops
2543,220,2024-02-22 13:57:40.893074,2024-02-22 14:07:47.134440,High,Vendor Escalation,False,NOC
2544,2761,2025-04-09 06:03:22.427029,2025-04-09 06:10:48.461887,Medium,Route Optimization,True,Field Ops
2545,4088,2024-08-20 00:13:47.325097,2024-08-20 00:28:53.642764,Medium,Configuration Change,False,Vendor
2546,4402,2025-08-21 23:36:39.514417,2025-08-21 23:51:54.519665,Medium-High,Hardware Replacement,False,Field Ops
2547,1933,2024-05-23 17:41:16.048583,2024-05-23 18:05:33.258665,Medium-High,Software Patch,False,Engineering
2548,4495,2024-09-20 15:28:10.668348,2024-09-20 15:34:23.786086,Medium,Configuration Change,False,Engineering
2549,2865,2025-08-20 14:12:13.455592,2025-08-20 15:37:27.214649,Medium-High,Route Optimization,False,Field Ops
2550,3817,2024-05-10 20:22:11.414949,2024-05-10 20:23:34.153922,Medium,Fibre Repair,False,Vendor
2551,1841,2024-06-18 12:06:38.030188,2024-06-18 12:36:31.034806,High,Power Restoration,False,NOC
2552,3471,2024-09-20 13:19:46.121424,2024-09-20 13:55:18.263994,Medium-High,Software Patch,False,Engineering
2553,4403,2024-02-15 11:36:10.199664,2024-02-15 11:48:26.086225,Medium,Configuration Change,True,NOC
2554,357,2025-12-13 22:49:54.099263,2025-12-13 22:51:32.196940,Medium,Power Restoration,False,NOC
2555,2885,2024-10-30 15:21:35.832181,2024-10-30 15:34:01.826567,High,Software Patch,False,Engineering
2556,3005,2025-06-26 10:45:52.964065,2025-06-26 11:31:22.670444,Medium-High,Configuration Change,False,Field Ops
2557,2394,2024-05-23 11:56:55.320069,2024-05-23 12:16:28.357503,Medium-High,Route Optimization,True,Engineering
2558,83,2025-04-20 00:33:00.495434,2025-04-20 00:50:51.626109,Medium-High,Route Optimization,True,Engineering
2559,2011,2024-08-18 16:07:35.760547,2024-08-18 16:14:37.177731,Medium-High,Hardware Replacement,False,Vendor
2560,4436,2025-08-04 01:01:58.292877,2025-08-04 01:14:42.676291,Medium-High,Hardware Replacement,False,Engineering
2561,1190,2025-12-25 01:37:49.919313,2025-12-25 01:39:51.851227,Medium-High,Fibre Repair,False,NOC
2562,1926,2025-03-09 10:26:47.007382,2025-03-09 11:21:00.497500,Medium-High,Power Restoration,False,Field Ops
2563,1042,2025-07-05 17:33:48.795800,2025-07-05 17:37:28.515631,Medium-High,Route Optimization,False,NOC
2564,581,2025-01-03 12:06:43.733269,2025-01-03 13:29:59.335120,High,Vendor Escalation,False,Field Ops
2565,3966,2025-07-27 10:54:46.693451,2025-07-27 11:30:37.563954,High,Hardware Replacement,False,Field Ops
2566,2821,2024-07-18 20:15:02.450405,2024-07-18 21:49:38.147060,High,Vendor Escalation,False,NOC
2567,1271,2025-12-12 17:57:17.279272,2025-12-12 18:03:18.236304,Medium-High,Route Optimization,False,Vendor
2568,1964,2024-10-09 00:15:03.109794,2024-10-09 00:29:25.285611,Medium-High,Route Optimization,False,Vendor
2569,247,2024-11-01 19:09:01.646353,2024-11-01 20:02:26.482933,High,Hardware Replacement,False,Vendor
2570,1415,2025-05-13 13:30:41.922338,2025-05-13 14:23:40.111938,Medium,Fibre Repair,False,Field Ops
2571,2275,2025-11-08 14:23:28.460765,2025-11-08 14:24:06.215085,Medium,Configuration Change,False,Field Ops
2572,4575,2024-10-05 13:12:55.041268,2024-10-05 13:13:39.292237,Medium-High,Hardware Replacement,False,Vendor
2573,4969,2025-04-04 07:45:31.478976,2025-04-04 09:55:31.478976,Medium-High,Hardware Replacement,True,Field Ops
2574,3849,2025-01-06 10:00:05.438337,2025-01-06 10:05:39.650044,Medium,Software Patch,False,Vendor
2575,4711,2024-05-03 22:37:38.028896,2024-05-03 22:48:45.060089,Medium,Power Restoration,False,Vendor
2576,526,2025-08-29 08:44:12.190563,2025-08-29 08:47:49.783241,Medium-High,Fibre Repair,True,Field Ops
2577,4913,2025-10-19 23:52:45.497165,2025-10-19 23:53:50.693102,Medium,Hardware Replacement,False,NOC
2578,2617,2025-02-15 10:43:38.083049,2025-02-15 11:07:27.280166,High,Emergency Maintenance,False,Vendor
2579,3597,2024-02-18 09:34:59.923554,2024-02-18 09:41:18.054150,Medium,Software Patch,False,Vendor
2580,3689,2024-12-17 21:47:43.114246,2024-12-17 21:50:27.427887,High,Vendor Escalation,False,Field Ops
2581,1974,2024-09-16 09:24:50.883452,2024-09-16 10:24:55.348106,High,Fibre Repair,True,Engineering
2582,2082,2025-11-23 04:22:51.147986,2025-11-23 04:28:45.967541,Medium-High,Hardware Replacement,False,Vendor
2583,947,2024-05-06 23:27:14.490412,2024-05-06 23:40:58.213576,Medium,Route Optimization,False,NOC
2584,1705,2024-06-20 11:17:25.301719,2024-06-20 11:24:35.089508,Medium,Software Patch,False,Field Ops
2585,1075,2025-10-29 18:50:11.616662,2025-10-29 19:07:56.742341,Medium-High,Route Optimization,False,Engineering
2586,3992,2024-08-04 10:59:07.500876,2024-08-04 11:07:49.100354,High,Software Patch,False,Engineering
2587,176,2025-04-02 15:29:14.467158,2025-04-02 15:32:34.329843,Medium,Power Restoration,True,Vendor
2588,4250,2025-03-10 05:22:22.544184,2025-03-10 05:22:58.088496,Medium-High,Software Patch,False,Engineering
2589,2102,2025-04-04 18:38:35.198260,2025-04-04 18:53:42.503238,Medium-High,Fibre Repair,False,NOC
2590,2978,2025-03-07 04:32:23.482987,2025-03-07 06:33:42.233758,High,Fibre Repair,False,Vendor
2591,178,2025-07-30 22:39:47.559364,2025-07-30 22:46:32.795504,Medium-High,Power Restoration,False,Field Ops
2592,3663,2024-12-30 18:51:44.572445,2024-12-30 19:23:45.221270,Medium,Hardware Replacement,False,Vendor
2593,4557,2025-12-29 14:53:48.359836,2025-12-29 15:02:14.298285,Medium-High,Vendor Escalation,True,NOC
2594,4716,2025-10-18 11:33:47.166788,2025-10-18 11:45:51.677020,Medium,Vendor Escalation,False,Vendor
2595,1753,2024-07-31 09:22:27.403784,2024-07-31 09:36:29.640333,Medium,Vendor Escalation,False,Engineering
2596,3676,2025-11-25 10:06:02.911733,2025-11-25 10:08:48.332205,Medium,Fibre Repair,False,Vendor
2597,2846,2025-05-25 19:07:11.269608,2025-05-25 20:53:51.479427,High,Power Restoration,False,Engineering
2598,4807,2024-02-02 10:54:50.479830,2024-02-02 10:56:29.348687,High,Hardware Replacement,False,Field Ops
2599,4317,2025-12-03 16:06:29.669238,2025-12-03 16:33:04.063621,Medium,Hardware Replacement,False,Engineering
2600,1278,2024-02-16 22:40:38.367210,2024-02-16 22:48:52.954250,High,Vendor Escalation,False,NOC
2601,461,2024-10-16 15:47:02.343548,2024-10-16 15:55:53.894565,Medium-High,Power Restoration,False,Field Ops
2602,4765,2024-08-12 12:20:08.630888,2024-08-12 12:30:03.552324,Medium-High,Software Patch,False,Vendor
2603,198,2024-12-16 17:52:19.341868,2024-12-16 19:22:19.341868,High,Emergency Maintenance,True,Field Ops
2604,1570,2025-05-08 13:43:01.579032,2025-05-08 13:52:01.882227,Medium,Power Restoration,False,Vendor
2605,224,2024-09-06 04:58:45.171561,2024-09-06 05:00:23.120420,Medium,Power Restoration,False,Vendor
2606,2300,2024-06-30 14:46:12.800032,2024-06-30 14:57:06.255214,Medium-High,Vendor Escalation,False,NOC
2607,1640,2025-05-13 09:44:05.356879,2025-05-13 11:19:10.303874,High,Hardware Replacement,False,Field Ops
2608,2033,2025-04-03 18:36:58.039406,2025-04-03 18:54:33.390939,Medium-High,Vendor Escalation,False,NOC
2609,1237,2024-12-28 16:47:50.575106,2024-12-28 16:56:11.003968,Medium-High,Configuration Change,False,NOC
2610,3022,2024-10-04 06:02:54.120594,2024-10-04 06:07:58.672275,Medium-High,Fibre Repair,False,NOC
2611,1521,2025-12-18 16:32:57.326209,2025-12-18 16:49:51.342293,Medium-High,Vendor Escalation,False,Engineering
2612,1993,2025-11-16 15:58:57.370994,2025-11-16 16:13:33.000227,Medium-High,Power Restoration,True,Engineering
2613,4167,2025-03-04 06:13:35.072136,2025-03-04 06:15:15.959609,Medium-High,Vendor Escalation,False,NOC
2614,805,2025-05-31 16:52:15.127648,2025-05-31 17:07:50.074430,Medium-High,Configuration Change,True,Vendor
2615,858,2025-04-01 03:27:37.122947,2025-04-01 06:38:45.018411,High,Power Restoration,True,Vendor
2616,857,2025-05-11 13:56:23.365681,2025-05-11 14:01:46.762762,Medium-High,Route Optimization,False,Field Ops
2617,4120,2026-01-01 08:31:26.492683,2026-01-01 08:35:57.314268,High,Configuration Change,False,Engineering
2618,2754,2024-12-25 02:11:45.534009,2024-12-25 02:13:25.727648,Medium-High,Fibre Repair,False,Engineering
2619,4939,2025-04-29 12:15:09.936124,2025-04-29 12:18:31.107102,Medium,Hardware Replacement,True,Vendor
2620,1606,2024-04-02 17:31:28.255604,2024-04-02 17:32:31.977594,Medium-High,Emergency Maintenance,False,Vendor
2621,1532,2025-12-05 16:42:11.964571,2025-12-05 16:47:03.030890,Medium-High,Power Restoration,False,Vendor
2622,1869,2024-04-26 11:54:28.050550,2024-04-26 11:59:48.759261,Medium-High,Route Optimization,False,Vendor
2623,3151,2025-05-15 05:27:21.489704,2025-05-15 05:33:48.149322,High,Emergency Maintenance,False,Field Ops
2624,4642,2025-07-04 13:13:08.114623,2025-07-04 13:36:28.220853,Medium-High,Power Restoration,False,Field Ops
2625,2226,2025-07-16 12:59:19.034043,2025-07-16 13:01:38.770139,Medium,Emergency Maintenance,False,Vendor
2626,3179,2024-09-02 08:42:12.160989,2024-09-02 09:04:38.201563,Medium-High,Emergency Maintenance,False,Field Ops
2627,3090,2025-04-21 18:37:06.393762,2025-04-21 18:51:00.947755,High,Hardware Replacement,False,Vendor
2628,2768,2024-12-01 17:29:40.429062,2024-12-01 17:58:21.240700,Medium-High,Hardware Replacement,False,Field Ops
2629,815,2025-05-23 17:44:44.769048,2025-05-23 17:59:50.722482,High,Power Restoration,False,Engineering
2630,1700,2025-05-11 12:36:38.570416,2025-05-11 12:57:59.271945,Medium-High,Configuration Change,True,Vendor
2631,3753,2025-06-30 17:16:12.670485,2025-06-30 17:20:23.597706,Medium,Route Optimization,False,Engineering
2632,3067,2024-06-24 08:16:17.791126,2024-06-24 08:24:26.341775,Medium-High,Vendor Escalation,False,NOC
2633,548,2025-04-25 10:51:27.724841,2025-04-25 10:53:31.770448,Medium,Hardware Replacement,False,Field Ops
2634,2565,2025-11-09 04:56:34.586785,2025-11-09 08:25:34.586785,High,Configuration Change,False,Field Ops
2635,829,2024-02-22 02:49:18.555154,2024-02-22 03:03:15.047094,High,Configuration Change,False,Vendor
2636,4066,2025-08-12 05:07:50.284285,2025-08-12 06:22:43.382204,High,Configuration Change,True,NOC
2637,3235,2024-01-02 00:32:30.689775,2024-01-02 00:33:57.306544,Medium,Route Optimization,False,Field Ops
2638,4828,2024-11-20 14:06:19.342481,2024-11-20 14:38:05.373758,Medium-High,Vendor Escalation,False,Vendor
2639,2660,2025-03-01 20:56:38.479806,2025-03-01 21:11:24.770040,Medium-High,Hardware Replacement,True,Vendor
2640,242,2024-02-29 19:52:35.769781,2024-02-29 20:00:15.211314,Medium,Configuration Change,False,Engineering
2641,4541,2024-12-07 18:00:45.196866,2024-12-07 18:10:51.406509,High,Configuration Change,False,Vendor
2642,737,2025-08-30 21:24:23.032076,2025-08-30 22:01:46.906168,Medium,Emergency Maintenance,True,Vendor
2643,2609,2024-12-25 10:06:38.308038,2024-12-25 10:23:26.766420,High,Emergency Maintenance,False,Vendor
2644,4253,2024-08-11 10:33:43.894098,2024-08-11 10:51:25.084494,High,Fibre Repair,False,Vendor
2645,1816,2025-08-14 10:56:24.897913,2025-08-14 11:02:23.008491,Medium-High,Software Patch,False,Engineering
2646,2859,2024-08-07 05:27:46.570702,2024-08-07 05:39:50.671433,High,Configuration Change,True,Engineering
2647,738,2025-10-22 06:35:28.750549,2025-10-22 06:40:43.796121,Medium-High,Software Patch,False,Field Ops
2648,3617,2025-12-08 13:23:26.129695,2025-12-08 13:30:05.780632,Medium-High,Vendor Escalation,False,NOC
2649,3765,2025-08-28 10:50:57.744262,2025-08-28 12:15:58.256393,High,Vendor Escalation,True,Engineering
2650,4676,2024-01-01 09:25:53.582923,2024-01-01 09:31:04.817698,High,Hardware Replacement,False,NOC
2651,1231,2024-10-30 16:42:15.516678,2024-10-30 18:20:25.790239,High,Route Optimization,False,Vendor
2652,3949,2024-11-20 12:24:42.657129,2024-11-20 12:44:41.213207,Medium,Hardware Replacement,False,Vendor
2653,2439,2025-11-10 06:09:31.770435,2025-11-10 06:35:06.024972,Medium,Fibre Repair,False,Field Ops
2654,3055,2025-04-01 10:36:26.792355,2025-04-01 11:04:09.512641,Medium,Fibre Repair,False,Field Ops
2655,4602,2025-10-17 05:37:30.458943,2025-10-17 05:39:21.754812,Medium-High,Route Optimization,False,Engineering
2656,1593,2024-04-04 09:22:00.246937,2024-04-04 09:29:06.921206,Medium,Emergency Maintenance,False,NOC
2657,4117,2024-10-28 15:25:43.628225,2024-10-28 16:18:22.680047,High,Configuration Change,False,Field Ops
2658,4329,2024-08-29 19:03:40.228794,2024-08-29 19:29:09.639007,Medium,Emergency Maintenance,False,Engineering
2659,2722,2025-02-03 09:43:55.467456,2025-02-03 10:07:14.531501,Medium-High,Configuration Change,False,Field Ops
2660,4238,2024-02-19 22:50:17.694605,2024-02-19 23:04:13.658661,Medium-High,Vendor Escalation,True,Field Ops
2661,3084,2024-03-28 01:25:02.834450,2024-03-28 02:25:25.658573,High,Route Optimization,False,Engineering
2662,2627,2024-08-04 10:46:17.970703,2024-08-04 11:14:40.349804,High,Vendor Escalation,False,NOC
2663,2669,2025-07-19 11:53:28.462161,2025-07-19 12:46:54.305270,High,Software Patch,False,Engineering
2664,4310,2025-10-24 18:16:56.756561,2025-10-24 18:17:25.924427,Low,Software Patch,False,Engineering
2665,1943,2024-05-16 10:33:22.675501,2024-05-16 11:07:13.586098,High,Emergency Maintenance,False,NOC
2666,378,2024-10-04 16:04:07.021424,2024-10-04 16:08:36.723206,Medium,Emergency Maintenance,False,NOC
2667,3090,2025-04-21 18:41:21.305306,2025-04-21 19:24:32.073048,High,Software Patch,False,Field Ops
2668,1699,2025-02-27 00:30:33.508376,2025-02-27 00:41:04.272959,Medium,Fibre Repair,True,Field Ops
2669,4532,2025-04-29 08:44:37.920154,2025-04-29 09:23:49.118063,Medium-High,Power Restoration,False,Vendor
2670,2225,2024-02-04 13:03:26.478529,2024-02-04 13:18:10.519577,High,Configuration Change,True,Vendor
2671,3465,2024-06-29 21:25:56.786939,2024-06-29 21:40:04.397084,Medium,Route Optimization,False,Vendor
2672,2638,2025-04-04 20:11:49.430980,2025-04-04 20:12:27.190550,Medium-High,Fibre Repair,False,Vendor
2673,620,2025-01-03 17:27:44.231737,2025-01-03 17:41:49.862839,Medium-High,Fibre Repair,True,Field Ops
2674,2980,2025-08-29 18:18:14.649210,2025-08-29 18:19:58.347903,Medium,Fibre Repair,False,NOC
2675,667,2024-12-09 02:59:16.591280,2024-12-09 03:07:02.045800,Medium-High,Fibre Repair,False,Vendor
2676,4158,2024-09-01 15:34:43.813160,2024-09-01 16:00:23.211530,Medium-High,Route Optimization,False,Field Ops
2677,3341,2025-02-28 09:00:11.254424,2025-02-28 09:17:57.924161,Medium-High,Hardware Replacement,False,NOC
2678,3556,2025-01-14 07:01:52.860235,2025-01-14 07:10:22.024409,Medium,Configuration Change,True,Engineering
2679,1426,2025-03-17 17:36:17.416336,2025-03-17 17:50:24.598759,High,Hardware Replacement,False,Vendor
2680,4111,2025-04-05 09:34:18.514701,2025-04-05 09:47:24.878847,Medium-High,Emergency Maintenance,False,Engineering
2681,4527,2024-12-20 15:30:32.644512,2024-12-20 15:34:03.668062,Medium,Software Patch,True,Engineering
2682,1146,2025-04-24 02:47:53.998824,2025-04-24 02:56:12.133934,Medium,Fibre Repair,False,NOC
2683,2978,2025-03-07 04:36:40.158874,2025-03-07 08:20:51.895906,High,Fibre Repair,False,Field Ops
2684,3082,2025-08-26 18:04:19.926365,2025-08-26 18:59:25.271341,High,Fibre Repair,False,Vendor
2685,3337,2025-03-25 12:48:41.756259,2025-03-25 13:06:59.042986,Medium,Route Optimization,False,Engineering
2686,2273,2025-02-19 14:23:30.875920,2025-02-19 14:48:45.850492,Medium-High,Power Restoration,False,Engineering
2687,311,2025-07-21 11:52:30.403226,2025-07-21 12:25:39.232059,Medium-High,Configuration Change,True,Field Ops
2688,2281,2024-08-11 14:19:33.624395,2024-08-11 14:20:30.485524,Medium-High,Route Optimization,False,Engineering
2689,828,2024-01-20 09:54:44.285318,2024-01-20 10:00:35.287990,Medium-High,Configuration Change,True,Engineering
2690,319,2024-09-27 20:35:54.168511,2024-09-27 23:26:57.178160,High,Fibre Repair,False,Field Ops
2691,197,2025-07-29 12:36:09.449746,2025-07-29 12:39:55.670019,Medium-High,Configuration Change,False,NOC
2692,3664,2024-11-17 06:34:28.818510,2024-11-17 07:50:56.300050,High,Hardware Replacement,False,NOC
2693,614,2024-05-19 05:39:45.536192,2024-05-19 05:58:46.611111,Medium,Route Optimization,False,Vendor
2694,4900,2024-02-27 08:06:56.313467,2024-02-27 08:24:47.094870,Medium-High,Vendor Escalation,False,Engineering
2695,4587,2025-09-03 12:10:56.711873,2025-09-03 12:41:52.199160,Medium-High,Fibre Repair,False,Vendor
2696,2699,2025-08-07 22:07:07.264034,2025-08-07 22:36:43.697112,Medium-High,Power Restoration,False,Engineering
2697,4047,2025-10-01 20:52:39.846624,2025-10-01 20:55:38.364626,Medium,Vendor Escalation,True,Vendor
2698,3992,2024-08-04 10:47:00.026555,2024-08-04 11:38:02.558019,High,Vendor Escalation,False,NOC
2699,36,2024-04-27 11:06:16.146509,2024-04-27 11:36:44.147703,Medium-High,Configuration Change,True,Vendor
2700,2778,2024-09-25 12:41:41.509262,2024-09-25 12:43:17.434491,Medium-High,Route Optimization,False,Field Ops
2701,3333,2025-04-08 09:53:27.394707,2025-04-08 09:55:29.566355,Medium,Vendor Escalation,False,Engineering
2702,4487,2024-03-23 12:57:20.938746,2024-03-23 12:58:58.234984,Medium,Hardware Replacement,False,Field Ops
2703,3602,2025-03-01 21:59:13.701541,2025-03-01 22:01:34.432112,Medium-High,Software Patch,False,Engineering
2704,1624,2024-10-13 09:05:16.736323,2024-10-13 10:57:26.613800,High,Vendor Escalation,False,Field Ops
2705,1504,2024-04-11 12:50:43.675046,2024-04-11 13:01:17.351108,Medium-High,Software Patch,False,Vendor
2706,2614,2025-12-25 02:29:40.087741,2025-12-25 02:32:51.915850,Medium,Emergency Maintenance,False,NOC
2707,4191,2025-09-12 07:04:44.705417,2025-09-12 08:05:51.752361,High,Power Restoration,False,Field Ops
2708,438,2024-11-12 02:31:59.037798,2024-11-12 04:30:59.037798,Medium-High,Hardware Replacement,False,Vendor
2709,690,2024-10-15 14:07:44.236151,2024-10-15 14:12:22.297891,High,Hardware Replacement,False,Field Ops
2710,3621,2025-04-25 11:28:57.343297,2025-04-25 12:17:27.014160,High,Hardware Replacement,False,Vendor
2711,159,2025-12-19 20:12:15.229502,2025-12-20 00:37:15.229502,High,Fibre Repair,False,NOC
2712,1798,2024-05-19 18:18:03.951737,2024-05-19 20:05:03.951737,Medium-High,Power Restoration,False,NOC
2713,1192,2024-07-09 08:22:18.853487,2024-07-09 09:53:07.927645,Medium-High,Hardware Replacement,False,Field Ops
2714,532,2025-12-04 16:50:15.949767,2025-12-04 17:12:57.948894,Medium,Hardware Replacement,False,Vendor
2715,1288,2025-09-28 06:47:06.960585,2025-09-28 07:05:11.287153,Medium-High,Emergency Maintenance,False,Vendor
2716,3756,2024-09-29 23:18:16.854801,2024-09-30 00:29:08.926020,Medium-High,Hardware Replacement,True,NOC
2717,4272,2025-10-13 19:11:47.962638,2025-10-13 19:17:12.379410,Medium-High,Configuration Change,False,Vendor
2718,3668,2024-03-18 03:39:00.585609,2024-03-18 04:05:37.772684,Medium-High,Configuration Change,False,Field Ops
2719,4532,2025-04-29 08:47:22.555985,2025-04-29 08:58:23.475131,Medium-High,Configuration Change,False,Engineering
2720,1117,2025-01-11 07:52:50.695314,2025-01-11 08:05:47.218164,Medium-High,Route Optimization,False,Field Ops
2721,2894,2024-12-01 10:22:00.667090,2024-12-01 10:24:30.642549,Medium,Route Optimization,False,Field Ops
2722,3106,2024-11-11 20:25:10.397035,2024-11-11 20:35:23.435537,High,Power Restoration,False,Field Ops
2723,3520,2024-07-03 22:28:02.018457,2024-07-03 22:32:31.124804,Medium,Route Optimization,False,Vendor
2724,3382,2025-01-29 16:22:35.152580,2025-01-29 16:33:48.764674,Medium,Emergency Maintenance,False,Vendor
2725,4985,2025-05-29 14:58:35.827477,2025-05-29 14:59:41.338568,Medium,Vendor Escalation,False,Engineering
2726,3099,2025-04-29 12:30:15.398299,2025-04-29 12:46:47.906751,Medium-High,Vendor Escalation,False,Field Ops
2727,4509,2025-10-26 17:09:42.945923,2025-10-26 17:12:45.210651,High,Configuration Change,False,NOC
2728,1355,2024-03-01 13:15:05.578109,2024-03-01 13:59:05.091675,High,Route Optimization,False,Field Ops
2729,4889,2025-01-29 06:36:49.356144,2025-01-29 07:30:15.604683,High,Vendor Escalation,False,Vendor
2730,1082,2024-02-01 09:15:33.755846,2024-02-01 10:19:26.295700,High,Emergency Maintenance,False,NOC
2731,753,2025-01-19 00:48:15.513338,2025-01-19 01:49:14.059023,High,Software Patch,False,NOC
2732,3989,2025-10-25 11:43:57.658892,2025-10-25 11:46:45.369031,Medium-High,Emergency Maintenance,True,NOC
2733,2609,2024-12-25 09:55:24.782173,2024-12-25 10:52:24.211419,High,Power Restoration,False,Field Ops
2734,725,2024-01-08 09:21:25.811117,2024-01-08 10:07:09.561128,High,Fibre Repair,True,Field Ops
2735,3095,2024-07-25 08:19:06.847188,2024-07-25 08:30:36.824855,Medium-High,Emergency Maintenance,False,Field Ops
2736,3011,2024-01-02 17:15:19.889746,2024-01-02 17:26:00.859055,Medium-High,Power Restoration,False,Engineering
2737,2941,2025-05-25 08:52:03.644800,2025-05-25 08:55:58.285401,Medium-High,Configuration Change,False,Vendor
2738,3346,2024-06-01 20:40:32.863272,2024-06-01 20:58:16.070909,Medium,Power Restoration,True,Field Ops
2739,1584,2024-12-13 13:58:23.240378,2024-12-13 14:16:52.452932,High,Configuration Change,False,Engineering
2740,3938,2024-02-23 12:46:48.486290,2024-02-23 12:48:12.485480,High,Configuration Change,False,NOC
2741,111,2025-12-11 08:55:13.055369,2025-12-11 10:52:13.055369,High,Hardware Replacement,False,Engineering
2742,1970,2024-10-18 14:16:24.678599,2024-10-18 16:25:45.081703,Medium-High,Hardware Replacement,False,Field Ops
2743,1624,2024-10-13 09:09:49.235752,2024-10-13 09:49:28.766623,High,Emergency Maintenance,False,NOC
2744,1841,2024-06-18 12:08:06.800903,2024-06-18 12:25:57.769068,High,Software Patch,True,NOC
2745,1922,2024-04-18 06:57:02.145883,2024-04-18 06:57:44.137624,High,Vendor Escalation,False,Vendor
2746,2555,2024-08-06 10:30:33.751348,2024-08-06 11:15:01.191117,High,Software Patch,False,Field Ops
2747,1230,2025-09-22 05:40:47.251899,2025-09-22 05:47:50.340463,Medium-High,Fibre Repair,False,Engineering
2748,4127,2024-12-16 07:34:05.122129,2024-12-16 07:51:21.929001,Medium-High,Fibre Repair,True,Vendor
2749,4177,2025-06-26 23:19:34.915697,2025-06-26 23:48:16.016272,Medium-High,Configuration Change,False,Field Ops
2750,1417,2024-01-19 08:44:38.297770,2024-01-19 09:49:09.725569,Medium-High,Vendor Escalation,False,Engineering
2751,2531,2024-12-07 14:38:27.648198,2024-12-07 14:52:01.723317,Medium-High,Software Patch,False,NOC
2752,18,2025-09-19 11:16:11.259586,2025-09-19 11:21:37.361012,Medium-High,Route Optimization,False,NOC
2753,3970,2025-12-11 17:20:00.593893,2025-12-11 17:43:46.639582,High,Route Optimization,False,NOC
2754,4549,2024-02-20 13:53:06.369087,2024-02-20 13:55:46.422054,Medium-High,Configuration Change,False,Field Ops
2755,4000,2025-05-20 15:21:38.992155,2025-05-20 15:29:38.044979,High,Fibre Repair,False,Vendor
2756,3509,2024-10-10 08:45:36.029576,2024-10-10 08:51:09.251070,High,Route Optimization,False,Engineering
2757,1344,2024-01-31 17:14:13.710908,2024-01-31 17:45:52.464184,High,Route Optimization,False,Engineering
2758,3219,2025-06-29 10:21:43.097118,2025-06-29 10:43:22.767596,Medium-High,Fibre Repair,False,NOC
2759,3656,2024-09-24 16:20:44.122585,2024-09-24 16:41:43.121799,Medium-High,Fibre Repair,False,Field Ops
2760,1648,2025-06-19 08:54:26.293336,2025-06-19 09:05:56.023939,Medium-High,Route Optimization,False,NOC
2761,4841,2025-11-07 09:19:33.379397,2025-11-07 10:09:27.674958,Medium-High,Vendor Escalation,False,NOC
2762,2547,2025-03-28 15:43:41.656171,2025-03-28 16:09:12.340177,Medium,Configuration Change,False,Vendor
2763,3795,2025-06-24 08:23:11.154220,2025-06-24 08:51:09.658566,Medium,Power Restoration,False,Vendor
2764,4917,2024-11-26 20:34:11.428361,2024-11-26 20:35:00.706920,Medium-High,Emergency Maintenance,False,Field Ops
2765,335,2025-02-28 12:26:15.875774,2025-02-28 12:32:31.066674,Medium,Power Restoration,False,Field Ops
2766,2479,2025-01-21 03:44:01.213196,2025-01-21 04:04:34.614176,High,Configuration Change,True,Engineering
2767,391,2024-04-09 03:49:57.697891,2024-04-09 04:13:05.420588,High,Power Restoration,False,Vendor
2768,3161,2025-03-06 16:23:05.696236,2025-03-06 16:28:34.245470,Medium,Emergency Maintenance,False,Field Ops
2769,748,2025-06-10 21:46:37.015067,2025-06-10 21:48:09.278305,Medium,Emergency Maintenance,False,Engineering
2770,4980,2025-11-23 09:02:56.536318,2025-11-23 09:03:46.162015,Medium-High,Route Optimization,False,Vendor
2771,2705,2025-10-14 05:09:52.965212,2025-10-14 05:13:28.542011,High,Route Optimization,True,Vendor
2772,555,2024-05-31 08:16:08.241507,2024-05-31 08:17:27.564354,Medium-High,Power Restoration,False,Vendor
2773,2742,2024-11-28 02:35:39.464218,2024-11-28 03:16:30.782525,Medium-High,Power Restoration,False,NOC
2774,1980,2025-07-29 11:02:56.265379,2025-07-29 11:08:38.892559,Medium-High,Fibre Repair,False,Vendor
2775,2359,2024-11-19 13:15:57.137366,2024-11-19 13:32:14.715611,Medium,Configuration Change,True,Field Ops
2776,1860,2025-09-02 10:23:15.608734,2025-09-02 10:27:52.780817,Medium-High,Route Optimization,False,Vendor
2777,1826,2025-07-19 16:13:25.589507,2025-07-19 16:18:01.113228,Medium,Emergency Maintenance,True,Engineering
2778,4478,2025-08-29 14:53:44.451768,2025-08-29 15:04:53.447236,High,Route Optimization,False,Field Ops
2779,4671,2025-04-02 09:42:54.791591,2025-04-02 11:14:54.791591,Medium-High,Route Optimization,False,NOC
2780,1371,2024-10-06 07:45:40.997388,2024-10-06 07:55:44.253778,Medium-High,Fibre Repair,False,Vendor
2781,871,2024-04-24 01:20:41.894399,2024-04-24 01:22:44.535574,Medium-High,Route Optimization,False,NOC
2782,2764,2024-08-28 14:20:43.735584,2024-08-28 14:22:50.931003,Low,Software Patch,False,Field Ops
2783,2073,2024-07-22 09:38:25.885778,2024-07-22 09:51:11.404104,Medium,Hardware Replacement,False,Engineering
2784,4544,2025-03-26 08:25:13.077114,2025-03-26 08:36:38.095755,Medium-High,Hardware Replacement,False,Field Ops
2785,4678,2025-03-05 10:39:37.647681,2025-03-05 10:45:38.154000,Medium,Hardware Replacement,False,Engineering
2786,1836,2024-07-31 17:13:58.691748,2024-07-31 17:36:15.480338,Medium-High,Software Patch,False,Vendor
2787,4002,2024-02-12 10:56:58.850248,2024-02-12 11:36:07.960885,Medium-High,Emergency Maintenance,False,Vendor
2788,556,2024-09-15 10:15:42.944839,2024-09-15 10:24:48.405788,High,Software Patch,False,Vendor
2789,3484,2024-09-04 18:02:26.158623,2024-09-04 19:00:29.645710,Medium-High,Power Restoration,False,Field Ops
2790,462,2024-05-26 04:35:06.498396,2024-05-26 07:16:32.945074,High,Software Patch,False,Vendor
2791,4653,2025-09-17 18:03:08.211839,2025-09-17 19:03:49.388123,High,Configuration Change,True,Field Ops
2792,3978,2024-07-26 14:50:28.870156,2024-07-26 15:17:19.892734,High,Power Restoration,True,Engineering
2793,1635,2025-07-05 12:00:24.995473,2025-07-05 13:17:13.278650,Medium-High,Configuration Change,False,NOC
2794,3236,2025-01-14 04:24:27.831277,2025-01-14 04:30:17.455162,Medium,Fibre Repair,False,Vendor
2795,921,2024-11-17 12:18:16.145753,2024-11-17 12:24:25.309522,Medium,Emergency Maintenance,False,Engineering
2796,3321,2024-02-09 15:25:51.543240,2024-02-09 18:05:50.294427,High,Emergency Maintenance,True,Engineering
2797,2135,2024-10-22 15:53:58.607831,2024-10-22 15:54:23.718648,Medium,Hardware Replacement,False,NOC
2798,1869,2024-04-26 11:58:03.521774,2024-04-26 12:03:49.148092,Medium-High,Route Optimization,False,Field Ops
2799,159,2025-12-19 20:04:52.830532,2025-12-19 21:42:06.075800,High,Vendor Escalation,False,Engineering
2800,3196,2024-05-27 06:13:13.881288,2024-05-27 06:40:01.837137,Medium,Route Optimization,False,NOC
2801,3226,2024-04-20 07:41:36.959756,2024-04-20 07:54:34.093656,Medium-High,Software Patch,False,Engineering
2802,1392,2025-06-18 14:59:52.694929,2025-06-18 16:30:15.567683,High,Software Patch,True,Field Ops
2803,4304,2025-12-10 09:28:22.046569,2025-12-10 09:29:18.501501,Medium,Route Optimization,False,NOC
2804,2869,2024-11-29 12:07:42.544834,2024-11-29 12:18:37.782175,Medium-High,Vendor Escalation,False,Field Ops
2805,4612,2024-05-10 06:36:05.730407,2024-05-10 07:20:01.068602,High,Hardware Replacement,False,Field Ops
2806,3281,2024-08-10 18:00:36.573827,2024-08-10 18:30:23.674405,Medium,Power Restoration,False,NOC
2807,2876,2024-01-09 14:52:23.341345,2024-01-09 15:30:04.949176,Medium-High,Fibre Repair,False,NOC
2808,3449,2025-01-08 10:57:55.559567,2025-01-08 12:51:27.271093,High,Software Patch,False,NOC
2809,3894,2025-08-05 22:40:17.783163,2025-08-05 23:45:10.897378,High,Emergency Maintenance,True,NOC
2810,3535,2025-05-07 14:23:49.340963,2025-05-07 14:28:04.561276,Medium-High,Power Restoration,False,Field Ops
2811,1824,2024-06-19 12:01:55.053053,2024-06-19 12:10:51.599342,Medium,Emergency Maintenance,False,Vendor
2812,3965,2025-04-28 09:44:34.346916,2025-04-28 10:01:17.092704,Medium,Emergency Maintenance,False,Engineering
2813,4873,2025-07-28 17:11:38.494109,2025-07-28 17:32:39.259723,Medium-High,Fibre Repair,False,Vendor
2814,1737,2025-06-07 22:21:38.319058,2025-06-07 22:57:04.453914,Medium-High,Fibre Repair,False,Vendor
2815,1561,2024-08-11 00:30:43.988933,2024-08-11 00:53:29.885740,Medium-High,Route Optimization,True,NOC
2816,2744,2025-09-28 08:12:25.825200,2025-09-28 08:28:52.078126,Medium-High,Configuration Change,False,Field Ops
2817,2429,2025-02-03 17:26:39.929135,2025-02-03 17:53:19.517190,Medium,Route Optimization,False,Vendor
2818,2078,2024-12-26 16:19:18.016218,2024-12-26 16:25:05.707365,High,Hardware Replacement,False,NOC
2819,228,2024-06-15 04:49:39.414884,2024-06-15 04:57:14.501696,Medium-High,Fibre Repair,False,NOC
2820,2901,2025-12-19 13:03:27.260687,2025-12-19 13:09:35.315610,Medium-High,Hardware Replacement,False,Engineering
2821,3084,2024-03-28 01:24:10.548937,2024-03-28 01:48:13.445183,High,Software Patch,False,Vendor
2822,861,2025-06-27 11:14:44.836219,2025-06-27 11:50:37.628913,High,Emergency Maintenance,False,Field Ops
2823,4122,2025-05-23 12:01:45.367806,2025-05-23 12:05:44.885651,High,Emergency Maintenance,False,Vendor
2824,4195,2025-11-13 05:00:51.932227,2025-11-13 05:10:31.823300,Medium,Route Optimization,False,Engineering
2825,2866,2024-05-18 09:22:02.296110,2024-05-18 09:38:34.534510,High,Power Restoration,False,Vendor
2826,4509,2025-10-26 16:40:36.678895,2025-10-26 16:55:51.564257,High,Vendor Escalation,False,Engineering
2827,122,2024-08-23 14:26:00.784012,2024-08-23 14:28:00.325170,Medium-High,Software Patch,False,Field Ops
2828,1332,2025-04-16 03:40:59.972332,2025-04-16 03:48:18.235051,Medium-High,Route Optimization,False,Field Ops
2829,3562,2025-02-09 21:10:51.797397,2025-02-09 21:40:02.076091,Medium-High,Power Restoration,True,Engineering
2830,3061,2024-07-30 08:16:03.809080,2024-07-30 08:23:13.935799,Medium,Fibre Repair,False,NOC
2831,1159,2024-03-14 09:55:59.098038,2024-03-14 10:23:31.712329,Medium-High,Hardware Replacement,True,Engineering
2832,1102,2024-06-14 14:27:39.604972,2024-06-14 14:45:04.566220,Medium-High,Route Optimization,False,Engineering
2833,927,2024-06-04 12:20:19.002097,2024-06-04 12:23:15.738392,High,Vendor Escalation,True,NOC
2834,3980,2025-05-26 22:21:35.753914,2025-05-26 22:26:58.556283,Medium-High,Software Patch,True,Field Ops
2835,1728,2025-09-27 05:21:24.457580,2025-09-27 05:39:18.602952,High,Route Optimization,False,Vendor
2836,3750,2025-03-02 18:40:15.454757,2025-03-02 18:45:00.365368,Medium,Fibre Repair,False,Vendor
2837,4981,2024-02-12 18:21:09.148967,2024-02-12 18:52:40.859261,High,Route Optimization,False,Field Ops
2838,1464,2025-08-10 03:00:57.967048,2025-08-10 05:02:12.831972,Medium-High,Route Optimization,True,NOC
2839,1509,2024-12-06 09:34:35.160360,2024-12-06 09:50:07.800506,Medium-High,Vendor Escalation,False,Vendor
2840,3673,2025-07-16 10:58:41.468658,2025-07-16 11:19:20.577723,Medium-High,Power Restoration,False,Engineering
2841,2121,2024-03-18 04:26:03.533955,2024-03-18 05:08:35.556860,Medium-High,Route Optimization,True,Vendor
2842,1617,2024-06-15 11:25:15.452560,2024-06-15 11:33:37.115607,Medium,Fibre Repair,False,Vendor
2843,3495,2025-11-04 23:30:48.086618,2025-11-04 23:34:08.425720,Medium-High,Software Patch,True,Field Ops
2844,2616,2025-06-22 16:53:41.817126,2025-06-22 16:56:25.450784,Medium,Vendor Escalation,False,Vendor
2845,100,2025-09-14 17:48:54.212239,2025-09-14 17:54:45.620653,Medium-High,Software Patch,False,NOC
2846,854,2025-03-20 00:40:12.237912,2025-03-20 00:48:16.725208,Medium-High,Vendor Escalation,False,Vendor
2847,1071,2025-11-05 06:58:00.439874,2025-11-05 07:11:42.124051,Medium-High,Hardware Replacement,True,Engineering
2848,2838,2024-09-20 20:19:55.132627,2024-09-20 20:40:38.332006,Medium,Emergency Maintenance,False,Field Ops
2849,241,2025-10-20 05:44:24.028983,2025-10-20 05:55:16.736858,Medium-High,Configuration Change,False,Field Ops
2850,4228,2024-02-28 19:06:30.764310,2024-02-28 19:30:54.717009,Medium-High,Route Optimization,False,Field Ops
2851,4416,2025-06-18 02:53:57.420719,2025-06-18 06:35:42.696555,High,Emergency Maintenance,False,Field Ops
2852,2063,2025-04-04 17:25:04.864792,2025-04-04 17:33:07.063949,High,Fibre Repair,False,NOC
2853,2688,2024-03-23 13:52:11.044393,2024-03-23 14:37:47.519529,Medium-High,Fibre Repair,False,NOC
2854,391,2024-04-09 03:57:13.137918,2024-04-09 04:18:15.719068,High,Fibre Repair,True,NOC
2855,1819,2025-01-13 11:59:59.730195,2025-01-13 12:26:30.546249,Medium,Power Restoration,False,Field Ops
2856,233,2025-09-11 00:57:02.019157,2025-09-11 01:55:06.661102,High,Power Restoration,False,Vendor
2857,1002,2025-08-25 15:11:44.295349,2025-08-25 15:57:03.891265,High,Route Optimization,False,Engineering
2858,3645,2024-11-29 16:59:16.043615,2024-11-29 17:00:22.119550,Medium-High,Configuration Change,False,Vendor
2859,4281,2025-11-13 09:18:34.842288,2025-11-13 09:39:53.147425,Medium-High,Route Optimization,False,NOC
2860,3487,2025-08-21 22:10:42.034008,2025-08-21 22:45:03.219493,High,Power Restoration,False,Engineering
2861,3610,2024-02-22 15:46:07.966847,2024-02-22 15:58:53.063757,High,Vendor Escalation,False,Vendor
2862,3347,2024-10-07 17:19:28.668022,2024-10-07 17:31:58.934828,Medium-High,Fibre Repair,False,Field Ops
2863,4404,2024-08-02 11:26:05.661547,2024-08-02 12:38:35.675976,High,Software Patch,False,Engineering
2864,3602,2025-03-01 22:04:22.421727,2025-03-01 22:07:11.339190,Medium-High,Emergency Maintenance,False,NOC
2865,3888,2024-06-22 10:11:32.071707,2024-06-22 10:24:16.203019,Medium,Hardware Replacement,False,Engineering
2866,4091,2025-12-07 10:27:36.346526,2025-12-07 10:42:26.578136,Medium-High,Power Restoration,False,Field Ops
2867,3339,2025-10-15 08:49:58.270373,2025-10-15 09:03:27.017391,Medium-High,Route Optimization,False,Engineering
2868,4268,2025-10-04 00:34:09.481176,2025-10-04 01:07:37.508741,Medium-High,Power Restoration,False,NOC
2869,4093,2024-05-29 12:12:48.675419,2024-05-29 12:13:15.955780,Low,Power Restoration,False,Vendor
2870,2091,2024-12-22 09:34:44.961414,2024-12-22 09:57:08.713706,Medium-High,Configuration Change,False,Field Ops
2871,4990,2024-02-16 11:04:47.950897,2024-02-16 11:06:44.275507,Medium-High,Hardware Replacement,False,NOC
2872,4184,2024-02-22 08:16:27.903758,2024-02-22 08:53:31.664209,High,Configuration Change,False,Vendor
2873,4255,2024-04-06 11:01:40.098218,2024-04-06 11:18:50.486478,Medium-High,Fibre Repair,False,Engineering
2874,3444,2025-05-16 22:40:10.715865,2025-05-16 23:13:26.621791,Medium-High,Configuration Change,False,NOC
2875,1209,2024-07-25 22:14:51.536930,2024-07-25 22:19:48.092663,Medium-High,Route Optimization,False,NOC
2876,175,2025-10-29 04:45:00.617620,2025-10-29 04:54:44.126514,Medium-High,Configuration Change,True,Vendor
2877,2926,2025-10-08 15:25:16.950734,2025-10-08 15:34:23.837595,Medium,Route Optimization,True,NOC
2878,2114,2024-02-16 17:10:05.226512,2024-02-16 17:15:16.273731,Medium,Configuration Change,True,Field Ops
2879,2628,2024-04-14 11:41:27.929176,2024-04-14 12:09:40.089968,High,Hardware Replacement,False,Vendor
2880,4381,2024-08-10 17:30:44.935143,2024-08-10 18:18:42.237066,High,Vendor Escalation,False,Engineering
2881,918,2025-08-21 10:28:42.279608,2025-08-21 11:42:36.646024,High,Emergency Maintenance,False,Engineering
2882,2076,2024-11-23 08:35:20.463752,2024-11-23 08:48:41.654811,High,Software Patch,False,Vendor
2883,4433,2025-11-08 18:29:55.028323,2025-11-08 18:45:59.714849,Medium-High,Power Restoration,False,NOC
2884,261,2025-02-04 16:22:36.676704,2025-02-04 16:55:43.007531,Medium,Software Patch,False,Field Ops
2885,3329,2025-05-19 03:11:18.960215,2025-05-19 03:31:12.642532,High,Route Optimization,False,NOC
2886,3594,2025-07-04 15:15:33.925389,2025-07-04 16:12:18.390383,High,Vendor Escalation,False,NOC
2887,3675,2025-04-16 10:40:01.184366,2025-04-16 10:48:08.626355,Medium,Fibre Repair,False,NOC
2888,1024,2025-12-18 21:05:52.875967,2025-12-18 21:20:29.691323,Medium,Fibre Repair,False,Field Ops
2889,422,2025-09-13 13:30:11.862617,2025-09-13 13:43:43.901073,Medium-High,Vendor Escalation,False,NOC
2890,4408,2025-01-02 23:42:39.290171,2025-01-02 23:51:46.092538,Medium-High,Emergency Maintenance,False,Engineering
2891,582,2024-07-22 09:58:38.768470,2024-07-22 10:07:00.420834,High,Emergency Maintenance,False,Field Ops
2892,1134,2024-06-19 09:00:18.916979,2024-06-19 09:09:18.379896,Medium,Hardware Replacement,False,Engineering
2893,3820,2024-05-13 00:51:51.449361,2024-05-13 01:29:17.723124,High,Power Restoration,False,Engineering
2894,219,2025-08-22 12:59:43.921753,2025-08-22 13:04:38.198637,Medium,Fibre Repair,False,NOC
2895,3970,2025-12-11 17:20:11.319576,2025-12-11 19:11:11.969732,High,Vendor Escalation,False,Engineering
2896,518,2025-01-20 12:05:07.903531,2025-01-20 12:20:06.875121,Medium-High,Hardware Replacement,False,Vendor
2897,4288,2024-01-17 15:46:47.366769,2024-01-17 17:52:13.802040,Medium-High,Power Restoration,False,NOC
2898,974,2024-07-25 13:15:05.977118,2024-07-25 13:44:42.993448,High,Fibre Repair,False,Engineering
2899,3610,2024-02-22 15:28:47.746021,2024-02-22 15:51:16.431042,High,Hardware Replacement,False,Engineering
2900,99,2025-05-12 14:35:45.158798,2025-05-12 14:38:30.446535,High,Configuration Change,False,Vendor
2901,2837,2025-12-06 14:48:05.622213,2025-12-06 14:49:55.863984,Medium-High,Configuration Change,False,Field Ops
2902,4184,2024-02-22 07:49:37.477325,2024-02-22 08:05:13.474049,High,Hardware Replacement,False,Engineering
2903,1549,2025-04-04 19:42:52.973702,2025-04-04 19:47:02.411779,Medium,Configuration Change,False,Vendor
2904,3321,2024-02-09 15:31:45.242000,2024-02-09 18:34:26.900974,High,Power Restoration,False,Engineering
2905,2097,2024-04-13 02:19:29.114939,2024-04-13 05:29:17.275386,High,Configuration Change,True,Engineering
2906,210,2025-04-11 21:29:35.659508,2025-04-11 22:16:37.231392,Medium-High,Power Restoration,False,Field Ops
2907,2410,2024-06-30 15:39:30.681527,2024-06-30 15:46:47.567280,Medium-High,Fibre Repair,False,Field Ops
2908,4626,2024-04-24 09:14:21.453531,2024-04-24 09:38:57.617826,Medium-High,Power Restoration,False,Vendor
2909,3325,2024-10-03 14:13:10.645723,2024-10-03 14:19:29.992396,Medium-High,Vendor Escalation,True,Field Ops
2910,2124,2025-10-22 14:33:49.790472,2025-10-22 17:26:26.966088,High,Vendor Escalation,False,Vendor
2911,1438,2024-02-08 04:09:32.952586,2024-02-08 04:49:33.982697,High,Route Optimization,False,NOC
2912,279,2025-02-24 02:58:42.370762,2025-02-24 05:16:53.696717,High,Vendor Escalation,True,Engineering
2913,3488,2024-05-02 08:22:29.825326,2024-05-02 08:27:44.336160,Medium-High,Fibre Repair,False,Field Ops
2914,542,2024-11-10 04:02:03.534508,2024-11-10 04:03:38.555230,Medium,Hardware Replacement,False,Field Ops
2915,2190,2024-10-30 16:12:02.013768,2024-10-30 16:55:24.297691,High,Route Optimization,False,Vendor
2916,4096,2024-12-30 15:41:13.592693,2024-12-30 15:43:45.771339,High,Vendor Escalation,False,NOC
2917,3927,2024-06-12 16:26:10.629603,2024-06-12 16:32:08.414447,Medium,Power Restoration,False,Field Ops
2918,318,2024-08-23 05:48:39.925172,2024-08-23 06:07:23.893435,High,Vendor Escalation,False,NOC
2919,654,2025-10-17 18:11:12.345791,2025-10-17 18:13:04.247808,Medium-High,Power Restoration,False,NOC
2920,4732,2025-08-10 20:10:30.401799,2025-08-10 20:40:46.663422,Medium-High,Route Optimization,False,NOC
2921,3580,2025-03-03 08:23:24.363820,2025-03-03 12:06:24.363820,High,Hardware Replacement,True,Field Ops
2922,4819,2025-04-17 20:33:25.611192,2025-04-17 20:55:15.558363,High,Route Optimization,False,Vendor
2923,62,2025-02-21 14:34:04.623941,2025-02-21 14:45:30.558982,High,Route Optimization,False,Vendor
2924,589,2024-07-03 12:31:14.718230,2024-07-03 13:03:22.362959,Medium-High,Software Patch,False,Field Ops
2925,44,2025-12-20 13:14:59.534464,2025-12-20 13:21:04.585656,Medium,Fibre Repair,True,Vendor
2926,4433,2025-11-08 18:45:44.119287,2025-11-08 19:06:46.001551,Medium-High,Fibre Repair,False,Field Ops
2927,4844,2024-03-11 14:28:29.970358,2024-03-11 15:16:43.248012,High,Vendor Escalation,False,NOC
2928,2882,2024-05-01 17:55:19.408356,2024-05-01 18:05:18.864344,High,Emergency Maintenance,False,Vendor
2929,1999,2024-10-20 08:41:02.533749,2024-10-20 08:43:32.274640,High,Software Patch,False,Engineering
2930,6,2024-10-15 16:47:31.469737,2024-10-15 17:02:25.446055,High,Emergency Maintenance,True,NOC
2931,3059,2024-09-17 18:04:38.710440,2024-09-17 18:13:28.296846,High,Fibre Repair,False,Vendor
2932,3615,2024-04-15 07:55:07.699863,2024-04-15 09:28:28.747536,Medium-High,Power Restoration,False,Vendor
2933,2277,2025-02-18 12:16:12.588892,2025-02-18 13:40:25.853138,Medium,Fibre Repair,False,Engineering
2934,1134,2024-06-19 09:08:23.672609,2024-06-19 09:18:39.628089,Medium,Fibre Repair,False,Vendor
2935,4068,2025-03-27 08:39:38.917161,2025-03-27 08:43:28.061525,Medium-High,Fibre Repair,False,NOC
2936,1893,2024-04-22 11:20:42.793044,2024-04-22 11:26:22.238346,Medium-High,Vendor Escalation,False,NOC
2937,2194,2025-09-04 12:36:05.547361,2025-09-04 15:15:10.957282,High,Hardware Replacement,False,Vendor
2938,2007,2025-05-03 11:48:52.358524,2025-05-03 13:05:09.490578,Medium-High,Configuration Change,False,Field Ops
2939,2343,2025-09-10 14:37:12.664767,2025-09-10 14:39:44.751218,Medium,Route Optimization,False,Field Ops
2940,2585,2024-05-11 03:16:12.714009,2024-05-11 03:28:27.701826,Medium,Software Patch,False,Vendor
2941,594,2025-08-12 11:07:02.526141,2025-08-12 11:40:53.335391,High,Emergency Maintenance,False,Vendor
2942,3159,2024-10-26 14:59:46.435276,2024-10-26 15:21:48.269722,High,Power Restoration,False,NOC
2943,2077,2025-11-04 03:39:57.500410,2025-11-04 04:05:20.292932,Medium,Configuration Change,False,Field Ops
2944,3611,2025-11-28 11:30:42.802238,2025-11-28 11:36:56.173016,Medium,Hardware Replacement,False,NOC
2945,1674,2024-12-11 08:46:10.536937,2024-12-11 08:51:58.625331,Medium,Software Patch,False,NOC
2946,2626,2025-09-25 12:02:40.781164,2025-09-25 12:14:35.086733,Medium,Emergency Maintenance,False,Engineering
2947,1671,2024-02-22 09:42:53.172192,2024-02-22 09:44:50.702891,Medium,Vendor Escalation,False,Field Ops
2948,3936,2025-03-18 08:01:28.665187,2025-03-18 09:31:20.616097,High,Software Patch,False,Vendor
2949,3429,2024-08-12 14:36:08.482940,2024-08-12 15:32:32.838161,High,Hardware Replacement,False,Field Ops
2950,2576,2024-11-27 06:31:05.245431,2024-11-27 06:33:34.841624,Medium,Fibre Repair,False,Field Ops
2951,2973,2024-09-24 20:18:44.821865,2024-09-24 20:28:22.433748,Medium,Configuration Change,True,Engineering
2952,3770,2024-02-04 16:39:48.143167,2024-02-04 17:25:05.539283,High,Hardware Replacement,False,Vendor
2953,1667,2024-11-16 21:19:48.345810,2024-11-16 21:36:59.412044,Medium-High,Hardware Replacement,False,NOC
2954,683,2024-05-20 21:09:02.827431,2024-05-20 22:03:00.264707,Medium-High,Emergency Maintenance,False,Vendor
2955,4176,2024-11-25 14:20:58.793338,2024-11-25 15:43:59.724983,High,Route Optimization,False,NOC
2956,804,2024-08-21 16:22:36.892708,2024-08-21 16:26:58.987837,Medium,Configuration Change,False,Engineering
2957,4645,2025-06-08 03:37:58.251130,2025-06-08 03:49:21.068657,Medium-High,Fibre Repair,True,NOC
2958,1650,2024-08-01 15:07:38.970502,2024-08-01 15:09:45.820303,Medium-High,Emergency Maintenance,True,NOC
2959,2682,2025-08-21 06:40:46.807309,2025-08-21 06:51:19.198071,Medium,Power Restoration,False,NOC
2960,2505,2025-12-25 11:20:17.007659,2025-12-25 11:22:14.265459,Medium,Emergency Maintenance,False,Vendor
2961,3145,2025-08-02 20:41:38.921832,2025-08-02 20:49:14.636119,Medium,Route Optimization,True,Engineering
2962,4889,2025-01-29 06:39:30.796631,2025-01-29 06:57:36.480733,High,Emergency Maintenance,False,Field Ops
2963,3594,2025-07-04 15:18:55.470702,2025-07-04 17:00:55.470702,High,Vendor Escalation,False,Field Ops
2964,4278,2024-11-11 08:19:25.022377,2024-11-11 08:23:55.766201,Medium-High,Fibre Repair,False,Vendor
2965,2479,2025-01-21 03:45:40.713362,2025-01-21 04:21:41.690736,High,Vendor Escalation,False,NOC
2966,4791,2024-01-08 22:48:12.029999,2024-01-08 23:13:14.245150,High,Fibre Repair,False,Vendor
2967,3824,2024-08-27 20:02:10.937809,2024-08-27 20:19:25.227106,Medium-High,Route Optimization,True,NOC
2968,3082,2025-08-26 18:57:41.310039,2025-08-26 20:27:12.851090,High,Power Restoration,False,NOC
2969,4956,2024-01-09 07:30:46.708327,2024-01-09 07:52:07.687581,High,Vendor Escalation,False,Engineering
2970,3453,2025-04-21 12:50:35.141285,2025-04-21 14:42:56.779954,High,Configuration Change,False,Engineering
2971,473,2024-08-12 16:25:32.053746,2024-08-12 16:37:09.144604,Medium,Emergency Maintenance,False,Vendor
2972,2787,2024-07-17 02:33:58.478519,2024-07-17 02:48:22.528162,High,Vendor Escalation,False,Engineering
2973,2010,2024-10-31 12:34:44.909555,2024-10-31 12:40:24.972171,Medium,Vendor Escalation,False,Field Ops
2974,1660,2025-07-31 11:56:50.285994,2025-07-31 12:35:56.729379,Medium-High,Emergency Maintenance,False,Vendor
2975,4123,2025-12-14 20:21:45.756808,2025-12-14 21:05:16.351177,Medium-High,Route Optimization,False,NOC
2976,396,2025-06-27 18:05:21.553094,2025-06-27 18:06:27.865301,Medium,Software Patch,True,NOC
2977,4626,2024-04-24 09:34:24.711935,2024-04-24 09:55:30.820264,Medium-High,Fibre Repair,False,Engineering
2978,3106,2024-11-11 20:48:43.121449,2024-11-11 20:56:59.901516,High,Configuration Change,False,Field Ops
2979,1383,2025-12-26 11:47:30.119776,2025-12-26 11:58:31.759229,High,Fibre Repair,False,Vendor
2980,124,2024-07-25 09:15:36.639784,2024-07-25 09:16:36.871146,Medium-High,Vendor Escalation,False,Engineering
2981,3816,2025-01-18 19:04:09.161895,2025-01-18 19:06:01.470142,Medium,Vendor Escalation,False,Vendor
2982,1126,2024-10-29 15:25:37.013724,2024-10-29 16:13:42.813255,High,Route Optimization,False,NOC
2983,1221,2025-09-06 01:17:23.294162,2025-09-06 01:31:44.034434,Medium-High,Power Restoration,False,NOC
2984,3524,2025-06-21 08:45:13.348918,2025-06-21 08:46:48.538679,Medium,Power Restoration,False,Vendor
2985,2884,2025-03-11 12:13:50.539668,2025-03-11 12:17:11.725443,Medium,Emergency Maintenance,False,Field Ops
2986,2396,2024-08-04 20:59:40.273044,2024-08-04 21:44:34.142065,High,Software Patch,False,Field Ops
2987,3286,2024-10-16 08:44:29.403144,2024-10-16 09:17:32.645486,High,Power Restoration,False,Field Ops
2988,589,2024-07-03 12:30:41.536758,2024-07-03 12:36:30.600429,Medium-High,Software Patch,False,Vendor
2989,4900,2024-02-27 08:07:44.560391,2024-02-27 08:23:32.085246,Medium-High,Software Patch,False,Vendor
2990,4936,2025-02-04 09:16:36.704197,2025-02-04 09:37:26.827166,Medium,Software Patch,False,Vendor
2991,4812,2024-02-16 15:36:58.403298,2024-02-16 15:49:45.158357,Medium,Vendor Escalation,False,NOC
2992,1128,2024-11-27 17:38:39.326793,2024-11-27 17:41:11.778435,Medium,Route Optimization,False,Vendor
2993,4511,2025-12-21 05:34:00.659448,2025-12-21 06:16:14.877257,Medium-High,Hardware Replacement,False,NOC
2994,4467,2024-06-20 00:15:03.943882,2024-06-20 01:35:41.480707,High,Fibre Repair,False,Field Ops
2995,4558,2024-07-20 13:24:46.598090,2024-07-20 13:45:29.971363,Low,Route Optimization,False,Field Ops
2996,4430,2025-04-03 06:25:22.611177,2025-04-03 06:32:31.411137,Medium-High,Configuration Change,False,NOC
2997,3171,2025-02-14 00:13:56.139955,2025-02-14 00:14:21.634544,Medium,Configuration Change,True,Vendor
2998,1597,2025-07-21 19:10:33.139480,2025-07-21 19:25:24.069086,High,Route Optimization,False,Field Ops
2999,756,2024-07-26 09:23:45.774931,2024-07-26 09:54:24.496449,Medium-High,Configuration Change,True,Vendor
3000,111,2025-12-11 08:24:36.529947,2025-12-11 08:44:54.934780,High,Fibre Repair,True,NOC
