Incident_ID,Site_ID,Element_ID,Element_Type,Vendor_ID,Root_Cause_ID,Incident_Start_Time,Incident_End_Time,Duration_Minutes,Severity_Level,Customers_Affected,SLA_Breached,Alarm_Count,Is_Resolved_Within_SLA,Business_Impact_Score
1,362,380,Transmission Equipment,2,5,2025-10-20 12:55:04,2025-10-20 13:14:04,19,Minor,105,False,5,True,2.9
2,129,137,Transmission Equipment,5,7,2025-07-02 17:30:48,2025-07-02 18:00:48,30,Minor,191,False,2,True,8.0
3,414,226,Router/Switch,5,6,2024-12-09 08:57:36,2024-12-09 10:59:36,122,Critical,578,True,5,False,3.0
4,198,145,Core Network Node,1,5,2024-12-24 22:46:33,2024-12-24 22:50:33,4,Warning,19,False,4,True,9.5
5,460,337,Power System,3,5,2024-12-31 10:14:18,2024-12-31 11:20:18,66,Major,259,True,1,False,6.5
6,91,124,Power System,2,2,2024-10-15 16:33:01,2024-10-15 18:58:01,145,Critical,310,True,1,False,8.8
7,356,127,Radio Base Station,5,5,2024-04-22 09:06:02,2024-04-22 09:16:02,10,Minor,180,False,1,True,7.5
8,2,279,Power System,4,6,2024-06-12 16:23:41,2024-06-12 16:44:41,21,Minor,69,False,3,True,4.3
9,323,529,Antenna System,2,1,2024-10-21 23:16:06,2024-10-21 23:48:06,32,Minor,118,False,5,True,7.3
10,483,950,Radio Base Station,2,4,2025-08-17 13:03:12,2025-08-17 13:41:12,38,Minor,134,False,2,True,9.5
11,157,30,Power System,1,1,2024-03-03 16:51:28,2024-03-03 17:01:28,10,Major,281,False,2,True,9.0
12,100,503,Radio Base Station,2,6,2025-08-01 13:48:33,2025-08-01 13:50:33,2,Minor,155,False,4,True,6.1
13,307,422,Router/Switch,5,4,2024-03-09 00:50:40,2024-03-09 01:30:40,40,Minor,174,False,3,True,3.2
14,205,378,Antenna System,5,5,2024-08-02 12:00:25,2024-08-02 17:29:25,329,Critical,376,True,3,False,6.5
15,187,178,Power System,1,1,2024-05-28 09:19:37,2024-05-28 09:39:37,20,Minor,199,False,5,True,8.6
16,212,143,Radio Base Station,5,7,2024-12-24 14:35:35,2024-12-24 14:53:35,18,Major,202,False,2,True,9.1
17,361,883,Core Network Node,5,1,2025-09-03 16:49:42,2025-09-03 17:47:42,58,Critical,401,True,3,False,1.2
18,88,329,Transmission Equipment,1,6,2025-09-19 11:06:41,2025-09-19 11:19:41,13,Major,247,False,4,True,8.0
19,135,482,Antenna System,4,2,2025-02-28 07:46:12,2025-02-28 08:16:12,30,Major,434,False,2,True,7.9
20,461,244,Radio Base Station,2,7,2025-04-25 19:44:39,2025-04-25 19:52:39,8,Minor,78,False,1,True,3.7
21,355,637,Core Network Node,5,5,2025-04-19 15:15:58,2025-04-19 15:32:58,17,Minor,95,False,4,True,9.9
22,241,463,Core Network Node,1,5,2025-05-11 05:29:43,2025-05-11 05:31:43,2,Warning,31,False,3,True,8.9
23,339,311,Transmission Equipment,5,4,2024-08-29 16:50:02,2024-08-29 17:06:02,16,Warning,47,False,1,True,2.7
24,258,132,Router/Switch,1,3,2025-07-25 08:10:43,2025-07-25 08:55:43,45,Major,354,False,3,True,9.1
25,182,888,Antenna System,2,4,2025-08-13 16:56:14,2025-08-13 18:08:14,72,Major,273,True,3,False,6.4
26,481,96,Core Network Node,1,2,2025-12-20 11:23:23,2025-12-20 11:27:23,4,Minor,126,False,3,True,6.1
27,202,530,Router/Switch,4,5,2025-05-08 07:51:51,2025-05-08 07:59:51,8,Warning,33,False,3,True,3.4
28,176,815,Transmission Equipment,5,3,2024-06-30 14:26:14,2024-06-30 15:00:14,34,Major,262,False,4,True,5.0
29,237,871,Transmission Equipment,3,3,2025-12-19 13:34:38,2025-12-19 14:20:38,46,Minor,81,False,1,True,6.8
30,362,9,Transmission Equipment,4,6,2025-11-20 15:15:19,2025-11-20 15:31:19,16,Major,237,False,1,True,1.1
31,288,421,Antenna System,3,4,2024-07-09 11:25:30,2024-07-09 11:57:30,32,Major,209,False,0,True,8.0
32,19,161,Transmission Equipment,1,6,2025-05-19 15:56:49,2025-05-19 17:09:49,73,Critical,751,True,6,False,9.5
33,436,945,Transmission Equipment,4,8,2024-03-28 17:01:31,2024-03-28 17:18:31,17,Minor,132,False,6,True,2.5
34,344,925,Power System,2,1,2024-10-19 10:07:35,2024-10-19 11:01:35,54,Critical,555,True,0,False,8.0
35,102,216,Transmission Equipment,3,3,2024-01-05 10:03:41,2024-01-05 10:33:41,30,Minor,83,False,2,True,2.4
36,93,496,Antenna System,3,4,2024-04-27 11:02:45,2024-04-27 11:50:45,48,Major,452,False,1,True,1.3
37,475,98,Router/Switch,4,7,2025-08-12 09:39:41,2025-08-12 10:27:41,48,Major,226,False,4,True,2.8
38,227,625,Power System,4,9,2025-10-06 06:55:23,2025-10-06 07:34:23,39,Major,374,False,3,True,9.5
39,193,446,Router/Switch,2,4,2024-04-09 01:28:57,2024-04-09 02:22:57,54,Critical,310,True,5,False,9.9
40,499,138,Transmission Equipment,3,1,2025-07-06 14:20:15,2025-07-06 14:26:15,6,Minor,169,False,2,True,7.9
41,233,201,Transmission Equipment,5,3,2024-05-16 03:04:56,2024-05-16 04:50:56,106,Major,305,True,4,False,1.3
42,82,53,Router/Switch,1,5,2025-08-03 18:48:25,2025-08-03 19:20:25,32,Minor,135,False,2,True,5.3
43,11,309,Transmission Equipment,4,1,2024-09-21 12:37:27,2024-09-21 14:34:27,117,Major,507,True,3,False,5.6
44,182,319,Transmission Equipment,2,2,2025-12-20 12:59:00,2025-12-20 13:11:00,12,Minor,116,False,5,True,2.1
45,440,726,Transmission Equipment,4,9,2025-11-28 15:36:39,2025-11-28 16:15:39,39,Major,273,False,2,True,3.9
46,228,804,Power System,1,3,2024-05-31 08:27:10,2024-05-31 08:32:10,5,Warning,36,False,4,True,8.0
47,436,74,Router/Switch,1,2,2025-04-06 12:43:34,2025-04-06 12:54:34,11,Warning,29,False,6,True,6.8
48,339,114,Transmission Equipment,1,7,2025-11-28 04:33:07,2025-11-28 04:43:07,10,Warning,36,False,2,True,7.7
49,65,693,Radio Base Station,3,3,2025-12-22 22:51:38,2025-12-22 23:37:38,46,Major,356,False,5,True,8.9
50,48,790,Router/Switch,1,2,2024-02-11 13:20:15,2024-02-11 14:15:15,55,Minor,184,False,2,True,9.3
51,143,754,Router/Switch,5,2,2024-07-04 14:31:23,2024-07-04 14:39:23,8,Warning,27,False,2,True,4.3
52,428,656,Core Network Node,1,3,2024-11-05 01:26:41,2024-11-05 01:59:41,33,Minor,125,False,3,True,7.2
53,137,655,Power System,1,2,2024-02-15 21:58:32,2024-02-15 23:24:32,86,Critical,424,True,3,False,3.7
54,112,820,Radio Base Station,4,5,2024-05-01 00:45:55,2024-05-01 01:24:55,39,Major,239,False,4,True,1.2
55,450,333,Antenna System,4,4,2024-03-30 05:40:10,2024-03-30 05:50:10,10,Minor,98,False,2,True,8.6
56,410,735,Router/Switch,4,2,2025-08-03 14:43:23,2025-08-03 16:25:23,102,Critical,500,True,6,False,2.4
57,321,601,Transmission Equipment,1,5,2025-06-19 02:10:36,2025-06-19 02:28:36,18,Major,243,False,6,True,1.1
58,384,893,Radio Base Station,5,4,2025-12-03 23:43:25,2025-12-04 00:18:25,35,Minor,108,False,2,True,9.1
59,362,640,Router/Switch,5,1,2024-12-21 16:07:45,2024-12-21 16:14:45,7,Minor,86,False,5,True,3.1
60,476,756,Radio Base Station,2,5,2025-12-09 15:45:29,2025-12-09 16:29:29,44,Critical,552,True,4,False,3.3
61,10,380,Antenna System,5,4,2024-12-25 12:58:06,2024-12-25 13:57:06,59,Major,275,False,6,True,3.7
62,159,415,Antenna System,1,1,2025-02-21 14:20:45,2025-02-21 15:12:45,52,Critical,413,True,1,False,3.5
63,424,561,Transmission Equipment,1,2,2025-12-30 22:48:00,2025-12-31 00:04:00,76,Major,196,True,2,False,8.7
64,263,436,Router/Switch,3,5,2024-11-06 13:15:56,2024-11-06 13:22:56,7,Warning,38,False,7,True,6.6
65,441,197,Router/Switch,5,2,2024-03-20 15:33:48,2024-03-20 17:04:48,91,Critical,309,True,4,False,5.3
66,397,575,Router/Switch,2,2,2024-04-04 16:07:58,2024-04-04 16:08:58,1,Minor,104,False,3,True,4.4
67,323,738,Radio Base Station,2,8,2024-10-21 15:55:34,2024-10-21 17:08:34,73,Major,323,True,5,False,2.7
68,323,273,Transmission Equipment,2,1,2025-01-12 07:28:10,2025-01-12 08:35:10,67,Major,236,True,1,False,6.1
69,99,639,Power System,4,4,2024-06-28 16:52:16,2024-06-28 17:39:16,47,Minor,91,False,2,True,1.4
70,199,47,Router/Switch,5,2,2025-05-12 11:59:10,2025-05-12 12:15:10,16,Minor,100,False,2,True,9.0
71,351,639,Core Network Node,4,3,2025-07-07 13:37:30,2025-07-07 13:52:30,15,Minor,136,False,2,True,8.1
72,162,541,Core Network Node,5,3,2024-11-13 21:25:26,2024-11-13 21:37:26,12,Major,472,False,3,True,8.2
73,90,870,Transmission Equipment,4,4,2024-01-20 08:40:44,2024-01-20 08:42:44,2,Warning,27,False,4,True,1.3
74,261,329,Radio Base Station,3,6,2024-08-09 18:02:52,2024-08-09 19:45:52,103,Major,415,True,3,False,6.2
75,174,263,Router/Switch,5,1,2024-11-06 10:33:01,2024-11-06 11:30:01,57,Minor,127,False,1,True,2.2
76,273,87,Core Network Node,1,4,2025-10-22 11:34:26,2025-10-22 11:36:26,2,Minor,131,False,2,True,4.5
77,370,442,Transmission Equipment,1,2,2025-03-04 17:42:55,2025-03-04 18:15:55,33,Minor,79,False,8,True,2.5
78,435,637,Radio Base Station,1,6,2024-01-11 17:12:20,2024-01-11 17:26:20,14,Major,188,False,1,True,1.3
79,488,461,Antenna System,4,3,2025-05-09 10:26:03,2025-05-09 10:31:03,5,Warning,28,False,3,True,8.4
80,321,566,Power System,3,3,2024-05-07 14:17:21,2024-05-07 16:56:21,159,Critical,497,True,2,False,5.9
81,123,475,Transmission Equipment,5,2,2025-04-30 15:15:26,2025-04-30 16:48:26,93,Critical,532,True,5,False,6.8
82,460,701,Antenna System,4,2,2025-01-07 08:23:39,2025-01-07 09:15:39,52,Minor,152,False,3,True,7.0
83,283,24,Core Network Node,1,2,2025-04-20 00:17:56,2025-04-20 01:13:56,56,Major,288,False,7,True,7.6
84,461,175,Antenna System,4,6,2025-01-06 14:51:04,2025-01-06 15:07:04,16,Minor,85,False,3,True,2.0
85,131,813,Transmission Equipment,1,9,2024-04-29 15:44:19,2024-04-29 16:33:19,49,Critical,479,True,4,False,1.6
86,89,177,Core Network Node,5,5,2025-04-15 17:11:26,2025-04-15 17:18:26,7,Minor,135,False,4,True,8.5
87,221,320,Router/Switch,3,4,2025-07-29 16:42:25,2025-07-29 17:08:25,26,Minor,82,False,2,True,6.1
88,290,878,Core Network Node,5,2,2025-01-25 13:08:43,2025-01-25 13:27:43,19,Warning,20,False,3,True,6.8
89,117,17,Core Network Node,2,5,2024-12-18 23:46:54,2024-12-19 00:25:54,39,Critical,341,True,2,False,2.6
90,69,141,Router/Switch,4,2,2024-05-04 12:16:58,2024-05-04 12:36:58,20,Minor,184,False,3,True,1.2
91,387,690,Router/Switch,4,2,2024-01-09 13:55:38,2024-01-09 15:49:38,114,Major,222,True,3,False,4.2
92,175,368,Power System,4,5,2025-02-27 09:47:05,2025-02-27 10:19:05,32,Major,188,False,3,True,1.7
93,264,686,Transmission Equipment,3,8,2024-07-15 12:56:04,2024-07-15 13:47:04,51,Major,380,False,2,True,5.3
94,183,801,Core Network Node,2,5,2025-10-18 03:58:11,2025-10-18 05:35:11,97,Critical,368,True,3,False,9.5
95,494,31,Core Network Node,1,6,2024-08-28 14:10:47,2024-08-28 14:24:47,14,Minor,136,False,2,True,8.8
96,209,710,Core Network Node,1,1,2024-12-15 20:18:20,2024-12-15 20:21:20,3,Minor,116,False,2,True,2.0
97,282,623,Router/Switch,5,3,2025-01-02 16:38:20,2025-01-02 16:51:20,13,Warning,19,False,3,True,5.5
98,369,707,Radio Base Station,5,2,2024-05-27 12:52:44,2024-05-27 15:38:44,166,Critical,445,True,8,False,6.0
99,225,642,Transmission Equipment,4,3,2025-05-12 14:34:44,2025-05-12 14:42:44,8,Critical,479,False,2,True,9.7
100,475,23,Router/Switch,4,2,2025-09-14 17:42:28,2025-09-14 17:58:28,16,Major,308,False,4,True,9.5
101,88,44,Power System,2,5,2025-09-03 16:50:32,2025-09-03 17:19:32,29,Major,278,False,3,True,8.9
102,474,331,Power System,2,4,2024-01-14 10:36:19,2024-01-14 11:16:19,40,Minor,174,False,0,True,8.8
103,129,646,Transmission Equipment,5,6,2024-12-06 21:14:15,2024-12-06 21:20:15,6,Warning,37,False,3,True,8.2
104,100,104,Transmission Equipment,3,6,2025-04-16 00:36:07,2025-04-16 01:14:07,38,Minor,146,False,4,True,7.2
105,482,428,Radio Base Station,1,5,2025-03-30 18:34:41,2025-03-30 18:51:41,17,Minor,95,False,1,True,7.4
106,154,194,Power System,4,8,2025-12-09 09:12:38,2025-12-09 09:15:38,3,Minor,112,False,4,True,7.1
107,237,801,Core Network Node,3,3,2025-11-26 16:36:56,2025-11-26 17:26:56,50,Major,184,False,1,True,2.9
108,494,52,Router/Switch,2,3,2025-12-03 08:02:37,2025-12-03 10:23:37,141,Critical,646,True,6,False,6.2
109,189,325,Radio Base Station,3,7,2024-03-06 23:09:37,2024-03-06 23:41:37,32,Minor,188,False,1,True,4.8
110,214,484,Transmission Equipment,3,5,2024-03-11 16:48:08,2024-03-11 17:22:08,34,Minor,92,False,2,True,7.8
111,221,538,Core Network Node,4,6,2025-12-11 08:20:21,2025-12-11 09:47:21,87,Critical,427,True,2,False,8.6
112,103,719,Router/Switch,1,5,2024-02-12 11:37:40,2024-02-12 11:43:40,6,Minor,73,False,2,True,9.5
113,167,184,Power System,4,9,2025-12-31 08:35:02,2025-12-31 08:40:02,5,Minor,87,False,1,True,7.9
114,463,661,Router/Switch,2,4,2024-07-24 03:07:10,2024-07-24 03:11:10,4,Warning,28,False,7,True,10.0
115,261,172,Radio Base Station,2,6,2024-08-24 00:06:17,2024-08-24 00:29:17,23,Minor,131,False,2,True,8.5
116,444,309,Antenna System,2,7,2024-10-12 11:54:07,2024-10-12 12:37:07,43,Major,440,False,6,True,5.9
117,70,145,Core Network Node,3,4,2024-03-05 16:59:01,2024-03-05 17:21:01,22,Minor,102,False,1,True,6.7
118,209,309,Antenna System,5,3,2025-05-27 18:53:16,2025-05-27 19:05:16,12,Minor,141,False,1,True,9.8
119,382,289,Core Network Node,5,2,2024-07-11 17:38:50,2024-07-11 17:44:50,6,Minor,163,False,4,True,10.0
120,20,583,Radio Base Station,1,2,2024-04-06 02:47:26,2024-04-06 03:11:26,24,Minor,84,False,4,True,6.8
121,83,61,Antenna System,3,6,2024-12-08 23:02:04,2024-12-08 23:35:04,33,Major,384,False,4,True,1.4
122,249,230,Power System,3,1,2024-08-23 14:20:04,2024-08-23 14:43:04,23,Major,420,False,1,True,3.4
123,357,611,Antenna System,1,3,2025-06-21 07:19:43,2025-06-21 07:48:43,29,Major,195,False,4,True,8.3
124,384,712,Antenna System,3,7,2024-07-25 08:52:36,2024-07-25 09:40:36,48,Major,199,False,4,True,4.6
125,194,809,Power System,3,3,2024-10-02 10:01:44,2024-10-02 11:38:44,97,Major,193,True,3,False,9.9
126,123,514,Power System,2,6,2025-02-03 16:13:01,2025-02-03 19:31:01,198,Critical,610,True,6,False,7.1
127,292,998,Radio Base Station,3,5,2025-04-13 07:40:27,2025-04-13 07:48:27,8,Warning,26,False,4,True,6.1
128,103,364,Transmission Equipment,1,1,2024-12-29 09:22:18,2024-12-29 10:11:18,49,Minor,128,False,1,True,2.3
129,185,129,Router/Switch,2,2,2024-05-19 09:49:29,2024-05-19 10:52:29,63,Major,179,True,1,False,6.6
130,484,37,Router/Switch,4,1,2024-04-03 01:09:23,2024-04-03 01:18:23,9,Warning,31,False,2,True,7.5
131,73,268,Antenna System,1,1,2025-05-28 12:38:16,2025-05-28 12:50:16,12,Minor,121,False,5,True,6.8
132,369,644,Core Network Node,3,6,2024-12-16 15:24:22,2024-12-16 15:43:22,19,Minor,107,False,4,True,3.0
133,61,344,Radio Base Station,1,4,2024-12-05 15:01:21,2024-12-05 15:30:21,29,Minor,133,False,3,True,7.3
134,102,120,Core Network Node,3,7,2024-04-13 19:20:00,2024-04-13 19:33:00,13,Minor,84,False,1,True,9.3
135,115,663,Core Network Node,1,2,2025-06-06 09:46:01,2025-06-06 09:51:01,5,Warning,34,False,4,True,1.9
136,86,365,Power System,4,5,2024-06-13 03:16:25,2024-06-13 03:21:25,5,Minor,144,False,6,True,2.7
137,224,255,Radio Base Station,5,5,2024-04-11 15:26:49,2024-04-11 15:50:49,24,Major,223,False,1,True,7.5
138,332,423,Transmission Equipment,2,4,2024-06-16 17:24:11,2024-06-16 18:43:11,79,Critical,489,True,5,False,7.3
139,260,647,Radio Base Station,4,6,2024-07-23 09:44:21,2024-07-23 10:38:21,54,Major,252,False,2,True,5.2
140,162,983,Antenna System,4,6,2025-02-14 13:30:24,2025-02-14 13:52:24,22,Minor,190,False,5,True,5.8
141,74,486,Transmission Equipment,1,3,2024-05-24 11:00:19,2024-05-24 13:21:19,141,Critical,387,True,4,False,4.2
142,198,141,Transmission Equipment,2,3,2025-09-13 09:36:46,2025-09-13 09:41:46,5,Warning,22,False,6,True,6.4
143,52,529,Power System,3,5,2024-10-24 12:43:43,2024-10-24 12:55:43,12,Minor,151,False,3,True,5.5
144,234,430,Power System,2,5,2024-12-22 09:10:27,2024-12-22 09:50:27,40,Critical,488,True,5,False,7.8
145,209,980,Transmission Equipment,1,1,2024-05-26 05:44:31,2024-05-26 05:55:31,11,Major,470,False,3,True,4.3
146,11,417,Antenna System,1,6,2024-05-17 16:48:07,2024-05-17 17:05:07,17,Minor,157,False,2,True,9.9
147,458,112,Power System,4,1,2025-05-11 20:18:40,2025-05-11 21:04:40,46,Major,340,False,1,True,9.1
148,112,137,Router/Switch,3,1,2025-03-21 00:53:39,2025-03-21 01:09:39,16,Major,297,False,2,True,8.9
149,392,171,Power System,3,2,2024-10-15 16:44:43,2024-10-15 17:09:43,25,Minor,128,False,1,True,4.8
150,190,581,Transmission Equipment,2,3,2024-03-18 10:00:39,2024-03-18 10:37:39,37,Minor,160,False,2,True,9.6
151,28,223,Power System,3,1,2025-04-09 17:46:32,2025-04-09 18:53:32,67,Major,162,True,7,False,8.2
152,36,373,Antenna System,4,3,2024-04-07 16:59:59,2024-04-07 21:00:59,241,Critical,392,True,5,False,6.3
153,129,613,Core Network Node,3,1,2025-12-09 15:17:39,2025-12-09 15:39:39,22,Major,453,False,1,True,8.6
154,340,593,Power System,2,2,2024-06-26 04:59:22,2024-06-26 05:02:22,3,Minor,92,False,5,True,7.8
155,340,726,Transmission Equipment,1,2,2024-07-03 14:31:07,2024-07-03 15:02:07,31,Major,243,False,4,True,4.8
156,280,323,Power System,3,2,2025-12-24 18:25:38,2025-12-24 19:36:38,71,Major,206,True,4,False,8.4
157,303,304,Router/Switch,4,1,2025-12-14 06:28:45,2025-12-14 08:01:45,93,Critical,754,True,3,False,9.7
158,56,154,Antenna System,5,5,2025-11-16 14:52:47,2025-11-16 15:09:47,17,Minor,84,False,4,True,4.0
159,60,643,Router/Switch,5,2,2025-12-19 19:55:31,2025-12-19 23:50:31,235,Critical,410,True,7,False,5.5
160,97,163,Core Network Node,1,8,2025-06-19 03:23:55,2025-06-19 04:04:55,41,Major,288,False,0,True,6.6
161,447,105,Power System,5,6,2024-10-06 15:44:56,2024-10-06 16:03:56,19,Minor,141,False,3,True,2.6
162,38,813,Core Network Node,4,6,2025-06-19 12:58:31,2025-06-19 13:06:31,8,Minor,104,False,0,True,5.3
163,463,336,Transmission Equipment,2,4,2025-01-25 18:58:42,2025-01-25 19:00:42,2,Major,258,False,2,True,2.4
164,270,529,Radio Base Station,3,2,2025-04-09 08:06:12,2025-04-09 08:55:12,49,Minor,108,False,2,True,4.1
165,340,912,Antenna System,2,2,2025-09-16 21:49:32,2025-09-16 22:44:32,55,Major,327,False,3,True,9.7
166,192,845,Transmission Equipment,3,1,2024-11-27 02:45:07,2024-11-27 03:05:07,20,Warning,31,False,3,True,3.3
167,245,36,Core Network Node,5,6,2025-01-28 20:46:57,2025-01-28 21:15:57,29,Minor,79,False,4,True,9.7
168,408,801,Power System,3,2,2024-04-24 18:46:41,2024-04-24 19:22:41,36,Major,180,False,0,True,2.5
169,262,909,Power System,2,4,2024-11-30 13:34:33,2024-11-30 14:52:33,78,Minor,69,False,2,True,5.9
170,74,675,Transmission Equipment,5,9,2024-06-17 09:55:43,2024-06-17 10:00:43,5,Warning,18,False,2,True,9.5
171,455,965,Antenna System,5,6,2024-12-02 09:52:28,2024-12-02 09:57:28,5,Warning,29,False,3,True,7.9
172,309,414,Antenna System,5,2,2025-04-26 12:37:48,2025-04-26 12:57:48,20,Major,381,False,4,True,8.4
173,421,945,Antenna System,2,4,2025-05-10 02:13:19,2025-05-10 02:37:19,24,Minor,127,False,5,True,8.1
174,232,6,Antenna System,5,9,2025-05-23 18:36:33,2025-05-23 18:42:33,6,Minor,97,False,3,True,1.9
175,303,924,Power System,2,1,2025-10-29 04:14:53,2025-10-29 04:34:53,20,Major,412,False,2,True,8.5
176,71,937,Antenna System,1,6,2025-04-02 15:29:04,2025-04-02 15:38:04,9,Minor,123,False,3,True,3.4
177,440,323,Router/Switch,1,7,2024-05-02 09:16:19,2024-05-02 09:22:19,6,Warning,31,False,5,True,6.0
178,163,264,Radio Base Station,2,1,2025-07-30 22:37:00,2025-07-30 23:17:00,40,Major,457,False,4,True,5.2
179,394,283,Radio Base Station,5,2,2025-01-26 17:41:46,2025-01-26 18:02:46,21,Minor,103,False,2,True,8.5
180,43,224,Radio Base Station,4,2,2024-03-12 02:36:05,2024-03-12 03:27:05,51,Major,304,False,3,True,7.2
181,417,988,Transmission Equipment,1,2,2024-10-30 00:23:55,2024-10-30 00:58:55,35,Major,319,False,4,True,5.9
182,7,901,Power System,3,5,2024-12-17 03:14:27,2024-12-17 03:29:27,15,Minor,192,False,1,True,6.2
183,111,840,Core Network Node,5,4,2024-03-28 13:47:30,2024-03-28 13:57:30,10,Minor,78,False,2,True,1.2
184,310,627,Radio Base Station,3,1,2024-04-24 15:05:30,2024-04-24 15:16:30,11,Major,203,False,3,True,1.2
185,341,595,Transmission Equipment,4,3,2025-10-03 01:24:51,2025-10-03 02:33:51,69,Critical,461,True,7,False,6.9
186,160,924,Radio Base Station,2,3,2025-07-10 09:39:18,2025-07-10 09:56:18,17,Minor,98,False,2,True,4.2
187,329,547,Router/Switch,5,9,2025-06-20 16:28:30,2025-06-20 16:44:30,16,Major,230,False,8,True,6.4
188,121,973,Router/Switch,4,4,2025-03-22 02:58:06,2025-03-22 03:06:06,8,Minor,95,False,2,True,8.4
189,276,854,Radio Base Station,1,5,2025-06-22 14:59:44,2025-06-22 15:10:44,11,Major,226,False,3,True,1.4
190,108,915,Core Network Node,1,2,2024-06-11 14:55:04,2024-06-11 15:38:04,43,Minor,85,False,0,True,8.9
191,178,283,Transmission Equipment,2,5,2025-08-22 09:29:59,2025-08-22 10:38:59,69,Critical,452,True,5,False,9.9
192,349,873,Router/Switch,3,1,2025-08-17 02:59:32,2025-08-17 03:15:32,16,Major,268,False,8,True,4.8
193,284,899,Transmission Equipment,5,2,2024-04-29 11:55:02,2024-04-29 12:34:02,39,Critical,416,True,6,False,4.8
194,282,116,Antenna System,4,4,2025-03-11 13:46:32,2025-03-11 13:56:32,10,Minor,106,False,2,True,8.0
195,70,403,Transmission Equipment,1,3,2024-12-16 14:46:29,2024-12-16 15:21:29,35,Minor,99,False,3,True,3.1
196,287,165,Router/Switch,3,8,2025-05-23 17:58:31,2025-05-23 18:49:31,51,Critical,404,True,3,False,2.3
197,178,22,Core Network Node,5,3,2025-07-29 12:34:20,2025-07-29 13:19:20,45,Major,437,False,1,True,5.5
198,317,743,Router/Switch,5,1,2024-12-16 17:41:10,2024-12-16 18:41:10,60,Critical,361,True,5,False,7.1
199,18,603,Antenna System,1,3,2024-07-17 09:48:41,2024-07-17 10:15:41,27,Minor,90,False,2,True,5.5
200,400,281,Core Network Node,3,9,2025-02-23 21:22:08,2025-02-23 22:02:08,40,Major,373,False,1,True,8.9
201,218,857,Power System,3,6,2025-01-12 10:01:31,2025-01-12 10:19:31,18,Minor,134,False,2,True,5.2
202,430,387,Radio Base Station,3,9,2024-12-27 18:06:09,2024-12-27 18:26:09,20,Minor,198,False,5,True,5.3
203,355,644,Core Network Node,1,3,2025-08-19 19:04:59,2025-08-19 20:10:59,66,Major,282,True,2,False,2.5
204,374,384,Router/Switch,5,8,2025-01-30 09:46:49,2025-01-30 10:16:49,30,Major,302,False,4,True,4.0
205,451,283,Power System,1,1,2024-05-08 14:31:29,2024-05-08 14:33:29,2,Warning,26,False,1,True,4.3
206,165,733,Power System,5,2,2024-10-01 23:33:59,2024-10-01 23:34:59,1,Warning,26,False,1,True,6.6
207,161,455,Transmission Equipment,1,2,2025-07-27 23:25:22,2025-07-27 23:47:22,22,Minor,75,False,4,True,7.2
208,253,770,Transmission Equipment,4,1,2025-04-13 18:48:02,2025-04-13 19:03:02,15,Minor,98,False,5,True,1.3
209,136,74,Transmission Equipment,3,7,2024-11-02 08:47:52,2024-11-02 09:05:52,18,Major,380,False,3,True,2.6
210,206,31,Router/Switch,4,4,2025-04-11 21:16:53,2025-04-11 22:11:53,55,Major,308,False,0,True,8.7
211,258,355,Radio Base Station,5,1,2025-12-17 17:09:07,2025-12-17 18:17:07,68,Minor,135,False,3,True,7.5
212,164,279,Router/Switch,3,8,2025-05-18 02:11:13,2025-05-18 02:14:13,3,Warning,32,False,2,True,5.5
213,408,656,Transmission Equipment,3,4,2024-08-17 20:18:19,2024-08-17 21:44:19,86,Major,215,True,3,False,4.4
214,428,505,Power System,1,8,2025-09-15 19:02:51,2025-09-15 20:19:51,77,Major,337,True,1,False,9.7
215,465,269,Power System,4,5,2024-02-16 07:47:13,2024-02-16 10:25:13,158,Critical,452,True,2,False,8.8
216,112,755,Antenna System,5,4,2024-08-24 17:13:02,2024-08-24 17:14:02,1,Minor,110,False,1,True,2.8
217,372,131,Power System,4,8,2025-11-25 15:54:52,2025-11-25 16:10:52,16,Minor,154,False,3,True,9.9
218,426,998,Transmission Equipment,1,7,2024-05-04 17:31:15,2024-05-04 17:44:15,13,Warning,45,False,4,True,6.2
219,217,886,Transmission Equipment,1,1,2025-08-22 12:55:52,2025-08-22 13:08:52,13,Minor,159,False,2,True,8.0
220,141,998,Router/Switch,4,3,2024-02-22 13:53:36,2024-02-22 15:41:36,108,Critical,508,True,4,False,2.0
221,186,448,Transmission Equipment,4,8,2024-03-03 07:22:57,2024-03-03 07:32:57,10,Minor,139,False,7,True,2.4
222,499,83,Radio Base Station,2,1,2025-09-18 15:47:18,2025-09-18 16:14:18,27,Minor,139,False,1,True,4.7
223,248,524,Antenna System,5,2,2024-06-12 17:42:35,2024-06-12 18:35:35,53,Major,298,False,3,True,2.2
224,193,87,Core Network Node,3,6,2024-09-06 04:28:36,2024-09-06 04:40:36,12,Minor,75,False,6,True,9.1
225,237,855,Radio Base Station,1,2,2025-01-11 07:48:14,2025-01-11 08:13:14,25,Minor,110,False,2,True,3.0
226,368,795,Core Network Node,2,1,2025-01-31 17:05:50,2025-01-31 17:19:50,14,Minor,125,False,5,True,8.0
227,19,179,Transmission Equipment,1,5,2024-08-24 14:14:11,2024-08-24 14:28:11,14,Minor,155,False,2,True,4.6
228,158,676,Antenna System,2,7,2024-06-15 04:06:24,2024-06-15 04:36:24,30,Major,277,False,4,True,3.0
229,91,985,Router/Switch,4,4,2025-03-04 06:37:18,2025-03-04 07:41:18,64,Major,224,True,3,False,6.9
230,431,509,Router/Switch,5,4,2025-02-09 19:05:24,2025-02-09 19:39:24,34,Major,228,False,4,True,5.2
231,113,759,Antenna System,4,3,2024-04-24 07:26:17,2024-04-24 09:24:17,118,Critical,529,True,4,False,5.2
232,3,133,Radio Base Station,3,3,2024-07-17 01:57:29,2024-07-17 02:09:29,12,Major,405,False,2,True,1.2
233,4,280,Power System,3,7,2025-09-11 00:46:47,2025-09-11 02:29:47,103,Critical,441,True,5,False,8.1
234,317,890,Router/Switch,2,3,2025-05-21 14:39:12,2025-05-21 14:42:12,3,Warning,23,False,3,True,8.9
235,284,389,Radio Base Station,5,8,2025-03-15 16:18:50,2025-03-15 16:25:50,7,Minor,95,False,2,True,4.5
236,160,956,Router/Switch,4,4,2024-08-24 12:01:50,2024-08-24 12:30:50,29,Minor,122,False,5,True,7.2
237,249,382,Core Network Node,2,5,2024-10-29 21:21:09,2024-10-29 21:32:09,11,Major,391,False,5,True,3.0
238,253,704,Radio Base Station,5,1,2024-03-06 11:20:10,2024-03-06 11:59:10,39,Major,230,False,0,True,5.5
239,195,385,Antenna System,3,2,2024-10-04 15:00:01,2024-10-04 15:36:01,36,Minor,88,False,5,True,8.2
240,88,252,Transmission Equipment,2,3,2025-10-16 06:22:35,2025-10-16 07:39:35,77,Major,221,True,5,False,3.1
241,17,601,Antenna System,3,5,2025-10-20 05:39:22,2025-10-20 05:58:22,19,Major,269,False,1,True,1.6
242,330,665,Power System,2,1,2024-02-29 19:22:33,2024-02-29 19:52:33,30,Minor,180,False,4,True,1.9
243,231,291,Radio Base Station,2,6,2026-01-01 07:17:56,2026-01-01 08:02:56,45,Major,227,False,1,True,8.9
244,26,279,Core Network Node,5,4,2024-02-23 12:21:28,2024-02-23 13:37:28,76,Critical,598,True,4,False,1.5
245,73,609,Power System,2,1,2025-05-26 15:21:41,2025-05-26 15:27:41,6,Warning,26,False,2,True,7.4
246,156,314,Transmission Equipment,2,3,2024-08-25 12:54:40,2024-08-25 13:12:40,18,Minor,135,False,2,True,4.8
247,319,425,Core Network Node,5,3,2024-11-01 18:58:26,2024-11-01 19:53:26,55,Critical,735,True,6,False,5.5
248,373,487,Transmission Equipment,1,5,2025-11-15 22:46:18,2025-11-15 22:53:18,7,Warning,26,False,1,True,1.2
249,451,677,Router/Switch,2,5,2024-11-04 12:39:27,2024-11-04 13:21:27,42,Critical,454,True,3,False,1.8
250,183,816,Radio Base Station,3,3,2024-09-08 12:17:01,2024-09-08 12:25:01,8,Warning,31,False,2,True,9.9
251,333,660,Antenna System,2,1,2025-07-01 12:14:34,2025-07-01 12:28:34,14,Minor,127,False,3,True,9.2
252,118,211,Antenna System,2,8,2024-10-26 03:39:21,2024-10-26 05:01:21,82,Critical,306,True,6,False,9.7
253,137,364,Power System,4,8,2024-02-01 10:58:14,2024-02-01 11:28:14,30,Major,317,False,8,True,2.7
254,216,448,Router/Switch,3,4,2025-10-15 19:14:57,2025-10-15 19:22:57,8,Minor,76,False,4,True,10.0
255,28,802,Radio Base Station,2,5,2024-05-26 14:13:55,2024-05-26 14:29:55,16,Minor,65,False,6,True,7.5
256,457,477,Router/Switch,3,5,2025-10-15 09:42:09,2025-10-15 10:31:09,49,Critical,440,True,8,False,1.9
257,302,366,Router/Switch,1,1,2025-06-08 02:46:46,2025-06-08 03:20:46,34,Minor,129,False,2,True,5.8
258,308,156,Power System,3,5,2024-08-04 12:17:16,2024-08-04 12:28:16,11,Warning,17,False,3,True,6.8
259,414,917,Router/Switch,4,3,2025-10-09 05:01:28,2025-10-09 05:12:28,11,Minor,119,False,1,True,9.7
260,404,362,Core Network Node,4,5,2025-06-21 01:19:41,2025-06-21 01:47:41,28,Minor,110,False,0,True,3.3
261,445,18,Power System,3,3,2025-02-04 16:17:56,2025-02-04 17:04:56,47,Minor,82,False,2,True,5.7
262,394,830,Antenna System,3,2,2025-04-15 15:21:08,2025-04-15 15:23:08,2,Warning,30,False,2,True,4.1
263,196,294,Transmission Equipment,4,6,2025-03-04 06:22:30,2025-03-04 06:54:30,32,Minor,138,False,3,True,2.9
264,393,170,Power System,1,7,2024-02-01 17:28:44,2024-02-01 17:32:44,4,Warning,50,False,6,True,2.8
265,169,650,Power System,1,5,2025-05-11 18:46:17,2025-05-11 18:48:17,2,Warning,28,False,1,True,4.8
266,219,828,Radio Base Station,4,5,2025-06-22 14:52:32,2025-06-22 14:53:32,1,Minor,112,False,7,True,8.1
267,482,910,Transmission Equipment,3,5,2025-06-28 14:28:05,2025-06-28 14:33:05,5,Warning,20,False,1,True,8.1
268,168,20,Power System,1,4,2024-12-06 15:20:37,2024-12-06 16:02:37,42,Minor,106,False,3,True,7.3
269,88,537,Core Network Node,2,8,2025-09-22 17:06:44,2025-09-22 17:10:44,4,Minor,75,False,0,True,5.3
270,16,638,Core Network Node,1,2,2024-10-25 09:42:11,2024-10-25 10:06:11,24,Minor,134,False,2,True,7.8
271,130,817,Antenna System,5,4,2025-01-23 14:04:13,2025-01-23 14:41:13,37,Minor,118,False,7,True,7.7
272,114,905,Power System,5,7,2024-06-16 14:56:50,2024-06-16 15:13:50,17,Warning,34,False,2,True,4.7
273,277,208,Antenna System,1,1,2024-06-22 00:31:26,2024-06-22 01:07:26,36,Minor,118,False,1,True,9.7
274,373,839,Router/Switch,3,7,2025-09-26 05:40:38,2025-09-26 06:17:38,37,Minor,149,False,3,True,3.9
275,226,913,Transmission Equipment,4,9,2024-01-25 16:24:55,2024-01-25 16:29:55,5,Major,433,False,3,True,1.3
276,15,558,Radio Base Station,3,1,2025-09-11 18:48:22,2025-09-11 18:56:22,8,Major,367,False,3,True,7.9
277,25,791,Antenna System,3,6,2025-06-05 17:05:45,2025-06-05 17:24:45,19,Major,291,False,4,True,8.6
278,471,180,Router/Switch,3,5,2025-10-22 16:05:49,2025-10-22 16:56:49,51,Major,243,False,3,True,3.9
279,124,978,Radio Base Station,1,1,2025-02-24 01:50:11,2025-02-24 04:23:11,153,Critical,493,True,5,False,4.5
280,421,234,Antenna System,5,6,2024-07-10 08:15:20,2024-07-10 08:59:20,44,Major,475,False,1,True,5.2
281,236,485,Core Network Node,3,6,2024-05-12 17:49:14,2024-05-12 17:50:14,1,Major,322,False,2,True,8.1
282,226,133,Router/Switch,1,2,2025-04-18 13:05:28,2025-04-18 14:01:28,56,Major,356,False,2,True,7.7
283,368,895,Antenna System,2,6,2025-01-25 09:54:52,2025-01-25 10:41:52,47,Minor,81,False,0,True,1.4
284,319,47,Transmission Equipment,1,2,2025-04-14 18:32:40,2025-04-14 18:57:40,25,Warning,45,False,2,True,1.4
285,48,925,Transmission Equipment,4,3,2024-06-29 16:45:14,2024-06-29 17:14:14,29,Major,382,False,2,True,7.9
286,43,903,Radio Base Station,5,1,2024-02-26 13:28:45,2024-02-26 13:59:45,31,Major,216,False,4,True,8.2
287,173,149,Power System,2,4,2025-07-11 18:17:14,2025-07-11 18:53:14,36,Minor,126,False,0,True,2.9
288,474,842,Transmission Equipment,2,6,2025-06-28 12:49:16,2025-06-28 13:06:16,17,Minor,159,False,1,True,2.6
289,240,693,Core Network Node,1,7,2024-08-08 16:04:49,2024-08-08 17:23:49,79,Critical,506,True,2,False,5.6
290,194,432,Router/Switch,5,5,2024-05-23 12:08:15,2024-05-23 12:32:15,24,Major,313,False,2,True,8.2
291,332,228,Core Network Node,4,3,2025-07-30 05:34:58,2025-07-30 06:49:58,75,Critical,562,True,2,False,5.4
292,484,478,Router/Switch,5,8,2025-11-03 12:23:26,2025-11-03 12:24:26,1,Warning,47,False,3,True,6.6
293,341,135,Router/Switch,3,5,2025-05-13 10:00:22,2025-05-13 10:14:22,14,Minor,109,False,3,True,9.5
294,260,208,Router/Switch,3,1,2025-07-11 00:13:43,2025-07-11 00:20:43,7,Warning,20,False,3,True,2.2
295,285,267,Transmission Equipment,3,3,2024-12-06 14:10:30,2024-12-06 18:58:30,288,Critical,550,True,6,False,5.8
296,33,353,Core Network Node,5,3,2024-01-26 09:34:20,2024-01-26 09:47:20,13,Minor,82,False,5,True,4.8
297,88,150,Transmission Equipment,5,6,2025-11-13 20:24:11,2025-11-13 20:29:11,5,Minor,108,False,4,True,5.8
298,300,349,Transmission Equipment,4,5,2024-12-16 07:36:06,2024-12-16 07:48:06,12,Minor,170,False,5,True,5.1
299,102,748,Transmission Equipment,2,7,2025-02-20 19:33:52,2025-02-20 19:40:52,7,Minor,110,False,3,True,8.9
300,296,512,Core Network Node,3,6,2024-10-26 12:36:25,2024-10-26 13:21:25,45,Major,267,False,4,True,6.5
301,195,44,Transmission Equipment,5,7,2024-02-08 16:28:48,2024-02-08 16:54:48,26,Minor,120,False,3,True,8.2
302,279,45,Power System,3,6,2024-08-30 15:00:37,2024-08-30 15:21:37,21,Minor,133,False,3,True,9.8
303,144,609,Router/Switch,4,1,2024-05-28 12:19:33,2024-05-28 12:39:33,20,Minor,188,False,4,True,9.5
304,218,508,Router/Switch,1,4,2024-12-16 10:26:30,2024-12-16 12:09:30,103,Major,284,True,7,False,1.9
305,188,471,Core Network Node,4,9,2025-04-10 03:33:30,2025-04-10 03:46:30,13,Warning,31,False,6,True,5.0
306,318,642,Transmission Equipment,5,1,2024-01-13 09:58:12,2024-01-13 10:08:12,10,Minor,157,False,0,True,8.2
307,6,951,Power System,4,3,2025-03-11 16:15:06,2025-03-11 17:58:06,103,Critical,456,True,5,False,5.2
308,215,426,Antenna System,2,1,2025-05-20 04:32:02,2025-05-20 04:45:02,13,Major,276,False,6,True,4.3
309,98,853,Radio Base Station,5,6,2025-04-11 11:49:44,2025-04-11 12:28:44,39,Minor,177,False,2,True,4.3
310,257,168,Power System,2,6,2024-01-12 20:59:46,2024-01-12 21:04:46,5,Minor,104,False,6,True,6.6
311,185,154,Power System,1,1,2025-07-21 11:29:43,2025-07-21 12:26:43,57,Major,210,False,2,True,3.6
312,120,85,Power System,1,7,2025-12-29 15:13:48,2025-12-29 15:37:48,24,Minor,109,False,1,True,4.1
313,92,605,Antenna System,2,6,2024-09-21 17:20:33,2024-09-21 17:29:33,9,Warning,18,False,1,True,6.5
314,273,601,Core Network Node,1,1,2025-12-01 09:56:46,2025-12-01 10:03:46,7,Warning,34,False,7,True,8.5
315,68,973,Power System,2,7,2025-11-27 01:46:09,2025-11-27 02:43:09,57,Major,188,False,0,True,9.7
316,216,307,Transmission Equipment,3,9,2024-08-16 20:05:02,2024-08-16 20:14:02,9,Warning,34,False,3,True,3.5
317,96,995,Core Network Node,3,1,2024-03-28 23:19:46,2024-03-28 23:21:46,2,Warning,20,False,2,True,6.7
318,171,346,Core Network Node,1,1,2024-08-23 05:38:47,2024-08-23 07:19:47,101,Critical,533,True,3,False,5.2
319,414,899,Router/Switch,2,4,2024-09-27 20:20:02,2024-09-27 22:43:02,143,Critical,515,True,2,False,1.3
320,358,535,Power System,2,1,2024-11-01 16:39:40,2024-11-01 17:30:40,51,Major,216,False,4,True,2.7
321,286,65,Core Network Node,1,7,2024-07-02 15:27:19,2024-07-02 15:36:19,9,Minor,86,False,0,True,9.9
322,379,585,Antenna System,3,1,2024-04-06 10:13:28,2024-04-06 10:22:28,9,Minor,176,False,2,True,3.1
323,471,915,Antenna System,1,3,2024-06-14 14:30:16,2024-06-14 15:08:16,38,Minor,127,False,0,True,2.4
324,212,194,Power System,3,4,2024-01-15 09:32:26,2024-01-15 09:52:26,20,Minor,121,False,2,True,6.3
325,91,106,Core Network Node,3,3,2025-08-11 06:05:43,2025-08-11 06:52:43,47,Minor,77,False,3,True,5.3
326,380,300,Radio Base Station,4,9,2025-02-08 08:49:45,2025-02-08 08:52:45,3,Warning,35,False,2,True,7.7
327,294,106,Power System,3,1,2025-08-13 09:18:47,2025-08-13 09:54:47,36,Minor,128,False,1,True,2.4
328,179,571,Router/Switch,4,4,2025-02-06 14:06:08,2025-02-06 14:42:08,36,Minor,154,False,2,True,7.1
329,15,487,Antenna System,5,5,2024-03-13 10:55:19,2024-03-13 11:06:19,11,Major,445,False,1,True,1.6
330,373,56,Transmission Equipment,2,1,2025-10-31 12:16:22,2025-10-31 12:28:22,12,Warning,39,False,4,True,1.1
331,100,529,Power System,1,1,2025-09-01 08:02:20,2025-09-01 08:21:20,19,Minor,145,False,1,True,2.8
332,464,516,Core Network Node,4,8,2024-12-07 09:49:44,2024-12-07 09:55:44,6,Minor,102,False,3,True,3.4
333,346,416,Core Network Node,1,3,2024-03-28 11:12:19,2024-03-28 12:04:19,52,Major,227,False,2,True,2.6
334,317,800,Radio Base Station,4,1,2024-12-13 11:25:55,2024-12-13 11:47:55,22,Minor,88,False,2,True,1.9
335,342,261,Router/Switch,2,3,2025-02-28 12:11:51,2025-02-28 12:22:51,11,Minor,112,False,8,True,8.5
336,297,70,Transmission Equipment,4,1,2025-11-13 10:34:12,2025-11-13 11:05:12,31,Critical,566,True,3,False,8.8
337,490,63,Antenna System,1,1,2024-07-22 07:09:16,2024-07-22 07:43:16,34,Minor,117,False,3,True,3.1
338,181,610,Core Network Node,2,8,2024-08-29 14:26:09,2024-08-29 14:53:09,27,Critical,516,False,2,True,6.3
339,447,227,Core Network Node,1,5,2024-11-23 07:55:59,2024-11-23 08:03:59,8,Warning,33,False,3,True,3.5
340,2,330,Router/Switch,2,2,2025-05-05 14:52:58,2025-05-05 15:06:58,14,Major,199,False,6,True,6.9
341,202,653,Router/Switch,4,6,2024-12-01 08:03:40,2024-12-01 08:14:40,11,Warning,28,False,4,True,3.2
342,21,781,Power System,3,1,2024-01-31 09:33:20,2024-01-31 10:02:20,29,Major,317,False,5,True,5.2
343,344,776,Power System,3,7,2025-09-02 01:50:53,2025-09-02 02:14:53,24,Minor,120,False,2,True,4.8
344,101,896,Router/Switch,4,9,2025-10-29 19:47:25,2025-10-29 20:03:25,16,Warning,19,False,3,True,9.8
345,125,198,Antenna System,4,6,2024-11-29 14:31:47,2024-11-29 14:47:47,16,Minor,107,False,4,True,7.8
346,10,455,Transmission Equipment,1,7,2025-08-19 11:23:19,2025-08-19 11:26:19,3,Major,293,False,5,True,2.1
347,362,568,Radio Base Station,4,2,2025-05-05 11:20:39,2025-05-05 11:39:39,19,Minor,86,False,3,True,1.9
348,305,263,Power System,3,1,2025-06-11 17:27:15,2025-06-11 18:55:15,88,Major,254,True,2,False,3.2
349,363,420,Radio Base Station,2,3,2025-10-16 23:56:38,2025-10-17 00:30:38,34,Minor,115,False,0,True,9.9
350,278,545,Antenna System,5,7,2025-08-22 16:19:04,2025-08-22 17:09:04,50,Major,330,False,1,True,3.4
351,270,276,Radio Base Station,1,4,2025-12-24 18:20:50,2025-12-24 18:51:50,31,Minor,97,False,8,True,6.8
352,372,880,Power System,3,4,2025-11-18 13:22:22,2025-11-18 13:40:22,18,Minor,152,False,6,True,5.1
353,95,40,Router/Switch,2,2,2024-03-30 15:14:04,2024-03-30 15:37:04,23,Minor,191,False,4,True,3.1
354,341,76,Transmission Equipment,1,6,2024-11-28 10:08:27,2024-11-28 10:10:27,2,Warning,22,False,4,True,5.5
355,343,112,Antenna System,1,1,2025-10-23 15:20:27,2025-10-23 15:54:27,34,Critical,490,True,3,False,9.3
356,88,750,Router/Switch,2,2,2024-07-19 08:17:20,2024-07-19 08:38:20,21,Major,216,False,1,True,3.4
357,386,973,Router/Switch,4,5,2025-12-13 22:41:46,2025-12-13 22:49:46,8,Minor,139,False,3,True,3.1
358,222,724,Router/Switch,4,8,2025-12-14 03:47:02,2025-12-14 03:54:02,7,Warning,47,False,0,True,7.5
359,105,558,Core Network Node,4,4,2025-04-07 08:46:41,2025-04-07 08:50:41,4,Warning,32,False,4,True,5.2
360,348,511,Antenna System,1,3,2025-11-03 05:38:58,2025-11-03 05:45:58,7,Major,383,False,2,True,2.2
361,406,137,Transmission Equipment,3,2,2025-12-23 04:23:57,2025-12-23 04:54:57,31,Minor,108,False,5,True,7.3
362,438,687,Antenna System,3,1,2024-03-19 22:48:33,2024-03-19 23:02:33,14,Minor,69,False,1,True,6.9
363,189,427,Transmission Equipment,1,4,2024-11-08 10:02:19,2024-11-08 11:05:19,63,Minor,167,False,3,True,2.9
364,33,282,Router/Switch,4,6,2024-09-24 12:56:39,2024-09-24 13:16:39,20,Major,321,False,4,True,2.0
365,344,860,Router/Switch,5,3,2025-01-10 13:30:42,2025-01-10 13:53:42,23,Minor,135,False,5,True,1.4
366,83,587,Antenna System,3,2,2024-03-28 08:41:26,2024-03-28 09:09:26,28,Major,418,False,8,True,4.1
367,189,956,Antenna System,1,5,2024-12-15 13:09:29,2024-12-15 13:23:29,14,Major,321,False,4,True,7.7
368,371,165,Core Network Node,2,8,2025-12-18 12:43:42,2025-12-18 12:58:42,15,Minor,87,False,2,True,5.4
369,430,820,Core Network Node,2,4,2024-12-24 11:19:08,2024-12-24 11:36:08,17,Minor,125,False,4,True,7.6
370,461,360,Router/Switch,1,1,2024-03-09 19:35:02,2024-03-09 19:41:02,6,Major,246,False,2,True,4.0
371,360,761,Transmission Equipment,4,4,2025-03-07 15:53:46,2025-03-07 16:10:46,17,Minor,156,False,2,True,2.4
372,359,379,Transmission Equipment,1,1,2024-03-24 11:59:31,2024-03-24 12:27:31,28,Major,449,False,3,True,4.2
373,364,893,Router/Switch,1,6,2025-08-25 00:46:09,2025-08-25 00:54:09,8,Minor,112,False,3,True,8.6
374,287,164,Router/Switch,1,4,2024-08-26 00:54:13,2024-08-26 01:11:13,17,Minor,138,False,1,True,5.2
375,221,950,Power System,1,2,2024-03-05 03:23:11,2024-03-05 05:39:11,136,Critical,467,True,2,False,5.5
376,481,2,Radio Base Station,2,2,2024-08-11 17:50:58,2024-08-11 17:54:58,4,Minor,99,False,2,True,7.4
377,146,571,Transmission Equipment,5,1,2025-07-23 14:06:32,2025-07-23 14:18:32,12,Minor,105,False,4,True,4.6
378,35,418,Radio Base Station,1,1,2024-10-04 15:57:13,2024-10-04 16:03:13,6,Minor,133,False,3,True,5.4
379,380,682,Transmission Equipment,5,4,2024-04-11 15:03:12,2024-04-11 16:04:12,61,Major,328,True,3,False,6.6
380,65,853,Radio Base Station,5,1,2025-03-06 08:52:20,2025-03-06 08:57:20,5,Major,335,False,4,True,5.0
381,92,347,Power System,5,1,2024-09-08 11:25:44,2024-09-08 11:29:44,4,Warning,24,False,7,True,8.0
382,300,769,Router/Switch,5,1,2024-09-19 14:57:24,2024-09-19 15:01:24,4,Minor,181,False,4,True,7.3
383,58,555,Radio Base Station,2,7,2025-05-22 13:59:31,2025-05-22 15:02:31,63,Major,201,True,3,False,4.4
384,493,656,Antenna System,2,2,2024-01-22 19:39:27,2024-01-22 20:12:27,33,Minor,162,False,6,True,7.3
385,91,716,Transmission Equipment,5,3,2025-02-04 23:28:38,2025-02-04 23:38:38,10,Minor,96,False,4,True,8.7
386,235,839,Antenna System,1,2,2025-07-30 20:54:43,2025-07-30 21:42:43,48,Minor,178,False,4,True,7.7
387,358,753,Power System,1,5,2025-02-12 08:34:59,2025-02-12 08:55:59,21,Critical,404,False,3,True,1.9
388,477,204,Core Network Node,2,8,2025-03-11 11:53:57,2025-03-11 12:29:57,36,Major,316,False,1,True,9.9
389,32,952,Antenna System,1,3,2024-10-21 12:00:30,2024-10-21 13:09:30,69,Critical,380,True,4,False,1.9
390,232,832,Router/Switch,4,2,2025-04-26 17:49:16,2025-04-26 18:06:16,17,Major,307,False,4,True,7.0
391,168,320,Core Network Node,1,5,2024-04-09 03:24:43,2024-04-09 04:28:43,64,Critical,459,True,4,False,4.1
392,244,628,Antenna System,2,7,2024-04-26 12:10:25,2024-04-26 12:13:25,3,Minor,172,False,2,True,4.7
393,489,996,Power System,1,3,2025-05-17 09:04:43,2025-05-17 11:19:43,135,Critical,333,True,4,False,1.2
394,159,933,Antenna System,1,7,2024-07-06 21:51:36,2024-07-06 22:32:36,41,Minor,120,False,5,True,6.7
395,82,453,Power System,3,3,2025-01-19 13:53:00,2025-01-19 13:54:00,1,Minor,110,False,2,True,6.4
396,207,853,Antenna System,5,6,2025-06-27 17:52:52,2025-06-27 17:55:52,3,Minor,77,False,2,True,6.1
397,309,188,Power System,1,1,2025-08-20 20:51:54,2025-08-20 21:09:54,18,Minor,123,False,2,True,9.4
398,278,43,Core Network Node,5,6,2024-08-30 12:43:20,2024-08-30 12:49:20,6,Warning,39,False,5,True,2.9
399,197,42,Transmission Equipment,2,7,2024-05-16 12:48:07,2024-05-16 13:19:07,31,Minor,130,False,2,True,1.9
400,342,667,Radio Base Station,2,5,2024-01-01 15:04:31,2024-01-01 15:35:31,31,Major,172,False,6,True,9.0
401,151,872,Power System,1,5,2025-05-12 12:59:42,2025-05-12 13:11:42,12,Warning,28,False,2,True,6.2
402,374,961,Power System,4,6,2024-12-08 13:26:12,2024-12-08 13:29:12,3,Warning,20,False,4,True,3.7
403,184,262,Transmission Equipment,5,3,2024-04-28 13:50:37,2024-04-28 14:32:37,42,Minor,169,False,3,True,3.6
404,88,888,Antenna System,4,2,2025-11-08 14:38:29,2025-11-08 16:21:29,103,Critical,413,True,2,False,6.2
405,336,216,Power System,4,4,2024-06-06 17:52:10,2024-06-06 18:33:10,41,Minor,86,False,0,True,5.5
406,102,647,Core Network Node,5,3,2024-02-25 11:19:38,2024-02-25 12:09:38,50,Minor,80,False,1,True,9.6
407,76,145,Antenna System,2,2,2024-05-18 17:17:43,2024-05-18 18:21:43,64,Major,199,True,5,False,4.2
408,419,814,Core Network Node,5,2,2024-08-21 11:39:26,2024-08-21 12:13:26,34,Minor,71,False,4,True,3.8
409,405,946,Power System,5,8,2025-10-26 17:57:16,2025-10-26 18:44:16,47,Critical,520,True,4,False,8.6
410,337,718,Core Network Node,3,2,2024-06-10 17:29:39,2024-06-10 18:19:39,50,Minor,188,False,6,True,5.9
411,469,399,Radio Base Station,3,7,2025-04-08 19:52:32,2025-04-08 20:18:32,26,Minor,111,False,1,True,5.8
412,310,100,Transmission Equipment,4,2,2024-12-17 06:28:45,2024-12-17 08:40:45,132,Critical,333,True,7,False,7.8
413,264,593,Router/Switch,5,1,2024-11-18 06:42:27,2024-11-18 07:00:27,18,Minor,120,False,4,True,6.2
414,234,114,Radio Base Station,4,9,2025-09-10 16:11:31,2025-09-10 17:39:31,88,Critical,510,True,3,False,8.9
415,367,830,Power System,4,2,2025-10-07 13:42:09,2025-10-07 14:36:09,54,Major,479,False,7,True,8.1
416,246,544,Transmission Equipment,3,4,2025-03-24 12:51:52,2025-03-24 13:30:52,39,Major,320,False,2,True,3.9
417,271,752,Radio Base Station,1,3,2024-02-09 13:05:13,2024-02-09 13:20:13,15,Minor,107,False,2,True,1.8
418,52,870,Radio Base Station,2,4,2024-03-18 17:19:31,2024-03-18 17:29:31,10,Major,315,False,7,True,4.5
419,375,854,Transmission Equipment,2,8,2024-08-15 03:09:46,2024-08-15 03:43:46,34,Major,182,False,4,True,8.0
420,416,216,Antenna System,4,7,2024-10-12 21:58:31,2024-10-12 22:02:31,4,Major,222,False,5,True,1.4
421,1,34,Power System,4,2,2024-07-25 14:44:31,2024-07-25 14:48:31,4,Minor,114,False,3,True,9.5
422,413,622,Router/Switch,5,9,2025-09-13 13:08:52,2025-09-13 13:47:52,39,Major,202,False,4,True,6.3
423,136,816,Router/Switch,3,3,2024-01-12 20:06:14,2024-01-12 20:49:14,43,Major,439,False,1,True,2.4
424,244,734,Power System,5,1,2025-01-22 16:16:22,2025-01-22 16:17:22,1,Minor,145,False,7,True,8.9
425,390,688,Radio Base Station,2,2,2024-03-04 17:00:22,2024-03-04 17:20:22,20,Minor,117,False,1,True,6.6
426,138,862,Radio Base Station,5,1,2024-06-11 06:01:24,2024-06-11 06:39:24,38,Minor,198,False,2,True,3.4
427,258,312,Radio Base Station,5,1,2024-01-11 21:19:24,2024-01-11 21:24:24,5,Warning,30,False,5,True,3.5
428,114,205,Transmission Equipment,2,6,2025-08-13 23:17:24,2025-08-13 23:48:24,31,Minor,189,False,3,True,6.5
429,267,500,Radio Base Station,2,1,2025-01-07 05:34:03,2025-01-07 05:58:03,24,Critical,416,False,4,True,6.0
430,191,18,Router/Switch,2,3,2024-01-15 03:39:12,2024-01-15 03:55:12,16,Minor,115,False,3,True,3.1
431,469,278,Power System,1,3,2024-12-24 22:06:06,2024-12-24 22:12:06,6,Warning,47,False,3,True,5.6
432,403,723,Radio Base Station,3,3,2025-06-27 18:04:40,2025-06-27 18:21:40,17,Warning,48,False,2,True,3.0
433,421,126,Radio Base Station,5,5,2024-06-19 14:13:33,2024-06-19 14:37:33,24,Minor,115,False,3,True,3.6
434,55,707,Router/Switch,4,2,2024-05-14 03:03:04,2024-05-14 03:42:04,39,Minor,104,False,2,True,2.0
435,153,382,Radio Base Station,2,2,2025-01-31 17:10:14,2025-01-31 17:20:14,10,Warning,41,False,6,True,8.8
436,34,265,Router/Switch,2,7,2024-04-14 13:43:13,2024-04-14 14:04:13,21,Major,210,False,4,True,5.5
437,180,294,Radio Base Station,4,4,2025-09-30 02:55:13,2025-09-30 03:43:13,48,Minor,184,False,3,True,8.6
438,263,465,Transmission Equipment,4,2,2024-11-12 02:23:28,2024-11-12 03:52:28,89,Major,350,True,4,False,9.7
439,421,17,Radio Base Station,5,8,2025-04-04 10:25:21,2025-04-04 10:54:21,29,Minor,136,False,2,True,8.3
440,302,932,Transmission Equipment,4,4,2025-07-11 22:52:23,2025-07-11 22:56:23,4,Minor,99,False,3,True,7.9
441,275,996,Power System,2,2,2024-03-08 11:33:41,2024-03-08 12:48:41,75,Minor,74,False,4,True,3.7
442,132,525,Antenna System,3,2,2024-11-28 10:26:43,2024-11-28 11:44:43,78,Major,300,True,3,False,8.1
443,362,634,Antenna System,1,5,2025-01-22 22:22:40,2025-01-22 22:23:40,1,Warning,23,False,2,True,9.2
444,345,971,Transmission Equipment,1,6,2025-09-03 09:11:23,2025-09-03 09:25:23,14,Minor,85,False,3,True,8.8
445,287,312,Core Network Node,2,3,2025-07-26 04:38:08,2025-07-26 04:53:08,15,Minor,133,False,1,True,8.6
446,378,153,Power System,2,1,2025-06-10 17:52:19,2025-06-10 18:11:19,19,Minor,79,False,3,True,7.0
447,1,59,Router/Switch,4,7,2025-04-20 00:11:39,2025-04-20 00:47:39,36,Major,292,False,5,True,2.5
448,205,447,Transmission Equipment,2,6,2024-06-24 08:17:50,2024-06-24 08:21:50,4,Warning,26,False,0,True,5.9
449,381,957,Router/Switch,3,1,2025-01-22 11:32:06,2025-01-22 12:07:06,35,Minor,123,False,3,True,7.5
450,262,180,Antenna System,4,8,2025-06-19 16:33:39,2025-06-19 16:35:39,2,Warning,28,False,2,True,2.1
451,36,556,Antenna System,1,2,2025-01-21 08:22:49,2025-01-21 08:57:49,35,Minor,70,False,2,True,6.5
452,371,615,Power System,5,4,2025-01-03 10:32:31,2025-01-03 12:46:31,134,Major,297,True,2,False,7.1
453,117,146,Power System,4,5,2025-11-23 10:01:03,2025-11-23 10:37:03,36,Minor,68,False,2,True,6.2
454,299,729,Transmission Equipment,4,6,2024-05-22 17:09:00,2024-05-22 17:18:00,9,Minor,110,False,5,True,2.5
455,331,102,Router/Switch,2,1,2024-06-15 17:57:21,2024-06-15 19:49:21,112,Critical,359,True,2,False,4.9
456,77,698,Core Network Node,3,2,2024-03-24 10:25:37,2024-03-24 11:10:37,45,Minor,85,False,3,True,6.4
457,291,332,Transmission Equipment,2,1,2024-12-17 17:01:53,2024-12-17 18:18:53,77,Major,219,True,3,False,9.2
458,266,81,Antenna System,3,6,2024-09-30 12:12:35,2024-09-30 14:22:35,130,Critical,439,True,1,False,8.5
459,489,793,Radio Base Station,5,6,2025-03-16 05:21:50,2025-03-16 05:39:50,18,Major,285,False,5,True,7.4
460,76,914,Antenna System,3,4,2024-08-22 07:32:26,2024-08-22 07:46:26,14,Minor,126,False,3,True,4.4
461,20,243,Transmission Equipment,4,5,2024-10-16 15:44:47,2024-10-16 16:20:47,36,Major,303,False,3,True,5.4
462,229,183,Radio Base Station,1,1,2024-05-26 04:22:02,2024-05-26 06:35:02,133,Critical,629,True,8,False,9.0
463,37,619,Antenna System,1,9,2024-11-22 14:01:13,2024-11-22 14:12:13,11,Critical,434,False,8,True,9.5
464,471,941,Antenna System,4,4,2024-12-30 14:01:57,2024-12-30 16:31:57,150,Critical,518,True,2,False,9.4
465,391,153,Router/Switch,2,5,2024-07-04 17:24:50,2024-07-04 17:45:50,21,Minor,115,False,4,True,6.9
466,392,567,Transmission Equipment,5,3,2024-08-13 17:08:27,2024-08-13 17:09:27,1,Warning,26,False,7,True,1.2
467,20,56,Transmission Equipment,2,5,2025-06-03 16:20:26,2025-06-03 17:02:26,42,Major,229,False,4,True,5.2
468,187,344,Router/Switch,1,8,2024-12-02 15:39:23,2024-12-02 16:54:23,75,Critical,595,True,2,False,5.3
469,435,231,Router/Switch,5,2,2024-03-08 12:59:45,2024-03-08 13:25:45,26,Major,232,False,2,True,8.8
470,147,585,Radio Base Station,3,8,2024-05-23 16:11:06,2024-05-23 16:13:06,2,Major,235,False,3,True,1.4
471,159,122,Antenna System,5,7,2025-11-16 18:32:08,2025-11-16 19:04:08,32,Minor,74,False,1,True,6.2
472,250,34,Power System,1,5,2025-03-15 07:02:38,2025-03-15 07:10:38,8,Critical,270,False,3,True,3.7
473,65,85,Router/Switch,2,4,2024-08-12 16:24:20,2024-08-12 16:46:20,22,Minor,87,False,1,True,8.3
474,85,111,Radio Base Station,4,5,2025-08-17 14:25:59,2025-08-17 14:31:59,6,Minor,136,False,3,True,4.5
475,234,745,Antenna System,5,5,2025-06-10 02:14:31,2025-06-10 02:17:31,3,Minor,94,False,3,True,6.1
476,148,612,Antenna System,3,9,2024-02-14 07:45:45,2024-02-14 08:17:45,32,Major,227,False,5,True,1.4
477,402,144,Power System,1,6,2024-11-21 10:22:04,2024-11-21 11:18:04,56,Critical,656,True,2,False,7.2
478,178,528,Core Network Node,5,7,2025-01-30 17:51:23,2025-01-30 18:15:23,24,Minor,106,False,5,True,5.1
479,135,884,Radio Base Station,5,4,2025-04-12 03:13:56,2025-04-12 04:53:56,100,Critical,763,True,2,False,4.1
480,419,882,Router/Switch,3,2,2024-04-25 17:08:26,2024-04-25 18:01:26,53,Major,228,False,3,True,4.1
481,347,281,Core Network Node,1,2,2024-07-17 14:09:15,2024-07-17 14:17:15,8,Minor,149,False,1,True,5.3
482,223,989,Radio Base Station,5,3,2025-05-03 04:04:47,2025-05-03 04:39:47,35,Minor,164,False,2,True,8.3
483,189,691,Router/Switch,1,5,2025-04-23 03:38:09,2025-04-23 03:58:09,20,Major,339,False,3,True,5.3
484,331,633,Core Network Node,5,4,2025-11-20 08:01:26,2025-11-20 08:59:26,58,Critical,341,True,1,False,9.5
485,456,214,Transmission Equipment,3,4,2024-08-01 18:21:30,2024-08-01 21:30:30,189,Major,193,True,3,False,7.8
486,66,722,Core Network Node,2,6,2025-09-27 16:13:29,2025-09-27 16:14:29,1,Warning,41,False,2,True,1.5
487,342,481,Core Network Node,3,1,2025-02-15 14:26:43,2025-02-15 14:54:43,28,Minor,75,False,3,True,4.8
488,387,599,Antenna System,4,7,2025-06-19 10:23:46,2025-06-19 10:56:46,33,Major,258,False,1,True,4.5
489,113,682,Core Network Node,3,1,2025-09-30 15:27:51,2025-09-30 15:49:51,22,Warning,26,False,3,True,7.3
490,171,686,Antenna System,3,2,2024-09-04 23:31:32,2024-09-04 23:45:32,14,Minor,123,False,2,True,8.5
491,480,129,Power System,5,7,2024-08-19 22:06:54,2024-08-19 22:13:54,7,Minor,124,False,1,True,2.1
492,71,469,Antenna System,4,4,2025-04-06 07:28:54,2025-04-06 08:23:54,55,Minor,71,False,5,True,6.4
493,442,185,Router/Switch,1,3,2025-06-11 01:05:27,2025-06-11 01:12:27,7,Minor,120,False,2,True,4.2
494,13,262,Antenna System,1,1,2024-12-15 06:39:01,2024-12-15 06:44:01,5,Major,184,False,5,True,7.7
495,198,689,Antenna System,4,8,2024-11-12 22:06:06,2024-11-12 22:21:06,15,Warning,29,False,2,True,5.8
496,96,570,Core Network Node,4,5,2025-03-20 13:15:29,2025-03-20 15:01:29,106,Critical,301,True,6,False,5.0
497,484,402,Radio Base Station,5,4,2024-10-24 23:10:18,2024-10-25 00:19:18,69,Major,302,True,7,False,8.7
498,36,165,Core Network Node,4,3,2025-03-17 06:33:07,2025-03-17 06:39:07,6,Warning,21,False,5,True,6.5
499,250,299,Router/Switch,1,2,2024-10-29 11:42:14,2024-10-29 11:47:14,5,Major,172,False,2,True,5.9
500,331,965,Power System,4,6,2024-05-05 15:49:24,2024-05-05 16:56:24,67,Critical,337,True,2,False,9.9
501,90,839,Router/Switch,3,1,2025-04-26 09:09:58,2025-04-26 09:15:58,6,Major,267,False,5,True,3.5
502,418,190,Radio Base Station,3,3,2025-09-03 03:28:14,2025-09-03 03:32:14,4,Warning,42,False,3,True,3.3
503,6,550,Power System,5,2,2025-05-09 13:48:20,2025-05-09 14:39:20,51,Minor,134,False,3,True,6.5
504,4,295,Core Network Node,3,2,2025-06-23 21:05:41,2025-06-23 21:47:41,42,Major,277,False,3,True,3.2
505,475,212,Radio Base Station,5,1,2025-10-27 13:02:04,2025-10-27 13:03:04,1,Warning,29,False,3,True,2.2
506,350,180,Core Network Node,2,2,2024-06-18 03:50:52,2024-06-18 04:12:52,22,Minor,90,False,3,True,4.2
507,142,57,Power System,1,2,2024-09-28 08:12:41,2024-09-28 08:33:41,21,Minor,165,False,3,True,2.6
508,380,975,Power System,1,1,2024-03-21 17:01:35,2024-03-21 17:31:35,30,Major,337,False,2,True,6.7
509,10,724,Antenna System,5,2,2024-09-18 15:48:22,2024-09-18 16:07:22,19,Minor,79,False,4,True,3.3
510,225,646,Antenna System,3,4,2024-08-16 15:29:15,2024-08-16 16:37:15,68,Minor,171,False,2,True,5.4
511,317,101,Transmission Equipment,5,2,2025-08-25 17:58:46,2025-08-25 18:05:46,7,Warning,30,False,0,True,7.8
512,342,253,Power System,2,7,2025-05-29 14:37:48,2025-05-29 15:58:48,81,Critical,445,True,5,False,7.2
513,276,175,Router/Switch,3,3,2024-04-03 14:05:17,2024-04-03 14:14:17,9,Minor,68,False,4,True,7.4
514,305,532,Radio Base Station,2,1,2024-09-15 13:59:52,2024-09-15 14:04:52,5,Major,304,False,1,True,1.5
515,27,390,Core Network Node,4,7,2025-12-13 07:50:21,2025-12-13 07:54:21,4,Warning,27,False,4,True,1.3
516,31,532,Antenna System,5,6,2025-06-05 16:36:08,2025-06-05 17:24:08,48,Major,186,False,0,True,2.5
517,436,441,Router/Switch,2,1,2024-10-21 14:00:12,2024-10-21 14:01:12,1,Warning,19,False,2,True,1.4
518,132,571,Power System,4,2,2025-01-20 11:53:02,2025-01-20 12:15:02,22,Major,269,False,3,True,2.4
519,256,118,Router/Switch,5,3,2025-04-22 11:21:51,2025-04-22 11:27:51,6,Warning,31,False,2,True,2.6
520,179,123,Core Network Node,1,5,2025-07-30 14:25:15,2025-07-30 15:51:15,86,Critical,541,True,5,False,5.9
521,187,770,Antenna System,2,2,2025-06-29 03:04:40,2025-06-29 03:58:40,54,Major,298,False,0,True,1.3
522,36,263,Transmission Equipment,5,4,2024-12-15 11:12:12,2024-12-15 11:17:12,5,Warning,27,False,4,True,4.1
523,110,353,Power System,3,1,2024-05-19 10:02:10,2024-05-19 10:51:10,49,Critical,305,True,2,False,3.0
524,47,414,Radio Base Station,4,6,2024-05-14 01:02:27,2024-05-14 03:31:27,149,Critical,661,True,3,False,4.7
525,399,165,Transmission Equipment,2,5,2025-07-09 14:04:54,2025-07-09 14:39:54,35,Major,204,False,2,True,6.3
526,222,926,Antenna System,1,4,2025-08-29 08:37:19,2025-08-29 09:36:19,59,Major,288,False,3,True,6.4
527,207,825,Radio Base Station,5,5,2025-03-28 17:07:50,2025-03-28 17:58:50,51,Major,268,False,10,True,3.1
528,138,512,Antenna System,3,7,2025-06-02 16:40:23,2025-06-02 16:55:23,15,Minor,153,False,2,True,2.7
529,135,404,Transmission Equipment,5,3,2024-04-08 12:45:39,2024-04-08 13:07:39,22,Major,366,False,2,True,2.1
530,302,954,Radio Base Station,4,3,2025-06-18 04:05:52,2025-06-18 04:58:52,53,Major,195,False,5,True,3.7
531,259,209,Radio Base Station,5,1,2025-04-07 01:07:25,2025-04-07 02:46:25,99,Critical,506,True,6,False,3.1
532,132,569,Router/Switch,4,6,2025-12-04 16:26:47,2025-12-04 18:08:47,102,Minor,181,False,1,True,1.9
533,406,148,Router/Switch,4,6,2025-12-18 14:12:23,2025-12-18 14:20:23,8,Major,310,False,4,True,5.9
534,130,423,Transmission Equipment,3,1,2025-12-29 11:06:00,2025-12-29 11:35:00,29,Minor,73,False,4,True,6.5
535,216,827,Power System,5,9,2024-08-12 15:09:04,2024-08-12 15:48:04,39,Minor,97,False,0,True,9.9
536,205,946,Power System,2,2,2025-02-15 21:18:38,2025-02-15 21:31:38,13,Warning,25,False,6,True,2.6
537,334,763,Router/Switch,1,1,2025-07-04 16:17:44,2025-07-04 16:37:44,20,Minor,138,False,1,True,4.2
538,396,371,Radio Base Station,3,4,2024-03-02 17:15:57,2024-03-02 19:44:57,149,Major,390,True,3,False,2.3
539,401,234,Radio Base Station,1,9,2025-11-02 17:20:16,2025-11-02 17:30:16,10,Warning,24,False,2,True,5.6
540,5,110,Router/Switch,4,3,2025-07-24 16:59:03,2025-07-24 17:10:03,11,Warning,37,False,4,True,2.9
541,101,178,Core Network Node,5,6,2024-11-16 17:22:32,2024-11-16 17:27:32,5,Warning,23,False,5,True,5.5
542,242,99,Core Network Node,1,1,2024-11-10 03:50:42,2024-11-10 03:58:42,8,Minor,75,False,3,True,4.8
543,258,784,Core Network Node,4,5,2025-03-16 14:13:44,2025-03-16 14:42:44,29,Major,276,False,6,True,6.5
544,452,280,Antenna System,3,4,2025-12-04 14:52:29,2025-12-04 16:28:29,96,Major,280,True,3,False,6.0
545,294,258,Router/Switch,4,8,2024-02-25 16:59:00,2024-02-25 18:08:00,69,Major,423,True,1,False,3.3
546,132,596,Transmission Equipment,5,1,2024-09-21 00:19:17,2024-09-21 01:01:17,42,Minor,138,False,1,True,7.3
547,493,836,Core Network Node,2,5,2024-05-03 14:30:39,2024-05-03 15:33:39,63,Major,296,True,2,False,9.3
548,317,926,Router/Switch,5,5,2025-04-25 10:11:25,2025-04-25 10:26:25,15,Minor,125,False,2,True,7.8
549,26,528,Router/Switch,1,2,2024-08-01 08:28:37,2024-08-01 09:59:37,91,Critical,571,True,7,False,9.2
550,359,879,Radio Base Station,4,3,2025-08-02 00:04:33,2025-08-02 00:08:33,4,Minor,122,False,3,True,6.4
551,295,541,Router/Switch,5,4,2024-10-03 15:08:42,2024-10-03 15:23:42,15,Minor,112,False,1,True,1.2
552,20,899,Radio Base Station,3,7,2025-02-16 09:04:30,2025-02-16 09:30:30,26,Major,305,False,1,True,6.4
553,120,234,Antenna System,2,2,2024-04-07 13:56:06,2024-04-07 18:08:06,252,Critical,489,True,4,False,5.7
554,442,824,Router/Switch,4,7,2024-01-01 21:03:36,2024-01-01 21:10:36,7,Warning,21,False,3,True,5.9
555,299,400,Radio Base Station,5,8,2024-05-31 08:14:38,2024-05-31 08:43:38,29,Major,330,False,5,True,9.9
556,442,745,Radio Base Station,4,2,2024-09-15 10:10:43,2024-09-15 10:27:43,17,Critical,386,False,2,True,7.1
557,465,127,Router/Switch,5,3,2024-02-04 14:27:28,2024-02-04 14:41:28,14,Minor,145,False,2,True,8.4
558,400,876,Router/Switch,4,1,2024-06-08 15:00:40,2024-06-08 15:24:40,24,Critical,549,False,3,True,4.8
559,421,206,Antenna System,2,4,2024-10-23 09:01:44,2024-10-23 09:24:44,23,Minor,111,False,1,True,4.5
560,381,322,Radio Base Station,3,4,2025-03-15 05:44:18,2025-03-15 05:47:18,3,Minor,112,False,3,True,6.7
561,237,827,Router/Switch,1,6,2025-04-10 07:43:04,2025-04-10 07:45:04,2,Warning,20,False,7,True,3.5
562,492,37,Router/Switch,4,3,2024-12-26 17:57:51,2024-12-26 18:02:51,5,Warning,19,False,3,True,1.6
563,24,380,Antenna System,1,1,2025-09-23 17:08:42,2025-09-23 17:50:42,42,Minor,143,False,6,True,5.3
564,464,969,Power System,3,3,2025-05-07 23:02:59,2025-05-07 23:29:59,27,Minor,121,False,3,True,6.0
565,346,737,Router/Switch,2,3,2025-01-02 12:14:57,2025-01-02 12:31:57,17,Minor,78,False,5,True,1.7
566,121,930,Router/Switch,2,3,2025-10-09 11:28:26,2025-10-09 12:20:26,52,Major,329,False,2,True,6.6
567,166,166,Transmission Equipment,1,2,2025-05-14 21:54:22,2025-05-14 23:55:22,121,Major,326,True,4,False,3.0
568,489,983,Antenna System,5,1,2025-01-12 13:24:47,2025-01-12 14:11:47,47,Minor,82,False,2,True,7.9
569,74,316,Transmission Equipment,3,7,2024-10-07 13:27:41,2024-10-07 14:22:41,55,Critical,377,True,5,False,6.7
570,17,381,Radio Base Station,1,1,2024-07-04 17:52:31,2024-07-04 17:55:31,3,Warning,25,False,2,True,2.0
571,245,494,Power System,5,6,2025-05-13 13:15:05,2025-05-13 13:47:05,32,Minor,137,False,2,True,6.7
572,137,604,Router/Switch,4,3,2024-06-13 16:51:48,2024-06-13 17:05:48,14,Minor,73,False,2,True,2.6
573,310,716,Router/Switch,5,2,2024-03-29 17:02:42,2024-03-29 17:04:42,2,Warning,26,False,3,True,3.3
574,218,633,Power System,1,3,2024-01-29 13:02:44,2024-01-29 13:44:44,42,Minor,100,False,4,True,1.8
575,69,251,Power System,4,5,2025-06-27 10:57:35,2025-06-27 11:38:35,41,Minor,147,False,2,True,7.4
576,367,669,Antenna System,3,4,2024-03-06 20:40:49,2024-03-06 21:35:49,55,Major,375,False,2,True,7.5
577,472,352,Core Network Node,5,6,2025-03-25 17:07:07,2025-03-25 18:00:07,53,Critical,601,True,4,False,4.3
578,412,647,Router/Switch,1,2,2024-03-18 08:18:41,2024-03-18 10:23:41,125,Critical,524,True,2,False,3.4
579,480,982,Core Network Node,4,1,2025-10-15 20:40:45,2025-10-15 21:16:45,36,Minor,116,False,1,True,2.0
580,257,803,Transmission Equipment,5,7,2024-09-23 09:52:27,2024-09-23 10:04:27,12,Major,206,False,4,True,4.6
581,437,276,Core Network Node,3,4,2025-01-03 12:00:43,2025-01-03 15:17:43,197,Critical,739,True,2,False,9.6
582,25,751,Router/Switch,5,1,2024-07-22 09:57:58,2024-07-22 10:32:58,35,Critical,348,True,2,False,6.5
583,218,950,Antenna System,1,5,2025-05-03 23:07:04,2025-05-04 00:13:04,66,Major,341,True,3,False,4.9
584,146,454,Radio Base Station,4,5,2025-08-11 16:00:36,2025-08-11 17:07:36,67,Major,297,True,2,False,3.4
585,350,455,Antenna System,2,1,2025-08-29 14:04:44,2025-08-29 15:14:44,70,Critical,475,True,4,False,8.0
586,499,3,Radio Base Station,3,2,2025-09-13 02:53:55,2025-09-13 03:18:55,25,Minor,151,False,2,True,2.1
587,26,904,Radio Base Station,2,5,2024-09-07 16:31:47,2024-09-07 16:41:47,10,Warning,31,False,0,True,2.6
588,421,601,Antenna System,3,1,2025-08-23 10:12:41,2025-08-23 10:43:41,31,Major,319,False,4,True,1.6
589,208,402,Transmission Equipment,5,6,2024-07-03 12:22:00,2024-07-03 13:15:00,53,Major,293,False,7,True,5.1
590,323,615,Transmission Equipment,4,1,2025-09-13 12:34:58,2025-09-13 12:38:58,4,Warning,30,False,2,True,4.9
591,464,421,Transmission Equipment,5,4,2024-06-29 13:20:06,2024-06-29 13:37:06,17,Major,259,False,3,True,9.3
592,50,386,Router/Switch,3,2,2025-07-04 14:36:39,2025-07-04 14:49:39,13,Major,351,False,3,True,4.6
593,236,573,Core Network Node,4,1,2025-12-04 15:18:31,2025-12-04 15:34:31,16,Minor,129,False,2,True,5.5
594,461,85,Antenna System,4,1,2025-08-12 11:05:39,2025-08-12 12:06:39,61,Critical,385,True,7,False,1.4
595,131,419,Transmission Equipment,4,3,2024-03-18 16:01:53,2024-03-18 16:32:53,31,Minor,118,False,4,True,8.6
596,110,392,Core Network Node,1,2,2024-10-11 16:22:36,2024-10-11 16:25:36,3,Warning,30,False,5,True,3.9
597,433,427,Radio Base Station,4,2,2024-08-25 00:12:08,2024-08-25 00:29:08,17,Minor,114,False,6,True,1.4
598,447,593,Power System,4,5,2025-12-19 13:10:38,2025-12-19 13:38:38,28,Minor,119,False,4,True,3.7
599,439,979,Antenna System,1,3,2025-01-23 09:10:39,2025-01-23 09:26:39,16,Minor,114,False,4,True,9.8
600,136,632,Transmission Equipment,1,8,2025-01-08 18:08:38,2025-01-08 19:00:38,52,Critical,438,True,4,False,1.1
601,171,628,Router/Switch,4,3,2025-04-16 09:30:03,2025-04-16 09:43:03,13,Major,195,False,3,True,7.1
602,45,306,Transmission Equipment,4,1,2025-03-01 10:53:26,2025-03-01 11:03:26,10,Minor,121,False,2,True,5.7
603,364,102,Antenna System,5,5,2024-06-26 14:16:50,2024-06-26 14:55:50,39,Major,286,False,1,True,9.2
604,434,727,Router/Switch,2,7,2024-12-15 12:52:37,2024-12-15 13:44:37,52,Major,452,False,1,True,2.3
605,430,77,Transmission Equipment,2,2,2024-02-02 10:10:18,2024-02-02 10:34:18,24,Minor,199,False,3,True,9.4
606,134,891,Power System,1,3,2024-11-21 11:37:25,2024-11-21 11:38:25,1,Minor,136,False,2,True,10.0
607,105,426,Antenna System,4,3,2025-01-21 01:39:16,2025-01-21 02:28:16,49,Minor,109,False,2,True,1.6
608,39,450,Antenna System,5,3,2024-07-22 15:24:50,2024-07-22 15:35:50,11,Minor,98,False,4,True,6.0
609,497,243,Router/Switch,5,8,2024-09-22 09:32:25,2024-09-22 09:53:25,21,Major,327,False,0,True,4.4
610,46,679,Antenna System,3,4,2024-01-25 11:59:40,2024-01-25 14:16:40,137,Critical,476,True,3,False,6.6
611,307,404,Transmission Equipment,2,1,2025-11-23 00:34:02,2025-11-23 02:30:02,116,Critical,733,True,4,False,9.5
612,12,133,Core Network Node,3,2,2024-12-11 17:49:18,2024-12-11 18:06:18,17,Warning,36,False,4,True,8.7
613,111,459,Radio Base Station,1,2,2025-09-04 05:22:44,2025-09-04 06:11:44,49,Major,269,False,5,True,5.8
614,95,15,Radio Base Station,1,6,2024-05-19 05:19:20,2024-05-19 05:54:20,35,Minor,135,False,2,True,6.2
615,191,396,Core Network Node,4,2,2025-12-09 05:21:38,2025-12-09 05:28:38,7,Warning,19,False,4,True,7.2
616,37,857,Radio Base Station,5,2,2024-03-15 23:20:34,2024-03-16 00:08:34,48,Minor,134,False,4,True,8.1
617,492,480,Antenna System,1,4,2025-11-21 18:47:48,2025-11-21 18:51:48,4,Minor,104,False,6,True,3.9
618,456,401,Core Network Node,2,3,2024-11-25 16:50:47,2024-11-25 17:15:47,25,Minor,113,False,1,True,3.8
619,279,714,Router/Switch,2,2,2024-01-22 20:03:54,2024-01-22 20:26:54,23,Minor,83,False,2,True,5.1
620,106,595,Core Network Node,1,5,2025-01-03 17:20:35,2025-01-03 17:50:35,30,Major,380,False,2,True,8.5
621,171,748,Antenna System,2,2,2026-01-01 20:35:01,2026-01-01 21:07:01,32,Minor,101,False,3,True,6.6
622,381,371,Core Network Node,3,3,2024-03-10 01:24:16,2024-03-10 01:39:16,15,Minor,82,False,1,True,4.4
623,487,442,Core Network Node,5,2,2025-03-30 13:42:57,2025-03-30 14:19:57,37,Warning,40,False,3,True,3.7
624,478,190,Antenna System,1,2,2025-08-14 13:21:55,2025-08-14 14:30:55,69,Major,246,True,4,False,4.7
625,337,248,Power System,5,3,2024-09-09 07:28:53,2024-09-09 08:14:53,46,Critical,618,True,0,False,3.0
626,136,6,Radio Base Station,1,6,2024-07-04 11:42:28,2024-07-04 14:30:28,168,Major,430,True,2,False,1.7
627,105,194,Core Network Node,5,3,2024-12-14 12:25:00,2024-12-14 13:11:00,46,Major,181,False,3,True,3.5
628,378,845,Power System,4,2,2025-05-16 13:30:30,2025-05-16 13:50:30,20,Major,278,False,2,True,2.6
629,110,802,Transmission Equipment,3,1,2025-01-10 03:50:55,2025-01-10 04:31:55,41,Minor,103,False,4,True,4.1
630,197,768,Power System,2,3,2025-06-13 11:05:32,2025-06-13 12:09:32,64,Major,443,True,6,False,8.7
631,267,865,Radio Base Station,2,2,2025-09-19 23:54:44,2025-09-20 00:09:44,15,Minor,125,False,5,True,5.7
632,185,45,Radio Base Station,2,2,2025-12-20 16:22:28,2025-12-20 16:36:28,14,Minor,77,False,1,True,9.9
633,62,863,Router/Switch,4,6,2024-08-11 03:30:55,2024-08-11 04:11:55,41,Critical,737,True,3,False,8.1
634,41,310,Power System,5,5,2025-07-11 12:55:29,2025-07-11 13:55:29,60,Major,342,False,5,True,1.9
635,250,696,Router/Switch,1,3,2025-12-24 01:32:15,2025-12-24 02:08:15,36,Major,260,False,1,True,1.2
636,245,162,Core Network Node,3,2,2024-07-27 16:29:18,2024-07-27 16:44:18,15,Minor,89,False,3,True,7.7
637,88,896,Transmission Equipment,4,4,2025-04-24 13:45:02,2025-04-24 13:59:02,14,Major,278,False,4,True,7.6
638,141,531,Transmission Equipment,3,1,2025-11-03 21:22:39,2025-11-03 21:27:39,5,Minor,178,False,3,True,4.6
639,227,693,Power System,3,9,2025-06-13 12:46:59,2025-06-13 13:02:59,16,Minor,161,False,7,True,6.9
640,407,436,Core Network Node,4,1,2024-10-04 04:30:19,2024-10-04 05:12:19,42,Major,321,False,3,True,2.4
641,319,189,Radio Base Station,4,4,2025-02-21 16:57:58,2025-02-21 17:20:58,23,Minor,155,False,1,True,2.3
642,229,540,Router/Switch,3,1,2025-11-06 17:15:34,2025-11-06 18:10:34,55,Minor,99,False,0,True,7.0
643,370,91,Power System,5,3,2025-10-28 15:49:10,2025-10-28 19:19:10,210,Critical,375,True,6,False,7.5
644,300,151,Power System,2,6,2024-12-25 18:23:02,2024-12-25 19:01:02,38,Major,473,False,2,True,2.2
645,268,551,Transmission Equipment,1,1,2024-01-21 16:46:43,2024-01-21 16:54:43,8,Warning,17,False,5,True,3.5
646,253,424,Antenna System,4,2,2024-11-18 20:18:33,2024-11-18 20:40:33,22,Minor,77,False,7,True,2.4
647,448,355,Core Network Node,4,2,2024-05-18 05:18:52,2024-05-18 05:46:52,28,Major,313,False,2,True,7.6
648,76,252,Transmission Equipment,1,5,2025-10-25 08:33:14,2025-10-25 08:50:14,17,Major,232,False,3,True,5.5
649,195,37,Antenna System,3,4,2024-07-03 10:42:28,2024-07-03 10:59:28,17,Major,292,False,2,True,6.1
650,220,978,Antenna System,4,2,2024-01-29 10:17:26,2024-01-29 10:24:26,7,Minor,123,False,6,True,8.1
651,198,506,Core Network Node,5,3,2024-10-30 13:31:08,2024-10-30 13:36:08,5,Minor,122,False,0,True,6.3
652,193,332,Transmission Equipment,1,2,2025-07-17 21:19:27,2025-07-17 21:27:27,8,Minor,108,False,4,True,1.4
653,11,660,Antenna System,4,2,2025-12-24 18:17:34,2025-12-24 18:35:34,18,Minor,179,False,3,True,5.4
654,310,640,Antenna System,1,3,2025-10-17 18:11:05,2025-10-17 18:29:05,18,Major,300,False,1,True,6.1
655,203,24,Power System,1,1,2024-10-25 11:38:55,2024-10-25 11:51:55,13,Minor,95,False,3,True,2.2
656,426,779,Router/Switch,5,6,2024-11-22 15:49:31,2024-11-22 17:09:31,80,Major,390,True,4,False,4.3
657,167,183,Core Network Node,5,4,2025-02-08 16:43:58,2025-02-08 17:13:58,30,Minor,119,False,2,True,8.7
658,337,877,Antenna System,5,1,2025-03-28 17:11:17,2025-03-28 17:41:17,30,Minor,183,False,2,True,2.4
659,300,587,Power System,5,3,2025-03-03 17:17:18,2025-03-03 17:28:18,11,Warning,32,False,1,True,5.7
660,156,332,Transmission Equipment,2,8,2025-08-04 11:06:11,2025-08-04 11:07:11,1,Minor,127,False,2,True,5.6
661,353,793,Radio Base Station,3,1,2024-10-06 23:43:12,2024-10-06 23:55:12,12,Major,470,False,8,True,7.4
662,33,682,Power System,3,4,2024-06-09 03:54:32,2024-06-09 03:59:32,5,Minor,99,False,6,True,8.6
663,30,578,Transmission Equipment,1,3,2025-03-21 15:09:21,2025-03-21 15:26:21,17,Major,242,False,5,True,1.5
664,390,182,Core Network Node,2,3,2025-02-20 03:36:34,2025-02-20 03:45:34,9,Major,328,False,4,True,7.4
665,146,498,Router/Switch,5,2,2025-06-02 09:46:39,2025-06-02 10:04:39,18,Minor,168,False,5,True,8.5
666,318,444,Antenna System,1,6,2024-06-24 09:24:22,2024-06-24 10:04:22,40,Critical,786,True,2,False,4.3
667,26,721,Router/Switch,4,2,2024-12-09 02:50:18,2024-12-09 03:12:18,22,Major,391,False,0,True,2.6
668,192,986,Antenna System,5,2,2025-11-30 07:49:03,2025-11-30 08:02:03,13,Major,213,False,3,True,1.7
669,4,441,Antenna System,1,5,2024-07-03 09:26:09,2024-07-03 09:41:09,15,Minor,121,False,3,True,6.5
670,312,443,Radio Base Station,3,5,2025-06-15 09:57:33,2025-06-15 12:31:33,154,Critical,493,True,3,False,1.3
671,264,785,Radio Base Station,5,3,2024-05-15 22:36:08,2024-05-15 22:47:08,11,Minor,170,False,3,True,3.7
672,211,579,Router/Switch,1,3,2024-03-17 12:13:02,2024-03-17 12:28:02,15,Major,285,False,2,True,5.9
673,474,430,Antenna System,1,1,2025-03-05 09:56:49,2025-03-05 10:37:49,41,Critical,515,True,5,False,7.4
674,11,668,Power System,4,9,2025-05-30 23:00:11,2025-05-30 23:17:11,17,Major,341,False,5,True,6.1
675,297,862,Core Network Node,2,1,2025-01-06 10:06:43,2025-01-06 10:25:43,19,Major,335,False,3,True,1.5
676,279,657,Antenna System,3,8,2024-08-05 05:58:24,2024-08-05 06:00:24,2,Warning,33,False,3,True,9.5
677,46,420,Radio Base Station,2,3,2025-07-04 12:38:08,2025-07-04 13:05:08,27,Major,221,False,2,True,5.1
678,206,691,Radio Base Station,5,3,2025-04-24 16:47:57,2025-04-24 17:13:57,26,Major,271,False,6,True,4.8
679,346,966,Transmission Equipment,1,4,2024-04-23 17:13:55,2024-04-23 20:30:55,197,Critical,467,True,6,False,1.9
680,347,789,Transmission Equipment,5,3,2024-06-04 12:05:56,2024-06-04 12:53:56,48,Minor,115,False,1,True,2.6
681,263,390,Core Network Node,3,2,2025-12-06 04:26:38,2025-12-06 04:49:38,23,Minor,128,False,3,True,7.5
682,462,59,Router/Switch,4,1,2024-10-28 12:42:19,2024-10-28 12:59:19,17,Minor,95,False,3,True,2.0
683,260,16,Transmission Equipment,2,4,2024-05-20 21:05:16,2024-05-20 22:35:16,90,Major,281,True,0,False,5.1
684,469,35,Radio Base Station,2,8,2025-08-26 01:45:20,2025-08-26 02:13:20,28,Minor,176,False,1,True,3.6
685,135,605,Router/Switch,2,9,2024-04-01 13:50:54,2024-04-01 13:57:54,7,Major,316,False,2,True,5.9
686,278,138,Power System,4,2,2024-10-24 16:11:54,2024-10-24 19:01:54,170,Critical,539,True,3,False,9.0
687,115,832,Core Network Node,1,5,2025-02-15 09:19:54,2025-02-15 09:30:54,11,Major,348,False,5,True,6.9
688,267,61,Power System,5,1,2025-09-23 08:15:46,2025-09-23 08:32:46,17,Minor,121,False,2,True,9.0
689,27,711,Power System,1,1,2025-01-18 17:49:29,2025-01-18 17:54:29,5,Warning,25,False,2,True,9.6
690,183,587,Power System,3,7,2024-10-15 13:59:14,2024-10-15 14:10:14,11,Critical,460,False,6,True,1.7
691,359,639,Radio Base Station,5,2,2024-08-17 21:42:21,2024-08-17 21:51:21,9,Minor,172,False,3,True,7.2
692,180,29,Power System,2,2,2024-02-04 00:05:39,2024-02-04 00:11:39,6,Minor,145,False,2,True,4.3
693,48,124,Radio Base Station,5,4,2025-11-30 19:56:07,2025-11-30 20:17:07,21,Minor,180,False,2,True,3.6
694,155,961,Transmission Equipment,2,3,2024-03-25 21:38:47,2024-03-25 22:14:47,36,Critical,590,True,1,False,2.4
695,189,38,Router/Switch,5,2,2024-02-14 03:47:36,2024-02-14 05:15:36,88,Major,468,True,1,False,7.2
696,427,585,Power System,2,5,2024-08-15 09:17:54,2024-08-15 09:22:54,5,Major,290,False,5,True,3.6
697,433,516,Antenna System,5,6,2024-02-22 11:03:47,2024-02-22 11:15:47,12,Minor,126,False,1,True,6.1
698,62,763,Antenna System,4,5,2025-02-14 19:41:51,2025-02-14 19:46:51,5,Minor,137,False,5,True,6.9
699,63,289,Router/Switch,3,8,2025-10-06 05:34:15,2025-10-06 05:53:15,19,Major,266,False,3,True,2.5
700,402,500,Router/Switch,1,2,2024-01-05 14:01:23,2024-01-05 14:24:23,23,Minor,191,False,2,True,5.8
701,65,52,Transmission Equipment,1,5,2025-01-24 09:50:20,2025-01-24 09:57:20,7,Warning,31,False,1,True,3.7
702,271,128,Radio Base Station,5,1,2024-06-24 02:26:11,2024-06-24 03:56:11,90,Critical,352,True,3,False,5.1
703,392,774,Router/Switch,4,6,2025-05-24 03:11:23,2025-05-24 03:31:23,20,Minor,177,False,2,True,3.0
704,441,692,Antenna System,2,5,2024-06-15 11:11:26,2024-06-15 11:14:26,3,Warning,20,False,4,True,6.1
705,418,191,Power System,2,8,2024-06-11 10:51:18,2024-06-11 11:09:18,18,Major,291,False,2,True,7.7
706,158,313,Transmission Equipment,4,6,2024-03-21 02:57:15,2024-03-21 03:13:15,16,Warning,25,False,5,True,8.6
707,357,950,Transmission Equipment,2,5,2024-12-15 21:25:33,2024-12-15 21:30:33,5,Warning,28,False,5,True,4.2
708,420,248,Transmission Equipment,5,1,2024-06-13 11:39:36,2024-06-13 12:36:36,57,Major,242,False,3,True,4.5
709,137,391,Router/Switch,3,4,2025-09-24 18:23:13,2025-09-24 18:28:13,5,Warning,18,False,1,True,1.2
710,335,814,Transmission Equipment,3,1,2024-07-16 09:36:14,2024-07-16 10:09:14,33,Major,452,False,3,True,9.0
711,217,160,Antenna System,5,5,2024-05-09 07:31:31,2024-05-09 09:00:31,89,Critical,593,True,2,False,2.0
712,92,158,Transmission Equipment,2,7,2025-01-28 18:06:01,2025-01-28 18:32:01,26,Minor,113,False,3,True,8.6
713,200,534,Router/Switch,2,5,2025-09-01 13:03:32,2025-09-01 13:11:32,8,Minor,130,False,6,True,8.3
714,139,479,Power System,3,7,2025-07-21 18:41:56,2025-07-21 19:10:56,29,Minor,169,False,1,True,5.5
715,490,21,Router/Switch,2,6,2025-01-03 16:56:36,2025-01-03 17:15:36,19,Minor,78,False,3,True,9.4
716,332,533,Router/Switch,4,1,2025-04-22 15:20:57,2025-04-22 15:32:57,12,Minor,82,False,3,True,3.7
717,415,976,Router/Switch,5,3,2024-10-17 15:24:46,2024-10-17 15:28:46,4,Minor,87,False,2,True,5.1
718,294,665,Core Network Node,4,2,2024-03-15 02:54:19,2024-03-15 02:59:19,5,Minor,180,False,3,True,3.0
719,197,592,Router/Switch,4,4,2025-12-16 15:46:01,2025-12-16 16:12:01,26,Minor,166,False,6,True,1.1
720,119,142,Transmission Equipment,5,4,2024-08-30 10:04:25,2024-08-30 10:22:25,18,Minor,182,False,2,True,2.9
721,250,60,Router/Switch,1,6,2025-01-22 09:24:24,2025-01-22 09:29:24,5,Warning,17,False,4,True,2.6
722,135,514,Core Network Node,1,2,2024-06-05 17:19:39,2024-06-05 17:39:39,20,Warning,32,False,2,True,8.4
723,114,669,Radio Base Station,2,1,2024-02-10 03:26:31,2024-02-10 05:11:31,105,Critical,574,True,3,False,5.6
724,155,482,Transmission Equipment,5,4,2024-07-10 17:37:53,2024-07-10 21:03:53,206,Critical,611,True,2,False,5.2
725,296,992,Transmission Equipment,1,1,2024-01-08 09:11:42,2024-01-08 10:43:42,92,Critical,420,True,4,False,3.4
726,142,49,Router/Switch,2,5,2024-10-04 11:58:44,2024-10-04 12:18:44,20,Minor,135,False,4,True,5.8
727,105,411,Core Network Node,1,4,2025-08-05 17:46:44,2025-08-05 17:59:44,13,Minor,130,False,2,True,8.5
728,429,453,Router/Switch,4,2,2024-11-06 17:36:24,2024-11-06 18:36:24,60,Major,417,False,0,True,8.7
729,42,688,Transmission Equipment,1,2,2024-02-28 19:01:06,2024-02-28 19:37:06,36,Minor,126,False,3,True,6.4
730,191,966,Radio Base Station,1,3,2024-11-08 17:56:38,2024-11-08 18:05:38,9,Warning,21,False,5,True,4.9
731,9,58,Router/Switch,4,8,2024-10-13 06:33:31,2024-10-13 06:48:31,15,Minor,87,False,2,True,5.5
732,374,319,Core Network Node,2,2,2025-10-13 09:03:56,2025-10-13 09:25:56,22,Minor,76,False,3,True,1.2
733,340,275,Router/Switch,4,4,2025-10-10 09:37:23,2025-10-10 11:11:23,94,Minor,116,False,3,True,5.7
734,35,245,Router/Switch,3,9,2024-10-24 19:59:16,2024-10-24 20:20:16,21,Major,208,False,4,True,5.8
735,176,921,Core Network Node,3,7,2025-04-14 11:49:01,2025-04-14 11:50:01,1,Warning,26,False,4,True,3.4
736,456,881,Power System,3,3,2024-04-30 23:13:28,2024-04-30 23:48:28,35,Minor,107,False,3,True,1.0
737,341,599,Transmission Equipment,2,2,2025-08-30 21:15:04,2025-08-30 21:33:04,18,Minor,139,False,6,True,9.2
738,101,409,Antenna System,2,1,2025-10-22 06:15:09,2025-10-22 06:55:09,40,Major,206,False,4,True,1.9
739,139,672,Antenna System,1,1,2025-10-16 16:08:44,2025-10-16 16:14:44,6,Minor,199,False,3,True,5.3
740,55,443,Power System,2,4,2025-11-05 15:03:17,2025-11-05 17:15:17,132,Major,177,True,2,False,9.0
741,34,759,Antenna System,2,1,2025-06-15 17:04:58,2025-06-15 17:42:58,38,Major,242,False,4,True,5.2
742,114,562,Antenna System,4,9,2025-09-24 20:58:17,2025-09-24 21:08:17,10,Warning,37,False,3,True,5.3
743,498,270,Radio Base Station,2,5,2025-03-05 16:43:44,2025-03-05 17:26:44,43,Major,415,False,1,True,4.7
744,22,258,Antenna System,3,2,2025-12-29 01:13:29,2025-12-29 01:32:29,19,Major,275,False,1,True,5.9
745,345,333,Transmission Equipment,3,3,2024-10-06 07:14:49,2024-10-06 07:37:49,23,Critical,366,False,10,True,2.9
746,431,119,Antenna System,4,1,2025-10-27 14:56:15,2025-10-27 14:58:15,2,Minor,79,False,4,True,7.8
747,203,484,Transmission Equipment,1,3,2024-05-01 11:55:59,2024-05-01 12:01:59,6,Minor,88,False,2,True,3.5
748,259,308,Core Network Node,2,1,2025-06-10 21:46:21,2025-06-10 21:54:21,8,Minor,109,False,3,True,6.5
749,368,992,Radio Base Station,1,6,2025-05-12 13:03:03,2025-05-12 13:57:03,54,Critical,367,True,5,False,7.6
750,376,64,Power System,5,6,2025-11-06 18:59:31,2025-11-06 19:12:31,13,Minor,162,False,7,True,5.0
751,109,983,Antenna System,3,5,2024-03-01 00:19:33,2024-03-01 00:33:33,14,Minor,110,False,2,True,7.6
752,19,72,Power System,1,6,2024-06-30 15:11:04,2024-06-30 15:21:04,10,Minor,121,False,4,True,9.8
753,146,226,Core Network Node,1,5,2025-01-19 00:43:04,2025-01-19 04:29:04,226,Critical,752,True,2,False,8.1
754,385,331,Router/Switch,5,2,2025-05-23 12:46:25,2025-05-23 14:19:25,93,Major,285,True,5,False,7.1
755,272,347,Radio Base Station,2,6,2025-02-01 08:22:41,2025-02-01 08:42:41,20,Major,367,False,3,True,9.3
756,375,377,Router/Switch,1,2,2024-07-26 09:10:04,2024-07-26 11:09:04,119,Major,265,True,5,False,4.8
757,279,113,Power System,4,6,2025-05-31 13:58:15,2025-05-31 14:02:15,4,Warning,19,False,0,True,3.2
758,312,14,Core Network Node,4,6,2024-09-29 13:04:11,2024-09-29 14:47:11,103,Major,197,True,4,False,7.5
759,86,561,Core Network Node,3,4,2024-09-26 13:45:24,2024-09-26 13:53:24,8,Minor,157,False,6,True,6.2
760,302,307,Radio Base Station,2,8,2025-01-28 04:49:42,2025-01-28 05:25:42,36,Minor,131,False,3,True,6.2
761,109,590,Antenna System,3,2,2024-01-06 21:52:20,2024-01-06 22:05:20,13,Minor,115,False,5,True,9.9
762,45,968,Core Network Node,1,9,2024-06-20 01:45:53,2024-06-20 02:20:53,35,Minor,184,False,3,True,8.0
763,231,340,Transmission Equipment,2,2,2025-07-28 16:15:43,2025-07-28 17:10:43,55,Major,295,False,3,True,3.5
764,323,197,Power System,4,4,2024-03-01 21:07:43,2024-03-01 21:19:43,12,Warning,22,False,3,True,2.1
765,477,314,Radio Base Station,2,3,2024-05-21 14:44:32,2024-05-21 15:05:32,21,Minor,128,False,5,True,1.0
766,86,966,Transmission Equipment,3,2,2025-12-21 07:46:06,2025-12-21 07:54:06,8,Major,409,False,2,True,6.9
767,381,666,Transmission Equipment,1,9,2024-12-09 11:24:10,2024-12-09 11:25:10,1,Warning,28,False,1,True,6.9
768,191,983,Core Network Node,3,1,2025-12-14 15:27:26,2025-12-14 15:46:26,19,Major,249,False,2,True,9.7
769,323,163,Antenna System,5,7,2024-03-08 10:21:36,2024-03-08 10:29:36,8,Warning,19,False,4,True,8.5
770,17,894,Core Network Node,1,9,2025-09-06 17:22:09,2025-09-06 17:25:09,3,Warning,27,False,1,True,6.8
771,112,108,Antenna System,4,5,2024-10-25 15:25:38,2024-10-25 16:56:38,91,Critical,409,True,2,False,5.4
772,482,871,Power System,1,2,2025-01-06 15:13:47,2025-01-06 15:37:47,24,Minor,118,False,5,True,8.7
773,493,515,Core Network Node,2,2,2025-02-22 16:02:22,2025-02-22 16:19:22,17,Major,274,False,2,True,8.7
774,110,431,Core Network Node,3,5,2025-10-26 11:08:20,2025-10-26 11:24:20,16,Minor,83,False,3,True,1.8
775,92,888,Core Network Node,3,2,2025-02-28 14:30:33,2025-02-28 14:32:33,2,Major,265,False,4,True,4.7
776,212,551,Radio Base Station,3,2,2024-02-21 16:14:37,2024-02-21 16:34:37,20,Minor,110,False,6,True,1.6
777,268,142,Transmission Equipment,3,2,2024-03-07 17:25:02,2024-03-07 18:19:02,54,Major,267,False,4,True,7.3
778,266,997,Antenna System,5,2,2024-12-28 15:36:20,2024-12-28 16:03:20,27,Minor,90,False,3,True,2.1
779,375,680,Radio Base Station,4,5,2025-12-17 16:34:05,2025-12-17 16:35:05,1,Warning,28,False,6,True,6.5
780,159,102,Router/Switch,1,7,2025-08-11 07:38:45,2025-08-11 08:03:45,25,Major,188,False,1,True,4.3
781,148,913,Radio Base Station,2,9,2025-12-15 09:41:14,2025-12-15 10:19:14,38,Major,196,False,6,True,1.2
782,427,663,Radio Base Station,5,4,2024-12-02 10:36:59,2024-12-02 10:38:59,2,Minor,114,False,3,True,9.3
783,127,222,Core Network Node,3,7,2024-02-25 13:34:57,2024-02-25 14:24:57,50,Minor,150,False,1,True,3.4
784,256,527,Core Network Node,1,1,2024-05-25 05:50:05,2024-05-25 06:11:05,21,Major,337,False,2,True,1.7
785,424,762,Radio Base Station,2,4,2024-05-10 15:22:50,2024-05-10 16:32:50,70,Minor,113,False,2,True,2.9
786,244,630,Core Network Node,5,4,2025-04-23 22:59:46,2025-04-23 23:17:46,18,Minor,136,False,1,True,8.7
787,323,709,Antenna System,1,1,2025-11-12 08:12:06,2025-11-12 09:01:06,49,Major,253,False,1,True,9.3
788,89,693,Radio Base Station,4,3,2025-08-08 15:22:31,2025-08-08 15:27:31,5,Warning,46,False,2,True,2.4
789,121,174,Transmission Equipment,5,4,2024-01-26 10:28:40,2024-01-26 10:37:40,9,Warning,29,False,3,True,6.5
790,123,150,Radio Base Station,1,8,2025-10-09 23:53:14,2025-10-09 23:54:14,1,Minor,191,False,7,True,3.2
791,211,994,Radio Base Station,1,2,2025-02-06 21:39:54,2025-02-06 22:07:54,28,Minor,100,False,3,True,2.4
792,229,960,Transmission Equipment,1,4,2024-06-20 18:59:32,2024-06-20 19:43:32,44,Minor,123,False,5,True,8.7
793,452,321,Core Network Node,5,3,2024-10-13 11:58:05,2024-10-13 12:23:05,25,Major,445,False,3,True,9.7
794,176,68,Radio Base Station,2,2,2025-05-03 08:40:19,2025-05-03 08:52:19,12,Minor,93,False,2,True,9.0
795,434,945,Core Network Node,4,4,2024-09-19 12:28:48,2024-09-19 12:44:48,16,Minor,152,False,2,True,4.5
796,293,307,Router/Switch,4,2,2024-11-21 18:43:52,2024-11-21 18:46:52,3,Warning,28,False,4,True,3.3
797,500,53,Antenna System,4,6,2025-06-03 15:53:29,2025-06-03 16:33:29,40,Minor,144,False,2,True,1.8
798,288,594,Radio Base Station,3,1,2024-08-06 12:01:22,2024-08-06 12:39:22,38,Major,327,False,5,True,9.3
799,263,344,Antenna System,2,5,2025-04-08 16:38:31,2025-04-08 17:09:31,31,Major,494,False,6,True,7.3
800,36,599,Core Network Node,4,2,2025-06-30 14:00:44,2025-06-30 14:17:44,17,Minor,81,False,4,True,5.3
801,17,828,Radio Base Station,5,1,2024-12-01 14:02:16,2024-12-01 14:35:16,33,Critical,480,True,6,False,7.8
802,463,342,Radio Base Station,5,1,2025-04-29 15:10:06,2025-04-29 15:13:06,3,Warning,32,False,5,True,4.7
803,403,379,Radio Base Station,5,2,2024-03-10 02:24:31,2024-03-10 02:56:31,32,Major,433,False,4,True,9.0
804,219,98,Radio Base Station,2,2,2024-08-21 16:19:55,2024-08-21 16:41:55,22,Minor,87,False,2,True,5.9
805,300,172,Router/Switch,5,3,2025-05-31 16:52:02,2025-05-31 18:08:02,76,Major,453,True,2,False,2.1
806,166,389,Transmission Equipment,4,6,2025-08-21 15:00:15,2025-08-21 15:03:15,3,Minor,115,False,1,True,8.7
807,19,139,Radio Base Station,3,2,2025-01-03 09:01:57,2025-01-03 09:18:57,17,Warning,34,False,2,True,1.8
808,138,141,Router/Switch,3,2,2024-08-01 16:44:55,2024-08-01 17:13:55,29,Warning,30,False,1,True,5.4
809,142,691,Power System,3,4,2024-03-19 17:16:34,2024-03-20 00:26:34,430,Critical,489,True,2,False,6.1
810,54,371,Core Network Node,2,1,2024-09-05 05:22:08,2024-09-05 06:09:08,47,Critical,314,True,3,False,1.5
811,428,387,Antenna System,1,2,2025-12-11 05:15:28,2025-12-11 05:30:28,15,Warning,27,False,2,True,4.5
812,88,521,Transmission Equipment,4,6,2024-02-05 08:37:56,2024-02-05 08:42:56,5,Minor,75,False,5,True,4.8
813,35,41,Antenna System,4,4,2024-10-08 04:30:57,2024-10-08 05:03:57,33,Minor,127,False,2,True,5.5
814,200,608,Antenna System,4,4,2025-11-30 06:04:16,2025-11-30 06:29:16,25,Minor,145,False,3,True,2.1
815,13,697,Antenna System,1,5,2025-05-23 17:39:55,2025-05-23 18:15:55,36,Critical,519,True,7,False,6.7
816,67,540,Core Network Node,5,4,2025-09-27 13:06:27,2025-09-27 13:26:27,20,Major,231,False,2,True,1.2
817,303,549,Radio Base Station,1,6,2025-08-19 00:43:07,2025-08-19 01:02:07,19,Minor,145,False,4,True,6.8
818,28,246,Power System,1,2,2024-03-04 15:33:43,2024-03-04 16:37:43,64,Minor,78,False,5,True,2.0
819,240,200,Power System,2,6,2025-06-14 16:34:38,2025-06-14 17:21:38,47,Critical,474,True,4,False,2.3
820,479,623,Power System,2,7,2024-10-20 22:13:37,2024-10-21 00:20:37,127,Critical,455,True,4,False,6.9
821,488,266,Power System,2,2,2025-11-12 15:04:13,2025-11-12 15:15:13,11,Minor,126,False,1,True,4.5
822,372,946,Power System,4,3,2025-06-20 04:02:19,2025-06-20 05:23:19,81,Major,428,True,4,False,6.9
823,172,688,Transmission Equipment,5,5,2024-12-21 18:29:22,2024-12-21 19:04:22,35,Major,200,False,6,True,2.7
824,326,480,Power System,5,7,2025-02-22 18:48:49,2025-02-22 18:57:49,9,Warning,33,False,4,True,2.8
825,275,132,Antenna System,4,1,2024-09-19 09:02:48,2024-09-19 09:19:48,17,Critical,498,False,1,True,9.1
826,382,393,Router/Switch,1,3,2025-10-04 11:28:46,2025-10-04 12:18:46,50,Minor,169,False,3,True,4.8
827,212,495,Router/Switch,3,2,2024-12-22 08:53:24,2024-12-22 08:59:24,6,Warning,23,False,1,True,3.3
828,44,282,Transmission Equipment,5,1,2024-01-20 09:41:29,2024-01-20 10:03:29,22,Major,470,False,2,True,5.4
829,424,31,Router/Switch,4,2,2024-02-22 02:46:09,2024-02-22 03:09:09,23,Critical,470,False,3,True,3.2
830,121,786,Power System,2,1,2024-08-03 04:46:46,2024-08-03 05:02:46,16,Major,210,False,1,True,7.3
831,390,465,Router/Switch,3,2,2025-10-01 12:58:49,2025-10-01 13:07:49,9,Warning,24,False,1,True,8.4
832,181,363,Power System,5,1,2024-07-13 19:19:27,2024-07-13 19:30:27,11,Major,355,False,0,True,6.1
833,110,862,Router/Switch,4,2,2025-03-08 10:50:50,2025-03-08 11:30:50,40,Minor,71,False,3,True,5.3
834,97,911,Transmission Equipment,3,1,2024-01-31 11:41:03,2024-01-31 12:27:03,46,Critical,415,True,3,False,9.7
835,143,590,Power System,5,7,2024-09-22 07:54:27,2024-09-22 08:46:27,52,Major,292,False,2,True,5.0
836,334,76,Transmission Equipment,1,3,2025-01-18 20:35:48,2025-01-18 21:08:48,33,Major,313,False,3,True,9.3
837,260,653,Router/Switch,2,2,2025-02-14 09:56:41,2025-02-14 10:05:41,9,Warning,20,False,2,True,3.2
838,335,132,Power System,3,1,2024-10-20 11:21:23,2024-10-20 11:35:23,14,Major,420,False,4,True,4.9
839,90,686,Router/Switch,2,2,2024-05-31 15:59:25,2024-05-31 16:13:25,14,Minor,128,False,2,True,1.8
840,225,305,Radio Base Station,3,7,2024-09-09 00:24:44,2024-09-09 00:31:44,7,Warning,26,False,4,True,5.5
841,211,144,Radio Base Station,2,3,2024-07-21 08:53:05,2024-07-21 08:56:05,3,Major,295,False,3,True,2.9
842,259,770,Transmission Equipment,3,3,2025-12-02 11:26:53,2025-12-02 11:50:53,24,Minor,119,False,3,True,5.3
843,277,472,Antenna System,1,1,2024-02-29 14:25:51,2024-02-29 16:49:51,144,Critical,626,True,4,False,7.4
844,261,812,Core Network Node,3,6,2025-03-08 20:19:06,2025-03-08 21:46:06,87,Critical,595,True,3,False,8.2
845,400,425,Router/Switch,5,6,2025-09-09 08:02:11,2025-09-09 08:44:11,42,Minor,153,False,3,True,3.1
846,104,850,Router/Switch,1,1,2024-11-23 09:56:02,2024-11-23 10:00:02,4,Minor,71,False,3,True,5.1
847,444,886,Radio Base Station,5,1,2024-12-11 22:37:54,2024-12-11 22:41:54,4,Warning,30,False,2,True,7.0
848,300,293,Power System,4,2,2024-09-15 07:40:49,2024-09-15 08:43:49,63,Major,504,True,2,False,9.0
849,60,590,Router/Switch,3,1,2024-10-23 04:52:18,2024-10-23 05:07:18,15,Major,169,False,7,True,3.6
850,70,911,Antenna System,2,6,2025-02-26 06:23:36,2025-02-26 06:37:36,14,Major,242,False,3,True,5.3
851,266,612,Antenna System,2,1,2024-06-19 04:45:38,2024-06-19 04:59:38,14,Minor,79,False,4,True,3.5
852,74,730,Antenna System,3,3,2024-11-26 01:13:34,2024-11-26 02:17:34,64,Critical,321,True,6,False,6.2
853,373,452,Router/Switch,5,1,2025-08-08 02:58:50,2025-08-08 03:13:50,15,Minor,170,False,5,True,8.5
854,423,929,Power System,2,7,2025-03-20 00:40:01,2025-03-20 00:52:01,12,Major,242,False,6,True,3.5
855,265,736,Core Network Node,5,1,2025-06-10 17:16:13,2025-06-10 17:35:13,19,Minor,85,False,3,True,7.4
856,432,546,Core Network Node,1,6,2025-08-16 08:23:24,2025-08-16 08:42:24,19,Major,266,False,2,True,1.1
857,208,627,Power System,5,5,2025-05-11 13:43:19,2025-05-11 14:07:19,24,Major,316,False,3,True,8.0
858,274,989,Radio Base Station,1,2,2025-04-01 03:15:40,2025-04-01 07:34:40,259,Critical,437,True,3,False,6.9
859,153,279,Power System,5,2,2024-11-17 19:22:46,2024-11-17 22:34:46,192,Major,377,True,0,False,2.6
860,282,820,Radio Base Station,5,2,2024-09-22 18:43:56,2024-09-22 19:28:56,45,Minor,77,False,3,True,1.6
861,166,937,Power System,4,2,2025-06-27 11:11:01,2025-06-27 14:50:01,219,Critical,590,True,4,False,8.0
862,187,576,Transmission Equipment,1,1,2025-02-20 19:54:08,2025-02-20 19:55:08,1,Warning,34,False,2,True,7.2
863,251,818,Transmission Equipment,1,3,2024-01-30 17:52:47,2024-01-30 18:01:47,9,Major,326,False,2,True,2.3
864,207,990,Router/Switch,5,2,2025-05-29 12:09:59,2025-05-29 13:44:59,95,Critical,398,True,4,False,1.7
865,490,591,Router/Switch,3,1,2024-10-16 03:28:25,2024-10-16 03:30:25,2,Minor,81,False,4,True,3.1
866,220,854,Transmission Equipment,2,6,2024-10-11 16:24:05,2024-10-11 16:34:05,10,Major,176,False,1,True,5.7
867,252,896,Power System,3,3,2024-07-13 10:29:38,2024-07-13 10:41:38,12,Warning,29,False,0,True,9.5
868,476,244,Core Network Node,1,1,2025-02-02 15:18:12,2025-02-02 16:48:12,90,Critical,575,True,7,False,6.8
869,401,627,Radio Base Station,3,4,2024-02-01 10:12:53,2024-02-01 10:54:53,42,Major,242,False,3,True,7.9
870,383,787,Antenna System,1,3,2025-11-23 18:08:20,2025-11-23 18:20:20,12,Major,303,False,4,True,3.7
871,88,127,Radio Base Station,4,3,2024-04-24 01:01:33,2024-04-24 01:10:33,9,Major,233,False,2,True,1.3
872,56,536,Radio Base Station,3,3,2024-07-19 09:21:37,2024-07-19 09:34:37,13,Minor,109,False,4,True,3.1
873,344,32,Radio Base Station,1,2,2024-02-10 16:06:34,2024-02-10 16:53:34,47,Minor,111,False,2,True,7.1
874,308,635,Router/Switch,3,1,2025-05-24 12:41:33,2025-05-24 12:52:33,11,Warning,21,False,5,True,1.9
875,346,795,Core Network Node,3,2,2024-12-23 21:16:26,2024-12-23 22:00:26,44,Warning,25,False,5,True,1.0
876,69,293,Core Network Node,3,1,2024-11-02 20:23:06,2024-11-02 20:49:06,26,Minor,161,False,0,True,2.0
877,129,507,Antenna System,4,3,2025-09-30 09:28:53,2025-09-30 09:39:53,11,Minor,127,False,7,True,6.5
878,358,582,Router/Switch,2,3,2025-09-09 14:35:35,2025-09-09 14:52:35,17,Minor,83,False,7,True,4.9
879,429,650,Router/Switch,1,4,2024-04-29 20:40:58,2024-04-29 21:29:58,49,Minor,184,False,3,True,6.1
880,101,8,Router/Switch,2,2,2024-01-23 15:35:12,2024-01-23 16:32:12,57,Minor,111,False,4,True,8.9
881,384,437,Transmission Equipment,2,6,2024-11-30 20:21:00,2024-11-30 20:27:00,6,Warning,20,False,3,True,1.0
882,373,864,Power System,4,2,2024-05-05 05:49:33,2024-05-05 05:54:33,5,Minor,132,False,3,True,8.6
883,134,880,Power System,1,3,2024-01-15 12:23:31,2024-01-15 14:10:31,107,Major,403,True,7,False,5.9
884,77,408,Core Network Node,5,1,2025-11-21 20:38:45,2025-11-21 20:53:45,15,Minor,104,False,0,True,2.5
885,370,52,Antenna System,1,3,2024-11-13 09:30:48,2024-11-13 09:56:48,26,Minor,115,False,5,True,5.6
886,199,765,Transmission Equipment,3,2,2025-07-04 14:00:52,2025-07-04 16:10:52,130,Major,296,True,3,False,2.4
887,346,565,Antenna System,1,1,2024-11-24 20:09:54,2024-11-24 20:10:54,1,Warning,18,False,5,True,2.9
888,495,346,Core Network Node,1,6,2024-12-09 12:00:39,2024-12-09 12:13:39,13,Minor,168,False,1,True,6.1
889,16,99,Antenna System,1,6,2025-09-16 04:43:03,2025-09-16 04:44:03,1,Critical,512,False,5,True,6.0
890,354,526,Core Network Node,5,4,2024-03-18 01:50:33,2024-03-18 02:37:33,47,Minor,111,False,1,True,9.7
891,338,248,Antenna System,3,3,2025-06-03 14:24:09,2025-06-03 14:25:09,1,Warning,50,False,5,True,6.9
892,347,543,Antenna System,1,2,2025-12-16 17:07:46,2025-12-16 20:36:46,209,Major,360,True,2,False,6.9
893,383,158,Power System,4,6,2024-01-08 17:59:48,2024-01-08 18:07:48,8,Minor,101,False,6,True,1.6
894,384,200,Core Network Node,4,2,2025-11-07 13:13:40,2025-11-07 13:28:40,15,Minor,116,False,5,True,8.4
895,110,758,Core Network Node,3,6,2025-08-18 06:14:51,2025-08-18 06:24:51,10,Minor,97,False,4,True,6.2
896,249,525,Antenna System,3,8,2024-03-17 08:50:36,2024-03-17 09:39:36,49,Major,284,False,10,True,8.1
897,106,499,Antenna System,4,2,2024-04-05 16:37:51,2024-04-05 17:17:51,40,Major,295,False,3,True,9.8
898,10,417,Radio Base Station,1,3,2024-10-23 07:17:11,2024-10-23 07:41:11,24,Minor,104,False,4,True,6.5
899,165,898,Power System,4,3,2025-12-14 12:56:37,2025-12-14 13:01:37,5,Minor,119,False,3,True,3.6
900,420,192,Power System,1,1,2025-10-02 19:19:59,2025-10-02 19:47:59,28,Major,216,False,1,True,2.3
901,325,934,Power System,3,6,2025-04-29 21:54:45,2025-04-29 22:22:45,28,Critical,532,False,6,True,4.2
902,261,662,Antenna System,5,2,2025-07-18 10:06:32,2025-07-18 10:49:32,43,Major,303,False,4,True,5.9
903,332,491,Core Network Node,2,1,2025-04-24 03:57:10,2025-04-24 04:00:10,3,Minor,118,False,2,True,5.6
904,58,971,Power System,1,4,2024-01-30 18:48:47,2024-01-30 21:22:47,154,Critical,407,True,5,False,2.3
905,412,955,Antenna System,4,3,2025-03-12 13:37:56,2025-03-12 14:00:56,23,Critical,558,False,6,True,8.6
906,328,434,Router/Switch,4,2,2025-05-14 11:00:21,2025-05-14 11:28:21,28,Minor,123,False,3,True,6.7
907,216,222,Antenna System,2,5,2025-01-28 05:23:31,2025-01-28 05:50:31,27,Minor,117,False,2,True,2.9
908,274,490,Transmission Equipment,2,2,2024-04-19 11:27:45,2024-04-19 12:22:45,55,Major,332,False,3,True,3.3
909,42,629,Core Network Node,1,3,2024-02-02 09:25:59,2024-02-02 09:26:59,1,Warning,19,False,2,True,8.7
910,139,506,Power System,2,7,2025-08-06 12:18:23,2025-08-06 13:31:23,73,Critical,701,True,3,False,4.4
911,237,207,Antenna System,1,3,2025-01-02 13:36:19,2025-01-02 13:40:19,4,Major,235,False,0,True,5.6
912,272,808,Router/Switch,3,4,2025-09-17 17:47:36,2025-09-17 18:14:36,27,Minor,121,False,5,True,3.3
913,122,214,Antenna System,1,1,2024-04-13 11:53:04,2024-04-13 12:08:04,15,Minor,91,False,7,True,4.8
914,347,878,Router/Switch,2,8,2025-01-26 11:49:11,2025-01-26 12:30:11,41,Major,298,False,4,True,9.2
915,494,2,Router/Switch,1,4,2024-11-21 14:24:08,2024-11-21 14:30:08,6,Minor,126,False,3,True,9.6
916,316,408,Radio Base Station,4,6,2025-01-25 11:26:14,2025-01-25 11:51:14,25,Minor,158,False,3,True,3.4
917,167,747,Transmission Equipment,2,2,2024-05-26 13:39:35,2024-05-26 15:17:35,98,Major,234,True,3,False,2.4
918,153,463,Power System,5,2,2025-08-21 10:17:06,2025-08-21 13:16:06,179,Critical,740,True,1,False,6.1
919,76,162,Radio Base Station,3,2,2024-06-15 10:57:52,2024-06-15 11:11:52,14,Minor,126,False,3,True,3.1
920,270,480,Router/Switch,5,3,2024-05-08 04:41:57,2024-05-08 08:01:57,200,Critical,543,True,3,False,5.1
921,401,395,Transmission Equipment,5,8,2024-11-17 12:17:02,2024-11-17 12:26:02,9,Minor,113,False,3,True,2.8
922,97,292,Router/Switch,3,9,2025-05-31 02:47:42,2025-05-31 03:55:42,68,Major,286,True,5,False,3.9
923,352,699,Transmission Equipment,3,9,2025-10-29 03:58:56,2025-10-29 06:14:56,136,Critical,333,True,3,False,9.8
924,203,286,Power System,3,7,2024-01-17 22:24:49,2024-01-17 23:09:49,45,Minor,108,False,0,True,3.3
925,12,185,Router/Switch,4,2,2024-08-08 22:45:01,2024-08-08 23:19:01,34,Minor,127,False,1,True,3.1
926,210,158,Radio Base Station,4,5,2024-01-01 03:21:17,2024-01-01 03:39:17,18,Minor,85,False,0,True,6.0
927,389,239,Radio Base Station,4,2,2024-06-04 12:20:13,2024-06-04 15:15:13,175,Critical,493,True,6,False,6.0
928,326,719,Transmission Equipment,5,2,2025-06-20 03:20:12,2025-06-20 04:56:12,96,Major,238,True,4,False,2.6
929,308,361,Power System,2,2,2024-01-31 08:09:09,2024-01-31 08:35:09,26,Warning,19,False,2,True,8.0
930,36,622,Power System,3,4,2025-08-17 03:55:34,2025-08-17 04:04:34,9,Warning,17,False,5,True,2.0
931,125,960,Core Network Node,5,3,2024-06-26 21:46:07,2024-06-26 22:01:07,15,Minor,68,False,1,True,2.9
932,287,324,Antenna System,5,2,2024-05-20 10:50:11,2024-05-20 11:28:11,38,Minor,129,False,3,True,8.6
933,256,518,Transmission Equipment,4,6,2024-05-13 02:03:39,2024-05-13 02:48:39,45,Major,473,False,3,True,1.2
934,125,102,Power System,4,6,2024-06-20 21:18:02,2024-06-20 21:34:02,16,Major,281,False,2,True,4.2
935,139,136,Core Network Node,2,2,2025-01-06 08:46:35,2025-01-06 09:08:35,22,Major,303,False,5,True,7.6
936,134,497,Power System,1,1,2025-09-30 11:50:28,2025-09-30 12:34:28,44,Minor,114,False,4,True,1.2
937,142,947,Router/Switch,5,7,2025-03-01 02:51:09,2025-03-01 02:53:09,2,Minor,171,False,4,True,5.5
938,368,367,Core Network Node,4,2,2024-05-06 08:26:59,2024-05-06 08:36:59,10,Warning,24,False,0,True,1.8
939,169,463,Radio Base Station,1,2,2024-07-07 17:26:29,2024-07-07 17:27:29,1,Warning,20,False,1,True,6.1
940,430,129,Power System,1,4,2024-12-04 10:10:57,2024-12-04 10:39:57,29,Minor,192,False,2,True,3.4
941,17,175,Antenna System,5,2,2024-06-14 05:43:29,2024-06-14 06:02:29,19,Minor,108,False,1,True,6.2
942,381,183,Radio Base Station,2,1,2025-03-30 04:34:50,2025-03-30 05:25:50,51,Critical,376,True,5,False,5.7
943,391,661,Core Network Node,2,8,2024-04-26 12:41:42,2024-04-26 12:52:42,11,Minor,80,False,2,True,6.5
944,42,679,Core Network Node,4,7,2025-04-09 08:50:49,2025-04-09 08:55:49,5,Minor,90,False,2,True,4.4
945,281,278,Transmission Equipment,3,2,2024-12-15 20:00:41,2024-12-15 20:16:41,16,Minor,99,False,1,True,1.5
946,359,20,Transmission Equipment,3,8,2025-06-21 14:35:13,2025-06-21 15:26:13,51,Major,392,False,3,True,5.7
947,366,345,Core Network Node,5,3,2024-05-06 23:12:00,2024-05-06 23:23:00,11,Minor,168,False,2,True,6.4
948,9,187,Core Network Node,4,6,2024-07-07 11:13:31,2024-07-07 11:53:31,40,Major,168,False,2,True,4.4
949,355,685,Power System,2,6,2024-04-29 07:28:42,2024-04-29 07:51:42,23,Major,301,False,5,True,2.4
950,150,750,Router/Switch,1,2,2024-06-03 08:04:19,2024-06-03 09:37:19,93,Critical,477,True,5,False,6.5
951,175,32,Power System,2,1,2024-11-04 18:48:15,2024-11-04 19:29:15,41,Minor,76,False,2,True,5.5
952,414,376,Core Network Node,5,4,2025-06-24 11:51:50,2025-06-24 13:56:50,125,Critical,621,True,6,False,4.1
953,96,624,Router/Switch,5,6,2025-06-28 12:42:34,2025-06-28 13:10:34,28,Major,272,False,3,True,1.3
954,29,709,Radio Base Station,1,2,2024-12-07 10:51:03,2024-12-07 12:39:03,108,Major,484,True,3,False,6.8
955,17,10,Core Network Node,1,9,2025-09-22 14:46:46,2025-09-22 14:47:46,1,Warning,20,False,2,True,2.2
956,22,257,Transmission Equipment,5,1,2025-12-26 16:22:38,2025-12-26 17:35:38,73,Critical,376,True,5,False,7.8
957,336,751,Antenna System,4,7,2025-07-24 12:40:50,2025-07-24 14:44:50,124,Critical,417,True,2,False,3.8
958,307,258,Core Network Node,3,9,2025-01-22 08:33:03,2025-01-22 08:46:03,13,Warning,29,False,0,True,8.0
959,352,715,Core Network Node,4,6,2025-04-17 02:10:06,2025-04-17 02:54:06,44,Major,208,False,2,True,1.5
960,395,516,Transmission Equipment,4,7,2024-02-04 03:01:58,2024-02-04 03:43:58,42,Major,237,False,1,True,9.5
961,294,36,Power System,3,7,2025-06-29 19:11:04,2025-06-29 20:22:04,71,Critical,541,True,5,False,7.3
962,185,441,Power System,4,2,2025-03-15 02:03:48,2025-03-15 02:15:48,12,Minor,67,False,4,True,4.1
963,119,151,Radio Base Station,5,2,2025-05-07 20:08:15,2025-05-07 20:14:15,6,Minor,139,False,6,True,7.5
964,227,74,Power System,4,3,2024-09-07 15:30:38,2024-09-07 16:36:38,66,Minor,191,False,3,True,6.0
965,449,282,Router/Switch,5,2,2025-11-10 13:56:39,2025-11-10 14:00:39,4,Minor,118,False,2,True,9.6
966,16,54,Transmission Equipment,5,8,2024-02-05 00:16:17,2024-02-05 00:37:17,21,Minor,88,False,2,True,8.4
967,91,764,Radio Base Station,3,3,2025-01-15 02:54:52,2025-01-15 03:15:52,21,Warning,31,False,5,True,8.3
968,133,392,Transmission Equipment,1,2,2024-12-26 03:52:09,2024-12-26 04:58:09,66,Major,309,True,3,False,2.0
969,308,565,Power System,2,4,2025-05-25 11:50:10,2025-05-25 12:38:10,48,Minor,90,False,4,True,5.7
970,343,153,Antenna System,3,3,2025-04-13 13:53:02,2025-04-13 14:51:02,58,Major,178,False,3,True,4.6
971,316,816,Transmission Equipment,3,2,2024-04-19 12:25:07,2024-04-19 13:09:07,44,Minor,99,False,5,True,9.7
972,463,266,Router/Switch,1,1,2024-12-18 12:52:00,2024-12-18 13:02:00,10,Warning,39,False,2,True,5.7
973,485,844,Antenna System,5,5,2024-08-31 12:14:31,2024-08-31 12:42:31,28,Minor,184,False,2,True,3.4
974,317,480,Core Network Node,2,7,2024-07-25 13:06:11,2024-07-25 14:23:11,77,Critical,505,True,4,False,8.2
975,83,798,Radio Base Station,1,3,2025-05-06 13:59:43,2025-05-06 14:34:43,35,Minor,113,False,1,True,5.1
976,280,237,Antenna System,2,4,2024-08-19 12:40:22,2024-08-19 13:36:22,56,Major,330,False,4,True,7.8
977,300,873,Antenna System,4,6,2025-08-19 13:28:07,2025-08-19 13:49:07,21,Major,496,False,2,True,5.2
978,40,491,Radio Base Station,3,4,2025-02-14 19:44:08,2025-02-14 20:53:08,69,Critical,329,True,5,False,8.8
979,482,357,Transmission Equipment,5,6,2025-01-21 14:10:44,2025-01-21 14:16:44,6,Minor,96,False,2,True,5.2
980,324,395,Core Network Node,2,2,2025-08-24 08:50:32,2025-08-24 09:09:32,19,Minor,67,False,1,True,5.2
981,359,972,Antenna System,4,8,2024-12-25 16:18:06,2024-12-25 16:55:06,37,Critical,432,True,4,False,7.3
982,128,215,Antenna System,5,4,2024-08-26 15:27:18,2024-08-26 15:37:18,10,Minor,72,False,4,True,1.4
983,334,176,Antenna System,2,7,2025-05-22 13:35:56,2025-05-22 13:40:56,5,Warning,39,False,3,True,8.3
984,106,556,Power System,2,8,2024-09-13 17:57:43,2024-09-13 18:12:43,15,Minor,161,False,4,True,3.3
985,368,958,Antenna System,4,3,2024-10-01 09:43:32,2024-10-01 10:01:32,18,Major,244,False,3,True,9.7
986,299,99,Core Network Node,5,3,2025-05-14 20:29:40,2025-05-14 21:41:40,72,Major,236,True,5,False,1.6
987,399,952,Power System,5,1,2024-12-08 20:12:12,2024-12-08 21:01:12,49,Major,246,False,9,True,9.2
988,482,181,Radio Base Station,4,4,2025-04-26 19:20:52,2025-04-26 19:30:52,10,Minor,133,False,4,True,3.8
989,193,296,Core Network Node,5,8,2025-10-24 05:07:51,2025-10-24 05:16:51,9,Major,243,False,4,True,8.1
990,452,509,Radio Base Station,4,6,2024-01-13 16:44:45,2024-01-13 17:07:45,23,Minor,186,False,5,True,1.9
991,16,628,Router/Switch,5,8,2024-09-25 17:04:57,2024-09-25 17:10:57,6,Major,208,False,2,True,9.8
992,168,812,Antenna System,4,2,2025-07-23 23:13:24,2025-07-23 23:26:24,13,Minor,104,False,4,True,1.7
993,353,742,Antenna System,5,2,2025-03-21 09:25:47,2025-03-21 09:40:47,15,Warning,44,False,6,True,9.7
994,211,573,Transmission Equipment,3,2,2024-11-12 03:43:51,2024-11-12 03:47:51,4,Warning,20,False,2,True,8.1
995,302,736,Transmission Equipment,4,3,2024-10-12 01:49:37,2024-10-12 02:55:37,66,Minor,81,False,3,True,7.8
996,483,76,Radio Base Station,3,2,2024-04-22 21:28:37,2024-04-22 22:16:37,48,Major,282,False,5,True,7.4
997,257,583,Router/Switch,3,2,2024-06-27 15:22:23,2024-06-27 16:35:23,73,Critical,275,True,5,False,6.9
998,77,895,Power System,3,3,2025-03-18 22:41:14,2025-03-18 22:59:14,18,Critical,349,False,3,True,5.8
999,263,566,Radio Base Station,5,3,2024-06-02 05:34:05,2024-06-02 07:07:05,93,Major,296,True,5,False,1.8
1000,484,950,Transmission Equipment,2,2,2024-07-16 21:41:38,2024-07-16 22:25:38,44,Major,330,False,3,True,3.9
1001,200,162,Transmission Equipment,1,5,2025-08-28 11:32:03,2025-08-28 11:40:03,8,Major,328,False,2,True,8.9
1002,453,153,Router/Switch,2,7,2025-08-25 15:03:59,2025-08-25 17:16:59,133,Critical,615,True,2,False,3.5
1003,402,716,Power System,3,3,2025-10-23 12:11:04,2025-10-23 12:13:04,2,Warning,47,False,6,True,4.8
1004,188,190,Core Network Node,4,4,2024-02-10 10:18:36,2024-02-10 12:23:36,125,Critical,310,True,3,False,7.0
1005,149,992,Router/Switch,5,1,2024-06-17 06:33:53,2024-06-17 06:51:53,18,Minor,108,False,4,True,7.5
1006,129,474,Router/Switch,4,5,2025-05-08 12:17:46,2025-05-08 13:11:46,54,Minor,132,False,5,True,7.7
1007,379,9,Router/Switch,5,4,2025-08-22 13:37:34,2025-08-22 14:00:34,23,Minor,133,False,4,True,4.5
1008,456,637,Radio Base Station,2,2,2025-02-15 17:25:17,2025-02-15 21:23:17,238,Critical,335,True,6,False,4.2
1009,260,270,Transmission Equipment,5,2,2025-02-25 07:54:42,2025-02-25 08:20:42,26,Minor,126,False,4,True,6.0
1010,249,986,Power System,4,4,2024-08-21 13:57:27,2024-08-21 15:18:27,81,Minor,119,False,1,True,9.4
1011,391,304,Antenna System,5,2,2024-08-08 16:26:05,2024-08-08 18:24:05,118,Critical,401,True,3,False,6.9
1012,473,865,Antenna System,1,6,2024-01-21 06:44:39,2024-01-21 09:25:39,161,Critical,473,True,4,False,6.4
1013,109,493,Router/Switch,1,3,2025-08-18 05:09:44,2025-08-18 05:49:44,40,Minor,119,False,1,True,9.1
1014,256,428,Core Network Node,3,1,2025-02-23 13:01:33,2025-02-23 13:46:33,45,Minor,175,False,1,True,1.9
1015,34,182,Power System,5,7,2024-02-10 12:34:58,2024-02-10 12:48:58,14,Minor,79,False,2,True,2.6
1016,69,906,Router/Switch,1,3,2025-04-01 10:36:02,2025-04-01 13:26:02,170,Critical,493,True,3,False,7.2
1017,477,560,Transmission Equipment,1,6,2025-06-17 18:26:34,2025-06-17 18:35:34,9,Minor,102,False,3,True,6.7
1018,194,893,Power System,1,4,2024-11-09 09:58:27,2024-11-09 10:21:27,23,Minor,107,False,5,True,4.2
1019,396,410,Core Network Node,5,5,2024-11-17 00:48:39,2024-11-17 01:43:39,55,Major,405,False,0,True,3.4
1020,469,488,Radio Base Station,5,2,2025-08-02 23:43:10,2025-08-03 00:13:10,30,Minor,130,False,3,True,7.5
1021,290,284,Core Network Node,2,2,2024-12-12 05:20:10,2024-12-12 06:06:10,46,Major,194,False,1,True,7.8
1022,354,895,Core Network Node,5,2,2025-05-02 17:27:11,2025-05-02 17:34:11,7,Minor,124,False,2,True,1.9
1023,368,994,Transmission Equipment,4,1,2025-01-29 15:14:01,2025-01-29 15:30:01,16,Major,201,False,3,True,3.7
1024,121,609,Transmission Equipment,5,4,2025-12-18 21:02:25,2025-12-18 21:19:25,17,Minor,109,False,4,True,9.1
1025,17,772,Radio Base Station,3,5,2024-11-11 10:18:48,2024-11-11 10:28:48,10,Warning,17,False,1,True,7.6
1026,424,569,Core Network Node,4,9,2025-07-05 08:47:25,2025-07-05 08:58:25,11,Warning,23,False,4,True,7.5
1027,22,467,Radio Base Station,5,2,2025-04-05 02:53:51,2025-04-05 03:19:51,26,Minor,127,False,1,True,1.0
1028,397,659,Transmission Equipment,2,1,2025-09-03 13:46:57,2025-09-03 14:00:57,14,Major,174,False,3,True,9.3
1029,266,446,Power System,2,2,2025-12-21 23:22:03,2025-12-21 23:59:03,37,Minor,90,False,3,True,9.3
1030,203,141,Power System,1,2,2024-04-10 14:30:01,2024-04-10 17:08:01,158,Major,236,True,6,False,1.9
1031,76,890,Power System,2,4,2024-03-27 12:54:51,2024-03-27 13:29:51,35,Minor,116,False,0,True,8.9
1032,5,596,Radio Base Station,5,8,2024-12-24 09:09:05,2024-12-24 09:10:05,1,Warning,43,False,0,True,8.4
1033,462,470,Router/Switch,5,2,2024-01-25 08:16:13,2024-01-25 08:37:13,21,Major,298,False,2,True,4.0
1034,42,940,Radio Base Station,4,3,2025-11-18 08:46:00,2025-11-18 10:41:00,115,Major,282,True,2,False,3.8
1035,398,609,Transmission Equipment,5,2,2024-02-03 13:22:14,2024-02-03 14:01:14,39,Minor,108,False,2,True,5.0
1036,428,187,Core Network Node,3,2,2024-01-29 16:33:35,2024-01-29 19:13:35,160,Critical,516,True,5,False,5.8
1037,207,622,Router/Switch,1,1,2024-02-05 11:34:59,2024-02-05 12:30:59,56,Major,233,False,5,True,9.9
1038,95,355,Antenna System,4,2,2025-08-07 09:18:30,2025-08-07 09:54:30,36,Minor,181,False,3,True,4.9
1039,326,102,Router/Switch,1,2,2024-04-08 17:52:20,2024-04-08 18:20:20,28,Minor,112,False,6,True,1.6
1040,255,553,Antenna System,2,6,2025-11-03 07:43:23,2025-11-03 07:50:23,7,Warning,26,False,5,True,6.3
1041,189,264,Antenna System,3,3,2025-02-18 09:22:15,2025-02-18 10:18:15,56,Major,332,False,1,True,8.3
1042,229,943,Core Network Node,1,1,2025-07-05 17:27:20,2025-07-05 17:39:20,12,Major,249,False,3,True,2.5
1043,226,697,Core Network Node,5,2,2025-08-30 23:58:02,2025-08-31 01:18:02,80,Minor,170,False,2,True,7.1
1044,498,697,Router/Switch,1,2,2024-02-22 11:35:07,2024-02-22 11:44:07,9,Warning,42,False,0,True,6.7
1045,125,135,Router/Switch,5,1,2025-02-23 22:18:06,2025-02-23 22:23:06,5,Warning,29,False,0,True,3.0
1046,406,279,Router/Switch,1,1,2024-09-01 01:12:15,2024-09-01 01:19:15,7,Minor,91,False,6,True,7.6
1047,62,176,Antenna System,3,3,2025-08-24 16:01:04,2025-08-24 16:26:04,25,Minor,157,False,1,True,3.9
1048,102,911,Router/Switch,5,1,2025-12-03 03:26:49,2025-12-03 03:28:49,2,Warning,31,False,2,True,2.0
1049,46,309,Core Network Node,3,5,2025-03-05 16:59:22,2025-03-05 17:06:22,7,Warning,18,False,3,True,4.7
1050,258,795,Core Network Node,4,2,2025-04-08 15:10:04,2025-04-08 15:23:04,13,Minor,140,False,7,True,3.7
1051,248,355,Power System,3,5,2025-08-15 11:49:25,2025-08-15 12:01:25,12,Minor,162,False,2,True,4.0
1052,361,853,Router/Switch,4,2,2025-12-13 11:12:23,2025-12-13 12:22:23,70,Minor,74,False,2,True,5.1
1053,71,300,Antenna System,4,3,2025-04-25 17:57:59,2025-04-25 19:09:59,72,Minor,117,False,6,True,2.5
1054,99,411,Antenna System,1,2,2025-05-26 10:02:42,2025-05-26 10:20:42,18,Minor,84,False,5,True,6.9
1055,207,467,Power System,5,4,2025-03-23 16:10:21,2025-03-23 16:49:21,39,Critical,454,True,4,False,3.6
1056,100,752,Antenna System,1,6,2024-10-18 16:33:18,2024-10-18 16:39:18,6,Critical,578,False,6,True,6.0
1057,369,287,Router/Switch,1,3,2025-09-29 08:31:59,2025-09-29 08:51:59,20,Minor,146,False,0,True,6.2
1058,496,5,Router/Switch,4,2,2025-09-23 16:15:52,2025-09-23 17:53:52,98,Major,305,True,4,False,7.0
1059,167,520,Router/Switch,5,4,2025-02-06 14:05:46,2025-02-06 14:15:46,10,Warning,30,False,4,True,9.7
1060,74,248,Router/Switch,1,9,2025-10-09 11:56:34,2025-10-09 12:23:34,27,Major,296,False,3,True,5.8
1061,403,651,Transmission Equipment,4,4,2024-06-09 20:50:36,2024-06-09 22:34:36,104,Critical,446,True,5,False,5.6
1062,133,642,Router/Switch,1,2,2024-07-29 17:21:34,2024-07-29 17:36:34,15,Minor,99,False,2,True,5.2
1063,301,3,Core Network Node,1,8,2025-10-10 00:50:52,2025-10-10 01:11:52,21,Major,241,False,3,True,7.8
1064,493,687,Radio Base Station,1,8,2025-06-21 12:52:11,2025-06-21 13:09:11,17,Major,347,False,2,True,2.6
1065,392,214,Power System,1,2,2024-01-11 08:10:24,2024-01-11 08:21:24,11,Minor,117,False,1,True,8.8
1066,369,19,Core Network Node,5,3,2024-09-21 17:50:26,2024-09-21 18:33:26,43,Major,345,False,5,True,6.8
1067,103,351,Radio Base Station,3,6,2025-08-10 20:01:20,2025-08-10 20:12:20,11,Minor,81,False,1,True,3.6
1068,177,635,Core Network Node,3,2,2025-08-19 22:24:59,2025-08-20 02:28:59,244,Critical,696,True,3,False,1.4
1069,353,592,Router/Switch,2,2,2024-09-20 10:15:19,2024-09-20 10:34:19,19,Warning,47,False,5,True,9.7
1070,131,693,Antenna System,2,5,2025-11-12 23:24:56,2025-11-12 23:30:56,6,Minor,81,False,3,True,5.4
1071,341,768,Core Network Node,4,2,2025-11-05 06:53:23,2025-11-05 07:48:23,55,Major,255,False,3,True,1.2
1072,375,997,Core Network Node,1,3,2024-11-30 09:41:16,2024-11-30 10:22:16,41,Minor,86,False,4,True,6.4
1073,230,821,Router/Switch,5,4,2025-05-01 22:16:09,2025-05-01 22:35:09,19,Minor,130,False,1,True,6.8
1074,403,602,Power System,4,7,2025-12-26 12:27:10,2025-12-26 12:47:10,20,Critical,699,False,5,True,6.1
1075,112,249,Router/Switch,3,3,2025-10-29 18:42:36,2025-10-29 19:20:36,38,Major,257,False,0,True,5.2
1076,45,871,Radio Base Station,3,5,2025-10-02 22:07:39,2025-10-02 22:25:39,18,Minor,138,False,2,True,8.9
1077,128,327,Router/Switch,3,2,2024-08-01 21:13:19,2024-08-01 22:01:19,48,Major,300,False,1,True,6.6
1078,423,444,Transmission Equipment,2,2,2025-12-17 08:36:43,2025-12-17 09:02:43,26,Minor,84,False,7,True,9.2
1079,224,642,Transmission Equipment,4,1,2024-09-23 17:46:35,2024-09-23 17:51:35,5,Minor,76,False,5,True,5.3
1080,410,776,Power System,4,8,2024-03-14 23:27:58,2024-03-14 23:38:58,11,Minor,110,False,3,True,5.7
1081,467,63,Core Network Node,4,3,2024-07-29 04:06:13,2024-07-29 04:50:13,44,Minor,85,False,1,True,7.1
1082,325,129,Router/Switch,2,4,2024-02-01 09:10:18,2024-02-01 13:10:18,240,Critical,736,True,5,False,5.0
1083,84,566,Radio Base Station,5,8,2025-11-14 03:22:21,2025-11-14 03:26:21,4,Minor,163,False,5,True,2.7
1084,260,647,Antenna System,4,3,2025-12-17 10:32:51,2025-12-17 10:39:51,7,Minor,102,False,3,True,5.0
1085,318,168,Core Network Node,3,4,2025-03-31 13:27:18,2025-03-31 14:15:18,48,Minor,201,False,2,True,4.2
1086,213,437,Power System,2,2,2024-01-24 12:35:40,2024-01-24 13:16:40,41,Major,399,False,4,True,9.1
1087,201,453,Transmission Equipment,4,6,2025-09-17 12:07:51,2025-09-17 12:09:51,2,Major,353,False,3,True,5.1
1088,236,395,Router/Switch,4,1,2024-01-08 10:26:05,2024-01-08 10:38:05,12,Minor,94,False,3,True,6.6
1089,124,723,Transmission Equipment,5,1,2024-05-11 14:22:56,2024-05-11 15:03:56,41,Major,188,False,3,True,7.4
1090,8,767,Antenna System,5,3,2024-07-31 22:19:13,2024-07-31 22:24:13,5,Minor,190,False,8,True,8.8
1091,293,820,Transmission Equipment,5,4,2024-05-04 02:00:08,2024-05-04 02:33:08,33,Major,253,False,6,True,7.6
1092,307,534,Power System,2,1,2025-02-15 16:06:42,2025-02-15 16:33:42,27,Major,426,False,2,True,3.0
1093,429,737,Core Network Node,1,1,2024-01-18 16:36:53,2024-01-18 16:55:53,19,Major,293,False,1,True,9.8
1094,132,570,Antenna System,4,2,2025-01-04 20:55:49,2025-01-04 20:58:49,3,Warning,27,False,3,True,1.9
1095,100,456,Router/Switch,1,9,2025-06-29 14:28:26,2025-06-29 14:37:26,9,Major,263,False,4,True,4.1
1096,158,51,Router/Switch,1,9,2024-03-12 16:14:31,2024-03-12 16:29:31,15,Minor,110,False,4,True,9.3
1097,141,413,Power System,4,3,2024-10-16 08:11:15,2024-10-16 08:41:15,30,Major,431,False,3,True,2.0
1098,99,702,Antenna System,5,6,2024-07-23 15:58:25,2024-07-23 16:04:25,6,Minor,80,False,5,True,4.1
1099,158,784,Transmission Equipment,3,3,2024-02-01 14:22:20,2024-02-01 14:38:20,16,Major,225,False,0,True,7.0
1100,139,771,Router/Switch,4,5,2025-07-21 23:35:59,2025-07-22 00:21:59,46,Major,320,False,6,True,1.2
1101,329,507,Radio Base Station,2,1,2024-03-22 15:33:24,2024-03-22 15:52:24,19,Major,195,False,1,True,3.9
1102,195,186,Radio Base Station,1,2,2024-06-14 14:25:43,2024-06-14 16:21:43,116,Major,286,True,5,False,1.8
1103,445,884,Core Network Node,4,7,2025-06-15 16:43:53,2025-06-15 17:23:53,40,Critical,503,True,5,False,2.4
1104,341,309,Antenna System,2,4,2024-05-07 13:31:02,2024-05-07 13:40:02,9,Critical,488,False,5,True,9.2
1105,60,951,Router/Switch,2,6,2024-11-06 08:41:57,2024-11-06 08:50:57,9,Minor,118,False,1,True,9.1
1106,133,678,Router/Switch,2,1,2025-07-08 17:38:07,2025-07-08 17:57:07,19,Major,200,False,4,True,7.1
1107,159,877,Antenna System,1,2,2025-06-03 10:48:32,2025-06-03 11:17:32,29,Major,174,False,2,True,5.2
1108,377,964,Router/Switch,4,5,2025-01-02 06:03:40,2025-01-02 07:08:40,65,Major,290,True,2,False,2.9
1109,196,863,Router/Switch,3,2,2025-04-08 17:23:12,2025-04-08 17:54:12,31,Minor,101,False,2,True,5.4
1110,349,896,Router/Switch,2,6,2024-06-13 03:05:11,2024-06-13 03:28:11,23,Major,284,False,3,True,9.4
1111,276,740,Power System,1,5,2025-01-06 12:24:30,2025-01-06 14:03:30,99,Critical,266,True,3,False,7.8
1112,243,127,Transmission Equipment,1,2,2024-05-19 17:02:40,2024-05-19 18:39:40,97,Critical,330,True,4,False,5.0
1113,277,739,Radio Base Station,3,1,2025-08-25 18:46:14,2025-08-25 18:47:14,1,Warning,25,False,3,True,7.6
1114,190,499,Router/Switch,1,1,2024-05-10 21:05:57,2024-05-10 22:21:57,76,Minor,172,False,1,True,2.1
1115,246,112,Radio Base Station,2,4,2024-07-01 11:45:12,2024-07-01 12:10:12,25,Major,282,False,5,True,6.4
1116,289,179,Transmission Equipment,3,3,2025-08-12 02:05:25,2025-08-12 03:25:25,80,Major,245,True,6,False,9.0
1117,217,715,Antenna System,2,1,2025-01-11 07:45:21,2025-01-11 08:21:21,36,Major,430,False,5,True,4.0
1118,342,684,Power System,4,5,2024-05-01 07:36:32,2024-05-01 08:04:32,28,Minor,104,False,5,True,8.2
1119,114,684,Radio Base Station,3,1,2025-01-15 21:49:07,2025-01-15 21:57:07,8,Major,392,False,3,True,4.4
1120,299,705,Transmission Equipment,3,4,2024-06-25 22:41:16,2024-06-25 23:34:16,53,Critical,362,True,3,False,9.1
1121,86,372,Router/Switch,1,4,2024-07-04 04:47:58,2024-07-04 06:29:58,102,Major,388,True,1,False,8.5
1122,456,13,Radio Base Station,3,1,2025-06-06 06:50:56,2025-06-06 07:15:56,25,Minor,68,False,3,True,4.3
1123,287,942,Radio Base Station,5,4,2025-01-30 09:45:38,2025-01-30 11:14:38,89,Critical,584,True,6,False,3.2
1124,116,905,Router/Switch,5,9,2024-05-30 15:58:33,2024-05-30 16:12:33,14,Minor,167,False,3,True,6.2
1125,222,346,Power System,4,7,2025-03-17 12:47:28,2025-03-17 13:26:28,39,Major,365,False,2,True,1.6
1126,43,462,Antenna System,2,1,2024-10-29 15:22:24,2024-10-29 16:44:24,82,Critical,335,True,4,False,2.2
1127,382,937,Power System,2,3,2025-07-07 06:06:33,2025-07-07 06:11:33,5,Minor,161,False,5,True,8.0
1128,139,662,Antenna System,5,2,2024-11-27 17:37:32,2024-11-27 17:49:32,12,Minor,151,False,8,True,2.4
1129,70,479,Transmission Equipment,4,5,2024-03-22 04:10:35,2024-03-22 04:18:35,8,Major,230,False,4,True,2.0
1130,465,705,Antenna System,3,6,2024-01-16 05:30:25,2024-01-16 06:12:25,42,Critical,631,True,5,False,6.4
1131,246,436,Transmission Equipment,4,4,2025-07-28 09:45:43,2025-07-28 09:51:43,6,Minor,93,False,5,True,1.9
1132,389,566,Transmission Equipment,3,1,2025-11-09 17:40:53,2025-11-09 17:54:53,14,Minor,93,False,4,True,5.4
1133,225,32,Router/Switch,5,7,2025-06-18 16:48:01,2025-06-18 16:55:01,7,Minor,147,False,2,True,7.6
1134,173,935,Transmission Equipment,3,2,2024-06-19 08:57:34,2024-06-19 09:12:34,15,Minor,105,False,1,True,2.2
1135,202,920,Core Network Node,3,5,2025-08-18 04:20:39,2025-08-18 04:49:39,29,Critical,521,False,1,True,6.5
1136,251,376,Antenna System,5,5,2025-01-18 06:00:43,2025-01-18 06:24:43,24,Minor,159,False,2,True,6.4
1137,500,25,Core Network Node,5,7,2025-01-21 11:48:32,2025-01-21 12:10:32,22,Critical,635,False,1,True,7.9
1138,260,930,Transmission Equipment,1,4,2024-12-01 13:52:41,2024-12-01 14:59:41,67,Major,193,True,5,False,8.7
1139,222,467,Radio Base Station,2,8,2024-08-26 13:24:03,2024-08-26 13:27:03,3,Warning,40,False,1,True,9.0
1140,29,813,Core Network Node,2,2,2024-02-08 19:47:48,2024-02-08 19:48:48,1,Warning,36,False,4,True,5.8
1141,132,314,Power System,5,2,2025-12-09 16:54:38,2025-12-09 16:56:38,2,Warning,47,False,6,True,2.5
1142,423,496,Router/Switch,3,7,2024-04-11 11:36:16,2024-04-11 12:00:16,24,Warning,26,False,2,True,9.0
1143,17,971,Core Network Node,3,2,2025-02-19 23:56:54,2025-02-20 00:33:54,37,Major,260,False,2,True,2.5
1144,286,352,Radio Base Station,5,4,2024-11-14 15:13:26,2024-11-14 15:20:26,7,Warning,21,False,6,True,1.9
1145,77,513,Router/Switch,5,2,2024-05-06 16:48:46,2024-05-06 17:34:46,46,Minor,84,False,5,True,9.2
1146,44,290,Transmission Equipment,4,5,2025-04-24 02:44:58,2025-04-24 02:53:58,9,Minor,117,False,1,True,3.6
1147,63,866,Transmission Equipment,4,6,2025-07-15 14:26:27,2025-07-15 14:43:27,17,Minor,106,False,4,True,9.4
1148,430,521,Transmission Equipment,2,1,2024-08-21 10:00:42,2024-08-21 11:47:42,107,Major,400,True,3,False,4.0
1149,330,498,Power System,4,2,2024-03-07 00:05:17,2024-03-07 00:13:17,8,Minor,124,False,7,True,7.1
1150,455,657,Transmission Equipment,3,5,2025-09-27 10:27:53,2025-09-27 10:46:53,19,Minor,74,False,2,True,5.9
1151,218,873,Antenna System,4,5,2024-04-04 00:35:26,2024-04-04 00:44:26,9,Minor,80,False,3,True,3.4
1152,411,915,Power System,5,4,2024-11-05 10:04:14,2024-11-05 11:30:14,86,Major,185,True,0,False,7.0
1153,417,497,Core Network Node,3,5,2025-01-04 15:36:21,2025-01-04 15:42:21,6,Warning,38,False,3,True,7.9
1154,353,375,Antenna System,5,4,2025-02-27 05:22:57,2025-02-27 05:54:57,32,Major,357,False,2,True,4.2
1155,155,888,Core Network Node,5,5,2025-06-24 14:47:28,2025-06-24 16:38:28,111,Critical,581,True,3,False,4.7
1156,300,545,Radio Base Station,4,6,2024-09-14 14:27:37,2024-09-14 15:17:37,50,Major,423,False,1,True,4.3
1157,221,893,Radio Base Station,1,4,2024-11-17 10:42:48,2024-11-17 10:46:48,4,Minor,74,False,2,True,4.8
1158,318,9,Router/Switch,3,6,2025-01-26 19:08:34,2025-01-26 19:21:34,13,Warning,29,False,1,True,3.9
1159,71,244,Router/Switch,1,2,2024-03-14 09:38:59,2024-03-14 10:17:59,39,Major,212,False,1,True,3.0
1160,447,221,Radio Base Station,5,5,2024-10-01 11:32:09,2024-10-01 11:53:09,21,Minor,124,False,2,True,4.4
1161,277,270,Transmission Equipment,4,3,2024-07-16 19:03:04,2024-07-16 19:54:04,51,Major,446,False,4,True,9.8
1162,387,48,Core Network Node,4,5,2025-07-24 13:44:35,2025-07-24 13:59:35,15,Minor,128,False,4,True,1.6
1163,195,700,Radio Base Station,1,1,2024-01-26 22:23:22,2024-01-26 22:25:22,2,Minor,93,False,1,True,8.9
1164,182,915,Router/Switch,5,2,2025-05-18 14:43:17,2025-05-18 15:38:17,55,Minor,120,False,5,True,4.7
1165,2,438,Router/Switch,1,3,2024-10-03 10:27:22,2024-10-03 10:28:22,1,Minor,110,False,5,True,3.9
1166,300,423,Radio Base Station,5,2,2025-07-06 08:27:00,2025-07-06 08:33:00,6,Minor,195,False,5,True,7.1
1167,361,842,Power System,4,4,2025-01-14 04:27:39,2025-01-14 06:58:39,151,Major,263,True,1,False,6.4
1168,22,401,Core Network Node,2,4,2025-02-21 08:08:23,2025-02-21 08:47:23,39,Critical,303,True,6,False,1.9
1169,20,400,Router/Switch,2,7,2024-07-30 08:24:33,2024-07-30 08:55:33,31,Major,223,False,1,True,5.0
1170,348,324,Router/Switch,2,2,2024-04-05 12:02:20,2024-04-05 14:31:20,149,Critical,493,True,0,False,6.2
1171,412,472,Transmission Equipment,1,4,2024-02-21 12:32:17,2024-02-21 13:11:17,39,Critical,600,True,3,False,4.5
1172,94,17,Radio Base Station,1,2,2025-06-20 15:17:02,2025-06-20 15:31:02,14,Major,267,False,1,True,8.2
1173,244,656,Radio Base Station,3,6,2025-10-06 12:04:52,2025-10-06 12:22:52,18,Major,466,False,5,True,9.6
1174,159,440,Transmission Equipment,2,4,2024-05-18 13:12:50,2024-05-18 13:15:50,3,Warning,28,False,3,True,9.4
1175,377,228,Core Network Node,5,3,2025-07-05 01:17:45,2025-07-05 01:51:45,34,Critical,675,True,6,False,4.8
1176,90,522,Antenna System,5,2,2025-06-16 10:58:40,2025-06-16 12:47:40,109,Major,190,True,1,False,6.9
1177,130,441,Router/Switch,3,5,2025-05-19 00:37:30,2025-05-19 00:53:30,16,Minor,102,False,5,True,7.1
1178,286,534,Core Network Node,5,2,2025-05-20 03:38:55,2025-05-20 04:16:55,38,Minor,109,False,2,True,8.0
1179,456,952,Router/Switch,2,4,2025-12-21 23:19:41,2025-12-22 00:17:41,58,Minor,105,False,3,True,8.5
1180,96,733,Transmission Equipment,1,1,2025-01-02 09:37:20,2025-01-02 10:37:20,60,Major,191,False,3,True,4.9
1181,357,182,Core Network Node,4,6,2025-02-12 21:07:02,2025-02-12 21:18:02,11,Major,233,False,2,True,2.7
1182,384,873,Router/Switch,1,1,2024-11-16 16:00:03,2024-11-16 16:20:03,20,Minor,72,False,3,True,7.2
1183,143,497,Router/Switch,3,2,2024-08-15 16:11:54,2024-08-15 16:55:54,44,Minor,125,False,1,True,5.7
1184,78,199,Radio Base Station,3,8,2024-03-23 17:17:33,2024-03-23 17:18:33,1,Warning,27,False,3,True,4.3
1185,389,765,Transmission Equipment,1,2,2025-06-20 19:07:01,2025-06-20 19:39:01,32,Minor,87,False,4,True,5.9
1186,356,254,Core Network Node,1,2,2025-01-13 16:35:34,2025-01-13 17:07:34,32,Warning,47,False,2,True,6.9
1187,64,976,Transmission Equipment,1,5,2024-04-24 12:54:22,2024-04-24 13:13:22,19,Minor,168,False,2,True,3.6
1188,354,959,Router/Switch,4,3,2024-06-23 20:23:28,2024-06-23 20:30:28,7,Warning,46,False,5,True,6.1
1189,360,814,Core Network Node,4,5,2025-09-10 11:36:02,2025-09-10 12:11:02,35,Critical,659,True,5,False,8.7
1190,161,860,Antenna System,5,3,2025-12-25 01:33:06,2025-12-25 01:45:06,12,Major,272,False,3,True,6.7
1191,20,490,Radio Base Station,4,2,2025-01-18 00:12:11,2025-01-18 01:29:11,77,Major,177,True,2,False,8.9
1192,386,299,Router/Switch,1,3,2024-07-09 08:20:46,2024-07-09 09:47:46,87,Major,334,True,1,False,6.7
1193,108,944,Radio Base Station,5,3,2025-04-17 12:02:59,2025-04-17 12:41:59,39,Major,285,False,3,True,1.7
1194,119,11,Core Network Node,2,3,2025-12-28 03:01:04,2025-12-28 03:17:04,16,Minor,106,False,3,True,2.2
1195,162,330,Core Network Node,4,3,2024-04-09 14:54:01,2024-04-09 15:22:01,28,Major,343,False,3,True,2.9
1196,479,620,Transmission Equipment,5,3,2024-06-25 12:01:43,2024-06-25 12:19:43,18,Warning,19,False,8,True,3.1
1197,90,939,Antenna System,3,1,2025-06-29 13:00:25,2025-06-29 13:29:25,29,Major,194,False,5,True,7.5
1198,333,759,Core Network Node,4,3,2024-06-25 13:22:22,2024-06-25 13:44:22,22,Warning,34,False,9,True,1.0
1199,217,892,Radio Base Station,4,1,2025-09-04 02:06:12,2025-09-04 02:16:12,10,Major,428,False,3,True,2.0
1200,17,588,Core Network Node,5,2,2025-07-10 14:24:38,2025-07-10 14:27:38,3,Major,205,False,4,True,2.9
1201,465,563,Power System,2,3,2024-08-17 09:14:44,2024-08-17 10:42:44,88,Major,277,True,2,False,4.1
1202,485,332,Radio Base Station,4,4,2024-08-18 13:27:09,2024-08-18 13:33:09,6,Warning,40,False,3,True,4.7
1203,33,378,Core Network Node,1,2,2024-04-28 15:50:05,2024-04-28 16:05:05,15,Major,319,False,0,True,1.2
1204,115,600,Radio Base Station,3,2,2024-08-24 13:56:25,2024-08-24 14:44:25,48,Major,315,False,2,True,5.8
1205,207,619,Transmission Equipment,2,7,2025-01-26 04:55:33,2025-01-26 05:26:33,31,Minor,73,False,4,True,6.4
1206,17,483,Radio Base Station,4,4,2025-10-18 12:23:21,2025-10-18 13:53:21,90,Minor,68,False,4,True,2.4
1207,466,731,Router/Switch,1,8,2024-10-28 08:14:30,2024-10-28 08:17:30,3,Warning,22,False,0,True,9.2
1208,33,766,Antenna System,5,6,2025-05-12 05:19:10,2025-05-12 05:22:10,3,Major,261,False,0,True,4.4
1209,217,775,Core Network Node,2,3,2024-07-25 22:10:12,2024-07-25 22:40:12,30,Major,311,False,4,True,7.1
1210,126,42,Transmission Equipment,1,6,2024-01-24 10:46:22,2024-01-24 10:59:22,13,Warning,27,False,5,True,6.9
1211,131,174,Router/Switch,2,4,2024-11-03 06:00:01,2024-11-03 06:28:01,28,Minor,96,False,3,True,2.4
1212,79,807,Router/Switch,5,5,2025-10-06 00:44:00,2025-10-06 01:02:00,18,Critical,378,False,5,True,8.1
1213,199,966,Power System,5,1,2025-08-15 10:44:47,2025-08-15 11:02:47,18,Minor,107,False,7,True,9.7
1214,235,518,Transmission Equipment,5,3,2024-01-12 16:38:02,2024-01-12 17:01:02,23,Warning,47,False,3,True,3.3
1215,108,673,Antenna System,2,3,2025-05-28 11:31:48,2025-05-28 11:42:48,11,Major,252,False,1,True,7.7
1216,387,925,Antenna System,5,2,2025-05-30 03:57:14,2025-05-30 04:53:14,56,Major,306,False,3,True,4.8
1217,36,632,Router/Switch,2,2,2025-08-21 17:09:45,2025-08-21 17:33:45,24,Major,270,False,4,True,9.3
1218,79,698,Radio Base Station,5,5,2024-04-28 15:12:02,2024-04-28 18:09:02,177,Critical,476,True,3,False,4.1
1219,208,998,Core Network Node,5,3,2025-10-13 16:27:41,2025-10-13 16:49:41,22,Minor,88,False,1,True,1.0
1220,243,978,Router/Switch,1,5,2024-03-05 05:32:26,2024-03-05 05:48:26,16,Warning,25,False,3,True,5.7
1221,201,348,Antenna System,1,2,2025-09-06 01:11:45,2025-09-06 01:31:45,20,Major,456,False,1,True,8.4
1222,369,588,Radio Base Station,4,2,2024-06-12 14:26:18,2024-06-12 15:03:18,37,Minor,130,False,5,True,4.9
1223,94,500,Power System,4,5,2025-12-10 18:25:10,2025-12-10 18:35:10,10,Major,216,False,1,True,4.0
1224,450,320,Radio Base Station,3,5,2025-01-19 11:29:48,2025-01-19 11:40:48,11,Minor,99,False,2,True,7.4
1225,53,227,Antenna System,3,3,2024-09-21 14:17:30,2024-09-21 14:35:30,18,Minor,126,False,4,True,5.7
1226,379,904,Core Network Node,1,1,2024-09-30 10:08:40,2024-09-30 10:21:40,13,Minor,171,False,9,True,2.6
1227,15,536,Radio Base Station,3,2,2025-05-03 22:58:25,2025-05-03 23:54:25,56,Minor,107,False,3,True,1.4
1228,183,480,Antenna System,2,6,2024-06-05 14:46:00,2024-06-05 15:04:00,18,Major,253,False,2,True,4.6
1229,118,800,Core Network Node,1,8,2025-05-02 12:18:37,2025-05-02 12:23:37,5,Minor,127,False,4,True,5.5
1230,393,871,Antenna System,4,3,2025-09-22 05:19:19,2025-09-22 05:58:19,39,Major,284,False,1,True,6.3
1231,112,671,Radio Base Station,5,3,2024-10-30 16:38:44,2024-10-30 18:16:44,98,Critical,436,True,6,False,7.3
1232,27,391,Radio Base Station,3,5,2024-08-07 17:59:16,2024-08-07 18:31:16,32,Major,174,False,1,True,6.2
1233,171,3,Antenna System,1,7,2024-05-11 16:38:08,2024-05-11 16:49:08,11,Minor,125,False,5,True,6.8
1234,214,356,Router/Switch,4,5,2024-07-01 03:09:16,2024-07-01 03:58:16,49,Major,193,False,5,True,9.5
1235,258,277,Core Network Node,5,2,2025-05-31 15:41:34,2025-05-31 16:12:34,31,Major,336,False,2,True,9.6
1236,231,693,Router/Switch,3,9,2024-05-29 17:49:01,2024-05-29 18:07:01,18,Major,165,False,4,True,4.7
1237,142,948,Radio Base Station,1,5,2024-12-28 16:35:18,2024-12-28 16:47:18,12,Major,369,False,2,True,5.5
1238,286,674,Router/Switch,1,7,2025-12-19 20:14:49,2025-12-19 20:23:49,9,Minor,136,False,3,True,8.7
1239,496,65,Core Network Node,2,1,2024-10-20 16:06:42,2024-10-20 16:51:42,45,Critical,378,True,7,False,6.3
1240,67,125,Radio Base Station,3,1,2024-03-07 08:32:48,2024-03-07 10:01:48,89,Critical,325,True,3,False,4.6
1241,331,646,Radio Base Station,3,2,2025-09-18 18:13:44,2025-09-18 18:23:44,10,Minor,107,False,6,True,2.1
1242,286,811,Power System,4,5,2025-05-04 23:40:21,2025-05-05 00:56:21,76,Critical,484,True,4,False,9.3
1243,374,549,Core Network Node,1,1,2024-06-10 16:52:28,2024-06-10 17:32:28,40,Minor,123,False,2,True,1.7
1244,18,983,Power System,4,4,2024-09-28 05:02:42,2024-09-28 06:21:42,79,Major,245,True,2,False,2.0
1245,228,195,Radio Base Station,5,7,2025-12-14 11:01:41,2025-12-14 13:32:41,151,Critical,526,True,2,False,1.5
1246,100,248,Radio Base Station,2,9,2024-05-31 14:19:59,2024-05-31 14:41:59,22,Minor,146,False,3,True,5.8
1247,492,958,Antenna System,5,4,2024-06-30 11:15:47,2024-06-30 11:38:47,23,Minor,73,False,6,True,1.7
1248,257,728,Antenna System,1,2,2024-11-12 09:59:10,2024-11-12 10:06:10,7,Warning,22,False,2,True,3.8
1249,272,962,Power System,3,8,2025-01-12 07:20:04,2025-01-12 07:28:04,8,Major,354,False,3,True,8.9
1250,482,600,Radio Base Station,4,2,2025-06-21 17:45:17,2025-06-21 18:07:17,22,Critical,398,False,4,True,5.3
1251,288,429,Antenna System,2,2,2025-11-18 16:26:52,2025-11-18 18:43:52,137,Critical,460,True,3,False,5.6
1252,223,325,Router/Switch,3,6,2025-01-20 14:51:07,2025-01-20 15:36:07,45,Minor,139,False,2,True,3.6
1253,22,967,Router/Switch,2,4,2025-04-25 18:20:46,2025-04-25 20:54:46,154,Critical,423,True,6,False,1.7
1254,424,371,Radio Base Station,4,1,2024-08-22 08:09:19,2024-08-22 08:15:19,6,Warning,23,False,2,True,1.3
1255,395,918,Antenna System,4,7,2025-09-07 13:46:36,2025-09-07 13:52:36,6,Minor,91,False,1,True,4.2
1256,176,74,Antenna System,4,6,2025-03-27 16:09:00,2025-03-27 16:10:00,1,Minor,78,False,2,True,7.4
1257,147,207,Router/Switch,5,6,2025-09-28 09:46:48,2025-09-28 10:49:48,63,Minor,95,False,0,True,9.8
1258,202,223,Transmission Equipment,5,7,2025-04-29 14:30:33,2025-04-29 15:14:33,44,Major,330,False,2,True,4.0
1259,258,645,Transmission Equipment,1,6,2024-06-15 02:22:17,2024-06-15 02:28:17,6,Warning,27,False,4,True,8.8
1260,267,151,Radio Base Station,3,8,2024-01-23 21:04:25,2024-01-23 21:30:25,26,Minor,94,False,2,True,1.7
1261,155,443,Power System,1,7,2025-04-13 13:24:39,2025-04-13 14:45:39,81,Critical,451,True,4,False,8.2
1262,282,121,Antenna System,1,6,2025-01-27 20:35:24,2025-01-27 20:57:24,22,Major,295,False,5,True,8.9
1263,336,576,Transmission Equipment,3,8,2025-03-19 06:09:47,2025-03-19 06:29:47,20,Major,308,False,0,True,9.7
1264,286,138,Router/Switch,5,5,2025-08-24 12:43:09,2025-08-24 12:55:09,12,Warning,20,False,3,True,6.5
1265,4,20,Core Network Node,2,1,2024-04-27 21:13:20,2024-04-27 21:31:20,18,Major,360,False,4,True,5.5
1266,235,938,Core Network Node,5,2,2025-02-16 16:47:52,2025-02-16 17:00:52,13,Minor,141,False,2,True,5.2
1267,468,379,Antenna System,5,2,2024-09-16 09:52:25,2024-09-16 10:12:25,20,Minor,84,False,3,True,8.5
1268,9,316,Power System,1,3,2024-08-02 00:05:28,2024-08-02 00:21:28,16,Minor,77,False,2,True,1.3
1269,290,296,Power System,4,4,2024-12-20 14:43:33,2024-12-20 18:20:33,217,Critical,347,True,1,False,9.0
1270,428,697,Antenna System,1,2,2024-10-10 14:47:42,2024-10-10 16:03:42,76,Critical,687,True,1,False,1.3
1271,495,62,Power System,4,2,2025-12-12 17:55:05,2025-12-12 19:14:05,79,Major,376,True,3,False,1.3
1272,280,563,Radio Base Station,4,2,2025-11-28 08:56:17,2025-11-28 09:30:17,34,Minor,131,False,3,True,7.4
1273,345,810,Transmission Equipment,3,5,2024-05-19 04:12:02,2024-05-19 04:16:02,4,Warning,24,False,1,True,9.2
1274,111,376,Radio Base Station,3,5,2025-02-12 22:40:15,2025-02-12 23:30:15,50,Critical,427,True,1,False,8.4
1275,470,61,Radio Base Station,3,5,2025-11-17 16:09:05,2025-11-17 16:15:05,6,Warning,27,False,3,True,2.3
1276,109,235,Antenna System,4,2,2024-09-19 08:57:59,2024-09-19 10:31:59,94,Major,221,True,4,False,5.9
1277,183,790,Antenna System,3,3,2024-08-09 11:48:45,2024-08-09 14:39:45,171,Critical,455,True,5,False,2.9
1278,424,491,Transmission Equipment,2,1,2024-02-16 22:34:59,2024-02-16 22:52:59,18,Critical,393,False,4,True,1.6
1279,405,741,Core Network Node,5,2,2025-05-25 18:03:50,2025-05-25 19:42:50,99,Major,280,True,4,False,9.0
1280,60,223,Power System,4,7,2025-09-11 13:47:17,2025-09-11 14:20:17,33,Critical,395,True,3,False,3.9
1281,463,843,Core Network Node,4,3,2025-06-08 16:00:51,2025-06-08 16:23:51,23,Minor,106,False,1,True,5.7
1282,77,658,Antenna System,1,4,2024-03-25 19:21:31,2024-03-25 21:14:31,113,Major,235,True,2,False,4.4
1283,285,383,Power System,4,7,2025-11-12 17:15:35,2025-11-12 17:25:35,10,Critical,518,False,5,True,7.5
1284,208,392,Router/Switch,1,6,2025-10-09 21:54:22,2025-10-09 21:59:22,5,Warning,18,False,2,True,6.2
1285,295,506,Power System,5,4,2025-10-06 14:29:55,2025-10-06 15:13:55,44,Major,283,False,2,True,9.3
1286,77,768,Radio Base Station,1,2,2024-02-09 11:33:07,2024-02-09 12:29:07,56,Minor,116,False,5,True,4.5
1287,166,729,Router/Switch,3,8,2024-11-07 01:20:14,2024-11-07 01:25:14,5,Warning,49,False,6,True,4.7
1288,252,79,Radio Base Station,5,3,2025-09-28 06:39:35,2025-09-28 07:18:35,39,Major,436,False,4,True,4.0
1289,107,418,Core Network Node,5,5,2025-04-20 12:35:38,2025-04-20 12:51:38,16,Minor,85,False,1,True,7.0
1290,415,827,Antenna System,1,4,2024-04-23 05:03:21,2024-04-23 05:29:21,26,Minor,78,False,0,True,7.8
1291,392,496,Antenna System,2,5,2025-04-21 13:26:54,2025-04-21 13:48:54,22,Minor,141,False,1,True,4.2
1292,478,788,Power System,5,3,2024-10-22 17:52:50,2024-10-22 18:03:50,11,Critical,295,False,6,True,9.3
1293,170,471,Radio Base Station,4,1,2025-07-28 09:03:18,2025-07-28 09:22:18,19,Minor,103,False,3,True,1.4
1294,270,600,Radio Base Station,5,5,2025-10-14 05:27:37,2025-10-14 05:33:37,6,Minor,118,False,7,True,6.3
1295,95,588,Router/Switch,5,6,2025-08-11 06:11:36,2025-08-11 06:54:36,43,Major,433,False,4,True,7.3
1296,48,71,Radio Base Station,4,2,2025-09-13 08:59:32,2025-09-13 09:03:32,4,Critical,654,False,6,True,6.5
1297,285,31,Antenna System,5,2,2024-02-28 10:18:03,2024-02-28 10:41:03,23,Minor,145,False,6,True,2.6
1298,404,210,Power System,5,3,2024-05-12 17:35:49,2024-05-12 17:47:49,12,Major,401,False,3,True,7.1
1299,122,23,Antenna System,4,2,2024-06-13 08:50:12,2024-06-13 09:50:12,60,Major,231,False,5,True,3.3
1300,283,547,Transmission Equipment,1,3,2025-06-07 16:47:55,2025-06-07 16:57:55,10,Warning,23,False,6,True,8.5
1301,344,917,Router/Switch,5,6,2025-09-30 15:58:33,2025-09-30 15:59:33,1,Major,303,False,4,True,2.1
1302,219,441,Transmission Equipment,4,5,2024-02-22 14:02:13,2024-02-22 14:21:13,19,Major,180,False,5,True,4.3
1303,70,750,Core Network Node,4,2,2025-06-22 12:41:06,2025-06-22 13:15:06,34,Major,266,False,4,True,6.4
1304,323,327,Router/Switch,1,3,2025-06-24 12:37:42,2025-06-24 12:41:42,4,Minor,91,False,2,True,4.3
1305,461,558,Antenna System,5,2,2024-07-27 08:14:09,2024-07-27 09:43:09,89,Major,238,True,3,False,5.4
1306,489,450,Radio Base Station,4,6,2025-12-10 18:33:12,2025-12-10 18:38:12,5,Warning,24,False,6,True,7.4
1307,134,405,Antenna System,4,5,2025-03-03 12:19:44,2025-03-03 12:24:44,5,Minor,164,False,6,True,7.8
1308,154,728,Power System,5,1,2025-04-24 17:12:33,2025-04-24 17:51:33,39,Critical,559,True,4,False,2.9
1309,468,793,Transmission Equipment,1,2,2025-06-11 04:11:26,2025-06-11 05:06:26,55,Minor,111,False,5,True,3.5
1310,454,74,Router/Switch,3,6,2024-01-08 15:11:00,2024-01-08 15:41:00,30,Major,339,False,5,True,1.5
1311,431,679,Transmission Equipment,2,3,2024-08-27 00:16:03,2024-08-27 00:36:03,20,Minor,80,False,4,True,7.4
1312,256,124,Core Network Node,5,1,2024-09-15 16:40:05,2024-09-15 17:40:05,60,Critical,637,True,5,False,8.1
1313,347,200,Router/Switch,5,6,2025-08-05 00:55:54,2025-08-05 01:53:54,58,Major,456,False,3,True,6.3
1314,336,809,Power System,5,2,2024-10-29 14:42:37,2024-10-29 15:00:37,18,Minor,87,False,2,True,8.6
1315,498,530,Antenna System,1,2,2025-07-26 22:10:16,2025-07-26 22:15:16,5,Warning,32,False,2,True,3.8
1316,370,838,Transmission Equipment,3,2,2024-12-19 01:46:25,2024-12-19 02:00:25,14,Major,183,False,1,True,2.4
1317,408,385,Power System,5,7,2024-10-24 08:10:13,2024-10-24 08:11:13,1,Major,219,False,6,True,7.0
1318,13,800,Radio Base Station,1,2,2024-08-27 09:47:44,2024-08-27 09:54:44,7,Warning,22,False,3,True,1.4
1319,251,70,Power System,4,1,2024-09-04 09:36:38,2024-09-04 11:00:38,84,Critical,692,True,5,False,1.2
1320,215,721,Transmission Equipment,4,4,2024-10-18 10:20:15,2024-10-18 10:23:15,3,Minor,98,False,6,True,8.3
1321,274,361,Core Network Node,2,3,2024-09-25 03:21:54,2024-09-25 03:38:54,17,Minor,171,False,1,True,8.4
1322,166,932,Power System,3,8,2024-01-05 18:48:25,2024-01-05 19:02:25,14,Critical,465,False,3,True,3.4
1323,443,824,Router/Switch,5,4,2025-03-06 16:15:05,2025-03-06 16:31:05,16,Minor,104,False,5,True,7.0
1324,289,50,Power System,3,2,2024-10-25 18:50:33,2024-10-25 19:05:33,15,Major,282,False,4,True,2.7
1325,332,845,Power System,2,4,2024-12-23 05:06:44,2024-12-23 05:10:44,4,Warning,26,False,0,True,4.2
1326,36,37,Router/Switch,3,5,2024-03-11 05:29:59,2024-03-11 05:42:59,13,Warning,22,False,5,True,5.7
1327,376,444,Router/Switch,2,2,2024-04-09 05:45:08,2024-04-09 06:01:08,16,Major,489,False,6,True,9.1
1328,427,691,Transmission Equipment,5,7,2024-08-29 14:29:50,2024-08-29 15:20:50,51,Major,495,False,4,True,6.7
1329,430,41,Radio Base Station,1,1,2025-09-04 02:22:34,2025-09-04 02:47:34,25,Minor,130,False,6,True,1.7
1330,206,623,Router/Switch,2,1,2025-06-02 12:59:41,2025-06-02 13:33:41,34,Major,244,False,4,True,1.8
1331,17,872,Router/Switch,3,1,2024-02-09 14:25:52,2024-02-09 14:29:52,4,Warning,26,False,4,True,2.1
1332,381,414,Transmission Equipment,2,1,2025-04-16 03:38:26,2025-04-16 03:47:26,9,Major,226,False,0,True,2.1
1333,133,525,Power System,1,7,2025-07-02 20:48:37,2025-07-02 21:01:37,13,Minor,107,False,1,True,3.0
1334,79,21,Router/Switch,5,5,2024-04-20 13:16:54,2024-04-20 13:49:54,33,Major,246,False,4,True,5.4
1335,335,340,Transmission Equipment,5,5,2024-07-25 17:32:17,2024-07-25 17:50:17,18,Major,440,False,1,True,8.9
1336,314,691,Transmission Equipment,1,2,2024-03-20 01:18:07,2024-03-20 02:07:07,49,Minor,70,False,3,True,6.9
1337,340,648,Core Network Node,1,6,2024-03-10 06:56:22,2024-03-10 07:00:22,4,Minor,110,False,6,True,5.0
1338,78,573,Power System,5,2,2024-12-26 12:08:03,2024-12-26 13:54:03,106,Major,173,True,4,False,6.4
1339,32,486,Router/Switch,2,6,2025-09-28 09:23:09,2025-09-28 09:36:09,13,Minor,113,False,1,True,5.2
1340,43,121,Antenna System,1,5,2024-06-20 13:39:23,2024-06-20 13:45:23,6,Minor,85,False,2,True,4.9
1341,85,903,Transmission Equipment,1,5,2024-02-21 04:05:10,2024-02-21 04:23:10,18,Minor,163,False,2,True,1.7
1342,288,95,Core Network Node,5,7,2024-06-22 14:17:40,2024-06-22 14:33:40,16,Minor,130,False,6,True,5.4
1343,386,97,Antenna System,5,6,2025-11-10 04:10:31,2025-11-10 04:25:31,15,Major,297,False,2,True,9.7
1344,12,550,Radio Base Station,5,6,2024-01-31 17:09:14,2024-01-31 18:50:14,101,Critical,761,True,3,False,2.6
1345,267,119,Radio Base Station,4,2,2025-12-30 16:36:54,2025-12-30 17:23:54,47,Major,287,False,3,True,5.8
1346,12,858,Antenna System,4,6,2024-01-04 19:43:35,2024-01-04 19:55:35,12,Warning,39,False,1,True,6.5
1347,332,71,Antenna System,2,1,2024-05-21 15:48:35,2024-05-21 15:57:35,9,Minor,94,False,2,True,3.4
1348,175,390,Power System,5,8,2025-10-23 16:47:35,2025-10-23 17:19:35,32,Critical,386,True,6,False,2.1
1349,48,580,Power System,3,2,2024-10-28 14:02:06,2024-10-28 14:16:06,14,Warning,38,False,6,True,5.5
1350,310,408,Radio Base Station,3,2,2024-11-05 17:16:46,2024-11-05 17:22:46,6,Minor,129,False,5,True,3.9
1351,38,651,Radio Base Station,5,1,2025-03-01 12:12:14,2025-03-01 12:43:14,31,Minor,134,False,8,True,4.6
1352,353,239,Power System,3,6,2024-11-10 08:24:30,2024-11-10 09:07:30,43,Major,413,False,3,True,3.9
1353,352,275,Antenna System,5,3,2025-04-11 16:45:49,2025-04-11 17:11:49,26,Major,250,False,0,True,9.3
1354,65,758,Router/Switch,1,3,2024-06-28 16:36:56,2024-06-28 18:44:56,128,Critical,473,True,4,False,5.7
1355,201,513,Router/Switch,5,3,2024-03-01 13:09:31,2024-03-01 15:58:31,169,Critical,627,True,0,False,5.4
1356,340,665,Router/Switch,5,1,2024-11-11 11:40:08,2024-11-11 11:53:08,13,Minor,116,False,1,True,5.7
1357,213,246,Router/Switch,1,8,2025-04-29 17:18:38,2025-04-29 17:23:38,5,Minor,173,False,2,True,5.9
1358,377,94,Router/Switch,4,6,2025-11-07 15:46:55,2025-11-07 15:49:55,3,Warning,31,False,5,True,9.1
1359,236,824,Radio Base Station,2,4,2024-12-24 10:39:24,2024-12-24 12:27:24,108,Critical,303,True,1,False,6.7
1360,221,980,Core Network Node,4,1,2024-05-14 08:21:11,2024-05-14 09:06:11,45,Major,280,False,2,True,1.0
1361,173,387,Transmission Equipment,2,4,2024-06-02 16:31:22,2024-06-02 17:07:22,36,Major,213,False,3,True,7.7
1362,321,237,Router/Switch,4,1,2025-12-14 14:04:56,2025-12-14 14:11:56,7,Minor,104,False,2,True,1.3
1363,324,428,Radio Base Station,4,4,2025-06-22 11:13:05,2025-06-22 11:31:05,18,Critical,286,False,6,True,2.5
1364,344,93,Core Network Node,2,2,2024-10-10 20:56:00,2024-10-10 21:00:00,4,Warning,21,False,0,True,6.8
1365,388,516,Core Network Node,3,6,2024-03-11 09:24:27,2024-03-11 09:57:27,33,Minor,172,False,1,True,2.4
1366,132,245,Power System,4,5,2025-04-21 21:02:14,2025-04-21 21:21:14,19,Minor,190,False,3,True,8.6
1367,227,818,Power System,4,9,2025-05-24 17:59:13,2025-05-24 18:05:13,6,Warning,28,False,2,True,2.1
1368,248,806,Transmission Equipment,2,5,2025-06-09 17:27:08,2025-06-09 19:00:08,93,Critical,587,True,5,False,1.9
1369,223,868,Core Network Node,3,4,2025-06-11 12:21:50,2025-06-11 12:41:50,20,Warning,36,False,4,True,2.7
1370,226,767,Transmission Equipment,2,4,2025-03-29 05:20:29,2025-03-29 06:17:29,57,Major,444,False,5,True,2.6
1371,150,951,Power System,5,9,2024-10-06 07:20:20,2024-10-06 07:41:20,21,Major,203,False,6,True,8.5
1372,58,92,Core Network Node,2,5,2024-08-28 06:24:45,2024-08-28 06:36:45,12,Minor,85,False,1,True,9.6
1373,89,600,Power System,1,1,2025-10-17 16:52:58,2025-10-17 17:40:58,48,Minor,128,False,2,True,9.4
1374,162,482,Router/Switch,4,5,2025-03-06 05:28:25,2025-03-06 06:43:25,75,Major,460,True,1,False,7.0
1375,84,295,Antenna System,4,2,2025-05-01 12:14:13,2025-05-01 13:10:13,56,Major,441,False,3,True,9.5
1376,453,369,Router/Switch,5,3,2024-09-03 17:25:46,2024-09-03 17:54:46,29,Minor,159,False,0,True,2.0
1377,372,528,Transmission Equipment,3,7,2024-06-11 20:21:22,2024-06-11 20:41:22,20,Minor,177,False,1,True,2.9
1378,421,871,Antenna System,1,2,2024-01-01 23:03:12,2024-01-01 23:19:12,16,Minor,182,False,2,True,7.6
1379,186,507,Transmission Equipment,1,1,2025-05-28 17:23:58,2025-05-28 17:27:58,4,Major,430,False,8,True,5.2
1380,323,445,Core Network Node,1,3,2025-01-06 08:42:31,2025-01-06 08:45:31,3,Minor,124,False,1,True,8.7
1381,278,967,Router/Switch,2,6,2025-06-04 16:17:28,2025-06-04 19:38:28,201,Critical,517,True,2,False,7.2
1382,148,931,Radio Base Station,3,2,2025-11-13 05:52:16,2025-11-13 07:12:16,80,Critical,406,True,1,False,6.8
1383,144,499,Power System,4,1,2025-12-26 11:22:41,2025-12-26 11:47:41,25,Critical,606,False,5,True,2.3
1384,15,428,Radio Base Station,1,1,2024-10-16 10:39:35,2024-10-16 11:12:35,33,Major,342,False,2,True,2.0
1385,206,140,Power System,3,3,2024-08-01 07:58:51,2024-08-01 08:28:51,30,Minor,83,False,2,True,6.5
1386,492,125,Router/Switch,3,1,2024-05-23 23:06:52,2024-05-23 23:07:52,1,Warning,29,False,3,True,4.4
1387,213,619,Radio Base Station,2,8,2024-03-24 17:45:39,2024-03-24 17:46:39,1,Warning,28,False,2,True,2.3
1388,83,108,Antenna System,5,1,2025-05-07 11:55:12,2025-05-07 12:18:12,23,Major,268,False,1,True,8.1
1389,56,606,Core Network Node,5,1,2025-06-05 06:35:27,2025-06-05 07:54:27,79,Major,261,True,3,False,3.4
1390,256,206,Core Network Node,2,4,2024-04-06 19:36:21,2024-04-06 20:01:21,25,Minor,112,False,1,True,7.5
1391,391,445,Radio Base Station,5,1,2025-02-09 07:40:19,2025-02-09 07:52:19,12,Minor,88,False,3,True,5.1
1392,198,625,Antenna System,5,5,2025-06-18 14:52:29,2025-06-18 18:34:29,222,Critical,339,True,2,False,9.9
1393,363,810,Core Network Node,3,3,2025-06-29 15:33:33,2025-06-29 15:36:33,3,Minor,104,False,2,True,5.7
1394,254,234,Radio Base Station,3,3,2024-01-29 11:02:43,2024-01-29 11:18:43,16,Warning,41,False,4,True,6.9
1395,147,85,Router/Switch,5,4,2024-09-20 11:04:05,2024-09-20 11:19:05,15,Major,317,False,11,True,2.9
1396,447,597,Power System,2,2,2024-01-27 10:04:06,2024-01-27 10:54:06,50,Minor,173,False,5,True,6.5
1397,70,535,Transmission Equipment,3,3,2025-06-30 10:34:48,2025-06-30 11:02:48,28,Minor,118,False,3,True,9.0
1398,367,95,Transmission Equipment,5,9,2025-09-04 19:51:16,2025-09-04 19:55:16,4,Minor,124,False,2,True,1.3
1399,5,442,Core Network Node,1,4,2025-04-08 07:06:31,2025-04-08 08:02:31,56,Minor,123,False,3,True,5.9
1400,356,818,Core Network Node,2,1,2025-11-27 14:20:09,2025-11-27 15:13:09,53,Critical,554,True,3,False,9.1
1401,247,579,Radio Base Station,2,6,2024-05-10 02:56:39,2024-05-10 04:27:39,91,Major,242,True,4,False,9.3
1402,292,784,Transmission Equipment,4,1,2025-10-01 02:11:00,2025-10-01 02:36:00,25,Minor,98,False,4,True,7.4
1403,316,331,Radio Base Station,5,7,2025-05-26 17:04:01,2025-05-26 17:27:01,23,Major,287,False,5,True,6.4
1404,89,4,Router/Switch,1,6,2024-11-22 09:56:14,2024-11-22 10:07:14,11,Warning,39,False,4,True,6.9
1405,281,908,Core Network Node,1,2,2024-06-24 05:51:38,2024-06-24 05:54:38,3,Warning,23,False,5,True,9.8
1406,467,469,Power System,5,7,2025-09-30 01:23:39,2025-09-30 01:36:39,13,Minor,73,False,2,True,3.2
1407,345,19,Power System,4,8,2024-03-11 10:12:39,2024-03-11 10:34:39,22,Minor,82,False,3,True,8.8
1408,40,61,Core Network Node,4,3,2024-05-22 15:07:58,2024-05-22 16:27:58,80,Minor,88,False,3,True,5.8
1409,92,46,Antenna System,5,2,2025-05-30 10:28:00,2025-05-30 10:48:00,20,Major,170,False,4,True,9.1
1410,43,179,Radio Base Station,2,7,2024-03-04 14:01:39,2024-03-04 14:13:39,12,Minor,98,False,1,True,3.8
1411,154,417,Core Network Node,2,5,2024-10-21 21:55:40,2024-10-21 22:04:40,9,Warning,38,False,1,True,7.8
1412,83,667,Transmission Equipment,4,6,2025-12-16 09:20:10,2025-12-16 09:47:10,27,Minor,148,False,1,True,8.5
1413,21,214,Radio Base Station,2,2,2025-05-15 01:37:01,2025-05-15 02:13:01,36,Critical,389,True,1,False,1.2
1414,120,831,Transmission Equipment,3,2,2025-11-02 05:18:47,2025-11-02 05:34:47,16,Minor,108,False,0,True,6.0
1415,274,720,Router/Switch,3,5,2025-05-13 13:22:08,2025-05-13 13:56:08,34,Minor,131,False,3,True,8.5
1416,69,74,Transmission Equipment,1,4,2025-07-09 12:54:56,2025-07-09 13:13:56,19,Minor,116,False,3,True,8.9
1417,378,460,Core Network Node,2,6,2024-01-19 08:35:52,2024-01-19 09:37:52,62,Major,228,True,1,False,9.7
1418,121,541,Core Network Node,2,2,2024-07-21 22:38:35,2024-07-21 23:36:35,58,Major,247,False,1,True,1.1
1419,183,662,Transmission Equipment,3,4,2025-01-22 10:12:16,2025-01-22 10:39:16,27,Major,284,False,3,True,8.2
1420,151,900,Radio Base Station,2,3,2025-12-10 20:49:41,2025-12-10 21:38:41,49,Major,327,False,1,True,5.4
1421,500,687,Radio Base Station,5,2,2025-11-02 15:12:40,2025-11-02 16:17:40,65,Major,471,True,2,False,8.1
1422,82,863,Antenna System,2,3,2024-02-11 01:50:54,2024-02-11 02:45:54,55,Minor,108,False,1,True,5.1
1423,394,158,Radio Base Station,1,4,2024-06-30 23:04:14,2024-06-30 23:18:14,14,Warning,30,False,3,True,3.6
1424,215,883,Antenna System,1,6,2024-02-22 08:07:15,2024-02-22 09:21:15,74,Major,231,True,2,False,8.1
1425,309,890,Transmission Equipment,2,2,2025-02-04 14:43:25,2025-02-04 15:54:25,71,Major,506,True,1,False,4.2
1426,448,505,Radio Base Station,5,2,2025-03-17 17:30:23,2025-03-17 19:04:23,94,Critical,527,True,1,False,8.0
1427,108,345,Core Network Node,5,6,2025-08-04 09:22:05,2025-08-04 10:01:05,39,Minor,100,False,5,True,4.4
1428,153,970,Power System,1,2,2025-05-03 16:50:38,2025-05-03 17:31:38,41,Minor,191,False,4,True,9.4
1429,286,547,Power System,2,7,2025-04-21 10:23:55,2025-04-21 10:28:55,5,Minor,124,False,1,True,7.5
1430,343,178,Core Network Node,4,6,2024-07-07 15:55:12,2024-07-07 17:54:12,119,Critical,289,True,6,False,5.0
1431,477,383,Antenna System,3,4,2024-03-12 16:03:39,2024-03-12 16:15:39,12,Warning,23,False,4,True,5.4
1432,89,555,Core Network Node,2,1,2024-09-14 13:08:14,2024-09-14 13:10:14,2,Warning,26,False,2,True,9.8
1433,489,135,Radio Base Station,3,3,2025-02-11 21:42:42,2025-02-11 22:05:42,23,Major,211,False,2,True,2.4
1434,64,358,Core Network Node,3,7,2025-12-08 02:37:41,2025-12-08 03:29:41,52,Major,348,False,0,True,8.8
1435,57,114,Power System,2,6,2025-01-02 14:25:23,2025-01-02 14:43:23,18,Minor,97,False,1,True,4.5
1436,175,703,Router/Switch,5,2,2025-10-08 02:59:41,2025-10-08 04:35:41,96,Critical,362,True,2,False,2.5
1437,437,466,Router/Switch,5,3,2025-04-20 11:05:49,2025-04-20 11:50:49,45,Major,459,False,1,True,1.5
1438,140,267,Transmission Equipment,5,1,2024-02-08 04:05:02,2024-02-08 05:49:02,104,Critical,510,True,5,False,4.9
1439,373,878,Transmission Equipment,1,2,2024-06-07 03:20:25,2024-06-07 03:22:25,2,Minor,186,False,3,True,7.7
1440,274,974,Transmission Equipment,1,2,2025-08-24 00:19:29,2025-08-24 00:56:29,37,Minor,123,False,1,True,8.4
1441,37,202,Power System,2,2,2024-12-16 18:31:01,2024-12-16 18:51:01,20,Warning,35,False,2,True,1.0
1442,202,98,Router/Switch,3,1,2025-07-20 10:04:02,2025-07-20 10:36:02,32,Major,321,False,4,True,4.6
1443,226,149,Radio Base Station,5,2,2025-12-24 10:45:46,2025-12-24 11:40:46,55,Major,424,False,0,True,6.4
1444,208,920,Radio Base Station,1,7,2025-07-10 12:21:37,2025-07-10 12:30:37,9,Minor,77,False,3,True,7.7
1445,286,29,Transmission Equipment,1,2,2025-01-27 17:38:16,2025-01-27 17:41:16,3,Minor,89,False,5,True,5.8
1446,43,252,Antenna System,4,7,2025-11-10 15:25:09,2025-11-10 15:45:09,20,Minor,131,False,2,True,10.0
1447,500,757,Router/Switch,4,1,2025-01-16 15:41:19,2025-01-16 16:19:19,38,Major,504,False,2,True,6.1
1448,330,283,Router/Switch,3,3,2025-11-08 11:50:51,2025-11-08 13:01:51,71,Major,357,True,1,False,9.4
1449,447,679,Core Network Node,3,2,2025-08-02 08:40:50,2025-08-02 08:49:50,9,Minor,176,False,3,True,2.6
1450,292,578,Router/Switch,3,1,2025-08-31 06:45:42,2025-08-31 07:38:42,53,Minor,76,False,2,True,9.5
1451,337,287,Router/Switch,1,7,2024-03-01 13:46:26,2024-03-01 13:55:26,9,Major,373,False,2,True,3.7
1452,299,677,Core Network Node,2,4,2024-09-22 22:39:16,2024-09-22 22:55:16,16,Minor,116,False,4,True,3.2
1453,258,16,Antenna System,1,3,2024-09-22 21:30:38,2024-09-22 21:35:38,5,Warning,33,False,4,True,3.2
1454,318,157,Power System,2,2,2025-07-26 09:40:35,2025-07-26 10:21:35,41,Minor,194,False,1,True,3.4
1455,247,751,Core Network Node,2,3,2024-07-28 00:24:21,2024-07-28 00:54:21,30,Minor,78,False,4,True,5.4
1456,281,876,Power System,4,3,2024-10-08 07:07:38,2024-10-08 07:18:38,11,Minor,73,False,3,True,5.4
1457,107,562,Radio Base Station,5,6,2024-01-28 10:09:15,2024-01-28 10:55:15,46,Major,227,False,6,True,6.7
1458,412,936,Radio Base Station,2,3,2024-02-08 13:38:01,2024-02-08 13:59:01,21,Minor,201,False,4,True,6.5
1459,253,537,Radio Base Station,2,7,2024-10-13 15:04:27,2024-10-13 15:09:27,5,Warning,28,False,4,True,9.1
1460,273,673,Radio Base Station,4,3,2024-11-28 11:47:26,2024-11-28 12:36:26,49,Minor,174,False,1,True,8.4
1461,218,706,Transmission Equipment,2,6,2024-11-04 06:17:32,2024-11-04 06:27:32,10,Minor,118,False,3,True,4.7
1462,460,430,Antenna System,2,8,2024-12-23 16:53:13,2024-12-23 17:13:13,20,Minor,139,False,2,True,9.3
1463,178,135,Power System,4,1,2024-02-19 15:51:58,2024-02-19 16:34:58,43,Critical,750,True,3,False,7.0
1464,491,364,Transmission Equipment,2,3,2025-08-10 02:59:19,2025-08-10 04:40:19,101,Major,316,True,3,False,4.0
1465,271,928,Transmission Equipment,4,2,2024-04-24 00:16:18,2024-04-24 00:36:18,20,Minor,96,False,6,True,3.1
1466,345,833,Radio Base Station,1,2,2025-10-15 15:20:15,2025-10-15 15:31:15,11,Minor,70,False,2,True,7.6
1467,77,216,Core Network Node,3,6,2024-02-07 11:57:43,2024-02-07 12:11:43,14,Minor,119,False,1,True,9.4
1468,255,43,Transmission Equipment,1,2,2025-12-13 16:38:57,2025-12-13 16:39:57,1,Minor,89,False,2,True,8.3
1469,482,726,Antenna System,1,1,2025-07-11 07:11:36,2025-07-11 07:30:36,19,Minor,131,False,1,True,9.1
1470,357,534,Router/Switch,2,4,2024-11-29 09:37:45,2024-11-29 11:47:45,130,Major,233,True,3,False,5.7
1471,299,829,Transmission Equipment,5,2,2024-03-02 15:34:53,2024-03-02 16:06:53,32,Minor,76,False,8,True,1.4
1472,171,908,Radio Base Station,2,9,2025-09-01 16:03:52,2025-09-01 16:18:52,15,Minor,76,False,5,True,3.8
1473,32,298,Power System,2,1,2025-09-26 01:37:04,2025-09-26 02:05:04,28,Minor,83,False,6,True,2.0
1474,129,289,Antenna System,2,2,2025-05-25 16:16:56,2025-05-25 17:24:56,68,Minor,118,False,2,True,1.2
1475,276,845,Router/Switch,3,1,2025-12-02 16:16:47,2025-12-02 16:25:47,9,Minor,114,False,2,True,1.4
1476,194,985,Router/Switch,5,4,2025-10-26 11:40:25,2025-10-26 12:03:25,23,Minor,127,False,2,True,9.0
1477,175,71,Core Network Node,2,6,2024-08-29 10:54:57,2024-08-29 10:55:57,1,Warning,22,False,2,True,4.2
1478,223,275,Radio Base Station,2,5,2025-10-07 10:44:21,2025-10-07 10:46:21,2,Warning,37,False,4,True,1.4
1479,94,137,Core Network Node,1,8,2025-08-22 12:19:08,2025-08-22 12:50:08,31,Critical,298,True,9,False,1.3
1480,46,366,Antenna System,5,4,2025-09-07 23:18:02,2025-09-07 23:29:02,11,Warning,21,False,3,True,6.6
1481,169,510,Core Network Node,4,1,2024-12-29 08:55:24,2024-12-29 09:04:24,9,Minor,93,False,2,True,9.0
1482,264,166,Core Network Node,1,3,2024-12-29 03:59:20,2024-12-29 04:37:20,38,Major,372,False,3,True,8.7
1483,287,891,Transmission Equipment,3,2,2024-04-26 06:19:56,2024-04-26 06:23:56,4,Warning,31,False,4,True,6.6
1484,410,527,Power System,2,3,2024-08-28 14:16:27,2024-08-28 14:46:27,30,Major,322,False,4,True,7.8
1485,239,539,Radio Base Station,5,4,2025-10-12 09:38:37,2025-10-12 10:38:37,60,Major,177,False,2,True,9.9
1486,200,966,Power System,5,7,2025-01-08 18:20:34,2025-01-08 19:04:34,44,Minor,142,False,5,True,2.3
1487,450,159,Power System,4,5,2024-01-07 13:16:36,2024-01-07 13:18:36,2,Warning,20,False,3,True,3.7
1488,51,765,Antenna System,4,2,2025-09-18 06:13:35,2025-09-18 06:47:35,34,Major,340,False,1,True,6.0
1489,52,530,Antenna System,3,6,2025-05-14 08:24:16,2025-05-14 09:08:16,44,Minor,140,False,6,True,3.0
1490,84,916,Router/Switch,3,5,2024-05-16 16:55:24,2024-05-16 17:04:24,9,Warning,25,False,1,True,2.1
1491,254,404,Power System,3,3,2025-01-27 05:31:15,2025-01-27 05:37:15,6,Minor,110,False,2,True,7.4
1492,35,491,Antenna System,3,4,2024-12-07 16:28:25,2024-12-07 16:55:25,27,Minor,96,False,0,True,6.2
1493,41,386,Power System,4,2,2025-03-15 16:58:05,2025-03-15 18:00:05,62,Major,289,True,4,False,8.1
1494,104,73,Radio Base Station,3,1,2024-06-16 14:24:47,2024-06-16 14:50:47,26,Minor,81,False,1,True,8.5
1495,257,552,Transmission Equipment,2,3,2024-10-23 09:07:08,2024-10-23 09:31:08,24,Minor,106,False,3,True,8.0
1496,140,664,Transmission Equipment,3,7,2025-07-05 11:07:32,2025-07-05 11:33:32,26,Major,262,False,2,True,2.1
1497,346,636,Core Network Node,1,2,2024-02-01 17:02:24,2024-02-01 17:13:24,11,Major,249,False,4,True,4.1
1498,458,505,Antenna System,2,3,2025-04-29 05:40:38,2025-04-29 05:54:38,14,Minor,139,False,2,True,2.5
1499,130,827,Router/Switch,5,9,2024-10-15 17:28:47,2024-10-15 17:47:47,19,Minor,105,False,3,True,4.0
1500,497,258,Radio Base Station,5,2,2024-11-29 00:12:15,2024-11-29 00:24:15,12,Minor,125,False,3,True,4.9
1501,407,854,Router/Switch,1,2,2024-06-10 13:19:09,2024-06-10 13:23:09,4,Minor,194,False,1,True,7.3
1502,207,127,Power System,3,2,2025-08-24 22:21:08,2025-08-24 22:37:08,16,Minor,118,False,2,True,2.2
1503,44,614,Radio Base Station,4,3,2025-09-30 19:48:24,2025-09-30 19:53:24,5,Warning,28,False,1,True,2.5
1504,214,952,Router/Switch,4,1,2024-04-11 12:44:24,2024-04-11 12:58:24,14,Major,303,False,1,True,5.3
1505,187,962,Core Network Node,5,6,2025-11-23 04:42:45,2025-11-23 05:38:45,56,Major,357,False,2,True,8.6
1506,124,256,Core Network Node,2,6,2024-04-05 14:42:14,2024-04-05 14:49:14,7,Minor,117,False,4,True,8.0
1507,166,830,Radio Base Station,3,3,2024-08-01 05:33:53,2024-08-01 05:35:53,2,Warning,32,False,3,True,1.5
1508,34,505,Antenna System,2,1,2024-05-24 01:51:33,2024-05-24 01:59:33,8,Minor,131,False,2,True,5.5
1509,353,483,Router/Switch,3,3,2024-12-06 09:27:22,2024-12-06 10:25:22,58,Major,265,False,2,True,4.9
1510,61,373,Core Network Node,3,1,2024-03-01 08:16:42,2024-03-01 08:52:42,36,Minor,131,False,3,True,9.3
1511,6,403,Core Network Node,3,1,2024-04-01 17:14:34,2024-04-01 17:15:34,1,Minor,166,False,4,True,4.9
1512,183,126,Router/Switch,4,3,2025-11-13 06:27:08,2025-11-13 06:48:08,21,Minor,75,False,1,True,7.5
1513,395,731,Radio Base Station,1,1,2024-07-31 11:12:47,2024-07-31 11:15:47,3,Warning,24,False,3,True,1.0
1514,317,607,Transmission Equipment,1,2,2025-06-25 23:48:48,2025-06-26 00:54:48,66,Major,314,True,2,False,7.5
1515,440,868,Antenna System,4,5,2024-08-16 00:20:05,2024-08-16 00:49:05,29,Major,260,False,1,True,9.6
1516,37,128,Power System,1,5,2025-04-09 20:33:16,2025-04-09 20:51:16,18,Minor,119,False,2,True,9.1
1517,184,527,Transmission Equipment,4,1,2024-02-19 18:23:32,2024-02-19 18:43:32,20,Major,299,False,5,True,5.4
1518,425,242,Power System,2,1,2024-04-26 14:17:15,2024-04-26 15:05:15,48,Critical,446,True,3,False,6.6
1519,362,798,Antenna System,1,2,2024-08-26 02:54:51,2024-08-26 03:08:51,14,Warning,27,False,6,True,8.7
1520,199,248,Power System,2,1,2024-09-26 13:36:40,2024-09-26 13:41:40,5,Major,186,False,4,True,2.0
1521,471,490,Power System,4,1,2025-12-18 16:22:08,2025-12-18 16:46:08,24,Major,231,False,6,True,4.4
1522,353,652,Core Network Node,4,3,2025-07-28 18:32:05,2025-07-28 18:35:05,3,Warning,46,False,4,True,8.3
1523,26,517,Core Network Node,4,2,2025-09-28 19:29:31,2025-09-28 19:49:31,20,Minor,153,False,3,True,9.2
1524,10,193,Core Network Node,2,4,2024-02-14 17:47:41,2024-02-14 18:25:41,38,Minor,127,False,3,True,8.8
1525,124,530,Transmission Equipment,3,3,2025-07-29 13:38:22,2025-07-29 13:51:22,13,Minor,85,False,3,True,3.6
1526,337,930,Power System,3,3,2025-11-14 20:04:46,2025-11-14 20:17:46,13,Warning,33,False,3,True,6.4
1527,211,889,Antenna System,1,7,2025-09-23 03:34:22,2025-09-23 03:47:22,13,Minor,107,False,2,True,7.6
1528,276,673,Radio Base Station,1,7,2025-01-27 05:30:10,2025-01-27 06:17:10,47,Major,283,False,2,True,2.0
1529,432,179,Antenna System,5,7,2024-04-11 15:10:47,2024-04-11 15:56:47,46,Minor,75,False,1,True,7.9
1530,412,130,Power System,3,1,2025-09-07 12:16:06,2025-09-07 13:07:06,51,Major,284,False,1,True,8.1
1531,411,354,Router/Switch,2,2,2024-08-31 10:05:49,2024-08-31 10:20:49,15,Minor,104,False,7,True,9.3
1532,259,760,Radio Base Station,5,1,2025-12-05 16:29:41,2025-12-05 16:52:41,23,Major,235,False,3,True,3.4
1533,8,900,Core Network Node,3,1,2024-01-24 11:42:59,2024-01-24 12:20:59,38,Major,438,False,3,True,8.1
1534,299,570,Power System,3,1,2025-03-01 12:23:54,2025-03-01 12:34:54,11,Warning,26,False,7,True,7.7
1535,421,398,Radio Base Station,1,6,2025-07-11 06:16:49,2025-07-11 06:50:49,34,Minor,149,False,5,True,7.7
1536,157,102,Antenna System,1,9,2025-03-19 08:58:24,2025-03-19 09:19:24,21,Critical,623,False,1,True,1.7
1537,10,556,Radio Base Station,5,3,2025-06-11 11:04:22,2025-06-11 12:14:22,70,Critical,364,True,5,False,2.3
1538,436,283,Radio Base Station,1,1,2024-02-26 12:08:51,2024-02-26 12:23:51,15,Major,235,False,4,True,7.1
1539,39,281,Core Network Node,3,4,2024-10-06 14:36:00,2024-10-06 14:57:00,21,Minor,92,False,5,True,3.3
1540,44,867,Router/Switch,2,1,2025-04-02 11:52:53,2025-04-02 12:19:53,27,Minor,162,False,6,True,6.4
1541,239,105,Antenna System,1,1,2025-10-24 16:33:20,2025-10-24 16:37:20,4,Warning,18,False,2,True,2.3
1542,116,106,Power System,5,5,2024-06-30 12:47:25,2024-06-30 12:52:25,5,Minor,106,False,2,True,7.2
1543,312,558,Transmission Equipment,5,3,2024-10-25 17:10:16,2024-10-25 18:14:16,64,Critical,307,True,3,False,4.6
1544,233,944,Router/Switch,5,1,2024-11-26 20:57:31,2024-11-26 22:39:31,102,Critical,384,True,2,False,9.7
1545,129,638,Core Network Node,3,2,2024-03-20 09:25:22,2024-03-20 10:08:22,43,Major,398,False,1,True,7.1
1546,468,909,Radio Base Station,3,1,2025-02-21 05:06:09,2025-02-21 05:47:09,41,Major,163,False,4,True,2.2
1547,175,24,Antenna System,2,3,2025-03-30 17:53:50,2025-03-30 18:08:50,15,Minor,90,False,6,True,5.9
1548,184,6,Power System,4,2,2024-11-27 15:32:25,2024-11-27 16:00:25,28,Major,304,False,6,True,9.2
1549,367,369,Transmission Equipment,2,3,2025-04-04 19:37:38,2025-04-04 19:52:38,15,Minor,155,False,6,True,3.5
1550,108,790,Router/Switch,3,6,2025-10-01 13:58:09,2025-10-01 14:03:09,5,Warning,31,False,2,True,7.3
1551,314,835,Power System,1,8,2024-08-07 04:20:37,2024-08-07 04:32:37,12,Minor,94,False,2,True,6.0
1552,95,291,Core Network Node,2,6,2025-12-20 17:09:39,2025-12-20 17:20:39,11,Minor,121,False,4,True,4.4
1553,339,235,Core Network Node,3,8,2024-03-13 17:15:21,2024-03-13 17:31:21,16,Critical,458,False,2,True,7.1
1554,31,508,Transmission Equipment,2,4,2024-03-04 23:05:51,2024-03-04 23:31:51,26,Warning,19,False,4,True,3.2
1555,192,704,Core Network Node,2,1,2024-02-02 18:47:48,2024-02-02 19:38:48,51,Minor,80,False,3,True,7.5
1556,118,741,Transmission Equipment,5,9,2025-07-23 15:42:00,2025-07-23 16:13:00,31,Major,204,False,1,True,3.3
1557,311,452,Antenna System,1,2,2025-11-02 11:29:08,2025-11-02 11:50:08,21,Minor,76,False,4,True,5.6
1558,453,532,Router/Switch,2,2,2024-02-18 12:56:59,2024-02-18 13:05:59,9,Warning,44,False,4,True,9.1
1559,356,737,Antenna System,5,1,2025-01-22 04:15:01,2025-01-22 04:34:01,19,Minor,161,False,3,True,3.9
1560,270,574,Core Network Node,4,5,2024-07-14 10:16:24,2024-07-14 10:51:24,35,Minor,107,False,3,True,1.4
1561,133,47,Radio Base Station,3,3,2024-08-11 00:28:40,2024-08-11 01:06:40,38,Major,304,False,4,True,1.4
1562,145,543,Antenna System,2,4,2024-11-14 08:04:10,2024-11-14 08:50:10,46,Minor,128,False,5,True,5.7
1563,278,739,Router/Switch,2,3,2025-04-16 11:34:15,2025-04-16 11:52:15,18,Warning,31,False,2,True,8.7
1564,392,865,Antenna System,4,1,2025-12-13 07:18:27,2025-12-13 08:14:27,56,Major,313,False,4,True,8.0
1565,190,8,Transmission Equipment,5,4,2024-03-28 21:05:33,2024-03-28 21:19:33,14,Warning,28,False,2,True,6.9
1566,145,464,Power System,2,3,2025-10-22 17:41:00,2025-10-22 17:48:00,7,Minor,121,False,1,True,1.1
1567,190,184,Transmission Equipment,4,1,2024-10-16 01:18:08,2024-10-16 02:01:08,43,Critical,628,True,1,False,1.3
1568,26,946,Core Network Node,4,3,2025-07-23 17:45:56,2025-07-23 18:20:56,35,Major,358,False,4,True,9.7
1569,414,723,Antenna System,5,2,2024-01-03 03:06:35,2024-01-03 03:15:35,9,Major,454,False,3,True,2.0
1570,138,942,Power System,1,4,2025-05-08 13:33:26,2025-05-08 14:01:26,28,Minor,149,False,2,True,1.6
1571,32,307,Power System,1,1,2024-07-24 07:27:41,2024-07-24 07:37:41,10,Minor,127,False,5,True,1.4
1572,212,536,Radio Base Station,3,2,2024-06-15 12:41:05,2024-06-15 13:45:05,64,Major,214,True,4,False,8.6
1573,123,691,Radio Base Station,5,7,2024-08-12 14:34:33,2024-08-12 14:40:33,6,Minor,126,False,3,True,9.9
1574,469,748,Antenna System,5,4,2025-09-26 07:32:36,2025-09-26 07:37:36,5,Minor,156,False,6,True,9.2
1575,29,801,Router/Switch,2,5,2025-05-23 16:35:43,2025-05-23 16:41:43,6,Warning,28,False,4,True,3.1
1576,270,847,Transmission Equipment,1,1,2024-05-24 05:36:00,2024-05-24 05:48:00,12,Minor,131,False,3,True,1.1
1577,450,741,Power System,3,1,2025-07-24 21:10:48,2025-07-24 21:56:48,46,Major,287,False,4,True,4.0
1578,182,13,Antenna System,1,7,2025-04-03 12:28:20,2025-04-03 12:53:20,25,Critical,445,False,4,True,3.5
1579,405,300,Transmission Equipment,2,5,2025-08-11 13:13:17,2025-08-11 14:44:17,91,Major,229,True,2,False,8.7
1580,8,715,Transmission Equipment,2,3,2025-07-10 04:38:09,2025-07-10 05:54:09,76,Critical,415,True,5,False,7.8
1581,235,973,Transmission Equipment,1,2,2024-06-15 02:04:00,2024-06-15 02:21:00,17,Minor,135,False,5,True,6.5
1582,217,284,Power System,2,1,2024-10-05 08:58:32,2024-10-05 09:16:32,18,Major,294,False,5,True,1.4
1583,494,771,Power System,2,3,2024-11-27 16:49:31,2024-11-27 17:14:31,25,Minor,177,False,4,True,8.1
1584,376,440,Antenna System,4,2,2024-12-13 13:55:50,2024-12-13 15:01:50,66,Critical,730,True,8,False,3.8
1585,21,25,Antenna System,2,2,2024-11-03 20:47:04,2024-11-03 21:21:04,34,Minor,135,False,2,True,8.9
1586,192,521,Antenna System,4,2,2024-06-05 10:04:10,2024-06-05 11:18:10,74,Minor,112,False,2,True,6.4
1587,250,924,Antenna System,1,1,2024-06-11 02:30:18,2024-06-11 02:51:18,21,Minor,84,False,4,True,1.3
1588,115,263,Router/Switch,5,8,2025-05-03 18:29:07,2025-05-03 18:42:07,13,Minor,176,False,6,True,9.2
1589,459,905,Radio Base Station,2,1,2025-12-11 07:59:31,2025-12-11 08:47:31,48,Major,329,False,3,True,7.5
1590,460,744,Power System,4,3,2024-03-14 14:57:22,2024-03-14 15:09:22,12,Minor,169,False,3,True,3.0
1591,228,538,Core Network Node,2,4,2024-05-23 18:08:45,2024-05-23 18:32:45,24,Critical,476,False,3,True,2.6
1592,103,254,Core Network Node,5,5,2025-06-13 14:35:47,2025-06-13 15:12:47,37,Minor,101,False,0,True,5.2
1593,144,671,Radio Base Station,3,4,2024-04-04 09:17:19,2024-04-04 09:31:19,14,Minor,158,False,4,True,6.2
1594,370,918,Antenna System,4,2,2025-11-03 12:42:06,2025-11-03 13:20:06,38,Major,304,False,1,True,8.5
1595,465,210,Transmission Equipment,5,4,2024-10-27 17:20:39,2024-10-27 17:31:39,11,Minor,159,False,0,True,1.4
1596,471,912,Core Network Node,5,1,2024-09-06 17:41:58,2024-09-06 17:44:58,3,Warning,23,False,1,True,4.0
1597,330,894,Transmission Equipment,1,3,2025-07-21 19:04:57,2025-07-21 20:24:57,80,Critical,522,True,6,False,8.9
1598,39,75,Transmission Equipment,1,2,2025-06-26 11:07:38,2025-06-26 11:19:38,12,Warning,20,False,2,True,6.3
1599,226,87,Power System,3,3,2025-05-01 14:42:27,2025-05-01 15:09:27,27,Major,372,False,3,True,9.8
1600,171,678,Router/Switch,3,2,2025-03-26 14:36:13,2025-03-26 14:49:13,13,Major,186,False,5,True,8.7
1601,105,803,Transmission Equipment,1,2,2025-03-07 05:35:50,2025-03-07 05:52:50,17,Major,179,False,2,True,9.7
1602,293,911,Radio Base Station,2,8,2024-06-26 08:27:40,2024-06-26 09:21:40,54,Major,181,False,0,True,9.3
1603,275,498,Radio Base Station,2,6,2024-12-01 13:00:22,2024-12-01 13:17:22,17,Warning,19,False,2,True,8.8
1604,498,95,Antenna System,1,1,2024-02-11 14:50:46,2024-02-11 14:58:46,8,Warning,35,False,4,True,8.4
1605,136,610,Core Network Node,2,1,2025-05-31 15:51:31,2025-05-31 15:58:31,7,Minor,156,False,7,True,2.2
1606,55,619,Core Network Node,3,1,2024-04-02 17:30:27,2024-04-02 17:49:27,19,Major,211,False,3,True,1.6
1607,435,474,Power System,1,4,2025-09-14 12:47:26,2025-09-14 13:28:26,41,Minor,72,False,2,True,5.3
1608,395,94,Transmission Equipment,1,1,2024-01-11 04:45:38,2024-01-11 05:16:38,31,Major,189,False,3,True,2.2
1609,385,491,Antenna System,3,8,2025-01-01 09:04:13,2025-01-01 09:19:13,15,Minor,124,False,1,True,4.7
1610,94,863,Power System,1,1,2024-08-31 03:57:32,2024-08-31 04:20:32,23,Minor,103,False,3,True,3.7
1611,409,949,Radio Base Station,1,1,2024-10-12 16:39:22,2024-10-12 16:58:22,19,Minor,173,False,2,True,6.4
1612,282,925,Antenna System,2,2,2025-10-12 14:50:16,2025-10-12 15:08:16,18,Minor,75,False,2,True,5.0
1613,8,867,Power System,5,3,2024-04-05 14:46:36,2024-04-05 15:49:36,63,Critical,631,True,1,False,7.7
1614,333,137,Core Network Node,5,7,2025-01-10 14:20:31,2025-01-10 14:36:31,16,Warning,43,False,5,True,8.7
1615,367,834,Power System,1,7,2025-08-09 14:25:13,2025-08-09 14:32:13,7,Minor,172,False,4,True,3.6
1616,207,526,Antenna System,5,1,2024-06-23 21:42:36,2024-06-23 21:46:36,4,Warning,23,False,1,True,5.1
1617,251,734,Transmission Equipment,5,8,2024-06-15 11:17:47,2024-06-15 11:25:47,8,Minor,164,False,1,True,1.5
1618,424,234,Antenna System,3,7,2024-04-25 21:13:53,2024-04-25 21:27:53,14,Major,256,False,5,True,1.7
1619,191,506,Transmission Equipment,2,3,2025-10-07 17:48:08,2025-10-07 22:08:08,260,Critical,376,True,2,False,9.0
1620,254,408,Transmission Equipment,5,7,2024-02-08 13:34:13,2024-02-08 13:54:13,20,Minor,125,False,1,True,7.7
1621,363,195,Radio Base Station,5,4,2025-06-18 11:54:39,2025-06-18 12:12:39,18,Warning,29,False,3,True,1.4
1622,346,637,Router/Switch,1,6,2024-02-26 08:15:21,2024-02-26 08:33:21,18,Major,283,False,3,True,8.9
1623,70,8,Transmission Equipment,5,3,2024-07-23 20:55:25,2024-07-23 21:07:25,12,Minor,127,False,3,True,3.9
1624,154,19,Antenna System,3,7,2024-10-13 09:04:18,2024-10-13 10:59:18,115,Critical,472,True,4,False,4.1
1625,38,998,Core Network Node,2,3,2025-12-01 14:16:49,2025-12-01 14:41:49,25,Warning,25,False,0,True,6.0
1626,343,162,Radio Base Station,2,1,2024-09-25 08:58:23,2024-09-25 09:38:23,40,Minor,108,False,8,True,4.5
1627,237,610,Antenna System,1,4,2024-03-31 08:16:32,2024-03-31 08:52:32,36,Major,208,False,3,True,1.4
1628,182,852,Antenna System,3,8,2025-03-15 04:45:13,2025-03-15 05:34:13,49,Critical,380,True,4,False,8.6
1629,212,262,Core Network Node,2,2,2025-07-06 16:16:52,2025-07-06 16:29:52,13,Warning,19,False,3,True,7.9
1630,380,83,Antenna System,4,6,2025-01-30 20:09:22,2025-01-30 20:12:22,3,Warning,23,False,2,True,8.7
1631,396,415,Transmission Equipment,1,2,2024-01-27 16:20:56,2024-01-27 17:00:56,40,Major,290,False,3,True,7.7
1632,19,497,Transmission Equipment,1,1,2024-11-17 17:22:02,2024-11-17 17:54:02,32,Minor,174,False,2,True,1.1
1633,370,935,Antenna System,5,2,2024-11-29 09:32:27,2024-11-29 09:34:27,2,Warning,19,False,6,True,8.5
1634,35,618,Router/Switch,5,3,2024-10-21 22:02:58,2024-10-21 22:06:58,4,Minor,108,False,4,True,7.2
1635,367,571,Radio Base Station,1,2,2025-07-05 11:57:20,2025-07-05 12:57:20,60,Major,376,False,0,True,2.6
1636,102,914,Router/Switch,1,1,2025-06-03 17:39:35,2025-06-03 18:36:35,57,Major,278,False,2,True,7.4
1637,328,533,Router/Switch,3,5,2024-12-20 09:12:44,2024-12-20 09:27:44,15,Warning,21,False,2,True,2.7
1638,398,309,Router/Switch,1,7,2024-01-29 20:37:32,2024-01-29 20:44:32,7,Warning,32,False,4,True,9.9
1639,383,796,Router/Switch,4,4,2024-12-24 08:17:45,2024-12-24 10:31:45,134,Critical,478,True,1,False,5.2
1640,19,851,Core Network Node,2,1,2025-05-13 09:33:32,2025-05-13 12:25:32,172,Critical,751,True,3,False,5.4
1641,219,355,Antenna System,2,4,2024-12-06 10:15:08,2024-12-06 10:27:08,12,Major,236,False,3,True,7.6
1642,285,639,Router/Switch,5,9,2024-07-02 08:05:12,2024-07-02 08:24:12,19,Minor,163,False,7,True,3.8
1643,421,472,Radio Base Station,5,3,2025-03-17 15:43:13,2025-03-17 16:00:13,17,Major,423,False,3,True,5.2
1644,449,525,Radio Base Station,4,7,2024-10-08 14:51:27,2024-10-08 15:15:27,24,Minor,112,False,4,True,5.0
1645,303,727,Core Network Node,5,8,2024-06-24 19:31:34,2024-06-24 19:53:34,22,Minor,164,False,3,True,6.3
1646,487,584,Router/Switch,4,6,2025-02-14 17:35:21,2025-02-14 19:50:21,135,Critical,706,True,3,False,5.1
1647,74,94,Antenna System,4,1,2024-06-19 10:22:05,2024-06-19 10:23:05,1,Minor,118,False,2,True,2.2
1648,222,796,Antenna System,5,4,2025-06-19 08:54:22,2025-06-19 10:13:22,79,Major,299,True,1,False,9.6
1649,116,953,Antenna System,4,1,2025-07-26 22:20:58,2025-07-26 23:31:58,71,Major,446,True,5,False,5.8
1650,15,491,Power System,4,5,2024-08-01 14:57:38,2024-08-01 15:13:38,16,Major,339,False,4,True,8.8
1651,330,638,Router/Switch,3,2,2025-01-26 21:43:16,2025-01-26 22:35:16,52,Critical,761,True,4,False,8.3
1652,176,414,Router/Switch,3,6,2025-01-15 17:53:38,2025-01-15 18:08:38,15,Major,274,False,7,True,9.1
1653,219,758,Transmission Equipment,2,3,2025-11-06 07:10:52,2025-11-06 08:41:52,91,Critical,301,True,4,False,7.5
1654,451,843,Radio Base Station,3,9,2025-03-29 15:38:14,2025-03-29 16:45:14,67,Major,197,True,1,False,6.1
1655,39,217,Radio Base Station,2,2,2025-09-24 09:35:03,2025-09-24 09:42:03,7,Warning,25,False,0,True,5.3
1656,180,539,Router/Switch,2,8,2024-07-09 21:50:21,2024-07-09 22:10:21,20,Minor,108,False,3,True,3.5
1657,4,614,Antenna System,3,1,2025-03-20 19:46:24,2025-03-20 20:18:24,32,Critical,687,True,3,False,6.2
1658,172,268,Core Network Node,5,6,2025-03-08 10:43:06,2025-03-08 11:27:06,44,Major,181,False,2,True,2.6
1659,336,989,Radio Base Station,2,3,2024-08-25 06:51:34,2024-08-25 07:38:34,47,Minor,102,False,5,True,2.2
1660,132,819,Router/Switch,1,3,2025-07-31 11:44:44,2025-07-31 14:59:44,195,Major,489,True,3,False,1.1
1661,90,336,Power System,4,6,2024-01-13 11:23:32,2024-01-13 12:29:32,66,Critical,471,True,4,False,7.0
1662,56,193,Router/Switch,3,3,2025-04-21 13:06:39,2025-04-21 13:39:39,33,Minor,112,False,3,True,8.7
1663,306,208,Power System,1,1,2024-05-02 12:33:45,2024-05-02 12:50:45,17,Major,323,False,2,True,5.2
1664,266,150,Core Network Node,2,5,2025-01-01 23:02:24,2025-01-02 00:02:24,60,Critical,496,True,4,False,2.8
1665,171,834,Antenna System,1,5,2024-11-10 22:53:24,2024-11-10 22:55:24,2,Warning,28,False,3,True,4.0
1666,229,701,Power System,4,2,2024-09-13 15:53:25,2024-09-13 15:57:25,4,Warning,41,False,4,True,7.4
1667,222,667,Antenna System,4,6,2024-11-16 21:18:20,2024-11-16 22:37:20,79,Major,355,True,3,False,4.2
1668,267,487,Radio Base Station,3,4,2024-06-15 16:51:27,2024-06-15 17:25:27,34,Major,290,False,2,True,6.7
1669,348,40,Core Network Node,2,2,2024-01-25 16:49:25,2024-01-25 23:00:25,371,Critical,483,True,2,False,9.6
1670,270,471,Antenna System,5,7,2025-08-04 16:01:37,2025-08-04 16:58:37,57,Major,346,False,3,True,6.0
1671,28,69,Power System,3,1,2024-02-22 09:30:25,2024-02-22 09:45:25,15,Minor,65,False,5,True,4.6
1672,181,704,Antenna System,3,1,2024-05-09 05:09:21,2024-05-09 06:45:21,96,Major,341,True,1,False,1.2
1673,420,340,Power System,2,2,2024-08-02 23:06:28,2024-08-02 23:16:28,10,Critical,349,False,4,True,4.8
1674,157,245,Power System,2,3,2024-12-11 08:40:00,2024-12-11 08:55:00,15,Minor,177,False,0,True,5.4
1675,247,946,Router/Switch,5,2,2024-02-14 15:54:58,2024-02-14 17:42:58,108,Major,226,True,2,False,4.4
1676,401,921,Transmission Equipment,4,4,2025-07-25 13:29:43,2025-07-25 14:13:43,44,Minor,95,False,5,True,6.8
1677,79,379,Router/Switch,5,1,2024-08-23 16:27:12,2024-08-23 16:36:12,9,Minor,76,False,3,True,6.9
1678,86,814,Router/Switch,2,3,2024-01-27 21:00:54,2024-01-27 21:11:54,11,Major,391,False,3,True,5.9
1679,20,684,Antenna System,4,1,2025-12-14 15:38:19,2025-12-14 15:52:19,14,Minor,99,False,3,True,8.1
1680,380,632,Radio Base Station,3,6,2025-07-10 10:31:19,2025-07-10 10:50:19,19,Critical,479,False,6,True,4.7
1681,330,562,Radio Base Station,5,7,2024-02-03 11:47:51,2024-02-03 11:51:51,4,Minor,164,False,3,True,6.1
1682,268,665,Transmission Equipment,3,9,2024-12-24 19:51:33,2024-12-24 20:06:33,15,Minor,78,False,3,True,3.3
1683,165,220,Router/Switch,2,2,2024-12-13 20:18:24,2024-12-13 20:24:24,6,Minor,88,False,2,True,5.2
1684,444,719,Router/Switch,4,2,2024-10-16 19:31:10,2024-10-16 20:10:10,39,Minor,116,False,3,True,9.5
1685,36,924,Router/Switch,3,3,2025-10-04 13:44:32,2025-10-04 13:52:32,8,Minor,96,False,4,True,7.9
1686,147,514,Radio Base Station,4,1,2025-03-01 00:18:05,2025-03-01 00:43:05,25,Minor,101,False,4,True,9.3
1687,198,226,Core Network Node,3,1,2025-10-04 19:15:20,2025-10-04 20:06:20,51,Major,342,False,3,True,5.5
1688,348,26,Radio Base Station,1,4,2025-08-17 17:55:10,2025-08-17 18:16:10,21,Minor,127,False,3,True,5.1
1689,242,37,Power System,2,4,2025-02-19 12:59:27,2025-02-19 13:35:27,36,Minor,116,False,4,True,5.4
1690,40,963,Radio Base Station,1,3,2024-08-02 11:58:44,2024-08-02 13:49:44,111,Critical,409,True,3,False,1.1
1691,276,10,Core Network Node,4,1,2024-02-18 04:53:09,2024-02-18 04:57:09,4,Warning,19,False,4,True,9.4
1692,70,893,Power System,4,3,2025-10-11 17:29:34,2025-10-11 18:26:34,57,Major,196,False,6,True,7.3
1693,197,435,Power System,2,4,2025-08-06 12:29:20,2025-08-06 13:54:20,85,Major,330,True,2,False,8.2
1694,175,127,Radio Base Station,3,3,2025-11-09 15:14:24,2025-11-09 16:03:24,49,Critical,296,True,1,False,6.2
1695,13,755,Router/Switch,5,7,2025-12-25 09:31:08,2025-12-25 10:16:08,45,Minor,105,False,0,True,9.5
1696,292,784,Transmission Equipment,1,5,2025-05-30 17:47:10,2025-05-30 18:01:10,14,Warning,32,False,3,True,5.8
1697,471,707,Radio Base Station,3,1,2025-05-04 14:22:02,2025-05-04 14:33:02,11,Warning,27,False,4,True,7.2
1698,268,776,Transmission Equipment,5,1,2024-01-19 11:35:33,2024-01-19 13:19:33,104,Critical,311,True,1,False,7.4
1699,75,939,Radio Base Station,3,5,2025-02-27 00:28:58,2025-02-27 00:45:58,17,Minor,158,False,4,True,2.7
1700,258,643,Core Network Node,4,6,2025-05-11 12:26:26,2025-05-11 12:47:26,21,Major,345,False,1,True,7.3
1701,6,645,Antenna System,2,2,2025-10-06 06:16:35,2025-10-06 06:29:35,13,Minor,169,False,3,True,7.6
1702,5,32,Router/Switch,4,4,2024-06-02 12:55:40,2024-06-02 15:55:40,180,Critical,575,True,2,False,9.7
1703,491,358,Power System,3,3,2025-01-16 17:41:25,2025-01-16 18:47:25,66,Major,258,True,1,False,1.0
1704,318,428,Power System,1,5,2025-11-13 09:42:50,2025-11-13 10:00:50,18,Minor,196,False,4,True,2.9
1705,457,931,Antenna System,4,4,2024-06-20 11:12:37,2024-06-20 11:26:37,14,Minor,110,False,2,True,7.3
1706,175,182,Antenna System,5,3,2025-12-28 03:21:28,2025-12-28 03:44:28,23,Minor,87,False,1,True,9.2
1707,380,204,Antenna System,2,3,2025-10-16 20:27:20,2025-10-16 20:40:20,13,Minor,123,False,3,True,4.6
1708,213,790,Core Network Node,2,3,2025-04-05 08:49:02,2025-04-05 10:04:02,75,Major,270,True,4,False,3.2
1709,9,454,Power System,5,4,2025-09-04 12:29:15,2025-09-04 12:52:15,23,Minor,116,False,3,True,5.9
1710,59,674,Transmission Equipment,1,2,2025-01-30 12:00:36,2025-01-30 13:25:36,85,Major,272,True,6,False,6.8
1711,263,54,Router/Switch,2,3,2025-12-27 09:00:58,2025-12-27 09:09:58,9,Warning,34,False,2,True,8.7
1712,109,355,Antenna System,1,3,2025-08-16 20:44:50,2025-08-16 21:01:50,17,Minor,84,False,3,True,3.3
1713,131,151,Router/Switch,5,3,2024-11-13 19:00:37,2024-11-13 19:26:37,26,Major,217,False,3,True,5.3
1714,7,427,Core Network Node,2,2,2025-07-01 08:51:32,2025-07-01 08:58:32,7,Minor,130,False,4,True,7.4
1715,464,630,Transmission Equipment,1,4,2024-04-26 16:20:46,2024-04-26 17:16:46,56,Major,287,False,2,True,4.2
1716,483,171,Router/Switch,1,3,2024-11-23 15:21:12,2024-11-23 15:35:12,14,Major,399,False,2,True,7.8
1717,113,692,Router/Switch,5,8,2025-12-25 13:47:06,2025-12-25 16:28:06,161,Critical,510,True,4,False,9.6
1718,320,753,Antenna System,1,6,2024-11-17 18:24:51,2024-11-17 19:06:51,42,Major,199,False,1,True,2.4
1719,481,406,Transmission Equipment,3,2,2024-03-11 14:10:41,2024-03-11 14:27:41,17,Minor,86,False,2,True,1.3
1720,268,889,Router/Switch,2,1,2024-12-08 10:19:48,2024-12-08 10:26:48,7,Warning,23,False,2,True,3.2
1721,256,508,Router/Switch,4,3,2024-10-14 04:01:15,2024-10-14 05:25:15,84,Major,304,True,5,False,3.8
1722,205,500,Power System,1,1,2025-11-24 04:34:48,2025-11-24 04:48:48,14,Minor,127,False,2,True,3.3
1723,387,302,Radio Base Station,5,7,2025-08-01 20:09:48,2025-08-01 20:16:48,7,Warning,31,False,5,True,4.2
1724,19,896,Core Network Node,5,6,2025-03-03 08:45:21,2025-03-03 09:48:21,63,Major,330,True,3,False,3.1
1725,136,474,Transmission Equipment,5,6,2025-08-19 03:30:26,2025-08-19 03:40:26,10,Minor,161,False,2,True,6.6
1726,91,488,Router/Switch,1,5,2024-09-25 21:31:33,2024-09-25 23:21:33,110,Major,267,True,3,False,1.0
1727,174,77,Router/Switch,2,3,2025-03-11 16:52:17,2025-03-11 17:07:17,15,Minor,96,False,5,True,1.7
1728,223,232,Router/Switch,1,7,2025-09-27 04:34:57,2025-09-27 05:24:57,50,Critical,419,True,8,False,9.5
1729,388,714,Radio Base Station,2,2,2025-02-07 10:44:00,2025-02-07 11:24:00,40,Minor,134,False,4,True,1.1
1730,269,63,Transmission Equipment,4,1,2025-08-01 10:55:42,2025-08-01 11:14:42,19,Major,213,False,0,True,6.1
1731,153,205,Transmission Equipment,5,2,2025-03-27 09:47:02,2025-03-27 10:18:02,31,Minor,177,False,3,True,4.4
1732,107,389,Power System,2,8,2025-06-10 00:17:06,2025-06-10 00:25:06,8,Warning,22,False,5,True,8.3
1733,323,993,Transmission Equipment,5,4,2024-09-29 15:40:42,2024-09-29 16:16:42,36,Minor,92,False,3,True,3.5
1734,174,149,Transmission Equipment,1,2,2024-03-15 02:09:30,2024-03-15 03:14:30,65,Major,201,True,5,False,9.5
1735,269,154,Antenna System,4,3,2024-10-03 09:10:44,2024-10-03 10:00:44,50,Minor,78,False,1,True,3.5
1736,183,736,Antenna System,3,7,2025-12-13 09:58:48,2025-12-13 10:34:48,36,Minor,78,False,2,True,9.0
1737,451,896,Transmission Equipment,5,3,2025-06-07 22:17:41,2025-06-07 23:20:41,63,Major,280,True,3,False,1.0
1738,344,95,Antenna System,4,4,2025-12-20 12:26:56,2025-12-20 12:28:56,2,Warning,25,False,4,True,4.1
1739,390,849,Router/Switch,4,3,2025-03-22 20:49:23,2025-03-22 20:53:23,4,Warning,27,False,2,True,2.5
1740,193,784,Antenna System,1,2,2025-10-23 08:59:05,2025-10-23 09:17:05,18,Minor,68,False,6,True,8.9
1741,103,935,Antenna System,3,5,2025-05-06 11:57:29,2025-05-06 12:21:29,24,Major,201,False,3,True,7.6
1742,212,770,Router/Switch,2,7,2025-06-27 23:13:26,2025-06-27 23:20:26,7,Minor,122,False,5,True,8.7
1743,389,574,Core Network Node,5,3,2024-10-21 13:30:53,2024-10-21 13:47:53,17,Minor,108,False,4,True,4.1
1744,419,124,Power System,5,2,2025-03-26 12:57:43,2025-03-26 13:22:43,25,Minor,93,False,2,True,8.4
1745,434,617,Core Network Node,1,1,2025-10-17 09:26:50,2025-10-17 10:19:50,53,Major,386,False,3,True,3.3
1746,37,892,Radio Base Station,5,3,2025-07-15 15:40:32,2025-07-15 15:51:32,11,Warning,35,False,4,True,9.4
1747,146,305,Core Network Node,2,1,2025-10-05 15:33:23,2025-10-05 15:46:23,13,Warning,43,False,1,True,9.7
1748,212,906,Transmission Equipment,1,4,2024-08-20 03:45:16,2024-08-20 04:09:16,24,Major,260,False,1,True,8.6
1749,397,845,Router/Switch,4,3,2025-04-11 11:57:05,2025-04-11 12:07:05,10,Minor,122,False,1,True,5.3
1750,288,402,Core Network Node,4,1,2025-02-08 11:13:55,2025-02-08 11:27:55,14,Minor,84,False,5,True,7.4
1751,57,165,Power System,1,2,2025-12-05 16:13:35,2025-12-05 16:49:35,36,Minor,110,False,2,True,6.0
1752,166,805,Core Network Node,4,1,2024-10-26 09:54:45,2024-10-26 10:38:45,44,Minor,165,False,2,True,6.6
1753,237,741,Router/Switch,5,2,2024-07-31 09:18:09,2024-07-31 09:38:09,20,Minor,96,False,2,True,6.1
1754,28,395,Radio Base Station,2,2,2025-10-13 17:51:23,2025-10-13 18:21:23,30,Minor,75,False,0,True,9.9
1755,123,634,Core Network Node,4,1,2024-03-25 12:57:58,2024-03-25 13:29:58,32,Minor,181,False,2,True,2.1
1756,214,539,Transmission Equipment,4,4,2024-07-19 19:59:19,2024-07-19 20:30:19,31,Minor,123,False,1,True,1.9
1757,378,210,Transmission Equipment,1,2,2024-10-22 22:01:27,2024-10-22 22:11:27,10,Warning,32,False,4,True,4.4
1758,218,370,Transmission Equipment,4,4,2024-04-18 14:59:23,2024-04-18 15:19:23,20,Minor,135,False,3,True,2.1
1759,119,307,Radio Base Station,2,8,2025-04-05 11:30:40,2025-04-05 12:20:40,50,Major,352,False,6,True,4.8
1760,478,786,Radio Base Station,4,8,2024-12-09 02:21:39,2024-12-09 02:28:39,7,Minor,92,False,3,True,5.2
1761,319,235,Core Network Node,4,7,2025-10-07 08:12:18,2025-10-07 08:19:18,7,Minor,171,False,4,True,1.8
1762,316,907,Power System,1,2,2024-03-12 21:36:50,2024-03-12 22:50:50,74,Critical,640,True,2,False,3.1
1763,302,291,Antenna System,2,2,2024-12-02 21:04:54,2024-12-02 23:22:54,138,Critical,472,True,1,False,5.6
1764,448,164,Power System,3,9,2024-11-17 06:37:02,2024-11-17 06:48:02,11,Minor,105,False,2,True,1.5
1765,148,772,Antenna System,1,2,2025-07-03 12:44:06,2025-07-03 12:58:06,14,Minor,132,False,4,True,4.6
1766,161,188,Transmission Equipment,1,3,2024-10-19 09:14:19,2024-10-19 09:23:19,9,Minor,95,False,4,True,5.2
1767,54,333,Core Network Node,5,8,2024-02-20 17:11:24,2024-02-20 17:52:24,41,Critical,339,True,3,False,1.7
1768,445,913,Router/Switch,5,4,2025-06-18 16:00:02,2025-06-18 16:01:02,1,Warning,20,False,2,True,7.2
1769,32,171,Transmission Equipment,2,7,2025-08-02 04:47:11,2025-08-02 06:40:11,113,Critical,490,True,5,False,8.9
1770,230,41,Router/Switch,3,6,2024-05-05 16:24:44,2024-05-05 17:04:44,40,Major,339,False,3,True,2.9
1771,97,661,Power System,3,2,2024-04-13 15:23:01,2024-04-13 15:46:01,23,Minor,112,False,1,True,6.5
1772,120,910,Router/Switch,1,4,2024-01-24 14:01:17,2024-01-24 14:24:17,23,Major,326,False,4,True,2.3
1773,440,964,Power System,1,5,2024-05-09 09:00:18,2024-05-09 09:06:18,6,Minor,134,False,3,True,3.5
1774,419,163,Radio Base Station,4,6,2024-08-24 23:06:19,2024-08-24 23:27:19,21,Major,173,False,2,True,7.9
1775,247,904,Transmission Equipment,1,3,2024-09-22 21:41:04,2024-09-22 22:39:04,58,Major,291,False,2,True,8.2
1776,48,14,Radio Base Station,3,1,2024-07-12 21:11:46,2024-07-12 21:50:46,39,Minor,108,False,5,True,2.9
1777,312,531,Router/Switch,5,6,2024-10-24 08:42:34,2024-10-24 09:35:34,53,Minor,74,False,3,True,6.9
1778,445,936,Antenna System,5,9,2024-03-31 12:09:04,2024-03-31 12:36:04,27,Minor,116,False,1,True,3.8
1779,223,730,Radio Base Station,1,2,2025-02-16 13:12:45,2025-02-16 13:38:45,26,Major,272,False,0,True,4.9
1780,338,249,Core Network Node,3,2,2024-01-08 01:56:56,2024-01-08 03:32:56,96,Critical,665,True,3,False,7.7
1781,192,83,Router/Switch,3,1,2025-09-29 11:09:01,2025-09-29 11:17:01,8,Major,315,False,1,True,4.4
1782,83,788,Core Network Node,4,3,2024-02-06 15:59:58,2024-02-06 16:18:58,19,Minor,118,False,1,True,2.5
1783,401,65,Radio Base Station,2,6,2025-06-14 03:23:10,2025-06-14 03:32:10,9,Minor,77,False,4,True,2.4
1784,128,707,Antenna System,4,2,2025-08-10 03:42:49,2025-08-10 05:06:49,84,Major,281,True,4,False,3.6
1785,255,947,Transmission Equipment,3,2,2025-08-05 09:20:29,2025-08-05 09:29:29,9,Warning,27,False,4,True,8.1
1786,201,949,Antenna System,1,1,2025-07-26 13:01:47,2025-07-26 13:41:47,40,Major,300,False,3,True,6.8
1787,247,344,Transmission Equipment,4,3,2024-01-25 01:46:22,2024-01-25 02:26:22,40,Major,286,False,2,True,7.7
1788,73,759,Router/Switch,3,5,2025-02-10 14:16:26,2025-02-10 14:21:26,5,Minor,97,False,5,True,1.0
1789,361,225,Power System,5,3,2024-12-02 23:42:54,2024-12-03 00:20:54,38,Minor,99,False,0,True,6.9
1790,345,764,Transmission Equipment,5,1,2024-05-30 17:44:43,2024-05-30 19:26:43,102,Critical,456,True,3,False,6.1
1791,340,863,Power System,3,2,2025-11-07 09:57:12,2025-11-07 10:28:12,31,Major,229,False,3,True,1.9
1792,232,4,Core Network Node,2,1,2025-11-05 16:30:37,2025-11-05 16:41:37,11,Minor,99,False,4,True,3.5
1793,112,944,Radio Base Station,1,8,2025-09-05 21:43:46,2025-09-05 22:05:46,22,Major,316,False,4,True,4.8
1794,84,874,Core Network Node,1,5,2024-06-26 15:38:33,2024-06-26 18:25:33,167,Critical,526,True,2,False,3.0
1795,245,830,Power System,3,7,2025-01-29 11:49:18,2025-01-29 12:08:18,19,Minor,113,False,0,True,2.2
1796,365,401,Power System,4,8,2025-09-20 08:47:42,2025-09-20 08:50:42,3,Minor,138,False,7,True,8.2
1797,271,230,Power System,4,3,2024-04-27 15:39:44,2024-04-27 15:55:44,16,Major,285,False,3,True,7.4
1798,325,514,Radio Base Station,1,2,2024-05-19 18:09:59,2024-05-19 19:26:59,77,Major,480,True,5,False,9.3
1799,224,380,Antenna System,4,1,2025-03-25 14:55:21,2025-03-25 15:10:21,15,Major,204,False,1,True,4.6
1800,376,493,Core Network Node,4,1,2025-12-28 09:58:37,2025-12-28 10:09:37,11,Minor,176,False,4,True,7.9
1801,171,485,Core Network Node,3,6,2025-10-24 11:47:33,2025-10-24 11:59:33,12,Major,327,False,1,True,1.6
1802,379,336,Transmission Equipment,4,8,2025-01-04 13:58:32,2025-01-04 14:24:32,26,Major,455,False,3,True,7.0
1803,464,355,Power System,3,6,2025-08-02 06:54:54,2025-08-02 08:14:54,80,Major,246,True,0,False,4.1
1804,430,165,Radio Base Station,2,2,2025-05-13 06:01:31,2025-05-13 06:37:31,36,Major,411,False,6,True,4.7
1805,290,134,Core Network Node,4,2,2024-06-28 07:03:15,2024-06-28 07:36:15,33,Minor,117,False,5,True,9.9
1806,91,86,Radio Base Station,2,5,2024-10-19 13:55:49,2024-10-19 14:51:49,56,Major,235,False,2,True,6.7
1807,484,817,Radio Base Station,3,1,2024-03-08 16:48:42,2024-03-08 17:39:42,51,Critical,633,True,2,False,5.5
1808,337,671,Router/Switch,5,4,2025-10-01 06:24:59,2025-10-01 07:32:59,68,Critical,590,True,2,False,3.5
1809,201,84,Router/Switch,4,2,2025-09-18 13:18:50,2025-09-18 13:39:50,21,Critical,458,False,7,True,1.2
1810,443,936,Radio Base Station,4,8,2024-11-11 04:10:56,2024-11-11 04:15:56,5,Minor,95,False,0,True,9.1
1811,28,136,Antenna System,4,3,2025-05-26 15:28:46,2025-05-26 17:12:46,104,Major,164,True,2,False,1.8
1812,136,734,Antenna System,1,2,2025-09-11 09:57:51,2025-09-11 10:24:51,27,Minor,147,False,3,True,4.4
1813,471,522,Radio Base Station,3,8,2025-10-13 13:48:15,2025-10-13 13:55:15,7,Warning,23,False,0,True,3.8
1814,72,983,Power System,3,5,2024-11-20 03:41:05,2024-11-20 03:51:05,10,Minor,131,False,2,True,1.0
1815,124,789,Core Network Node,1,2,2024-10-29 16:26:49,2024-10-29 17:34:49,68,Minor,96,False,2,True,7.8
1816,313,390,Router/Switch,4,6,2025-08-14 10:54:54,2025-08-14 11:09:54,15,Major,380,False,5,True,5.3
1817,264,119,Radio Base Station,5,6,2026-01-01 22:54:26,2026-01-01 23:14:26,20,Minor,139,False,4,True,2.5
1818,165,637,Core Network Node,4,3,2024-03-24 01:20:43,2024-03-24 01:33:43,13,Warning,27,False,3,True,6.7
1819,348,412,Router/Switch,4,2,2025-01-13 11:52:15,2025-01-13 12:37:15,45,Minor,131,False,2,True,9.9
1820,98,875,Radio Base Station,5,8,2024-04-27 11:03:54,2024-04-27 11:31:54,28,Major,403,False,2,True,9.3
1821,266,243,Core Network Node,1,6,2025-10-26 11:29:46,2025-10-26 11:37:46,8,Minor,95,False,4,True,7.8
1822,128,55,Router/Switch,4,9,2024-12-13 12:42:12,2024-12-13 12:53:12,11,Major,259,False,0,True,7.1
1823,117,340,Core Network Node,5,4,2025-03-10 09:43:30,2025-03-10 10:35:30,52,Minor,112,False,3,True,4.3
1824,10,373,Core Network Node,5,3,2024-06-19 12:01:16,2024-06-19 12:52:16,51,Minor,79,False,2,True,6.7
1825,477,987,Transmission Equipment,1,4,2024-01-25 04:47:50,2024-01-25 05:21:50,34,Minor,75,False,1,True,2.1
1826,336,782,Antenna System,2,2,2025-07-19 15:51:24,2025-07-19 17:32:24,101,Minor,100,False,2,True,5.4
1827,191,578,Radio Base Station,3,1,2024-07-21 12:05:49,2024-07-21 12:13:49,8,Minor,74,False,4,True,3.9
1828,45,256,Power System,4,8,2025-12-25 14:31:34,2025-12-25 15:03:34,32,Minor,164,False,2,True,8.5
1829,323,732,Transmission Equipment,1,3,2024-05-30 20:14:36,2024-05-30 20:21:36,7,Warning,21,False,2,True,7.8
1830,252,722,Transmission Equipment,4,3,2025-07-30 00:21:49,2025-07-30 00:40:49,19,Minor,165,False,5,True,1.2
1831,181,242,Router/Switch,3,6,2025-03-20 00:54:48,2025-03-20 01:25:48,31,Minor,124,False,2,True,8.3
1832,404,429,Power System,2,6,2025-07-24 20:10:55,2025-07-24 20:19:55,9,Major,307,False,3,True,5.7
1833,410,263,Router/Switch,4,1,2025-10-19 01:51:46,2025-10-19 01:56:46,5,Warning,17,False,0,True,5.0
1834,257,354,Core Network Node,1,4,2024-04-08 15:52:15,2024-04-08 16:02:15,10,Major,281,False,2,True,7.1
1835,450,508,Router/Switch,1,2,2024-02-18 01:15:55,2024-02-18 01:53:55,38,Minor,129,False,6,True,6.9
1836,372,136,Power System,5,3,2024-07-31 17:06:40,2024-07-31 17:48:40,42,Major,357,False,5,True,9.5
1837,159,143,Antenna System,4,2,2025-03-30 12:15:57,2025-03-30 13:20:57,65,Minor,74,False,3,True,4.6
1838,259,322,Core Network Node,4,1,2024-06-19 20:11:55,2024-06-19 20:45:55,34,Major,269,False,2,True,7.6
1839,80,561,Radio Base Station,2,1,2024-08-08 08:28:16,2024-08-08 08:42:16,14,Minor,91,False,1,True,1.2
1840,283,372,Radio Base Station,4,1,2024-04-07 15:46:11,2024-04-07 15:58:11,12,Minor,82,False,1,True,2.3
1841,494,304,Antenna System,5,3,2024-06-18 12:05:16,2024-06-18 12:36:16,31,Critical,702,True,5,False,5.4
1842,6,379,Power System,3,6,2025-12-08 14:06:50,2025-12-08 14:10:50,4,Minor,161,False,2,True,5.3
1843,320,487,Core Network Node,2,6,2024-08-18 17:24:45,2024-08-18 18:10:45,46,Major,256,False,3,True,9.1
1844,472,531,Power System,2,2,2025-02-04 19:57:42,2025-02-04 23:23:42,206,Major,496,True,1,False,8.3
1845,22,600,Radio Base Station,4,4,2025-10-29 14:36:51,2025-10-29 14:56:51,20,Minor,108,False,3,True,6.7
1846,363,166,Power System,3,2,2025-11-16 15:10:39,2025-11-16 15:40:39,30,Minor,70,False,6,True,2.7
1847,168,36,Router/Switch,3,1,2025-06-12 23:14:37,2025-06-13 01:22:37,128,Critical,623,True,2,False,5.7
1848,72,143,Power System,5,3,2024-03-29 23:18:10,2024-03-29 23:22:10,4,Warning,43,False,5,True,8.4
1849,54,393,Transmission Equipment,3,7,2024-09-13 17:23:23,2024-09-13 17:42:23,19,Minor,80,False,4,True,5.3
1850,114,638,Core Network Node,1,1,2025-05-13 16:25:17,2025-05-13 16:49:17,24,Major,435,False,2,True,3.1
1851,379,820,Router/Switch,5,8,2025-04-21 17:55:55,2025-04-21 18:39:55,44,Critical,614,True,0,False,6.0
1852,123,952,Core Network Node,4,2,2025-05-18 08:06:03,2025-05-18 08:36:03,30,Minor,196,False,2,True,7.6
1853,418,16,Core Network Node,2,2,2025-10-28 00:24:38,2025-10-28 00:30:38,6,Major,391,False,4,True,7.0
1854,191,14,Radio Base Station,2,4,2025-05-06 17:19:41,2025-05-06 17:43:41,24,Warning,22,False,6,True,2.1
1855,58,865,Transmission Equipment,3,2,2024-12-23 08:09:00,2024-12-23 08:26:00,17,Minor,114,False,4,True,4.1
1856,319,55,Radio Base Station,1,9,2025-01-05 20:53:29,2025-01-05 21:06:29,13,Warning,32,False,4,True,2.7
1857,278,784,Power System,3,6,2024-09-28 05:29:09,2024-09-28 06:56:09,87,Major,333,True,0,False,5.5
1858,403,186,Transmission Equipment,3,5,2025-01-17 11:35:17,2025-01-17 12:10:17,35,Major,416,False,2,True,4.4
1859,492,20,Router/Switch,3,2,2024-08-14 13:43:03,2024-08-14 14:22:03,39,Critical,297,True,3,False,3.2
1860,315,4,Transmission Equipment,3,4,2025-09-02 10:08:11,2025-09-02 10:22:11,14,Major,361,False,5,True,10.0
1861,379,540,Router/Switch,3,2,2025-08-11 14:32:25,2025-08-11 14:55:25,23,Minor,107,False,3,True,3.6
1862,97,692,Antenna System,2,5,2025-04-28 21:39:05,2025-04-28 21:50:05,11,Minor,117,False,2,True,6.2
1863,92,608,Transmission Equipment,2,4,2025-03-23 11:32:32,2025-03-23 12:00:32,28,Critical,294,False,6,True,5.0
1864,240,247,Core Network Node,3,3,2024-02-01 08:05:51,2024-02-01 08:30:51,25,Minor,116,False,2,True,5.2
1865,344,11,Radio Base Station,2,6,2024-03-02 13:36:14,2024-03-02 13:57:14,21,Major,262,False,2,True,8.2
1866,314,287,Router/Switch,3,5,2025-03-02 13:29:45,2025-03-02 13:34:45,5,Warning,22,False,2,True,6.7
1867,27,885,Transmission Equipment,4,4,2024-08-27 13:01:31,2024-08-27 13:47:31,46,Critical,360,True,2,False,1.3
1868,279,377,Transmission Equipment,2,4,2024-12-27 13:53:43,2024-12-27 14:06:43,13,Minor,132,False,3,True,9.4
1869,45,231,Transmission Equipment,3,5,2024-04-26 11:45:30,2024-04-26 12:23:30,38,Major,494,False,1,True,3.8
1870,397,729,Radio Base Station,4,3,2025-08-07 15:37:15,2025-08-07 15:56:15,19,Minor,75,False,1,True,2.7
1871,72,686,Power System,2,7,2024-11-20 17:09:11,2024-11-20 17:25:11,16,Major,376,False,0,True,6.5
1872,447,800,Router/Switch,2,1,2024-01-20 09:55:50,2024-01-20 09:59:50,4,Minor,195,False,1,True,3.7
1873,447,680,Power System,3,7,2024-05-15 15:41:41,2024-05-15 16:04:41,23,Major,419,False,4,True,3.8
1874,489,328,Radio Base Station,1,4,2024-09-27 01:27:08,2024-09-27 01:55:08,28,Minor,79,False,4,True,6.4
1875,395,818,Core Network Node,1,6,2025-08-12 15:17:34,2025-08-12 15:33:34,16,Minor,84,False,3,True,5.8
1876,4,798,Radio Base Station,5,8,2024-09-01 16:26:01,2024-09-01 17:06:01,40,Major,408,False,3,True,7.3
1877,200,276,Radio Base Station,5,2,2024-04-17 13:37:55,2024-04-17 13:53:55,16,Warning,25,False,2,True,2.2
1878,363,660,Core Network Node,4,3,2025-02-11 00:42:30,2025-02-11 01:10:30,28,Minor,70,False,2,True,3.5
1879,37,516,Router/Switch,3,2,2024-11-11 12:26:21,2024-11-11 13:32:21,66,Major,353,True,5,False,9.5
1880,349,841,Power System,4,9,2024-01-26 23:44:00,2024-01-26 23:49:00,5,Minor,109,False,5,True,7.7
1881,393,966,Antenna System,5,1,2025-03-21 11:16:42,2025-03-21 11:27:42,11,Minor,178,False,6,True,1.5
1882,41,921,Core Network Node,4,5,2024-03-19 00:10:18,2024-03-19 00:19:18,9,Warning,26,False,2,True,3.8
1883,321,383,Core Network Node,3,2,2024-10-10 10:46:50,2024-10-10 10:51:50,5,Minor,82,False,2,True,9.2
1884,471,837,Core Network Node,3,8,2024-01-08 09:29:49,2024-01-08 09:44:49,15,Warning,23,False,7,True,9.2
1885,434,674,Power System,2,1,2025-04-13 20:08:44,2025-04-13 21:06:44,58,Major,415,False,3,True,3.6
1886,289,464,Core Network Node,4,3,2024-08-22 12:37:36,2024-08-22 12:50:36,13,Warning,20,False,4,True,2.8
1887,253,488,Core Network Node,2,2,2024-02-26 13:45:07,2024-02-26 13:51:07,6,Minor,92,False,3,True,5.0
1888,462,331,Antenna System,3,2,2024-03-07 19:44:48,2024-03-07 22:39:48,175,Major,272,True,1,False,7.4
1889,99,995,Transmission Equipment,2,5,2024-02-19 08:11:33,2024-02-19 08:15:33,4,Minor,96,False,1,True,4.8
1890,358,42,Core Network Node,5,1,2025-06-13 09:46:56,2025-06-13 09:51:56,5,Warning,19,False,2,True,5.8
1891,176,69,Antenna System,4,2,2025-12-27 13:16:12,2025-12-27 13:32:12,16,Major,282,False,3,True,6.8
1892,438,852,Core Network Node,5,3,2024-05-06 17:44:09,2024-05-06 18:24:09,40,Minor,99,False,3,True,6.0
1893,181,103,Router/Switch,1,2,2024-04-22 11:17:56,2024-04-22 11:49:56,32,Major,362,False,4,True,7.1
1894,79,11,Router/Switch,5,2,2025-03-05 18:04:46,2025-03-05 18:44:46,40,Minor,106,False,4,True,5.3
1895,360,216,Radio Base Station,2,4,2024-12-10 12:45:52,2024-12-10 15:11:52,146,Critical,476,True,5,False,3.8
1896,43,526,Router/Switch,2,2,2026-01-01 11:52:43,2026-01-01 13:44:43,112,Major,278,True,2,False,9.9
1897,70,65,Antenna System,1,1,2025-12-29 01:22:49,2025-12-29 01:26:49,4,Warning,19,False,3,True,5.6
1898,140,409,Antenna System,4,5,2025-04-23 07:44:14,2025-04-23 08:17:14,33,Minor,84,False,3,True,7.5
1899,484,406,Router/Switch,5,4,2024-10-22 10:34:34,2024-10-22 10:42:34,8,Minor,183,False,2,True,9.0
1900,398,389,Router/Switch,1,2,2024-12-04 00:12:58,2024-12-04 03:45:58,213,Major,426,True,2,False,4.4
1901,164,257,Power System,1,5,2024-07-07 16:19:42,2024-07-07 16:41:42,22,Minor,127,False,3,True,6.6
1902,192,828,Antenna System,3,6,2025-04-07 12:40:02,2025-04-07 12:54:02,14,Minor,99,False,1,True,1.6
1903,472,834,Core Network Node,1,4,2025-01-11 18:42:08,2025-01-11 19:13:08,31,Major,356,False,2,True,3.6
1904,3,660,Transmission Equipment,2,1,2025-12-27 16:43:19,2025-12-27 16:46:19,3,Major,493,False,4,True,3.6
1905,411,828,Transmission Equipment,4,1,2025-11-14 11:59:10,2025-11-14 12:00:10,1,Major,168,False,4,True,8.7
1906,6,844,Power System,2,2,2025-03-26 13:30:43,2025-03-26 13:46:43,16,Major,474,False,5,True,4.2
1907,72,772,Radio Base Station,1,3,2024-09-11 15:18:59,2024-09-11 16:01:59,43,Minor,125,False,5,True,3.0
1908,135,449,Router/Switch,4,9,2024-02-09 13:32:43,2024-02-09 14:15:43,43,Major,399,False,1,True,3.9
1909,297,14,Transmission Equipment,1,2,2024-03-04 10:49:03,2024-03-04 12:08:03,79,Minor,154,False,1,True,7.3
1910,172,632,Antenna System,5,5,2024-05-15 18:58:25,2024-05-15 19:17:25,19,Major,268,False,2,True,1.5
1911,239,6,Transmission Equipment,5,3,2025-05-19 13:30:08,2025-05-19 13:35:08,5,Minor,92,False,5,True,8.8
1912,460,547,Antenna System,1,6,2024-04-30 17:20:19,2024-04-30 17:47:19,27,Minor,186,False,4,True,4.2
1913,198,423,Transmission Equipment,3,1,2025-09-06 04:35:35,2025-09-06 04:38:35,3,Minor,86,False,6,True,2.2
1914,307,583,Antenna System,4,6,2024-07-06 02:18:19,2024-07-06 03:05:19,47,Critical,677,True,3,False,9.1
1915,476,114,Transmission Equipment,3,6,2025-08-08 15:16:41,2025-08-08 15:44:41,28,Critical,698,False,6,True,3.1
1916,284,322,Power System,2,6,2025-01-04 00:44:51,2025-01-04 00:58:51,14,Warning,21,False,4,True,9.9
1917,433,807,Antenna System,4,2,2025-12-19 23:23:21,2025-12-19 23:27:21,4,Warning,29,False,2,True,8.1
1918,171,748,Antenna System,4,8,2025-12-16 23:29:36,2025-12-17 00:05:36,36,Minor,104,False,4,True,6.8
1919,376,431,Transmission Equipment,4,1,2024-08-22 11:04:46,2024-08-22 12:18:46,74,Major,407,True,3,False,1.3
1920,271,621,Power System,4,4,2024-10-03 04:12:34,2024-10-03 04:46:34,34,Minor,101,False,2,True,10.0
1921,203,533,Router/Switch,2,1,2024-04-30 10:10:58,2024-04-30 10:32:58,22,Minor,101,False,2,True,1.2
1922,476,589,Router/Switch,1,3,2024-04-18 06:52:34,2024-04-18 07:35:34,43,Critical,736,True,3,False,3.1
1923,273,421,Transmission Equipment,2,4,2025-05-11 11:33:04,2025-05-11 11:41:04,8,Minor,186,False,3,True,6.9
1924,174,166,Radio Base Station,4,1,2024-08-11 14:22:57,2024-08-11 15:15:57,53,Critical,440,True,3,False,6.9
1925,442,742,Antenna System,5,2,2024-09-02 10:21:49,2024-09-02 10:53:49,32,Minor,117,False,4,True,3.9
1926,115,217,Radio Base Station,3,2,2025-03-09 10:02:52,2025-03-09 10:48:52,46,Major,429,False,4,True,9.8
1927,484,499,Core Network Node,1,1,2024-10-17 13:12:47,2024-10-17 13:32:47,20,Minor,133,False,3,True,9.7
1928,327,108,Antenna System,1,3,2025-04-30 10:34:54,2025-04-30 10:50:54,16,Major,276,False,2,True,2.4
1929,63,713,Antenna System,1,5,2024-12-13 11:29:40,2024-12-13 11:36:40,7,Warning,29,False,4,True,4.3
1930,376,100,Power System,5,4,2025-08-06 09:33:11,2025-08-06 09:52:11,19,Warning,43,False,2,True,5.3
1931,459,594,Core Network Node,1,1,2025-04-25 17:55:16,2025-04-25 18:10:16,15,Minor,121,False,3,True,6.6
1932,82,79,Router/Switch,4,2,2024-05-05 10:54:03,2024-05-05 12:11:03,77,Major,402,True,4,False,9.4
1933,495,949,Antenna System,4,3,2024-05-23 17:24:40,2024-05-23 18:40:40,76,Major,300,True,5,False,5.4
1934,85,554,Power System,5,6,2025-12-29 02:24:43,2025-12-29 03:10:43,46,Major,395,False,1,True,4.4
1935,429,315,Antenna System,2,9,2025-03-14 05:10:19,2025-03-14 06:16:19,66,Critical,436,True,2,False,6.9
1936,292,392,Radio Base Station,4,2,2024-05-23 19:50:13,2024-05-23 20:01:13,11,Warning,29,False,1,True,8.9
1937,339,105,Transmission Equipment,3,2,2024-06-05 10:14:25,2024-06-05 13:38:25,204,Critical,586,True,3,False,4.1
1938,312,307,Core Network Node,2,4,2024-06-29 09:28:18,2024-06-29 10:04:18,36,Major,220,False,1,True,2.2
1939,105,266,Antenna System,2,7,2025-10-04 08:25:17,2025-10-04 08:29:17,4,Major,311,False,0,True,2.1
1940,180,519,Core Network Node,2,3,2025-01-09 16:05:03,2025-01-09 16:24:03,19,Warning,27,False,5,True,2.1
1941,198,801,Router/Switch,1,6,2025-07-25 13:19:13,2025-07-25 13:44:13,25,Minor,138,False,2,True,1.9
1942,260,549,Router/Switch,4,8,2025-05-28 17:54:30,2025-05-28 18:02:30,8,Minor,77,False,1,True,3.4
1943,201,448,Radio Base Station,3,1,2024-05-16 10:22:56,2024-05-16 11:55:56,93,Critical,578,True,5,False,6.9
1944,53,453,Router/Switch,3,5,2024-12-21 04:07:49,2024-12-21 04:25:49,18,Minor,168,False,2,True,7.7
1945,122,860,Radio Base Station,3,5,2024-02-07 17:47:41,2024-02-07 18:56:41,69,Major,178,True,4,False,1.0
1946,190,458,Transmission Equipment,4,7,2025-06-22 13:34:50,2025-06-22 13:36:50,2,Warning,40,False,5,True,3.0
1947,411,262,Power System,4,5,2024-01-13 17:53:47,2024-01-13 18:28:47,35,Minor,81,False,4,True,2.1
1948,245,401,Core Network Node,4,2,2025-09-29 17:24:07,2025-09-29 18:00:07,36,Major,203,False,3,True,9.1
1949,309,787,Router/Switch,2,8,2024-07-24 00:19:38,2024-07-24 00:21:38,2,Minor,137,False,5,True,3.9
1950,495,887,Transmission Equipment,5,6,2024-10-27 09:49:45,2024-10-27 09:57:45,8,Warning,49,False,5,True,8.1
1951,456,548,Router/Switch,5,3,2024-01-06 16:48:48,2024-01-06 17:52:48,64,Critical,457,True,4,False,1.1
1952,346,601,Transmission Equipment,4,1,2024-08-17 05:27:10,2024-08-17 05:44:10,17,Minor,100,False,4,True,6.5
1953,183,83,Antenna System,1,2,2024-03-18 12:12:55,2024-03-18 12:47:55,35,Minor,90,False,6,True,4.6
1954,500,971,Router/Switch,2,1,2024-11-20 15:25:10,2024-11-20 15:49:10,24,Major,357,False,4,True,1.8
1955,119,485,Transmission Equipment,4,2,2025-03-20 12:05:24,2025-03-20 12:59:24,54,Minor,153,False,3,True,1.4
1956,429,505,Radio Base Station,1,1,2024-04-14 04:20:03,2024-04-14 05:17:03,57,Critical,519,True,5,False,7.6
1957,107,90,Antenna System,4,1,2024-09-26 11:17:11,2024-09-26 12:26:11,69,Major,220,True,4,False,2.7
1958,280,689,Power System,1,6,2024-01-10 10:35:33,2024-01-10 10:46:33,11,Warning,19,False,1,True,8.5
1959,353,128,Antenna System,3,3,2025-06-16 02:39:02,2025-06-16 03:17:02,38,Minor,140,False,3,True,8.4
1960,99,617,Antenna System,5,1,2025-04-11 08:34:38,2025-04-11 08:48:38,14,Warning,18,False,1,True,8.1
1961,459,200,Antenna System,2,9,2025-12-12 12:21:17,2025-12-12 12:29:17,8,Major,256,False,2,True,4.6
1962,371,153,Power System,4,1,2025-04-26 09:23:26,2025-04-26 09:34:26,11,Minor,84,False,5,True,6.4
1963,414,823,Antenna System,5,2,2024-11-02 06:40:28,2024-11-02 06:45:28,5,Minor,187,False,7,True,8.0
1964,416,536,Radio Base Station,4,1,2024-10-09 00:09:35,2024-10-09 00:46:35,37,Major,285,False,0,True,8.7
1965,61,893,Power System,3,2,2025-05-17 16:21:47,2025-05-17 17:24:47,63,Minor,114,False,3,True,8.6
1966,213,710,Antenna System,3,4,2024-12-08 19:01:28,2024-12-08 19:37:28,36,Major,410,False,3,True,5.0
1967,425,848,Router/Switch,5,7,2024-08-12 12:41:05,2024-08-12 13:14:05,33,Minor,71,False,2,True,9.3
1968,366,138,Router/Switch,4,5,2025-06-12 09:47:17,2025-06-12 10:17:17,30,Minor,186,False,4,True,9.5
1969,115,266,Router/Switch,4,1,2024-01-12 13:33:02,2024-01-12 14:00:02,27,Minor,142,False,2,True,9.9
1970,281,673,Antenna System,2,2,2024-10-18 14:02:29,2024-10-18 16:55:29,173,Major,271,True,1,False,8.2
1971,395,521,Router/Switch,3,2,2024-08-20 11:32:36,2024-08-20 11:55:36,23,Critical,415,False,1,True,2.9
1972,50,560,Router/Switch,1,5,2024-11-07 17:35:45,2024-11-07 17:58:45,23,Minor,179,False,2,True,3.7
1973,137,849,Router/Switch,2,5,2025-05-16 10:14:49,2025-05-16 10:18:49,4,Minor,130,False,1,True,3.9
1974,185,33,Transmission Equipment,5,3,2024-09-16 09:13:41,2024-09-16 10:33:41,80,Critical,373,True,3,False,5.5
1975,344,738,Transmission Equipment,3,2,2025-11-24 09:52:26,2025-11-24 11:26:26,94,Major,198,True,6,False,2.2
1976,381,518,Router/Switch,3,4,2024-07-28 02:57:54,2024-07-28 02:59:54,2,Warning,22,False,8,True,6.8
1977,273,83,Antenna System,2,3,2025-11-04 07:30:33,2025-11-04 07:42:33,12,Major,473,False,2,True,2.5
1978,247,389,Power System,1,3,2025-06-14 16:56:58,2025-06-14 18:01:58,65,Major,186,True,2,False,4.8
1979,215,333,Antenna System,3,7,2025-09-03 10:13:28,2025-09-03 10:29:28,16,Minor,96,False,5,True,3.6
1980,130,896,Antenna System,1,5,2025-07-29 11:02:16,2025-07-29 11:37:16,35,Major,191,False,3,True,3.5
1981,152,356,Router/Switch,1,8,2025-01-14 11:04:00,2025-01-14 11:25:00,21,Minor,71,False,3,True,5.4
1982,194,841,Core Network Node,4,2,2025-07-02 13:42:11,2025-07-02 14:33:11,51,Minor,103,False,2,True,3.0
1983,220,222,Radio Base Station,2,1,2024-03-13 13:22:56,2024-03-13 13:38:56,16,Major,222,False,6,True,1.5
1984,331,928,Router/Switch,5,1,2025-07-13 10:07:20,2025-07-13 10:11:20,4,Warning,28,False,2,True,5.9
1985,48,978,Power System,5,3,2025-04-26 02:42:49,2025-04-26 03:10:49,28,Minor,193,False,2,True,4.5
1986,287,984,Antenna System,3,1,2025-05-05 13:21:42,2025-05-05 13:57:42,36,Minor,155,False,5,True,3.4
1987,206,106,Power System,1,5,2024-05-15 19:22:51,2024-05-15 19:34:51,12,Minor,95,False,1,True,8.9
1988,202,904,Core Network Node,1,4,2024-05-02 12:05:24,2024-05-02 13:08:24,63,Major,226,True,1,False,6.1
1989,150,429,Antenna System,2,2,2024-06-07 13:34:08,2024-06-07 13:47:08,13,Minor,88,False,4,True,9.9
1990,406,312,Radio Base Station,3,8,2025-11-05 14:59:09,2025-11-05 15:07:09,8,Warning,21,False,1,True,7.6
1991,222,19,Router/Switch,3,3,2024-12-09 16:48:21,2024-12-09 17:10:21,22,Minor,167,False,1,True,2.3
1992,207,963,Router/Switch,5,8,2024-04-22 16:27:57,2024-04-22 16:39:57,12,Minor,94,False,2,True,8.6
1993,122,565,Antenna System,1,1,2025-11-16 15:53:56,2025-11-16 16:55:56,62,Major,307,True,3,False,7.2
1994,389,186,Antenna System,1,7,2024-06-05 05:53:36,2024-06-05 06:18:36,25,Major,206,False,3,True,7.3
1995,279,704,Radio Base Station,2,7,2025-07-16 10:09:26,2025-07-16 10:13:26,4,Warning,31,False,7,True,5.6
1996,240,656,Router/Switch,3,2,2024-03-15 17:11:37,2024-03-15 18:48:37,97,Critical,527,True,3,False,8.7
1997,222,873,Router/Switch,2,4,2024-01-22 21:18:04,2024-01-22 21:31:04,13,Minor,103,False,2,True,7.6
1998,62,322,Router/Switch,4,5,2025-07-23 02:30:21,2025-07-23 03:21:21,51,Major,304,False,2,True,8.0
1999,15,117,Antenna System,3,7,2024-10-20 08:31:55,2024-10-20 08:55:55,24,Critical,510,False,4,True,2.7
2000,148,796,Antenna System,2,3,2025-09-28 16:08:58,2025-09-28 16:39:58,31,Minor,104,False,5,True,4.3
2001,232,141,Transmission Equipment,4,5,2025-08-16 04:04:49,2025-08-16 04:30:49,26,Minor,125,False,2,True,2.3
2002,260,854,Router/Switch,4,5,2024-10-26 18:43:37,2024-10-26 21:11:37,148,Critical,323,True,3,False,9.2
2003,412,111,Router/Switch,4,2,2025-11-19 11:47:32,2025-11-19 13:22:32,95,Critical,776,True,1,False,7.0
2004,366,732,Router/Switch,5,8,2025-12-21 11:24:16,2025-12-21 12:30:16,66,Major,309,True,4,False,3.2
2005,344,442,Antenna System,1,9,2024-06-01 11:39:56,2024-06-01 12:45:56,66,Major,358,True,1,False,8.8
2006,80,654,Core Network Node,5,4,2024-02-04 03:50:43,2024-02-04 04:11:43,21,Major,294,False,4,True,3.0
2007,37,35,Radio Base Station,1,6,2025-05-03 11:02:06,2025-05-03 11:57:06,55,Major,335,False,2,True,8.0
2008,106,377,Power System,5,1,2024-02-06 17:46:04,2024-02-06 18:37:04,51,Major,471,False,5,True,8.9
2009,341,630,Radio Base Station,5,3,2025-04-25 04:08:09,2025-04-25 07:20:09,192,Critical,389,True,2,False,3.8
2010,462,910,Router/Switch,3,3,2024-10-31 12:14:57,2024-10-31 12:55:57,41,Minor,104,False,2,True,9.3
2011,403,580,Router/Switch,4,2,2024-08-18 16:04:59,2024-08-18 18:40:59,156,Major,488,True,3,False,3.4
2012,201,182,Core Network Node,3,1,2024-05-24 17:37:18,2024-05-24 18:16:18,39,Minor,144,False,0,True,7.7
2013,199,734,Core Network Node,2,3,2024-07-06 06:02:49,2024-07-06 07:23:49,81,Critical,442,True,1,False,2.1
2014,382,476,Radio Base Station,2,9,2024-10-12 10:19:58,2024-10-12 10:38:58,19,Minor,148,False,0,True,2.8
2015,1,369,Router/Switch,5,2,2025-11-04 16:45:24,2025-11-04 17:01:24,16,Warning,18,False,5,True,8.6
2016,124,497,Antenna System,4,6,2024-01-18 12:23:10,2024-01-18 12:55:10,32,Major,250,False,5,True,2.0
2017,4,948,Router/Switch,1,2,2024-05-03 14:45:35,2024-05-03 16:51:35,126,Critical,555,True,3,False,6.2
2018,399,765,Power System,5,6,2025-11-30 16:03:41,2025-11-30 16:12:41,9,Minor,101,False,2,True,1.6
2019,413,274,Radio Base Station,3,8,2024-12-07 16:39:58,2024-12-07 16:41:58,2,Minor,85,False,2,True,8.4
2020,73,174,Antenna System,1,1,2025-03-01 18:39:09,2025-03-01 18:40:09,1,Warning,18,False,2,True,5.9
2021,497,520,Radio Base Station,4,4,2024-10-04 06:37:03,2024-10-04 06:42:03,5,Minor,77,False,4,True,9.8
2022,131,663,Core Network Node,1,7,2025-08-04 15:13:59,2025-08-04 15:21:59,8,Major,330,False,3,True,6.8
2023,132,921,Radio Base Station,4,4,2024-10-10 17:03:33,2024-10-10 17:30:33,27,Warning,26,False,4,True,7.8
2024,463,914,Router/Switch,3,1,2025-09-24 11:54:40,2025-09-24 12:56:40,62,Major,452,True,1,False,4.7
2025,449,735,Radio Base Station,1,1,2025-11-27 13:16:15,2025-11-27 13:21:15,5,Major,202,False,3,True,8.4
2026,373,418,Power System,1,2,2024-08-05 13:47:05,2024-08-05 13:52:05,5,Minor,110,False,3,True,3.0
2027,111,464,Router/Switch,2,3,2025-09-20 17:24:46,2025-09-20 17:46:46,22,Minor,106,False,6,True,1.6
2028,69,506,Router/Switch,1,1,2025-10-21 19:19:45,2025-10-21 19:53:45,34,Major,386,False,4,True,8.4
2029,426,671,Radio Base Station,1,4,2025-06-01 18:37:37,2025-06-01 18:45:37,8,Minor,172,False,2,True,7.6
2030,337,450,Transmission Equipment,2,7,2025-02-04 06:17:14,2025-02-04 07:20:14,63,Critical,612,True,6,False,3.4
2031,60,674,Transmission Equipment,2,1,2025-03-02 08:15:48,2025-03-02 08:16:48,1,Warning,17,False,3,True,4.7
2032,332,187,Power System,5,1,2025-06-14 14:38:12,2025-06-14 14:52:12,14,Minor,138,False,4,True,7.1
2033,306,757,Router/Switch,5,4,2025-04-03 18:02:51,2025-04-03 18:18:51,16,Major,254,False,1,True,4.9
2034,306,34,Router/Switch,1,6,2024-07-11 17:52:20,2024-07-11 18:11:20,19,Minor,102,False,1,True,5.3
2035,413,972,Transmission Equipment,3,2,2025-09-01 09:32:45,2025-09-01 09:45:45,13,Minor,101,False,3,True,1.6
2036,329,552,Core Network Node,2,4,2025-08-13 17:40:48,2025-08-13 20:00:48,140,Critical,426,True,2,False,7.6
2037,332,513,Power System,3,2,2025-09-10 09:03:43,2025-09-10 09:40:43,37,Minor,113,False,1,True,9.7
2038,18,386,Antenna System,1,9,2024-12-29 00:23:13,2024-12-29 00:41:13,18,Major,213,False,3,True,8.9
2039,84,168,Core Network Node,5,5,2025-02-17 11:06:48,2025-02-17 11:11:48,5,Warning,36,False,7,True,9.6
2040,412,234,Core Network Node,1,6,2025-11-02 17:47:51,2025-11-02 18:15:51,28,Major,446,False,3,True,5.1
2041,461,801,Antenna System,2,6,2025-07-27 14:35:44,2025-07-27 14:59:44,24,Minor,115,False,5,True,8.4
2042,399,26,Core Network Node,4,3,2025-04-26 16:20:52,2025-04-26 16:25:52,5,Warning,22,False,0,True,7.7
2043,46,667,Antenna System,1,3,2024-08-22 15:20:25,2024-08-22 15:28:25,8,Minor,70,False,4,True,4.9
2044,338,484,Router/Switch,5,1,2025-03-28 01:56:35,2025-03-28 02:01:35,5,Minor,196,False,3,True,7.1
2045,131,930,Antenna System,1,2,2024-05-18 13:39:41,2024-05-18 13:59:41,20,Warning,31,False,5,True,7.5
2046,305,929,Antenna System,4,6,2024-04-30 02:39:38,2024-04-30 03:09:38,30,Major,196,False,5,True,6.2
2047,91,903,Antenna System,1,8,2024-06-27 22:31:03,2024-06-27 22:38:03,7,Minor,111,False,2,True,1.5
2048,465,635,Radio Base Station,2,1,2024-01-03 08:38:26,2024-01-03 09:38:26,60,Major,259,False,3,True,1.8
2049,58,577,Radio Base Station,4,9,2025-12-13 22:14:11,2025-12-13 22:43:11,29,Major,230,False,2,True,8.6
2050,117,365,Transmission Equipment,4,1,2025-02-28 22:26:08,2025-02-28 22:34:08,8,Warning,16,False,0,True,6.8
2051,136,566,Power System,1,8,2025-09-03 17:48:19,2025-09-03 19:34:19,106,Major,377,True,1,False,3.3
2052,21,626,Power System,5,8,2024-12-17 17:48:52,2024-12-17 17:52:52,4,Warning,30,False,0,True,7.5
2053,347,135,Power System,5,7,2025-01-09 07:51:47,2025-01-09 07:55:47,4,Minor,113,False,2,True,4.1
2054,280,654,Antenna System,2,5,2025-04-03 13:28:27,2025-04-03 13:30:27,2,Warning,21,False,5,True,2.4
2055,167,722,Core Network Node,5,2,2025-06-19 10:52:57,2025-06-19 11:21:57,29,Major,203,False,8,True,9.8
2056,326,380,Transmission Equipment,4,2,2025-11-02 02:59:41,2025-11-02 04:29:41,90,Major,233,True,4,False,6.3
2057,496,767,Router/Switch,1,3,2025-07-02 13:46:38,2025-07-02 13:59:38,13,Minor,97,False,2,True,2.2
2058,205,248,Router/Switch,2,3,2024-05-17 14:41:16,2024-05-17 14:59:16,18,Minor,78,False,1,True,8.6
2059,335,732,Antenna System,1,4,2024-06-15 11:53:49,2024-06-15 12:15:49,22,Warning,27,False,1,True,3.9
2060,319,149,Power System,3,6,2025-08-31 02:32:41,2025-08-31 03:00:41,28,Minor,190,False,5,True,2.7
2061,440,156,Transmission Equipment,1,2,2024-03-03 17:04:16,2024-03-03 17:41:16,37,Minor,132,False,4,True,4.9
2062,437,335,Transmission Equipment,5,8,2025-07-27 18:17:19,2025-07-27 18:22:19,5,Minor,128,False,4,True,8.8
2063,45,160,Core Network Node,1,4,2025-04-04 17:16:33,2025-04-04 18:41:33,85,Critical,755,True,4,False,1.2
2064,61,634,Radio Base Station,2,5,2024-04-30 13:27:36,2024-04-30 14:08:36,41,Major,392,False,1,True,4.1
2065,199,877,Radio Base Station,2,5,2024-08-14 17:27:52,2024-08-14 17:52:52,25,Major,291,False,4,True,4.1
2066,31,89,Router/Switch,4,1,2024-08-10 11:36:48,2024-08-10 15:22:48,226,Critical,328,True,1,False,1.8
2067,462,642,Radio Base Station,1,8,2025-11-11 13:14:27,2025-11-11 13:37:27,23,Minor,109,False,3,True,6.6
2068,203,928,Antenna System,3,5,2025-08-31 16:51:49,2025-08-31 16:56:49,5,Major,286,False,3,True,6.0
2069,329,440,Antenna System,4,3,2024-09-22 12:09:04,2024-09-22 12:37:04,28,Major,228,False,0,True,9.5
2070,110,799,Antenna System,1,5,2025-08-02 07:21:44,2025-08-02 07:22:44,1,Minor,101,False,6,True,5.3
2071,248,428,Power System,2,6,2025-01-25 15:40:36,2025-01-25 16:07:36,27,Major,496,False,1,True,5.5
2072,132,25,Radio Base Station,3,4,2024-09-05 12:58:06,2024-09-05 16:34:06,216,Critical,662,True,4,False,7.3
2073,202,578,Radio Base Station,4,3,2024-07-22 09:20:12,2024-07-22 09:49:12,29,Minor,80,False,5,True,5.2
2074,61,532,Radio Base Station,4,5,2025-06-03 16:55:31,2025-06-03 17:02:31,7,Minor,160,False,2,True,9.4
2075,174,447,Router/Switch,1,2,2024-01-15 14:31:39,2024-01-15 14:59:39,28,Minor,92,False,3,True,2.1
2076,60,334,Core Network Node,4,1,2024-11-23 08:28:19,2024-11-23 08:56:19,28,Critical,469,False,1,True,1.1
2077,417,207,Transmission Equipment,4,5,2025-11-04 03:32:04,2025-11-04 04:04:04,32,Minor,190,False,3,True,8.2
2078,489,354,Power System,1,2,2024-12-26 16:19:04,2024-12-26 16:44:04,25,Critical,300,False,3,True,7.2
2079,193,915,Radio Base Station,3,1,2024-06-26 04:54:42,2024-06-26 05:29:42,35,Critical,360,True,4,False,6.7
2080,369,89,Antenna System,4,4,2024-11-04 16:09:56,2024-11-04 16:25:56,16,Warning,30,False,6,True,7.2
2081,178,216,Transmission Equipment,1,3,2025-10-31 20:16:12,2025-10-31 20:35:12,19,Minor,108,False,4,True,8.9
2082,8,83,Router/Switch,3,1,2025-11-23 04:21:50,2025-11-23 04:42:50,21,Major,342,False,4,True,6.5
2083,420,454,Antenna System,2,6,2025-04-12 13:16:47,2025-04-12 13:24:47,8,Minor,107,False,1,True,9.2
2084,11,551,Router/Switch,4,7,2025-10-12 09:51:47,2025-10-12 09:58:47,7,Minor,151,False,1,True,2.7
2085,472,261,Core Network Node,3,7,2024-07-02 04:06:46,2024-07-02 04:07:46,1,Major,386,False,1,True,2.0
2086,141,356,Radio Base Station,2,4,2024-09-04 09:42:53,2024-09-04 10:08:53,26,Minor,179,False,4,True,8.9
2087,10,75,Transmission Equipment,5,7,2024-03-18 08:43:51,2024-03-18 08:59:51,16,Major,195,False,0,True,3.2
2088,178,469,Antenna System,3,4,2024-05-06 23:01:27,2024-05-06 23:21:27,20,Minor,110,False,2,True,4.9
2089,13,821,Radio Base Station,2,6,2024-07-15 16:41:09,2024-07-15 17:22:09,41,Major,230,False,3,True,4.8
2090,195,199,Power System,5,1,2025-02-28 16:55:36,2025-02-28 17:31:36,36,Major,191,False,0,True,4.5
2091,248,259,Radio Base Station,4,3,2024-12-22 09:28:54,2024-12-22 10:08:54,40,Major,302,False,3,True,3.6
2092,267,748,Router/Switch,5,6,2024-08-21 07:31:40,2024-08-21 07:39:40,8,Warning,17,False,5,True,7.5
2093,87,425,Transmission Equipment,3,4,2025-01-16 12:55:27,2025-01-16 14:12:27,77,Major,446,True,4,False,2.7
2094,411,408,Radio Base Station,5,2,2025-03-08 03:30:09,2025-03-08 03:49:09,19,Minor,93,False,2,True,6.6
2095,311,825,Power System,2,6,2024-02-04 13:14:22,2024-02-04 13:27:22,13,Minor,81,False,3,True,2.7
2096,199,57,Radio Base Station,2,2,2025-10-02 12:54:43,2025-10-02 14:24:43,90,Minor,118,False,2,True,6.3
2097,247,46,Core Network Node,1,5,2024-04-13 02:09:34,2024-04-13 06:48:34,279,Critical,481,True,6,False,9.0
2098,428,461,Power System,3,2,2024-12-28 15:05:48,2024-12-28 15:17:48,12,Major,379,False,1,True,7.8
2099,110,517,Antenna System,3,2,2025-11-15 15:22:30,2025-11-15 15:25:30,3,Warning,27,False,2,True,7.7
2100,258,456,Radio Base Station,4,6,2024-04-15 17:17:40,2024-04-15 17:30:40,13,Warning,49,False,1,True,1.6
2101,408,587,Power System,2,2,2025-04-26 17:28:39,2025-04-26 18:05:39,37,Minor,68,False,6,True,6.1
2102,149,634,Radio Base Station,3,3,2025-04-04 18:28:37,2025-04-04 19:37:37,69,Major,264,True,3,False,1.0
2103,375,966,Power System,4,2,2025-01-11 14:51:51,2025-01-11 14:57:51,6,Minor,118,False,4,True,6.0
2104,428,318,Core Network Node,3,4,2024-03-29 18:45:13,2024-03-29 19:59:13,74,Major,390,True,2,False,7.4
2105,161,35,Router/Switch,4,3,2024-11-21 14:59:15,2024-11-21 15:26:15,27,Minor,119,False,4,True,8.9
2106,448,263,Transmission Equipment,4,2,2025-06-12 08:25:19,2025-06-12 08:45:19,20,Minor,178,False,5,True,2.4
2107,402,213,Power System,1,9,2025-04-05 16:01:26,2025-04-05 17:20:26,79,Major,316,True,3,False,1.5
2108,461,713,Transmission Equipment,4,5,2026-01-01 17:20:00,2026-01-01 18:44:00,84,Critical,409,True,3,False,4.1
2109,394,808,Radio Base Station,2,1,2024-02-19 09:43:48,2024-02-19 09:50:48,7,Minor,117,False,1,True,7.4
2110,244,107,Antenna System,3,6,2025-06-07 09:17:41,2025-06-07 09:23:41,6,Minor,153,False,3,True,1.1
2111,425,808,Radio Base Station,4,6,2025-02-10 07:50:34,2025-02-10 09:03:34,73,Major,199,True,2,False,2.7
2112,30,840,Radio Base Station,4,4,2024-07-25 00:59:05,2024-07-25 01:35:05,36,Minor,130,False,3,True,6.5
2113,241,337,Radio Base Station,3,1,2025-10-12 22:41:49,2025-10-12 22:52:49,11,Major,238,False,9,True,8.0
2114,212,405,Router/Switch,4,5,2024-02-16 17:08:21,2024-02-16 17:26:21,18,Minor,85,False,0,True,6.1
2115,305,526,Router/Switch,2,3,2024-07-20 09:48:40,2024-07-20 10:17:40,29,Major,238,False,4,True,4.6
2116,429,632,Transmission Equipment,5,3,2024-12-07 02:38:28,2024-12-07 02:42:28,4,Minor,178,False,6,True,2.2
2117,221,144,Radio Base Station,4,4,2024-02-03 22:18:42,2024-02-03 23:01:42,43,Minor,124,False,1,True,8.6
2118,352,465,Power System,3,2,2025-11-10 23:23:15,2025-11-11 02:10:15,167,Critical,422,True,5,False,4.6
2119,131,988,Core Network Node,5,6,2025-02-15 16:15:58,2025-02-15 17:14:58,59,Major,300,False,6,True,4.9
2120,274,235,Radio Base Station,2,1,2024-05-15 14:55:50,2024-05-15 14:59:50,4,Warning,34,False,3,True,1.4
2121,62,69,Antenna System,4,2,2024-03-18 04:22:37,2024-03-18 06:11:37,109,Major,367,True,3,False,5.2
2122,175,970,Core Network Node,4,6,2025-05-19 21:39:24,2025-05-19 22:51:24,72,Major,189,True,3,False,8.8
2123,252,822,Transmission Equipment,5,7,2025-12-04 15:42:19,2025-12-04 16:09:19,27,Minor,120,False,3,True,3.0
2124,401,111,Antenna System,1,3,2025-10-22 14:23:12,2025-10-22 17:14:12,171,Critical,470,True,2,False,5.2
2125,7,641,Core Network Node,4,1,2025-11-25 00:16:57,2025-11-25 00:32:57,16,Warning,28,False,2,True,9.7
2126,373,940,Antenna System,1,3,2025-05-11 13:27:12,2025-05-11 13:39:12,12,Warning,46,False,1,True,7.9
2127,173,871,Router/Switch,2,2,2024-09-05 16:39:06,2024-09-05 16:54:06,15,Warning,24,False,4,True,8.7
2128,312,622,Power System,3,5,2025-09-29 22:21:45,2025-09-29 22:37:45,16,Minor,118,False,2,True,9.2
2129,106,954,Transmission Equipment,5,4,2024-04-12 09:36:20,2024-04-12 09:46:20,10,Warning,36,False,3,True,1.8
2130,149,348,Power System,3,2,2025-02-14 15:44:46,2025-02-14 18:05:46,141,Critical,565,True,3,False,1.6
2131,299,540,Antenna System,2,7,2025-01-16 06:43:27,2025-01-16 07:48:27,65,Critical,512,True,2,False,2.9
2132,90,568,Transmission Equipment,2,2,2025-10-05 14:17:54,2025-10-05 15:05:54,48,Major,221,False,3,True,5.2
2133,452,529,Core Network Node,5,7,2025-08-09 14:50:25,2025-08-09 15:05:25,15,Warning,44,False,4,True,1.3
2134,419,644,Transmission Equipment,2,2,2024-10-29 04:47:38,2024-10-29 05:05:38,18,Warning,22,False,2,True,1.5
2135,296,122,Router/Switch,4,3,2024-10-22 15:48:06,2024-10-22 15:49:06,1,Minor,179,False,5,True,1.8
2136,439,746,Core Network Node,1,2,2024-07-08 14:33:11,2024-07-08 15:07:11,34,Major,307,False,3,True,9.5
2137,266,743,Core Network Node,3,4,2024-03-29 16:56:53,2024-03-29 18:12:53,76,Minor,90,False,2,True,8.7
2138,277,510,Transmission Equipment,5,8,2025-10-20 16:43:06,2025-10-20 16:45:06,2,Warning,40,False,4,True,2.2
2139,234,814,Router/Switch,4,8,2025-09-27 10:28:25,2025-09-27 10:38:25,10,Warning,23,False,6,True,6.8
2140,421,557,Core Network Node,5,3,2024-05-10 21:54:34,2024-05-10 22:05:34,11,Major,293,False,2,True,4.3
2141,242,817,Radio Base Station,4,7,2024-09-08 16:27:51,2024-09-08 16:46:51,19,Minor,102,False,2,True,8.4
2142,236,348,Core Network Node,3,5,2025-03-04 18:19:13,2025-03-04 18:31:13,12,Major,261,False,0,True,4.6
2143,233,646,Power System,3,5,2024-08-21 10:12:24,2024-08-21 10:30:24,18,Minor,107,False,4,True,3.5
2144,225,306,Core Network Node,3,4,2024-01-06 16:20:10,2024-01-06 16:25:10,5,Warning,27,False,3,True,9.8
2145,109,408,Router/Switch,3,6,2025-02-16 05:59:27,2025-02-16 06:02:27,3,Major,283,False,1,True,8.4
2146,485,913,Core Network Node,1,6,2024-10-03 12:59:27,2024-10-03 13:09:27,10,Major,454,False,3,True,7.1
2147,318,454,Power System,3,1,2025-04-06 07:47:55,2025-04-06 08:53:55,66,Major,506,True,3,False,7.8
2148,316,776,Transmission Equipment,5,7,2025-03-29 17:43:06,2025-03-29 17:48:06,5,Warning,30,False,4,True,4.2
2149,45,5,Core Network Node,1,1,2025-08-31 16:40:17,2025-08-31 17:56:17,76,Major,286,True,4,False,6.7
2150,132,227,Transmission Equipment,5,5,2024-11-25 08:28:21,2024-11-25 08:35:21,7,Minor,178,False,3,True,8.0
2151,122,875,Transmission Equipment,5,2,2025-03-10 17:49:48,2025-03-10 18:35:48,46,Minor,91,False,6,True,1.3
2152,146,241,Router/Switch,4,3,2024-09-02 14:28:06,2024-09-02 14:42:06,14,Warning,26,False,6,True,6.2
2153,319,332,Power System,1,4,2025-08-13 16:21:32,2025-08-13 16:58:32,37,Major,408,False,1,True,2.1
2154,244,281,Router/Switch,1,2,2025-03-23 03:41:24,2025-03-23 05:09:24,88,Major,477,True,4,False,9.4
2155,496,426,Power System,1,9,2024-03-25 02:07:27,2024-03-25 02:21:27,14,Minor,119,False,6,True,6.4
2156,93,670,Core Network Node,3,7,2024-02-27 04:31:09,2024-02-27 04:43:09,12,Minor,121,False,5,True,5.5
2157,101,766,Core Network Node,3,3,2024-11-13 11:48:02,2024-11-13 14:13:02,145,Critical,472,True,4,False,9.7
2158,247,978,Transmission Equipment,4,3,2024-10-04 16:10:41,2024-10-04 16:37:41,27,Major,197,False,4,True,8.2
2159,59,468,Power System,2,3,2024-04-07 20:51:55,2024-04-07 20:53:55,2,Warning,17,False,6,True,8.3
2160,462,293,Power System,2,3,2025-03-29 13:09:27,2025-03-29 13:22:27,13,Minor,78,False,5,True,7.9
2161,301,720,Core Network Node,2,3,2024-04-18 14:08:04,2024-04-18 14:21:04,13,Warning,28,False,3,True,9.2
2162,281,367,Antenna System,4,3,2025-05-21 02:34:13,2025-05-21 02:50:13,16,Minor,106,False,5,True,9.2
2163,493,712,Power System,5,9,2024-08-06 18:05:39,2024-08-06 18:14:39,9,Minor,130,False,2,True,8.4
2164,403,411,Core Network Node,2,2,2024-08-04 12:06:49,2024-08-04 13:00:49,54,Major,475,False,6,True,6.0
2165,287,670,Power System,4,6,2024-11-22 02:43:26,2024-11-22 03:10:26,27,Minor,96,False,3,True,3.7
2166,415,721,Power System,2,2,2025-11-21 11:25:43,2025-11-21 12:12:43,47,Critical,290,True,5,False,3.4
2167,87,255,Power System,5,7,2024-03-10 20:19:59,2024-03-10 21:30:59,71,Critical,639,True,4,False,5.1
2168,298,624,Router/Switch,3,5,2025-04-17 05:47:05,2025-04-17 06:07:05,20,Critical,452,False,3,True,8.9
2169,5,34,Radio Base Station,5,6,2025-08-22 06:24:14,2025-08-22 06:29:14,5,Warning,30,False,4,True,9.9
2170,254,335,Power System,4,6,2024-02-14 13:00:53,2024-02-14 13:31:53,31,Minor,125,False,8,True,8.4
2171,63,41,Antenna System,4,3,2024-08-22 05:28:36,2024-08-22 06:09:36,41,Major,242,False,3,True,6.6
2172,7,973,Router/Switch,3,4,2024-10-20 13:30:56,2024-10-20 14:00:56,30,Minor,206,False,9,True,8.5
2173,213,654,Core Network Node,2,8,2025-08-11 20:56:48,2025-08-11 21:34:48,38,Critical,570,True,2,False,2.8
2174,447,700,Core Network Node,4,2,2025-01-18 08:34:26,2025-01-18 08:49:26,15,Minor,191,False,0,True,5.6
2175,91,833,Radio Base Station,5,6,2025-12-02 13:30:06,2025-12-02 14:25:06,55,Major,195,False,2,True,6.2
2176,183,561,Power System,3,8,2024-01-06 14:34:20,2024-01-06 15:29:20,55,Major,301,False,3,True,4.6
2177,247,114,Radio Base Station,1,4,2024-09-21 09:29:10,2024-09-21 10:05:10,36,Major,276,False,3,True,8.3
2178,408,565,Radio Base Station,3,2,2024-08-06 06:20:20,2024-08-06 06:27:20,7,Major,236,False,3,True,3.5
2179,63,782,Core Network Node,3,5,2024-07-01 10:33:11,2024-07-01 10:39:11,6,Warning,25,False,3,True,4.6
2180,129,863,Core Network Node,2,3,2024-01-25 00:43:11,2024-01-25 00:47:11,4,Warning,44,False,4,True,2.9
2181,45,821,Router/Switch,1,2,2024-03-21 15:35:53,2024-03-21 15:41:53,6,Minor,107,False,0,True,6.5
2182,96,277,Transmission Equipment,2,5,2024-08-13 04:39:19,2024-08-13 04:45:19,6,Minor,92,False,4,True,6.0
2183,92,508,Antenna System,3,9,2025-02-24 06:58:16,2025-02-24 07:38:16,40,Minor,110,False,3,True,9.8
2184,397,916,Router/Switch,4,1,2024-01-30 09:23:09,2024-01-30 09:55:09,32,Minor,118,False,3,True,2.9
2185,453,410,Antenna System,2,7,2024-06-22 12:08:19,2024-06-22 12:26:19,18,Minor,114,False,3,True,5.1
2186,192,678,Transmission Equipment,4,2,2025-01-07 10:52:17,2025-01-07 11:05:17,13,Major,200,False,5,True,9.3
2187,440,975,Power System,4,8,2024-08-24 05:11:33,2024-08-24 05:19:33,8,Warning,18,False,0,True,2.0
2188,246,395,Power System,1,2,2024-05-16 08:43:01,2024-05-16 09:10:01,27,Major,237,False,3,True,9.6
2189,368,546,Radio Base Station,5,3,2024-12-17 10:26:34,2024-12-17 11:22:34,56,Critical,460,True,4,False,1.7
2190,125,74,Transmission Equipment,5,2,2024-10-30 16:07:07,2024-10-30 18:45:07,158,Critical,355,True,4,False,3.5
2191,232,946,Antenna System,5,6,2024-01-29 22:54:25,2024-01-29 23:03:25,9,Warning,17,False,1,True,6.8
2192,409,543,Power System,1,4,2024-06-10 03:16:49,2024-06-10 04:58:49,102,Critical,613,True,5,False,5.8
2193,273,237,Radio Base Station,3,5,2025-04-05 11:49:33,2025-04-05 12:03:33,14,Major,440,False,3,True,4.1
2194,97,860,Radio Base Station,4,4,2025-09-04 12:12:31,2025-09-04 14:23:31,131,Critical,348,True,1,False,4.1
2195,213,940,Antenna System,4,2,2024-10-01 12:45:14,2024-10-01 13:47:14,62,Minor,171,False,2,True,6.1
2196,390,291,Transmission Equipment,1,6,2025-11-09 09:10:20,2025-11-09 09:47:20,37,Major,220,False,0,True,3.2
2197,191,319,Power System,5,3,2024-02-04 14:29:17,2024-02-04 14:43:17,14,Minor,98,False,1,True,5.4
2198,440,161,Router/Switch,1,8,2024-01-21 20:51:05,2024-01-21 21:58:05,67,Major,189,True,1,False,9.7
2199,325,833,Router/Switch,5,5,2025-12-31 19:18:24,2025-12-31 19:29:24,11,Warning,38,False,2,True,8.6
2200,279,11,Transmission Equipment,1,7,2024-07-03 17:48:53,2024-07-03 18:15:53,27,Major,191,False,1,True,9.7
2201,106,920,Antenna System,3,9,2025-09-12 06:00:31,2025-09-12 06:26:31,26,Minor,125,False,1,True,5.0
2202,241,208,Radio Base Station,3,1,2024-12-28 05:49:57,2024-12-28 06:03:57,14,Minor,105,False,1,True,9.6
2203,180,366,Core Network Node,4,3,2024-06-22 03:50:01,2024-06-22 04:07:01,17,Minor,110,False,2,True,8.8
2204,307,124,Power System,2,5,2024-12-25 16:16:56,2024-12-25 16:42:56,26,Critical,465,False,3,True,5.8
2205,468,366,Transmission Equipment,3,2,2025-08-11 13:10:02,2025-08-11 13:41:02,31,Warning,27,False,3,True,4.6
2206,302,196,Power System,1,8,2024-11-28 11:36:57,2024-11-28 11:58:57,22,Minor,119,False,2,True,6.9
2207,268,121,Router/Switch,2,1,2025-02-24 13:07:03,2025-02-24 13:18:03,11,Minor,122,False,0,True,8.7
2208,357,319,Transmission Equipment,1,1,2024-08-01 13:32:56,2024-08-01 13:40:56,8,Warning,17,False,2,True,7.9
2209,30,801,Radio Base Station,4,3,2024-09-11 14:07:31,2024-09-11 14:38:31,31,Minor,75,False,3,True,8.9
2210,458,591,Antenna System,5,6,2024-02-28 11:32:17,2024-02-28 11:56:17,24,Minor,116,False,2,True,6.7
2211,489,472,Router/Switch,2,5,2024-05-20 01:50:55,2024-05-20 02:03:55,13,Major,317,False,3,True,8.3
2212,334,148,Core Network Node,4,1,2024-03-04 08:52:22,2024-03-04 10:57:22,125,Critical,771,True,3,False,1.9
2213,406,946,Transmission Equipment,1,4,2024-02-21 17:50:41,2024-02-21 18:43:41,53,Major,191,False,1,True,4.2
2214,209,932,Antenna System,5,3,2025-10-11 16:05:44,2025-10-11 16:13:44,8,Minor,183,False,6,True,1.5
2215,455,62,Radio Base Station,1,5,2025-05-15 05:30:52,2025-05-15 05:37:52,7,Minor,70,False,2,True,2.0
2216,105,794,Core Network Node,3,5,2025-09-13 08:03:59,2025-09-13 08:11:59,8,Minor,98,False,1,True,8.0
2217,18,23,Core Network Node,4,2,2025-01-24 15:15:20,2025-01-24 15:32:20,17,Minor,80,False,1,True,3.6
2218,304,232,Core Network Node,3,1,2024-04-20 16:13:08,2024-04-20 16:42:08,29,Minor,132,False,4,True,8.9
2219,485,810,Radio Base Station,2,2,2025-02-23 10:11:33,2025-02-23 10:29:33,18,Major,317,False,5,True,3.6
2220,280,109,Router/Switch,3,5,2025-11-14 05:40:42,2025-11-14 06:25:42,45,Minor,79,False,2,True,8.5
2221,298,260,Transmission Equipment,2,4,2024-01-03 14:07:17,2024-01-03 14:56:17,49,Major,476,False,2,True,8.5
2222,281,85,Power System,1,4,2025-04-23 03:03:02,2025-04-23 03:14:02,11,Minor,68,False,5,True,4.2
2223,429,386,Radio Base Station,2,9,2025-04-26 13:59:48,2025-04-26 14:18:48,19,Minor,145,False,3,True,3.2
2224,70,720,Router/Switch,3,6,2025-12-05 18:43:55,2025-12-05 20:08:55,85,Critical,468,True,5,False,1.6
2225,389,285,Radio Base Station,3,6,2024-02-04 12:33:25,2024-02-04 12:57:25,24,Critical,362,False,5,True,3.4
2226,396,636,Transmission Equipment,5,1,2025-07-16 12:47:55,2025-07-16 12:51:55,4,Minor,104,False,3,True,1.9
2227,362,624,Router/Switch,5,2,2025-01-11 17:05:06,2025-01-11 17:56:06,51,Minor,94,False,4,True,3.4
2228,288,326,Core Network Node,3,2,2024-05-30 10:07:39,2024-05-30 10:23:39,16,Minor,122,False,2,True,6.3
2229,250,548,Core Network Node,5,4,2024-03-20 06:14:40,2024-03-20 06:31:40,17,Warning,25,False,4,True,3.9
2230,177,539,Core Network Node,2,8,2025-11-08 01:18:44,2025-11-08 02:15:44,57,Major,496,False,5,True,6.5
2231,313,362,Power System,4,1,2025-12-19 09:09:15,2025-12-19 09:23:15,14,Major,359,False,3,True,2.4
2232,237,97,Radio Base Station,5,1,2024-12-12 10:00:41,2024-12-12 11:54:41,114,Critical,259,True,0,False,2.7
2233,472,975,Antenna System,3,2,2025-07-17 14:54:13,2025-07-17 15:02:13,8,Major,360,False,3,True,3.8
2234,384,489,Power System,4,5,2024-11-02 10:39:18,2024-11-02 11:04:18,25,Major,263,False,8,True,5.4
2235,87,710,Power System,1,2,2024-05-10 02:18:47,2024-05-10 03:07:47,49,Major,402,False,0,True,3.7
2236,291,820,Router/Switch,3,7,2025-11-05 03:50:16,2025-11-05 04:47:16,57,Major,282,False,2,True,5.7
2237,269,727,Power System,5,5,2024-06-06 08:42:35,2024-06-06 08:55:35,13,Warning,23,False,3,True,2.6
2238,386,247,Radio Base Station,4,4,2025-11-13 12:12:56,2025-11-13 12:48:56,36,Major,363,False,3,True,1.9
2239,252,501,Transmission Equipment,4,2,2024-09-15 02:31:58,2024-09-15 03:20:58,49,Major,483,False,6,True,4.4
2240,229,69,Antenna System,2,5,2024-09-04 17:52:26,2024-09-04 17:53:26,1,Warning,40,False,1,True,4.6
2241,115,574,Core Network Node,5,1,2024-03-13 11:44:10,2024-03-13 11:57:10,13,Minor,165,False,3,True,3.4
2242,300,754,Transmission Equipment,1,2,2025-11-14 13:35:58,2025-11-14 13:56:58,21,Minor,196,False,4,True,9.8
2243,206,699,Core Network Node,3,1,2024-08-08 11:11:23,2024-08-08 12:25:23,74,Minor,85,False,2,True,5.8
2244,310,48,Core Network Node,1,2,2024-04-04 09:25:03,2024-04-04 09:47:03,22,Minor,91,False,4,True,2.5
2245,330,195,Antenna System,2,2,2025-05-11 15:58:30,2025-05-11 16:50:30,52,Critical,429,True,2,False,1.8
2246,254,660,Transmission Equipment,5,3,2025-04-26 11:55:40,2025-04-26 12:26:40,31,Major,417,False,5,True,4.4
2247,303,476,Antenna System,1,5,2025-10-01 13:32:11,2025-10-01 13:47:11,15,Warning,37,False,7,True,9.6
2248,181,462,Radio Base Station,2,2,2024-04-10 07:25:15,2024-04-10 07:31:15,6,Minor,168,False,6,True,1.8
2249,418,959,Router/Switch,5,2,2025-11-21 09:16:51,2025-11-21 10:20:51,64,Major,327,True,0,False,6.0
2250,387,407,Power System,5,3,2024-01-09 10:24:11,2024-01-09 11:43:11,79,Critical,471,True,5,False,9.2
2251,378,514,Power System,1,5,2025-07-09 17:41:47,2025-07-09 17:57:47,16,Minor,126,False,4,True,7.1
2252,315,649,Transmission Equipment,2,5,2024-08-18 03:26:36,2024-08-18 03:29:36,3,Minor,116,False,0,True,2.0
2253,240,327,Power System,2,8,2024-10-14 14:52:33,2024-10-14 15:01:33,9,Major,284,False,1,True,6.1
2254,307,82,Router/Switch,3,1,2025-07-08 01:57:41,2025-07-08 02:20:41,23,Minor,164,False,0,True,4.7
2255,220,347,Power System,5,1,2024-03-26 15:16:15,2024-03-26 16:03:15,47,Critical,292,True,4,False,9.0
2256,397,45,Transmission Equipment,2,7,2025-03-17 07:05:12,2025-03-17 07:41:12,36,Critical,330,True,4,False,9.9
2257,417,976,Antenna System,3,4,2024-04-21 10:41:23,2024-04-21 12:08:23,87,Major,338,True,5,False,7.9
2258,255,957,Radio Base Station,3,6,2024-04-07 16:51:13,2024-04-07 16:52:13,1,Warning,19,False,3,True,4.2
2259,473,679,Core Network Node,5,4,2024-10-14 16:56:29,2024-10-14 17:32:29,36,Minor,98,False,3,True,1.4
2260,462,403,Radio Base Station,1,5,2024-04-28 23:48:19,2024-04-28 23:54:19,6,Warning,21,False,5,True,3.3
2261,95,646,Core Network Node,2,4,2024-10-21 14:53:45,2024-10-21 16:47:45,114,Major,366,True,2,False,3.4
2262,240,912,Radio Base Station,2,4,2024-03-24 15:33:38,2024-03-24 16:06:38,33,Minor,103,False,8,True,6.8
2263,273,925,Radio Base Station,4,1,2025-06-16 13:20:23,2025-06-16 13:41:23,21,Major,323,False,1,True,1.7
2264,466,296,Antenna System,1,4,2024-01-16 12:19:52,2024-01-16 12:29:52,10,Warning,22,False,3,True,3.3
2265,448,839,Transmission Equipment,1,2,2024-04-23 16:29:10,2024-04-23 16:53:10,24,Major,337,False,1,True,9.1
2266,26,920,Radio Base Station,2,5,2024-04-11 09:49:48,2024-04-11 10:40:48,51,Critical,492,True,5,False,5.1
2267,374,733,Power System,4,4,2025-06-17 12:22:31,2025-06-17 12:44:31,22,Warning,31,False,5,True,4.3
2268,302,741,Core Network Node,2,2,2025-08-25 11:54:23,2025-08-25 12:27:23,33,Major,324,False,2,True,4.8
2269,418,49,Power System,5,7,2024-06-01 17:05:33,2024-06-01 17:13:33,8,Minor,128,False,4,True,2.7
2270,94,58,Core Network Node,5,1,2025-04-12 10:18:13,2025-04-12 11:23:13,65,Major,247,True,2,False,9.7
2271,13,260,Router/Switch,3,3,2025-06-06 05:59:45,2025-06-06 06:35:45,36,Critical,438,True,0,False,1.9
2272,101,449,Radio Base Station,3,6,2024-02-10 10:21:16,2024-02-10 10:25:16,4,Minor,69,False,2,True,5.7
2273,341,820,Router/Switch,5,7,2025-02-19 14:19:07,2025-02-19 15:29:07,70,Major,278,True,1,False,6.3
2274,225,803,Radio Base Station,3,9,2025-06-15 14:31:17,2025-06-15 15:32:17,61,Major,253,True,3,False,3.8
2275,369,268,Radio Base Station,4,3,2025-11-08 14:20:11,2025-11-08 14:28:11,8,Minor,191,False,2,True,9.4
2276,320,173,Power System,2,4,2025-07-25 12:10:03,2025-07-25 12:39:03,29,Major,247,False,6,True,6.0
2277,17,811,Power System,3,3,2025-02-18 12:14:30,2025-02-18 13:14:30,60,Minor,74,False,4,True,1.1
2278,139,773,Router/Switch,3,5,2025-12-03 17:41:30,2025-12-03 17:59:30,18,Minor,150,False,3,True,7.2
2279,292,747,Power System,5,6,2024-09-17 15:22:42,2024-09-17 15:32:42,10,Major,281,False,5,True,1.4
2280,157,888,Antenna System,1,1,2025-09-08 10:54:36,2025-09-08 11:25:36,31,Minor,154,False,7,True,6.4
2281,436,505,Power System,3,3,2024-08-11 14:15:32,2024-08-11 14:17:32,2,Major,204,False,4,True,6.6
2282,138,190,Transmission Equipment,1,6,2025-02-27 00:48:10,2025-02-27 00:52:10,4,Minor,135,False,2,True,5.9
2283,289,385,Core Network Node,2,2,2024-07-23 14:05:07,2024-07-23 14:10:07,5,Warning,21,False,0,True,8.9
2284,258,378,Radio Base Station,1,2,2024-06-10 15:28:01,2024-06-10 16:19:01,51,Minor,117,False,4,True,4.1
2285,302,491,Transmission Equipment,2,7,2025-07-25 13:30:31,2025-07-25 13:33:31,3,Warning,26,False,5,True,2.8
2286,408,998,Router/Switch,3,1,2025-11-16 10:59:32,2025-11-16 11:38:32,39,Major,265,False,3,True,8.0
2287,491,754,Router/Switch,5,1,2025-08-27 00:28:17,2025-08-27 00:38:17,10,Minor,87,False,1,True,8.7
2288,400,313,Core Network Node,2,9,2024-08-07 15:26:48,2024-08-07 17:23:48,117,Major,360,True,3,False,4.7
2289,124,315,Power System,5,3,2024-05-14 14:57:26,2024-05-14 15:49:26,52,Minor,120,False,2,True,4.0
2290,208,127,Transmission Equipment,3,4,2024-07-22 00:46:35,2024-07-22 01:14:35,28,Minor,77,False,1,True,1.8
2291,441,661,Core Network Node,5,1,2025-12-18 10:40:39,2025-12-18 10:41:39,1,Minor,91,False,5,True,5.7
2292,291,793,Transmission Equipment,1,3,2025-05-16 16:00:59,2025-05-16 16:13:59,13,Warning,26,False,0,True,9.9
2293,425,870,Radio Base Station,2,2,2025-08-19 09:29:34,2025-08-19 11:00:34,91,Critical,317,True,1,False,3.9
2294,439,167,Radio Base Station,4,8,2024-09-01 06:45:59,2024-09-01 06:59:59,14,Critical,312,False,1,True,2.5
2295,462,315,Power System,1,2,2024-03-13 08:51:12,2024-03-13 09:25:12,34,Minor,88,False,3,True,7.3
2296,164,613,Antenna System,5,2,2024-08-01 09:31:18,2024-08-01 11:49:18,138,Critical,503,True,2,False,5.1
2297,422,356,Transmission Equipment,5,2,2025-07-22 02:41:50,2025-07-22 03:45:50,64,Critical,479,True,1,False,9.4
2298,480,88,Transmission Equipment,1,2,2025-10-03 16:30:29,2025-10-03 16:52:29,22,Minor,123,False,2,True,2.5
2299,340,607,Power System,4,6,2024-03-04 12:28:52,2024-03-04 12:39:52,11,Minor,126,False,1,True,5.0
2300,20,336,Radio Base Station,1,3,2024-06-30 14:25:04,2024-06-30 14:57:04,32,Major,192,False,4,True,6.5
2301,435,236,Antenna System,5,1,2025-07-29 10:01:02,2025-07-29 10:42:02,41,Minor,87,False,0,True,8.6
2302,164,290,Antenna System,4,5,2025-01-27 17:48:44,2025-01-27 17:49:44,1,Warning,17,False,3,True,1.1
2303,137,903,Antenna System,3,2,2025-06-28 14:47:01,2025-06-28 15:28:01,41,Warning,26,False,5,True,8.0
2304,461,99,Transmission Equipment,4,2,2025-07-07 16:33:02,2025-07-07 17:00:02,27,Minor,119,False,2,True,8.8
2305,449,76,Antenna System,2,3,2024-06-27 10:24:24,2024-06-27 10:42:24,18,Minor,87,False,3,True,4.2
2306,35,401,Power System,3,7,2024-01-09 13:08:32,2024-01-09 13:27:32,19,Major,330,False,1,True,5.3
2307,189,582,Core Network Node,4,1,2024-01-14 11:15:02,2024-01-14 11:31:02,16,Major,459,False,3,True,3.5
2308,142,127,Transmission Equipment,3,2,2024-07-13 14:51:15,2024-07-13 16:02:15,71,Critical,624,True,5,False,2.8
2309,204,182,Transmission Equipment,5,8,2025-11-21 02:31:45,2025-11-21 02:52:45,21,Minor,122,False,2,True,8.2
2310,468,561,Radio Base Station,4,2,2025-04-26 20:32:56,2025-04-26 20:42:56,10,Warning,22,False,2,True,9.9
2311,189,308,Core Network Node,5,4,2025-02-16 00:13:01,2025-02-16 00:26:01,13,Warning,35,False,2,True,3.7
2312,72,453,Transmission Equipment,1,2,2024-12-31 15:07:09,2024-12-31 15:13:09,6,Minor,186,False,2,True,8.6
2313,37,177,Core Network Node,1,3,2024-04-22 11:34:10,2024-04-22 11:43:10,9,Minor,140,False,6,True,7.5
2314,336,356,Antenna System,1,2,2024-01-21 03:37:31,2024-01-21 05:06:31,89,Minor,122,False,3,True,8.8
2315,5,778,Antenna System,5,9,2025-03-08 13:48:48,2025-03-08 15:01:48,73,Major,414,True,2,False,5.9
2316,421,149,Core Network Node,1,3,2025-10-31 17:04:00,2025-10-31 18:10:00,66,Minor,152,False,1,True,1.0
2317,297,527,Antenna System,2,7,2024-12-20 08:32:47,2024-12-20 08:37:47,5,Warning,41,False,0,True,3.4
2318,195,342,Router/Switch,3,3,2024-01-18 04:15:11,2024-01-18 04:20:11,5,Major,295,False,5,True,7.7
2319,94,225,Transmission Equipment,2,4,2025-10-05 12:21:00,2025-10-05 13:00:00,39,Minor,107,False,3,True,6.4
2320,316,994,Transmission Equipment,3,7,2024-10-21 22:22:48,2024-10-21 22:37:48,15,Major,238,False,3,True,3.3
2321,113,588,Router/Switch,3,8,2024-09-12 12:41:11,2024-09-12 13:29:11,48,Major,246,False,2,True,2.1
2322,23,214,Router/Switch,4,4,2025-11-18 11:47:20,2025-11-18 12:30:20,43,Minor,111,False,2,True,6.0
2323,48,869,Radio Base Station,4,3,2024-10-12 16:01:33,2024-10-12 16:05:33,4,Minor,132,False,8,True,1.3
2324,420,820,Power System,5,3,2024-02-20 00:12:54,2024-02-20 00:33:54,21,Minor,77,False,0,True,8.2
2325,1,181,Antenna System,1,7,2025-08-09 13:50:43,2025-08-09 14:31:43,41,Major,232,False,5,True,5.1
2326,52,45,Radio Base Station,5,7,2025-12-23 13:00:57,2025-12-23 13:31:57,31,Major,488,False,2,True,6.1
2327,401,813,Power System,5,3,2024-09-17 07:30:20,2024-09-17 07:46:20,16,Minor,122,False,2,True,6.7
2328,464,885,Core Network Node,5,7,2024-09-20 15:41:59,2024-09-20 15:43:59,2,Major,236,False,5,True,8.9
2329,349,578,Transmission Equipment,4,5,2024-11-01 23:11:34,2024-11-01 23:31:34,20,Critical,506,False,4,True,3.4
2330,2,996,Power System,4,1,2025-12-14 15:42:10,2025-12-14 15:59:10,17,Minor,104,False,4,True,9.0
2331,76,726,Core Network Node,2,5,2024-01-09 09:23:22,2024-01-09 09:24:22,1,Major,229,False,1,True,1.5
2332,370,72,Core Network Node,4,9,2025-06-15 07:16:52,2025-06-15 08:39:52,83,Major,267,True,7,False,7.4
2333,418,395,Core Network Node,1,3,2024-09-14 03:42:15,2024-09-14 04:13:15,31,Minor,111,False,5,True,3.4
2334,273,449,Power System,3,4,2025-06-10 21:04:58,2025-06-10 21:11:58,7,Minor,144,False,3,True,3.1
2335,266,662,Router/Switch,2,5,2025-09-01 11:28:41,2025-09-01 12:51:41,83,Major,289,True,5,False,2.1
2336,32,873,Antenna System,1,5,2024-08-19 17:19:41,2024-08-19 17:37:41,18,Major,266,False,4,True,3.6
2337,381,907,Radio Base Station,3,6,2024-03-06 09:12:59,2024-03-06 09:38:59,26,Minor,80,False,0,True,3.0
2338,35,506,Transmission Equipment,2,6,2025-07-19 06:33:04,2025-07-19 06:41:04,8,Warning,21,False,2,True,9.6
2339,152,45,Core Network Node,4,5,2025-06-22 14:36:56,2025-06-22 14:45:56,9,Minor,93,False,2,True,5.3
2340,44,137,Router/Switch,3,6,2024-12-18 14:42:28,2024-12-18 14:43:28,1,Major,470,False,3,True,1.3
2341,426,454,Radio Base Station,3,8,2025-08-11 09:27:54,2025-08-11 09:34:54,7,Major,468,False,2,True,9.1
2342,89,173,Power System,5,6,2025-09-26 16:15:39,2025-09-26 17:05:39,50,Critical,485,True,3,False,9.8
2343,27,135,Antenna System,3,7,2025-09-10 14:35:10,2025-09-10 14:38:10,3,Minor,114,False,2,True,9.0
2344,417,927,Power System,1,3,2025-08-03 06:46:47,2025-08-03 07:23:47,37,Minor,185,False,3,True,9.2
2345,282,763,Radio Base Station,4,1,2025-02-01 15:53:05,2025-02-01 16:15:05,22,Major,303,False,3,True,1.5
2346,98,652,Antenna System,5,6,2025-04-29 10:48:03,2025-04-29 11:17:03,29,Major,277,False,0,True,6.1
2347,121,906,Core Network Node,5,1,2024-04-21 09:39:19,2024-04-21 12:01:19,142,Major,180,True,1,False,3.3
2348,193,710,Antenna System,4,4,2024-06-21 19:38:30,2024-06-21 19:41:30,3,Minor,86,False,2,True,3.9
2349,189,752,Core Network Node,5,4,2024-09-20 19:41:36,2024-09-20 21:27:36,106,Critical,616,True,1,False,5.4
2350,247,412,Radio Base Station,5,2,2025-09-12 18:19:29,2025-09-12 18:35:29,16,Minor,106,False,1,True,8.2
2351,170,643,Router/Switch,2,1,2024-03-17 16:57:08,2024-03-17 17:05:08,8,Minor,94,False,2,True,6.8
2352,135,484,Radio Base Station,5,6,2025-08-31 17:31:52,2025-08-31 17:51:52,20,Minor,154,False,3,True,8.4
2353,271,393,Transmission Equipment,4,8,2025-01-27 16:26:19,2025-01-27 16:35:19,9,Warning,24,False,0,True,1.9
2354,170,622,Power System,3,2,2024-08-31 22:49:14,2024-09-01 00:26:14,97,Minor,95,False,2,True,9.4
2355,35,439,Power System,4,3,2025-06-23 04:01:48,2025-06-23 04:13:48,12,Warning,32,False,1,True,5.8
2356,365,376,Power System,5,6,2024-07-18 22:55:53,2024-07-18 23:16:53,21,Minor,165,False,2,True,8.7
2357,273,272,Router/Switch,1,4,2024-05-30 12:15:34,2024-05-30 12:29:34,14,Minor,153,False,3,True,9.8
2358,58,228,Transmission Equipment,1,7,2025-09-16 07:07:23,2025-09-16 08:43:23,96,Major,299,True,2,False,1.4
2359,245,952,Transmission Equipment,3,6,2024-11-19 13:06:33,2024-11-19 13:57:33,51,Minor,120,False,3,True,7.1
2360,187,90,Core Network Node,2,2,2024-07-22 08:35:32,2024-07-22 09:44:32,69,Major,394,True,4,False,7.1
2361,443,814,Radio Base Station,1,9,2024-01-17 12:08:34,2024-01-17 13:48:34,100,Critical,303,True,1,False,2.7
2362,369,407,Radio Base Station,4,3,2024-09-23 11:19:53,2024-09-23 12:01:53,42,Minor,104,False,4,True,7.3
2363,68,437,Core Network Node,3,2,2024-11-09 05:25:02,2024-11-09 08:53:02,208,Major,240,True,2,False,2.4
2364,214,78,Core Network Node,2,1,2025-08-22 12:32:55,2025-08-22 13:41:55,69,Minor,120,False,2,True,3.4
2365,345,186,Radio Base Station,4,3,2024-10-29 04:37:18,2024-10-29 08:10:18,213,Critical,312,True,3,False,9.5
2366,192,819,Router/Switch,1,4,2024-04-14 19:53:54,2024-04-14 20:10:54,17,Minor,89,False,3,True,8.3
2367,172,399,Router/Switch,4,4,2025-08-19 09:48:42,2025-08-19 13:06:42,198,Major,178,True,1,False,2.5
2368,231,1,Antenna System,3,2,2025-06-05 15:19:10,2025-06-05 16:08:10,49,Minor,66,False,2,True,6.3
2369,72,284,Router/Switch,4,9,2024-05-22 08:00:50,2024-05-22 08:12:50,12,Minor,133,False,3,True,2.6
2370,306,239,Transmission Equipment,1,2,2025-08-26 15:22:49,2025-08-26 17:10:49,108,Critical,323,True,5,False,8.4
2371,493,800,Power System,3,4,2025-11-26 09:51:02,2025-11-26 11:33:02,102,Critical,481,True,1,False,6.7
2372,87,282,Transmission Equipment,2,2,2025-07-23 08:54:59,2025-07-23 09:09:59,15,Minor,115,False,2,True,4.4
2373,285,887,Power System,5,7,2025-08-06 12:05:00,2025-08-06 12:07:00,2,Minor,119,False,3,True,7.6
2374,267,522,Transmission Equipment,3,2,2024-03-26 01:57:46,2024-03-26 03:04:46,67,Critical,375,True,2,False,9.2
2375,302,778,Antenna System,5,3,2025-06-11 12:20:59,2025-06-11 12:26:59,6,Major,276,False,2,True,7.9
2376,144,696,Radio Base Station,2,1,2024-01-29 09:11:35,2024-01-29 09:16:35,5,Minor,195,False,6,True,5.4
2377,495,360,Core Network Node,4,4,2024-09-14 02:41:05,2024-09-14 06:10:05,209,Critical,575,True,3,False,7.9
2378,270,256,Power System,1,6,2025-08-12 23:22:53,2025-08-13 00:50:53,88,Critical,367,True,4,False,7.4
2379,69,149,Power System,3,1,2025-02-14 11:43:22,2025-02-14 11:57:22,14,Minor,168,False,4,True,4.0
2380,239,187,Antenna System,5,1,2024-03-01 14:52:21,2024-03-01 15:00:21,8,Minor,100,False,4,True,4.5
2381,388,183,Core Network Node,1,2,2025-06-20 22:37:17,2025-06-20 22:43:17,6,Minor,99,False,4,True,2.3
2382,245,508,Router/Switch,4,4,2025-01-18 10:42:37,2025-01-18 11:07:37,25,Minor,113,False,2,True,7.0
2383,255,517,Transmission Equipment,2,3,2025-11-19 06:28:38,2025-11-19 06:40:38,12,Minor,95,False,4,True,2.0
2384,91,827,Router/Switch,4,4,2025-10-14 12:19:56,2025-10-14 13:30:56,71,Major,229,True,4,False,4.4
2385,249,535,Router/Switch,4,1,2025-12-08 13:52:14,2025-12-08 14:13:14,21,Minor,126,False,5,True,2.7
2386,57,218,Antenna System,5,2,2025-05-12 22:57:47,2025-05-12 23:13:47,16,Critical,436,False,2,True,4.1
2387,100,872,Antenna System,4,3,2025-09-15 00:26:57,2025-09-15 00:57:57,31,Minor,122,False,5,True,5.0
2388,268,527,Router/Switch,5,6,2024-01-22 13:40:10,2024-01-22 14:12:10,32,Critical,396,True,5,False,6.9
2389,497,668,Power System,4,4,2025-04-24 20:12:04,2025-04-24 20:14:04,2,Warning,21,False,5,True,4.1
2390,89,969,Transmission Equipment,1,8,2025-04-26 13:02:08,2025-04-26 13:04:08,2,Minor,143,False,1,True,4.5
2391,168,974,Router/Switch,3,5,2024-09-25 10:17:42,2024-09-25 10:26:42,9,Minor,142,False,5,True,1.6
2392,368,266,Power System,5,1,2024-03-09 13:06:30,2024-03-09 13:16:30,10,Minor,100,False,2,True,4.5
2393,92,662,Transmission Equipment,5,7,2024-02-08 05:44:43,2024-02-08 05:49:43,5,Major,290,False,4,True,1.9
2394,304,588,Radio Base Station,2,2,2024-05-23 11:37:46,2024-05-23 12:35:46,58,Major,509,False,4,True,3.6
2395,143,38,Antenna System,5,1,2024-08-30 16:42:39,2024-08-30 17:03:39,21,Critical,480,False,2,True,2.9
2396,418,621,Antenna System,5,4,2024-08-04 20:57:32,2024-08-04 22:04:32,67,Critical,664,True,1,False,4.1
2397,174,621,Transmission Equipment,3,7,2025-08-04 08:32:04,2025-08-04 09:05:04,33,Major,243,False,4,True,1.9
2398,154,1,Transmission Equipment,2,2,2024-12-08 17:34:48,2024-12-08 17:42:48,8,Warning,42,False,2,True,3.0
2399,163,481,Router/Switch,4,1,2024-09-16 16:28:34,2024-09-16 17:20:34,52,Minor,155,False,2,True,8.4
2400,490,141,Router/Switch,4,9,2025-04-16 13:58:41,2025-04-16 14:12:41,14,Major,296,False,5,True,4.3
2401,54,325,Power System,3,3,2024-01-24 08:14:34,2024-01-24 09:24:34,70,Major,249,True,1,False,5.3
2402,20,259,Antenna System,5,4,2025-03-11 21:03:09,2025-03-11 21:58:09,55,Minor,100,False,3,True,5.3
2403,251,95,Radio Base Station,4,4,2025-01-17 10:04:30,2025-01-17 10:12:30,8,Warning,39,False,2,True,8.6
2404,408,146,Power System,5,6,2024-01-21 04:39:39,2024-01-21 05:14:39,35,Major,286,False,3,True,7.6
2405,74,704,Power System,1,3,2025-06-25 18:43:56,2025-06-25 19:49:56,66,Major,287,True,2,False,5.7
2406,171,56,Core Network Node,2,2,2025-08-14 18:00:57,2025-08-14 18:21:57,21,Major,194,False,5,True,8.5
2407,14,977,Router/Switch,1,7,2024-03-17 08:58:33,2024-03-17 09:07:33,9,Minor,122,False,4,True,9.8
2408,169,117,Radio Base Station,5,8,2025-05-21 01:50:43,2025-05-21 02:07:43,17,Critical,406,False,2,True,9.8
2409,54,422,Router/Switch,1,1,2024-10-15 14:10:45,2024-10-15 14:12:45,2,Warning,29,False,2,True,3.6
2410,251,195,Antenna System,3,2,2024-06-30 15:20:05,2024-06-30 15:49:05,29,Major,400,False,4,True,7.4
2411,220,629,Radio Base Station,3,6,2024-11-26 15:17:37,2024-11-26 15:28:37,11,Critical,298,False,5,True,7.9
2412,152,296,Transmission Equipment,5,3,2025-06-05 06:10:57,2025-06-05 06:25:57,15,Warning,22,False,1,True,9.1
2413,139,465,Power System,4,2,2025-10-19 12:15:16,2025-10-19 15:27:16,192,Critical,759,True,6,False,7.2
2414,250,762,Transmission Equipment,2,2,2025-02-08 12:42:35,2025-02-08 13:02:35,20,Warning,16,False,4,True,3.4
2415,70,766,Router/Switch,1,4,2025-09-12 04:06:33,2025-09-12 04:37:33,31,Minor,122,False,2,True,3.1
2416,68,444,Router/Switch,1,2,2025-11-13 14:48:07,2025-11-13 16:20:07,92,Major,229,True,0,False,6.4
2417,31,537,Transmission Equipment,4,4,2024-09-19 09:02:34,2024-09-19 11:53:34,171,Critical,297,True,2,False,7.7
2418,270,614,Antenna System,4,6,2024-04-29 13:49:59,2024-04-29 14:02:59,13,Major,211,False,1,True,1.6
2419,227,411,Core Network Node,5,6,2025-05-04 13:39:47,2025-05-04 13:54:47,15,Minor,106,False,5,True,2.2
2420,320,674,Antenna System,4,8,2025-02-10 15:06:35,2025-02-10 15:37:35,31,Major,206,False,1,True,4.3
2421,1,767,Core Network Node,4,3,2024-05-06 13:31:45,2024-05-06 15:27:45,116,Critical,469,True,5,False,9.3
2422,454,880,Transmission Equipment,1,2,2025-02-13 19:41:09,2025-02-13 20:26:09,45,Major,283,False,4,True,9.6
2423,393,885,Power System,3,5,2024-03-05 15:06:10,2024-03-05 15:31:10,25,Minor,133,False,3,True,3.1
2424,254,632,Power System,5,3,2024-08-13 05:51:05,2024-08-13 06:42:05,51,Minor,143,False,6,True,8.1
2425,417,344,Antenna System,4,3,2024-04-08 09:01:33,2024-04-08 10:34:33,93,Major,475,True,7,False,1.7
2426,396,914,Core Network Node,3,3,2025-09-15 16:14:59,2025-09-15 16:33:59,19,Minor,144,False,3,True,8.9
2427,264,623,Power System,4,4,2025-10-22 16:12:01,2025-10-22 16:16:01,4,Warning,42,False,3,True,6.2
2428,9,622,Core Network Node,1,6,2025-07-15 02:03:36,2025-07-15 02:26:36,23,Major,223,False,2,True,4.2
2429,318,399,Power System,3,6,2025-02-03 17:15:56,2025-02-03 17:35:56,20,Minor,111,False,2,True,5.9
2430,483,919,Antenna System,4,1,2025-03-03 14:03:10,2025-03-03 15:14:10,71,Critical,608,True,7,False,4.2
2431,286,358,Core Network Node,2,8,2024-09-25 14:51:15,2024-09-25 14:54:15,3,Minor,137,False,4,True,10.0
2432,229,815,Antenna System,4,1,2025-03-11 20:38:34,2025-03-11 20:58:34,20,Minor,104,False,3,True,8.6
2433,67,701,Transmission Equipment,2,9,2025-07-26 11:55:19,2025-07-26 11:56:19,1,Warning,29,False,3,True,2.6
2434,424,999,Transmission Equipment,2,7,2024-05-14 10:06:15,2024-05-14 10:18:15,12,Minor,87,False,2,True,7.6
2435,90,616,Power System,5,2,2024-01-17 13:45:14,2024-01-17 13:56:14,11,Warning,24,False,3,True,5.1
2436,377,563,Router/Switch,3,2,2024-03-09 09:59:45,2024-03-09 10:35:45,36,Minor,134,False,4,True,8.4
2437,170,373,Antenna System,5,2,2025-02-16 12:20:23,2025-02-16 13:58:23,98,Major,261,True,2,False,2.5
2438,339,972,Core Network Node,2,6,2025-11-05 23:31:35,2025-11-06 00:06:35,35,Critical,541,True,2,False,6.8
2439,355,537,Radio Base Station,1,7,2025-11-10 05:58:32,2025-11-10 06:20:32,22,Minor,102,False,3,True,7.2
2440,323,567,Antenna System,5,2,2024-01-22 10:18:52,2024-01-22 10:38:52,20,Minor,127,False,5,True,1.9
2441,33,213,Antenna System,1,6,2024-05-16 08:51:24,2024-05-16 09:02:24,11,Minor,132,False,2,True,7.3
2442,296,170,Antenna System,4,1,2024-11-01 19:50:49,2024-11-01 20:20:49,30,Major,265,False,2,True,3.3
2443,389,686,Transmission Equipment,3,2,2024-09-16 12:56:36,2024-09-16 13:10:36,14,Major,292,False,1,True,6.6
2444,17,557,Antenna System,2,8,2024-06-21 10:44:06,2024-06-21 10:49:06,5,Warning,21,False,5,True,9.6
2445,109,967,Transmission Equipment,5,6,2025-08-24 18:15:30,2025-08-24 18:28:30,13,Major,284,False,1,True,1.8
2446,70,619,Radio Base Station,2,6,2025-12-05 22:59:10,2025-12-06 00:06:10,67,Critical,523,True,3,False,8.4
2447,357,377,Router/Switch,1,1,2025-03-20 11:47:35,2025-03-20 12:14:35,27,Minor,117,False,3,True,9.4
2448,170,822,Power System,2,2,2025-08-23 14:06:23,2025-08-23 15:27:23,81,Major,189,True,2,False,9.8
2449,289,821,Power System,4,9,2024-08-30 05:04:12,2024-08-30 05:56:12,52,Major,291,False,2,True,9.5
2450,66,664,Radio Base Station,4,2,2025-03-13 10:19:28,2025-03-13 11:15:28,56,Critical,595,True,2,False,5.2
2451,119,7,Power System,4,1,2024-10-06 16:39:51,2024-10-06 17:13:51,34,Major,335,False,4,True,4.0
2452,382,616,Power System,1,7,2024-04-25 15:50:52,2024-04-25 16:01:52,11,Major,399,False,4,True,3.0
2453,403,787,Antenna System,2,4,2025-02-06 15:43:42,2025-02-06 15:44:42,1,Warning,47,False,4,True,6.9
2454,290,36,Radio Base Station,3,2,2025-03-14 11:37:28,2025-03-14 13:48:28,131,Major,240,True,6,False,4.3
2455,13,853,Transmission Equipment,1,5,2025-01-20 16:43:57,2025-01-20 17:50:57,67,Major,186,True,2,False,3.1
2456,227,536,Antenna System,5,6,2024-06-12 13:10:19,2024-06-12 13:24:19,14,Minor,131,False,3,True,6.2
2457,493,750,Power System,3,6,2024-03-14 09:39:32,2024-03-14 09:43:32,4,Critical,450,False,7,True,8.7
2458,30,628,Antenna System,1,1,2024-07-11 11:13:37,2024-07-11 11:19:37,6,Warning,25,False,8,True,6.3
2459,182,205,Power System,1,1,2025-11-26 21:59:34,2025-11-26 22:17:34,18,Minor,130,False,0,True,8.0
2460,411,352,Router/Switch,3,1,2024-03-12 15:08:21,2024-03-12 15:22:21,14,Major,272,False,2,True,6.4
2461,353,906,Antenna System,5,3,2024-12-14 13:46:12,2024-12-14 14:02:12,16,Minor,144,False,3,True,8.4
2462,29,435,Router/Switch,5,2,2024-10-23 18:55:46,2024-10-23 20:27:46,92,Major,397,True,2,False,6.3
2463,289,801,Antenna System,2,1,2024-12-07 04:16:46,2024-12-07 04:28:46,12,Warning,29,False,3,True,5.3
2464,197,109,Router/Switch,4,6,2025-01-30 14:55:59,2025-01-30 15:00:59,5,Warning,29,False,5,True,6.7
2465,367,521,Power System,3,8,2025-08-03 16:34:15,2025-08-03 17:43:15,69,Critical,667,True,4,False,3.8
2466,417,656,Core Network Node,2,5,2025-04-26 12:06:01,2025-04-26 13:44:01,98,Major,431,True,1,False,8.0
2467,257,921,Core Network Node,2,2,2025-01-24 03:17:03,2025-01-24 04:53:03,96,Critical,443,True,1,False,9.4
2468,349,717,Router/Switch,4,8,2025-05-08 22:02:55,2025-05-08 22:22:55,20,Minor,103,False,3,True,7.6
2469,110,703,Transmission Equipment,1,6,2024-02-19 14:30:25,2024-02-19 14:37:25,7,Warning,28,False,3,True,7.4
2470,153,365,Router/Switch,3,1,2024-01-12 12:25:52,2024-01-12 12:41:52,16,Minor,160,False,3,True,3.0
2471,175,62,Core Network Node,5,2,2024-05-14 13:31:45,2024-05-14 14:53:45,82,Major,259,True,5,False,9.4
2472,109,71,Core Network Node,1,3,2024-04-16 16:41:22,2024-04-16 16:59:22,18,Minor,100,False,4,True,9.7
2473,487,694,Radio Base Station,1,3,2024-03-01 11:48:56,2024-03-01 12:10:56,22,Minor,110,False,2,True,9.7
2474,193,13,Antenna System,5,8,2025-07-21 14:36:38,2025-07-21 14:39:38,3,Minor,112,False,5,True,9.9
2475,378,327,Core Network Node,3,5,2024-08-19 21:31:29,2024-08-19 21:38:29,7,Minor,90,False,3,True,8.1
2476,354,429,Transmission Equipment,5,3,2024-06-03 16:11:18,2024-06-03 16:45:18,34,Minor,128,False,3,True,6.3
2477,319,782,Router/Switch,2,9,2025-07-23 10:56:23,2025-07-23 11:04:23,8,Minor,169,False,4,True,2.6
2478,120,979,Antenna System,4,1,2024-06-28 19:56:44,2024-06-28 20:17:44,21,Major,290,False,4,True,4.8
2479,272,775,Power System,1,4,2025-01-21 03:42:51,2025-01-21 07:52:51,250,Critical,625,True,1,False,3.7
2480,330,946,Core Network Node,5,3,2025-02-28 04:34:22,2025-02-28 04:42:22,8,Warning,40,False,1,True,2.7
2481,175,24,Core Network Node,3,4,2024-02-01 00:12:46,2024-02-01 01:14:46,62,Major,243,True,3,False,9.1
2482,326,547,Core Network Node,1,2,2024-10-28 02:10:07,2024-10-28 04:12:07,122,Major,219,True,6,False,6.4
2483,261,166,Antenna System,4,2,2025-06-16 08:51:18,2025-06-16 08:52:18,1,Minor,102,False,6,True,2.7
2484,368,689,Antenna System,1,3,2025-04-11 02:06:54,2025-04-11 03:26:54,80,Critical,366,True,2,False,8.8
2485,399,526,Transmission Equipment,4,1,2024-04-14 11:13:10,2024-04-14 12:16:10,63,Major,293,True,4,False,2.7
2486,227,202,Core Network Node,2,6,2025-06-13 12:07:58,2025-06-13 12:17:58,10,Warning,27,False,4,True,3.5
2487,316,804,Radio Base Station,1,1,2024-04-12 19:52:50,2024-04-12 20:29:50,37,Minor,123,False,3,True,7.1
2488,183,397,Radio Base Station,5,6,2025-03-28 00:06:23,2025-03-28 00:13:23,7,Minor,118,False,1,True,7.1
2489,90,309,Power System,2,3,2024-10-03 00:46:28,2024-10-03 01:21:28,35,Warning,23,False,3,True,7.8
2490,181,9,Radio Base Station,4,8,2025-04-06 13:56:21,2025-04-06 15:57:21,121,Major,358,True,1,False,9.1
2491,11,207,Transmission Equipment,3,1,2024-02-18 02:10:49,2024-02-18 02:11:49,1,Warning,34,False,3,True,9.7
2492,49,416,Core Network Node,5,3,2024-04-29 13:20:46,2024-04-29 16:58:46,218,Critical,602,True,3,False,4.4
2493,422,618,Core Network Node,3,9,2024-05-12 17:24:43,2024-05-12 17:36:43,12,Warning,34,False,0,True,8.6
2494,139,821,Antenna System,4,9,2024-07-29 04:44:38,2024-07-29 05:25:38,41,Minor,125,False,3,True,8.0
2495,58,583,Radio Base Station,3,2,2025-07-16 15:59:33,2025-07-16 16:27:33,28,Minor,82,False,0,True,9.1
2496,82,154,Router/Switch,5,5,2024-07-24 12:15:42,2024-07-24 12:19:42,4,Warning,26,False,3,True,6.7
2497,26,378,Power System,1,1,2025-05-17 12:23:56,2025-05-17 14:06:56,103,Major,399,True,1,False,4.3
2498,453,863,Radio Base Station,3,2,2025-05-07 07:42:38,2025-05-07 08:26:38,44,Minor,124,False,6,True,8.3
2499,98,155,Radio Base Station,2,6,2025-11-16 21:06:04,2025-11-16 21:11:04,5,Major,286,False,4,True,9.9
2500,492,280,Radio Base Station,3,6,2024-07-20 09:09:45,2024-07-20 10:01:45,52,Major,282,False,2,True,1.4
2501,500,983,Transmission Equipment,2,1,2025-06-26 03:37:48,2025-06-26 04:00:48,23,Minor,146,False,6,True,2.3
2502,261,769,Transmission Equipment,5,1,2024-02-01 13:01:34,2024-02-01 13:24:34,23,Minor,114,False,1,True,7.2
2503,393,715,Power System,3,5,2025-02-18 15:42:26,2025-02-18 15:58:26,16,Minor,139,False,3,True,6.7
2504,93,221,Router/Switch,4,6,2024-11-23 08:55:47,2024-11-23 09:35:47,40,Minor,187,False,2,True,5.6
2505,277,564,Transmission Equipment,3,2,2025-12-25 10:55:52,2025-12-25 11:11:52,16,Minor,173,False,3,True,1.7
2506,66,897,Power System,4,8,2025-03-08 07:25:59,2025-03-08 07:46:59,21,Major,311,False,4,True,8.3
2507,343,346,Core Network Node,5,1,2025-06-24 18:23:47,2025-06-24 20:19:47,116,Major,324,True,0,False,9.9
2508,192,931,Core Network Node,4,9,2025-01-05 04:55:25,2025-01-05 05:03:25,8,Minor,88,False,1,True,3.4
2509,492,583,Power System,5,1,2024-06-26 14:06:49,2024-06-26 14:14:49,8,Minor,115,False,5,True,6.6
2510,168,297,Router/Switch,5,6,2024-11-22 20:34:37,2024-11-22 21:10:37,36,Minor,181,False,9,True,5.3
2511,193,422,Radio Base Station,5,7,2025-09-14 18:10:25,2025-09-14 18:11:25,1,Major,173,False,2,True,1.3
2512,159,405,Core Network Node,2,4,2025-07-22 07:50:05,2025-07-22 08:18:05,28,Minor,109,False,1,True,7.3
2513,430,933,Router/Switch,2,2,2024-09-08 12:48:22,2024-09-08 13:20:22,32,Minor,118,False,3,True,6.8
2514,428,205,Power System,3,1,2024-01-15 02:19:01,2024-01-15 02:25:01,6,Warning,34,False,4,True,3.3
2515,179,294,Radio Base Station,3,5,2025-10-22 07:20:19,2025-10-22 07:33:19,13,Critical,585,False,1,True,3.9
2516,456,424,Antenna System,5,3,2024-01-08 11:03:35,2024-01-08 11:15:35,12,Minor,76,False,5,True,4.9
2517,185,12,Core Network Node,5,3,2024-01-01 05:39:06,2024-01-01 06:13:06,34,Critical,388,True,0,False,2.5
2518,213,114,Radio Base Station,2,2,2024-10-09 16:29:56,2024-10-09 17:40:56,71,Minor,177,False,2,True,4.7
2519,287,531,Power System,4,4,2024-05-21 23:31:43,2024-05-21 23:55:43,24,Minor,168,False,0,True,1.8
2520,398,208,Transmission Equipment,3,5,2024-06-20 19:23:56,2024-06-20 20:15:56,52,Minor,158,False,2,True,8.5
2521,165,377,Radio Base Station,5,7,2024-07-20 20:59:30,2024-07-20 21:34:30,35,Minor,94,False,0,True,7.9
2522,152,25,Core Network Node,4,2,2025-05-13 22:17:42,2025-05-13 23:29:42,72,Minor,113,False,7,True,3.2
2523,450,578,Antenna System,3,1,2025-11-17 17:46:45,2025-11-17 18:01:45,15,Minor,114,False,4,True,9.5
2524,63,772,Transmission Equipment,5,8,2024-12-12 09:38:07,2024-12-12 09:53:07,15,Minor,78,False,1,True,2.2
2525,262,293,Antenna System,1,9,2024-06-06 09:14:30,2024-06-06 09:20:30,6,Minor,91,False,2,True,7.0
2526,441,847,Power System,2,2,2025-09-06 11:26:27,2025-09-06 11:38:27,12,Minor,83,False,2,True,5.7
2527,170,185,Transmission Equipment,4,1,2025-01-30 10:36:14,2025-01-30 11:09:14,33,Minor,112,False,4,True,6.0
2528,195,871,Radio Base Station,2,6,2025-05-11 12:39:05,2025-05-11 12:53:05,14,Minor,118,False,1,True,6.6
2529,403,91,Router/Switch,2,2,2024-11-12 14:02:00,2024-11-12 14:37:00,35,Major,320,False,1,True,7.2
2530,225,36,Antenna System,3,4,2025-01-23 01:55:29,2025-01-23 02:05:29,10,Warning,28,False,2,True,5.6
2531,45,536,Router/Switch,3,3,2024-12-07 14:29:05,2024-12-07 14:52:05,23,Major,344,False,3,True,1.7
2532,426,710,Antenna System,2,1,2024-03-11 09:11:14,2024-03-11 09:19:14,8,Warning,41,False,3,True,9.1
2533,219,689,Router/Switch,4,6,2025-06-06 21:24:19,2025-06-06 21:50:19,26,Major,271,False,3,True,8.1
2534,117,652,Router/Switch,2,8,2025-10-08 02:29:03,2025-10-08 02:34:03,5,Minor,84,False,4,True,2.9
2535,389,709,Router/Switch,5,2,2025-10-12 13:04:15,2025-10-12 13:47:15,43,Minor,76,False,1,True,2.5
2536,419,46,Transmission Equipment,2,4,2024-08-26 05:51:03,2024-08-26 06:01:03,10,Major,239,False,0,True,3.6
2537,242,295,Antenna System,3,1,2024-02-25 01:58:08,2024-02-25 02:01:08,3,Minor,105,False,1,True,9.4
2538,24,127,Antenna System,1,1,2025-04-19 13:09:57,2025-04-19 13:30:57,21,Major,432,False,4,True,8.0
2539,384,621,Transmission Equipment,3,6,2025-01-07 22:39:10,2025-01-07 22:59:10,20,Major,231,False,3,True,4.5
2540,266,184,Router/Switch,5,1,2024-06-03 05:56:57,2024-06-03 05:57:57,1,Warning,31,False,6,True,4.0
2541,254,266,Transmission Equipment,3,6,2025-12-01 20:39:21,2025-12-01 20:59:21,20,Major,407,False,3,True,1.6
2542,90,727,Router/Switch,3,6,2025-09-27 08:44:29,2025-09-27 08:46:29,2,Warning,24,False,2,True,1.6
2543,46,804,Antenna System,5,3,2025-11-03 12:48:14,2025-11-03 13:09:14,21,Warning,23,False,4,True,9.4
2544,82,183,Router/Switch,2,2,2024-01-21 12:09:29,2024-01-21 13:33:29,84,Major,452,True,7,False,3.2
2545,79,99,Radio Base Station,2,2,2024-08-04 14:46:34,2024-08-04 14:51:34,5,Warning,27,False,3,True,3.7
2546,89,370,Antenna System,2,5,2024-05-05 08:46:33,2024-05-05 08:52:33,6,Warning,43,False,1,True,2.4
2547,305,163,Transmission Equipment,3,3,2025-03-28 15:39:23,2025-03-28 16:19:23,40,Minor,78,False,2,True,8.2
2548,324,803,Power System,1,2,2024-03-18 18:59:34,2024-03-18 19:28:34,29,Minor,72,False,3,True,9.0
2549,444,524,Transmission Equipment,4,2,2025-04-22 17:04:29,2025-04-22 17:25:29,21,Warning,26,False,0,True,7.7
2550,465,58,Router/Switch,1,2,2025-09-27 17:15:56,2025-09-27 17:19:56,4,Warning,42,False,5,True,1.9
2551,95,73,Antenna System,5,2,2024-12-23 11:29:29,2024-12-23 12:08:29,39,Minor,197,False,1,True,5.9
2552,262,652,Power System,2,6,2024-11-05 04:14:34,2024-11-05 04:35:34,21,Minor,106,False,5,True,7.6
2553,445,286,Radio Base Station,4,6,2025-01-16 07:02:37,2025-01-16 07:10:37,8,Minor,110,False,3,True,7.1
2554,355,750,Antenna System,2,5,2025-12-11 19:26:41,2025-12-11 19:29:41,3,Warning,22,False,3,True,1.2
2555,335,793,Transmission Equipment,4,1,2024-08-06 10:20:47,2024-08-06 11:22:47,62,Critical,513,True,1,False,3.2
2556,76,702,Antenna System,2,1,2024-02-19 06:39:27,2024-02-19 08:28:27,109,Critical,342,True,2,False,2.3
2557,283,532,Transmission Equipment,4,5,2025-08-09 10:54:40,2025-08-09 12:04:40,70,Major,217,True,5,False,7.6
2558,115,91,Power System,5,8,2025-03-08 18:14:05,2025-03-08 18:25:05,11,Minor,181,False,3,True,1.4
2559,344,370,Core Network Node,1,4,2025-01-30 11:49:40,2025-01-30 13:07:40,78,Major,215,True,0,False,7.3
2560,214,637,Router/Switch,1,8,2025-05-10 18:23:36,2025-05-10 18:48:36,25,Minor,101,False,6,True,2.8
2561,476,624,Antenna System,2,7,2024-10-21 17:47:02,2024-10-21 18:15:02,28,Critical,594,False,3,True,8.5
2562,240,354,Antenna System,5,3,2025-06-20 17:27:01,2025-06-20 18:44:01,77,Critical,654,True,1,False,8.3
2563,209,331,Router/Switch,3,5,2024-11-30 11:16:52,2024-11-30 11:49:52,33,Minor,171,False,5,True,7.7
2564,440,754,Router/Switch,3,6,2024-02-04 11:28:08,2024-02-04 11:59:08,31,Minor,100,False,1,True,5.8
2565,44,712,Router/Switch,5,3,2025-11-09 04:44:35,2025-11-09 07:43:35,179,Critical,569,True,6,False,9.8
2566,105,96,Antenna System,3,4,2025-02-27 08:31:53,2025-02-27 09:01:53,30,Minor,92,False,2,True,2.9
2567,422,360,Antenna System,3,2,2024-11-13 08:32:25,2024-11-13 09:21:25,49,Minor,145,False,3,True,3.7
2568,272,579,Core Network Node,1,4,2025-10-08 17:28:25,2025-10-08 17:54:25,26,Major,402,False,2,True,1.1
2569,227,925,Core Network Node,5,4,2024-09-15 08:14:25,2024-09-15 09:34:25,80,Major,399,True,3,False,4.0
2570,489,281,Radio Base Station,3,1,2025-08-16 02:45:25,2025-08-16 02:53:25,8,Warning,24,False,3,True,3.1
2571,278,994,Power System,4,6,2025-12-24 10:50:14,2025-12-24 10:53:14,3,Minor,141,False,2,True,7.1
2572,492,385,Router/Switch,2,4,2024-01-24 00:28:48,2024-01-24 00:34:48,6,Warning,21,False,5,True,4.7
2573,23,308,Transmission Equipment,2,1,2025-09-29 16:31:15,2025-09-29 16:49:15,18,Minor,70,False,3,True,4.3
2574,201,689,Core Network Node,3,3,2025-03-27 10:20:15,2025-03-27 10:23:15,3,Warning,50,False,5,True,4.4
2575,344,981,Power System,5,6,2024-07-21 02:04:15,2024-07-21 02:34:15,30,Minor,108,False,5,True,2.0
2576,162,361,Core Network Node,2,5,2024-11-27 06:24:21,2024-11-27 06:31:21,7,Minor,165,False,2,True,9.5
2577,230,459,Core Network Node,3,2,2026-01-01 12:23:21,2026-01-01 13:08:21,45,Major,406,False,3,True,8.2
2578,354,329,Radio Base Station,3,4,2025-07-19 16:21:20,2025-07-19 16:34:20,13,Major,382,False,5,True,8.5
2579,14,706,Antenna System,1,7,2024-03-31 14:20:46,2024-03-31 14:45:46,25,Major,424,False,2,True,5.5
2580,76,211,Transmission Equipment,1,3,2024-06-01 22:45:42,2024-06-02 00:00:42,75,Critical,460,True,1,False,5.3
2581,329,658,Antenna System,3,8,2024-05-19 04:19:19,2024-05-19 04:43:19,24,Minor,82,False,5,True,3.0
2582,467,818,Core Network Node,4,5,2024-07-03 15:04:30,2024-07-03 15:11:30,7,Warning,16,False,2,True,2.1
2583,449,258,Power System,5,2,2024-01-03 16:10:06,2024-01-03 16:25:06,15,Minor,80,False,7,True,5.5
2584,60,377,Antenna System,4,4,2024-02-20 16:17:08,2024-02-20 16:24:08,7,Minor,112,False,4,True,1.3
2585,414,941,Transmission Equipment,3,2,2024-05-11 03:05:48,2024-05-11 04:00:48,55,Minor,182,False,5,True,1.0
2586,398,988,Core Network Node,3,5,2024-08-11 14:11:56,2024-08-11 14:25:56,14,Major,280,False,3,True,9.1
2587,86,312,Core Network Node,1,6,2025-08-14 09:22:24,2025-08-14 13:11:24,229,Critical,490,True,2,False,1.7
2588,197,281,Power System,4,6,2025-01-26 04:31:53,2025-01-26 05:34:53,63,Critical,547,True,3,False,6.6
2589,162,729,Power System,2,1,2024-01-26 08:51:32,2024-01-26 09:36:32,45,Minor,145,False,1,True,9.8
2590,180,681,Radio Base Station,4,7,2024-09-03 09:56:15,2024-09-03 10:41:15,45,Critical,718,True,4,False,6.3
2591,270,257,Router/Switch,5,6,2025-01-27 16:19:12,2025-01-27 16:55:12,36,Major,268,False,3,True,5.5
2592,260,421,Antenna System,5,1,2025-09-10 00:02:10,2025-09-10 00:13:10,11,Warning,31,False,2,True,6.5
2593,131,845,Radio Base Station,3,6,2025-11-21 01:30:26,2025-11-21 02:26:26,56,Critical,369,True,7,False,3.8
2594,318,823,Antenna System,5,9,2025-06-27 19:49:23,2025-06-27 19:57:23,8,Warning,35,False,2,True,7.3
2595,462,259,Radio Base Station,2,1,2024-10-04 14:43:49,2024-10-04 14:59:49,16,Minor,86,False,0,True,9.5
2596,287,595,Core Network Node,5,4,2024-02-28 18:53:47,2024-02-28 19:04:47,11,Warning,40,False,1,True,6.9
2597,398,681,Core Network Node,2,6,2025-10-09 17:50:05,2025-10-09 18:29:05,39,Major,349,False,4,True,4.4
2598,306,358,Power System,5,1,2024-08-30 13:36:33,2024-08-30 13:47:33,11,Major,251,False,2,True,6.8
2599,238,639,Core Network Node,3,7,2025-01-30 12:44:18,2025-01-30 12:48:18,4,Minor,112,False,3,True,5.3
2600,251,299,Radio Base Station,2,5,2025-07-16 08:22:35,2025-07-16 08:32:35,10,Warning,41,False,0,True,6.0
2601,136,508,Power System,2,4,2024-07-14 11:37:21,2024-07-14 14:46:21,189,Critical,574,True,3,False,4.1
2602,300,45,Radio Base Station,5,2,2024-09-05 17:33:20,2024-09-05 17:53:20,20,Minor,167,False,2,True,1.6
2603,193,346,Core Network Node,4,3,2024-04-08 08:05:43,2024-04-08 08:31:43,26,Minor,97,False,2,True,7.8
2604,445,1,Transmission Equipment,4,2,2024-03-18 19:02:50,2024-03-18 20:18:50,76,Critical,417,True,6,False,6.8
2605,223,683,Transmission Equipment,1,1,2025-01-10 12:41:36,2025-01-10 14:17:36,96,Major,346,True,0,False,1.9
2606,257,683,Power System,1,4,2024-02-23 18:20:50,2024-02-23 18:29:50,9,Warning,22,False,4,True,4.0
2607,498,134,Antenna System,4,4,2024-09-03 06:53:34,2024-09-03 10:23:34,210,Critical,468,True,5,False,7.2
2608,380,869,Radio Base Station,3,1,2025-02-25 12:43:49,2025-02-25 13:24:49,41,Critical,554,True,4,False,2.2
2609,209,372,Radio Base Station,3,5,2024-12-25 09:49:06,2024-12-25 10:37:06,48,Critical,661,True,2,False,8.5
2610,476,59,Transmission Equipment,3,1,2025-12-16 15:41:38,2025-12-16 15:58:38,17,Major,427,False,1,True,5.2
2611,287,959,Router/Switch,3,9,2024-07-24 16:36:50,2024-07-24 18:43:50,127,Critical,382,True,6,False,5.5
2612,457,988,Power System,1,2,2024-03-26 08:45:41,2024-03-26 09:00:41,15,Major,226,False,4,True,5.4
2613,73,35,Power System,1,5,2024-03-05 15:47:40,2024-03-05 17:01:40,74,Critical,356,True,3,False,6.8
2614,444,23,Router/Switch,5,4,2025-12-25 02:23:47,2025-12-25 02:34:47,11,Minor,116,False,3,True,7.3
2615,232,894,Transmission Equipment,4,1,2024-05-27 23:13:39,2024-05-27 23:27:39,14,Major,294,False,2,True,5.1
2616,261,281,Transmission Equipment,3,1,2025-06-22 16:48:50,2025-06-22 16:53:50,5,Minor,169,False,4,True,8.4
2617,368,190,Router/Switch,5,7,2025-02-15 10:43:10,2025-02-15 11:58:10,75,Critical,475,True,6,False,3.3
2618,170,62,Core Network Node,2,3,2025-11-02 03:01:00,2025-11-02 03:04:00,3,Minor,117,False,2,True,5.6
2619,97,467,Antenna System,1,6,2024-02-06 16:14:19,2024-02-06 16:19:19,5,Major,247,False,2,True,6.7
2620,290,928,Core Network Node,3,3,2024-10-20 07:43:26,2024-10-20 07:51:26,8,Major,242,False,4,True,7.5
2621,133,362,Radio Base Station,5,4,2024-12-25 18:14:37,2024-12-25 18:16:37,2,Warning,28,False,2,True,2.4
2622,79,960,Antenna System,4,1,2024-07-12 09:08:18,2024-07-12 10:06:18,58,Critical,395,True,4,False,6.7
2623,385,45,Transmission Equipment,5,1,2024-03-18 10:30:08,2024-03-18 10:50:08,20,Minor,126,False,2,True,3.0
2624,321,548,Antenna System,4,2,2024-11-09 18:09:46,2024-11-09 21:32:46,203,Critical,457,True,3,False,7.4
2625,16,826,Power System,2,4,2024-02-18 17:10:45,2024-02-18 18:26:45,76,Major,265,True,2,False,7.2
2626,49,595,Core Network Node,4,4,2025-09-25 11:51:31,2025-09-25 12:15:31,24,Minor,149,False,3,True,9.9
2627,88,762,Radio Base Station,3,2,2024-08-04 10:39:15,2024-08-04 12:05:15,86,Critical,358,True,7,False,8.4
2628,129,292,Core Network Node,1,8,2024-04-14 11:38:37,2024-04-14 12:55:37,77,Critical,576,True,5,False,2.6
2629,292,593,Power System,4,2,2024-05-11 01:30:05,2024-05-11 01:44:05,14,Minor,107,False,4,True,2.6
2630,443,853,Router/Switch,2,9,2024-06-18 10:55:48,2024-06-18 12:52:48,117,Critical,327,True,5,False,5.6
2631,488,942,Power System,4,1,2025-04-22 15:59:31,2025-04-22 16:24:31,25,Minor,120,False,0,True,5.1
2632,125,682,Core Network Node,5,1,2025-07-15 01:38:32,2025-07-15 01:56:32,18,Minor,124,False,4,True,1.5
2633,202,296,Power System,4,1,2024-09-07 16:46:53,2024-09-07 16:58:53,12,Major,339,False,4,True,5.3
2634,140,538,Transmission Equipment,4,2,2024-10-23 11:30:43,2024-10-23 11:45:43,15,Warning,20,False,3,True,9.5
2635,182,475,Core Network Node,1,4,2025-09-30 12:02:07,2025-09-30 12:21:07,19,Minor,129,False,3,True,1.8
2636,158,616,Power System,2,1,2025-01-14 17:50:12,2025-01-14 18:08:12,18,Critical,402,False,4,True,1.1
2637,237,25,Router/Switch,1,4,2024-04-24 00:03:35,2024-04-24 03:13:35,190,Critical,422,True,1,False,2.8
2638,490,540,Power System,4,9,2025-04-04 19:54:49,2025-04-04 20:04:49,10,Major,310,False,3,True,7.3
2639,468,897,Antenna System,1,2,2024-03-27 20:35:53,2024-03-27 20:40:53,5,Minor,103,False,3,True,3.8
2640,16,736,Router/Switch,5,3,2025-01-30 12:06:10,2025-01-30 14:16:10,130,Critical,383,True,2,False,6.7
2641,372,361,Power System,1,4,2025-12-09 08:57:54,2025-12-09 10:38:54,101,Minor,109,False,5,True,4.7
2642,57,504,Transmission Equipment,4,2,2024-10-13 05:06:41,2024-10-13 05:34:41,28,Major,238,False,0,True,2.5
2643,21,373,Power System,4,1,2025-05-17 05:22:01,2025-05-17 05:33:01,11,Minor,130,False,3,True,8.2
2644,236,830,Antenna System,4,2,2025-03-27 09:05:35,2025-03-27 09:34:35,29,Major,191,False,3,True,2.2
2645,129,805,Power System,3,7,2024-08-01 16:42:30,2024-08-01 16:59:30,17,Major,391,False,3,True,2.1
2646,447,903,Router/Switch,4,2,2025-09-11 14:53:54,2025-09-11 15:30:54,37,Minor,152,False,4,True,8.0
2647,151,408,Core Network Node,3,9,2025-10-30 08:24:51,2025-10-30 08:47:51,23,Minor,125,False,1,True,6.5
2648,450,324,Radio Base Station,5,3,2025-08-15 09:36:26,2025-08-15 09:43:26,7,Warning,29,False,3,True,8.4
2649,415,105,Power System,4,1,2025-07-03 12:39:07,2025-07-03 12:52:07,13,Warning,28,False,1,True,5.5
2650,169,564,Transmission Equipment,5,3,2025-01-04 20:57:35,2025-01-04 21:36:35,39,Major,252,False,4,True,7.9
2651,398,825,Power System,3,5,2025-09-03 12:02:49,2025-09-03 12:16:49,14,Minor,160,False,6,True,7.2
2652,166,751,Radio Base Station,3,2,2025-05-06 18:14:58,2025-05-06 18:34:58,20,Warning,41,False,8,True,5.9
2653,231,181,Antenna System,5,1,2024-03-06 07:13:39,2024-03-06 07:23:39,10,Minor,115,False,2,True,5.8
2654,456,829,Transmission Equipment,3,6,2024-06-22 20:23:10,2024-06-22 20:25:10,2,Warning,24,False,1,True,6.1
2655,271,37,Antenna System,4,7,2024-08-30 07:52:51,2024-08-30 08:24:51,32,Major,302,False,3,True,3.7
2656,34,3,Transmission Equipment,3,2,2024-05-21 02:27:11,2024-05-21 03:31:11,64,Minor,123,False,1,True,4.0
2657,211,897,Transmission Equipment,1,5,2025-04-03 15:29:20,2025-04-03 15:50:20,21,Minor,104,False,1,True,4.1
2658,496,168,Radio Base Station,1,1,2025-04-02 12:49:22,2025-04-02 14:16:22,87,Critical,489,True,7,False,2.6
2659,90,186,Transmission Equipment,1,2,2025-06-08 06:42:43,2025-06-08 08:45:43,123,Critical,498,True,6,False,4.0
2660,225,236,Power System,4,9,2025-03-01 20:54:00,2025-03-01 21:27:00,33,Major,441,False,2,True,6.2
2661,393,541,Antenna System,4,8,2025-12-29 23:30:32,2025-12-30 00:23:32,53,Minor,186,False,5,True,3.9
2662,306,699,Transmission Equipment,2,3,2025-01-29 13:42:22,2025-01-29 14:45:22,63,Major,262,True,5,False,8.5
2663,359,780,Router/Switch,5,1,2024-05-21 17:00:55,2024-05-21 18:07:55,67,Critical,408,True,6,False,7.2
2664,83,59,Router/Switch,1,1,2024-12-20 18:10:22,2024-12-20 18:44:22,34,Critical,468,True,2,False,6.2
2665,77,469,Antenna System,5,2,2024-06-04 18:17:00,2024-06-04 19:16:00,59,Major,336,False,3,True,2.7
2666,197,73,Core Network Node,1,1,2025-07-02 13:52:00,2025-07-02 14:08:00,16,Minor,121,False,6,True,3.6
2667,322,902,Transmission Equipment,5,2,2024-01-13 09:42:08,2024-01-13 10:27:08,45,Minor,111,False,4,True,8.6
2668,266,90,Router/Switch,2,5,2025-11-14 18:40:36,2025-11-14 18:46:36,6,Major,201,False,2,True,3.6
2669,123,859,Transmission Equipment,5,1,2025-07-19 11:37:12,2025-07-19 13:32:12,115,Critical,451,True,3,False,5.2
2670,31,98,Power System,2,2,2024-06-23 17:33:41,2024-06-23 17:51:41,18,Minor,73,False,5,True,6.7
2671,363,30,Radio Base Station,1,2,2025-09-18 07:25:57,2025-09-18 08:07:57,42,Minor,98,False,5,True,3.8
2672,220,879,Core Network Node,2,1,2025-06-12 14:20:45,2025-06-12 14:28:45,8,Warning,28,False,4,True,3.9
2673,13,780,Router/Switch,1,1,2025-07-01 09:32:55,2025-07-01 10:21:55,49,Major,320,False,0,True,9.1
2674,175,137,Router/Switch,3,8,2025-07-25 00:56:27,2025-07-25 01:09:27,13,Minor,104,False,1,True,8.5
2675,491,788,Core Network Node,5,4,2025-09-28 13:11:02,2025-09-28 13:35:02,24,Critical,387,False,3,True,9.1
2676,132,436,Core Network Node,5,3,2024-11-07 19:00:21,2024-11-07 19:31:21,31,Minor,170,False,3,True,4.9
2677,88,131,Antenna System,3,4,2024-03-13 09:21:36,2024-03-13 09:48:36,27,Major,301,False,3,True,8.1
2678,440,608,Core Network Node,1,5,2025-07-15 12:51:35,2025-07-15 13:08:35,17,Major,214,False,4,True,9.5
2679,327,459,Radio Base Station,5,2,2025-09-08 08:16:00,2025-09-08 08:21:00,5,Warning,43,False,2,True,8.4
2680,270,982,Core Network Node,5,2,2024-06-02 20:21:55,2024-06-02 21:35:55,74,Minor,135,False,4,True,8.0
2681,136,549,Antenna System,4,2,2024-10-17 08:23:19,2024-10-17 08:41:19,18,Major,425,False,3,True,8.9
2682,25,163,Transmission Equipment,5,7,2025-08-21 06:15:09,2025-08-21 06:33:09,18,Minor,72,False,3,True,9.9
2683,309,239,Radio Base Station,2,7,2025-01-15 18:44:59,2025-01-15 18:58:59,14,Minor,177,False,5,True,9.1
2684,434,306,Radio Base Station,4,5,2024-07-01 07:47:45,2024-07-01 08:11:45,24,Minor,114,False,2,True,4.2
2685,334,594,Power System,1,1,2025-11-22 13:41:17,2025-11-22 13:44:17,3,Warning,30,False,5,True,9.2
2686,477,839,Transmission Equipment,3,6,2025-09-01 22:39:12,2025-09-01 22:49:12,10,Minor,103,False,5,True,3.3
2687,60,545,Antenna System,5,7,2025-01-21 12:25:49,2025-01-21 13:01:49,36,Minor,100,False,2,True,6.4
2688,407,337,Radio Base Station,5,1,2024-03-23 13:51:29,2024-03-23 14:51:29,60,Major,311,False,4,True,4.8
2689,302,237,Core Network Node,5,9,2025-12-07 20:51:14,2025-12-07 22:00:14,69,Minor,129,False,4,True,7.9
2690,472,558,Power System,5,2,2024-03-07 15:01:23,2024-03-07 17:26:23,145,Critical,676,True,4,False,4.1
2691,472,304,Core Network Node,5,1,2024-10-25 20:53:13,2024-10-25 21:09:13,16,Warning,35,False,3,True,7.6
2692,173,589,Core Network Node,2,3,2025-09-06 11:33:36,2025-09-06 12:12:36,39,Minor,73,False,3,True,5.9
2693,238,962,Core Network Node,2,4,2025-03-13 21:27:51,2025-03-13 22:05:51,38,Critical,425,True,3,False,2.7
2694,133,310,Transmission Equipment,5,2,2024-04-21 16:34:48,2024-04-21 16:45:48,11,Major,256,False,2,True,6.1
2695,173,30,Core Network Node,1,7,2024-10-16 14:15:45,2024-10-16 14:58:45,43,Minor,128,False,5,True,2.2
2696,117,559,Antenna System,5,3,2024-10-01 15:31:08,2024-10-01 18:14:08,163,Critical,371,True,2,False,5.2
2697,246,582,Core Network Node,5,9,2025-10-14 18:49:40,2025-10-14 18:54:40,5,Critical,305,False,3,True,8.9
2698,355,721,Radio Base Station,3,1,2024-09-28 16:53:43,2024-09-28 16:55:43,2,Minor,73,False,1,True,5.6
2699,358,930,Antenna System,5,1,2025-08-07 22:04:25,2025-08-07 22:43:25,39,Major,320,False,4,True,4.7
2700,71,409,Antenna System,4,2,2025-03-26 10:31:25,2025-03-26 10:39:25,8,Minor,80,False,5,True,5.3
2701,475,190,Antenna System,3,3,2024-05-25 03:15:07,2024-05-25 03:27:07,12,Minor,115,False,0,True,9.1
2702,75,33,Power System,2,5,2025-11-17 21:01:51,2025-11-17 21:09:51,8,Warning,44,False,5,True,3.8
2703,394,933,Power System,1,1,2025-01-30 08:55:07,2025-01-30 09:50:07,55,Critical,369,True,5,False,7.0
2704,485,265,Router/Switch,1,8,2024-04-19 16:58:17,2024-04-19 17:22:17,24,Minor,122,False,2,True,5.5
2705,125,26,Transmission Equipment,3,1,2025-10-14 04:58:03,2025-10-14 05:11:03,13,Critical,327,False,4,True,3.2
2706,142,509,Antenna System,3,2,2024-02-26 10:58:44,2024-02-26 11:18:44,20,Major,428,False,4,True,4.1
2707,2,363,Core Network Node,3,2,2024-10-05 11:30:19,2024-10-05 11:59:19,29,Major,264,False,3,True,6.1
2708,244,191,Antenna System,1,7,2024-10-03 16:06:25,2024-10-03 16:11:25,5,Minor,146,False,2,True,1.3
2709,460,792,Router/Switch,3,2,2024-11-16 00:07:47,2024-11-16 00:49:47,42,Minor,188,False,5,True,5.6
2710,427,34,Antenna System,5,3,2025-01-27 14:23:05,2025-01-27 14:26:05,3,Warning,48,False,3,True,3.5
2711,244,572,Core Network Node,3,9,2025-03-13 21:17:01,2025-03-13 21:42:01,25,Major,470,False,4,True,1.6
2712,456,494,Router/Switch,3,7,2024-03-19 08:37:14,2024-03-19 08:48:14,11,Minor,72,False,3,True,6.8
2713,494,381,Power System,5,6,2025-07-27 11:41:20,2025-07-27 11:45:20,4,Minor,197,False,4,True,2.9
2714,131,945,Power System,4,8,2024-03-12 00:33:50,2024-03-12 00:43:50,10,Warning,29,False,2,True,6.3
2715,293,150,Core Network Node,5,1,2025-01-30 17:46:58,2025-01-30 17:50:58,4,Minor,78,False,2,True,7.5
2716,357,340,Power System,2,2,2024-12-07 10:06:31,2024-12-07 10:20:31,14,Minor,77,False,2,True,5.2
2717,243,279,Transmission Equipment,1,4,2025-04-29 10:40:54,2025-04-29 10:56:54,16,Minor,73,False,4,True,6.2
2718,276,246,Core Network Node,5,2,2025-08-26 17:26:30,2025-08-26 17:33:30,7,Warning,27,False,2,True,1.8
2719,272,208,Antenna System,4,8,2024-09-21 09:51:07,2024-09-21 10:05:07,14,Minor,125,False,1,True,5.5
2720,76,885,Router/Switch,4,3,2025-03-01 11:00:38,2025-03-01 11:51:38,51,Major,214,False,3,True,4.2
2721,95,329,Transmission Equipment,2,4,2024-06-12 10:49:20,2024-06-12 11:06:20,17,Minor,196,False,5,True,9.7
2722,406,622,Power System,3,3,2025-02-03 09:36:39,2025-02-03 10:29:39,53,Major,342,False,7,True,3.5
2723,113,335,Transmission Equipment,1,5,2024-01-04 15:57:39,2024-01-04 16:16:39,19,Minor,132,False,4,True,8.3
2724,499,491,Radio Base Station,3,1,2024-09-07 09:04:31,2024-09-07 09:06:31,2,Warning,35,False,3,True,8.5
2725,391,809,Radio Base Station,3,4,2025-02-02 16:55:47,2025-02-02 17:25:47,30,Minor,96,False,5,True,8.5
2726,266,783,Power System,4,2,2025-04-10 00:41:27,2025-04-10 01:12:27,31,Warning,23,False,3,True,7.0
2727,292,825,Transmission Equipment,1,1,2025-04-11 08:46:32,2025-04-11 08:47:32,1,Major,324,False,6,True,8.8
2728,24,838,Antenna System,5,1,2025-07-28 18:14:15,2025-07-28 19:07:15,53,Critical,620,True,4,False,6.7
2729,215,422,Power System,1,1,2024-10-03 04:45:21,2024-10-03 04:51:21,6,Minor,105,False,4,True,8.5
2730,26,971,Radio Base Station,4,8,2024-04-03 10:12:02,2024-04-03 10:17:02,5,Minor,188,False,1,True,4.5
2731,470,138,Radio Base Station,4,6,2025-05-08 20:53:06,2025-05-08 21:00:06,7,Warning,24,False,2,True,5.8
2732,275,561,Power System,1,8,2025-11-23 12:55:41,2025-11-23 13:15:41,20,Major,285,False,0,True,2.5
2733,260,78,Core Network Node,4,1,2025-10-22 10:53:07,2025-10-22 11:20:07,27,Minor,123,False,2,True,1.1
2734,78,771,Antenna System,4,1,2025-06-04 23:13:59,2025-06-05 00:03:59,50,Minor,78,False,2,True,8.3
2735,289,392,Transmission Equipment,4,7,2024-02-20 03:43:47,2024-02-20 03:55:47,12,Minor,90,False,3,True,1.0
2736,215,396,Power System,5,1,2025-08-27 06:27:14,2025-08-27 06:59:14,32,Warning,29,False,3,True,7.2
2737,176,962,Radio Base Station,2,4,2024-03-30 04:41:43,2024-03-30 06:16:43,95,Major,251,True,3,False,1.9
2738,228,40,Core Network Node,2,5,2025-10-28 13:18:20,2025-10-28 14:03:20,45,Major,372,False,2,True,3.2
2739,412,283,Antenna System,5,7,2025-11-15 11:40:00,2025-11-15 12:18:00,38,Minor,121,False,3,True,6.9
2740,54,719,Radio Base Station,3,2,2024-06-28 19:33:21,2024-06-28 19:40:21,7,Minor,83,False,2,True,8.2
2741,72,269,Router/Switch,4,7,2026-01-01 14:13:41,2026-01-01 14:19:41,6,Warning,33,False,2,True,7.6
2742,488,350,Router/Switch,3,8,2024-11-28 02:34:37,2024-11-28 04:02:37,88,Major,397,True,2,False,5.6
2743,336,410,Transmission Equipment,1,1,2024-09-24 01:39:50,2024-09-24 01:48:50,9,Minor,135,False,2,True,2.0
2744,313,759,Antenna System,2,6,2025-09-28 08:02:54,2025-09-28 08:26:54,24,Major,433,False,3,True,2.1
2745,98,98,Transmission Equipment,5,2,2024-08-21 13:52:40,2024-08-21 14:02:40,10,Warning,29,False,2,True,6.5
2746,498,596,Power System,5,1,2024-11-14 01:41:37,2024-11-14 01:48:37,7,Major,391,False,1,True,9.3
2747,198,750,Router/Switch,5,1,2024-04-18 09:25:06,2024-04-18 09:32:06,7,Warning,21,False,3,True,7.2
2748,476,192,Router/Switch,1,5,2025-03-09 14:24:50,2025-03-09 15:23:50,59,Major,306,False,7,True,6.6
2749,256,319,Radio Base Station,4,3,2024-10-23 22:24:10,2024-10-23 22:28:10,4,Minor,135,False,4,True,3.7
2750,172,847,Router/Switch,4,3,2025-06-05 15:25:55,2025-06-05 15:30:55,5,Warning,20,False,4,True,6.4
2751,141,819,Radio Base Station,3,5,2024-02-04 20:07:07,2024-02-04 20:10:07,3,Warning,34,False,2,True,7.2
2752,205,57,Router/Switch,3,2,2024-08-02 05:14:25,2024-08-02 05:23:25,9,Minor,75,False,7,True,1.7
2753,12,265,Core Network Node,1,1,2025-09-08 08:16:39,2025-09-08 09:11:39,55,Minor,124,False,2,True,3.8
2754,392,149,Antenna System,5,2,2024-12-25 02:07:06,2024-12-25 02:41:06,34,Major,426,False,4,True,8.0
2755,29,918,Router/Switch,5,6,2025-01-16 03:32:04,2025-01-16 03:41:04,9,Major,409,False,3,True,1.7
2756,455,845,Transmission Equipment,1,2,2025-01-09 11:52:20,2025-01-09 12:32:20,40,Critical,361,True,3,False,3.5
2757,213,995,Antenna System,5,5,2025-08-02 13:32:52,2025-08-02 14:12:52,40,Major,352,False,2,True,4.6
2758,481,750,Transmission Equipment,4,4,2024-02-24 14:15:02,2024-02-24 14:52:02,37,Minor,131,False,1,True,2.7
2759,464,326,Antenna System,4,3,2025-01-07 04:03:15,2025-01-07 04:31:15,28,Major,221,False,2,True,8.0
2760,62,162,Router/Switch,2,2,2025-11-14 11:10:48,2025-11-14 13:07:48,117,Critical,481,True,3,False,7.5
2761,383,953,Radio Base Station,4,4,2025-04-09 05:19:42,2025-04-09 05:37:42,18,Minor,134,False,5,True,1.5
2762,476,445,Router/Switch,4,3,2025-09-04 16:55:04,2025-09-04 17:04:04,9,Major,310,False,3,True,2.6
2763,477,376,Power System,3,4,2025-07-03 14:22:30,2025-07-03 15:36:30,74,Minor,94,False,2,True,1.1
2764,29,573,Antenna System,3,1,2024-08-28 14:09:39,2024-08-28 14:12:39,3,Warning,28,False,5,True,1.5
2765,440,875,Power System,4,2,2024-02-19 08:58:25,2024-02-19 10:03:25,65,Critical,409,True,2,False,2.5
2766,499,965,Router/Switch,1,2,2025-04-29 03:35:28,2025-04-29 04:10:28,35,Major,308,False,5,True,9.5
2767,246,542,Router/Switch,2,2,2024-08-03 04:53:53,2024-08-03 05:37:53,44,Minor,75,False,2,True,9.0
2768,302,371,Router/Switch,5,3,2024-12-01 17:19:08,2024-12-01 18:16:08,57,Major,250,False,2,True,5.7
2769,170,334,Antenna System,1,6,2025-09-12 16:44:59,2025-09-12 17:25:59,41,Major,287,False,3,True,3.7
2770,427,366,Core Network Node,4,1,2025-04-02 11:57:14,2025-04-02 12:00:14,3,Warning,46,False,2,True,3.1
2771,232,869,Router/Switch,2,4,2025-07-13 17:04:11,2025-07-13 18:11:11,67,Major,224,True,4,False,5.7
2772,262,17,Antenna System,1,6,2025-12-29 01:41:25,2025-12-29 01:59:25,18,Major,177,False,5,True,7.2
2773,33,391,Transmission Equipment,2,3,2025-11-15 13:53:34,2025-11-15 14:34:34,41,Major,268,False,3,True,2.5
2774,454,809,Power System,2,8,2025-08-06 14:15:21,2025-08-06 15:09:21,54,Major,353,False,7,True,6.6
2775,48,353,Antenna System,1,8,2024-11-18 15:34:21,2024-11-18 15:38:21,4,Minor,149,False,0,True,10.0
2776,22,736,Transmission Equipment,5,4,2024-10-17 12:12:16,2024-10-17 13:41:16,89,Major,313,True,3,False,7.0
2777,202,734,Router/Switch,1,3,2024-11-24 08:10:32,2024-11-24 08:54:32,44,Critical,305,True,2,False,6.6
2778,285,846,Power System,4,2,2024-09-25 12:40:43,2024-09-25 12:45:43,5,Major,405,False,1,True,7.1
2779,108,633,Core Network Node,2,3,2024-11-21 12:57:01,2024-11-21 13:11:01,14,Minor,96,False,1,True,8.5
2780,490,864,Core Network Node,1,6,2025-07-19 13:37:20,2025-07-19 15:34:20,117,Critical,482,True,4,False,7.3
2781,462,856,Transmission Equipment,4,2,2025-04-19 22:07:56,2025-04-19 22:33:56,26,Warning,22,False,2,True,1.2
2782,168,810,Antenna System,3,5,2024-04-29 04:19:11,2024-04-29 04:37:11,18,Minor,192,False,5,True,4.7
2783,123,596,Core Network Node,3,1,2025-12-06 12:25:11,2025-12-06 12:38:11,13,Minor,114,False,1,True,2.1
2784,346,468,Power System,2,1,2025-07-10 21:02:16,2025-07-10 21:49:16,47,Critical,342,True,2,False,8.3
2785,195,622,Transmission Equipment,2,2,2025-10-15 16:28:00,2025-10-15 18:01:00,93,Major,279,True,1,False,2.0
2786,370,722,Transmission Equipment,4,8,2025-03-25 15:48:10,2025-03-25 16:05:10,17,Major,317,False,2,True,3.0
2787,140,291,Router/Switch,3,8,2024-07-17 02:21:43,2024-07-17 03:16:43,55,Critical,430,True,4,False,6.7
2788,275,653,Radio Base Station,3,1,2024-01-13 08:53:22,2024-01-13 10:41:22,108,Critical,350,True,0,False,2.8
2789,332,928,Radio Base Station,1,5,2025-06-05 11:08:07,2025-06-05 11:52:07,44,Major,291,False,0,True,8.4
2790,323,888,Radio Base Station,1,7,2025-10-15 01:11:28,2025-10-15 02:27:28,76,Critical,501,True,2,False,7.2
2791,219,610,Radio Base Station,3,4,2025-06-06 08:47:51,2025-06-06 11:39:51,172,Major,189,True,7,False,5.4
2792,279,214,Antenna System,1,1,2024-05-26 13:23:27,2024-05-26 13:38:27,15,Minor,99,False,3,True,5.3
2793,138,435,Core Network Node,4,3,2025-12-16 16:49:38,2025-12-16 17:22:38,33,Major,309,False,1,True,7.7
2794,192,321,Router/Switch,3,4,2024-01-12 21:37:38,2024-01-12 22:04:38,27,Major,203,False,2,True,3.4
2795,111,773,Antenna System,2,6,2025-11-24 16:32:16,2025-11-24 17:06:16,34,Major,224,False,1,True,6.7
2796,330,636,Radio Base Station,4,1,2024-03-04 05:07:27,2024-03-04 05:22:27,15,Warning,31,False,3,True,5.5
2797,450,962,Antenna System,5,1,2024-01-03 15:45:43,2024-01-03 16:35:43,50,Critical,313,True,4,False,6.9
2798,336,913,Router/Switch,5,8,2024-05-20 13:56:23,2024-05-20 14:49:23,53,Minor,124,False,1,True,2.4
2799,52,905,Radio Base Station,1,2,2025-06-08 07:35:53,2025-06-08 07:44:53,9,Minor,195,False,3,True,5.8
2800,341,585,Router/Switch,2,2,2024-04-23 14:11:42,2024-04-23 14:37:42,26,Minor,134,False,1,True,6.6
2801,461,969,Router/Switch,4,9,2024-06-26 13:07:18,2024-06-26 13:14:18,7,Warning,23,False,1,True,1.2
2802,221,292,Router/Switch,3,5,2024-01-16 13:24:30,2024-01-16 13:41:30,17,Minor,89,False,1,True,4.6
2803,329,157,Transmission Equipment,3,6,2024-09-17 14:30:31,2024-09-17 15:16:31,46,Critical,311,True,2,False,8.6
2804,451,273,Power System,4,2,2024-04-02 10:23:03,2024-04-02 10:42:03,19,Minor,105,False,3,True,7.3
2805,28,404,Antenna System,2,2,2025-11-08 06:33:42,2025-11-08 06:59:42,26,Minor,114,False,2,True,5.0
2806,131,282,Core Network Node,2,1,2024-06-15 03:21:11,2024-06-15 03:50:11,29,Major,295,False,3,True,2.6
2807,247,356,Antenna System,4,5,2025-11-21 19:19:03,2025-11-21 20:54:03,95,Major,222,True,1,False,9.4
2808,413,390,Router/Switch,3,4,2025-06-29 03:44:32,2025-06-29 04:27:32,43,Minor,119,False,3,True,4.6
2809,376,746,Router/Switch,3,8,2025-05-28 17:41:48,2025-05-28 17:50:48,9,Major,420,False,6,True,5.6
2810,480,98,Transmission Equipment,1,2,2025-12-20 13:43:30,2025-12-20 15:12:30,89,Major,323,True,1,False,1.8
2811,360,317,Router/Switch,2,5,2024-05-14 08:09:25,2024-05-14 08:31:25,22,Major,425,False,1,True,9.5
2812,371,481,Transmission Equipment,5,7,2024-03-14 00:30:22,2024-03-14 00:58:22,28,Major,204,False,2,True,5.8
2813,284,434,Antenna System,5,3,2025-04-23 09:23:22,2025-04-23 09:42:22,19,Minor,78,False,2,True,3.4
2814,75,612,Transmission Equipment,5,4,2025-02-08 17:28:04,2025-02-08 18:54:04,86,Major,515,True,2,False,1.2
2815,23,841,Antenna System,3,7,2024-03-24 14:52:54,2024-03-24 15:12:54,20,Minor,98,False,2,True,5.5
2816,7,124,Transmission Equipment,2,4,2025-07-08 22:39:51,2025-07-08 22:43:51,4,Warning,37,False,0,True,1.5
2817,418,781,Router/Switch,5,1,2025-06-09 03:40:18,2025-06-09 03:54:18,14,Minor,165,False,1,True,8.5
2818,249,194,Transmission Equipment,3,5,2024-08-17 11:11:29,2024-08-17 12:22:29,71,Major,393,True,1,False,7.1
2819,250,778,Core Network Node,5,6,2025-12-05 18:19:02,2025-12-05 18:39:02,20,Warning,19,False,3,True,1.4
2820,290,724,Transmission Equipment,1,6,2025-12-03 17:12:41,2025-12-03 17:57:41,45,Major,322,False,6,True,5.5
2821,44,582,Core Network Node,4,3,2024-07-18 20:06:42,2024-07-18 22:24:42,138,Critical,637,True,2,False,9.7
2822,308,422,Router/Switch,1,7,2025-07-20 23:36:14,2025-07-21 00:16:14,40,Major,302,False,2,True,2.7
2823,170,738,Core Network Node,3,6,2025-11-09 12:37:52,2025-11-09 13:28:52,51,Major,300,False,3,True,5.8
2824,174,433,Radio Base Station,5,1,2025-10-14 10:11:13,2025-10-14 10:45:13,34,Minor,111,False,3,True,8.0
2825,443,928,Router/Switch,3,3,2024-05-25 11:58:42,2024-05-25 12:44:42,46,Minor,77,False,6,True,2.2
2826,482,33,Core Network Node,4,1,2024-07-27 12:14:55,2024-07-27 12:33:55,19,Major,331,False,0,True,8.5
2827,379,59,Core Network Node,4,8,2025-06-26 21:38:56,2025-06-26 21:39:56,1,Warning,38,False,3,True,8.2
2828,103,616,Router/Switch,1,1,2024-05-15 14:02:23,2024-05-15 14:08:23,6,Warning,32,False,3,True,6.2
2829,450,348,Transmission Equipment,2,6,2025-02-03 14:20:26,2025-02-03 14:56:26,36,Major,318,False,0,True,7.9
2830,149,6,Antenna System,3,6,2024-12-11 12:49:36,2024-12-11 12:55:36,6,Minor,107,False,4,True,1.9
2831,419,232,Power System,1,1,2024-12-06 14:25:40,2024-12-06 14:34:40,9,Warning,26,False,4,True,1.2
2832,25,970,Power System,5,6,2025-10-22 10:55:18,2025-10-22 11:21:18,26,Major,198,False,2,True,7.7
2833,118,512,Transmission Equipment,1,9,2025-03-27 09:09:03,2025-03-27 09:31:03,22,Minor,98,False,2,True,7.9
2834,16,43,Antenna System,3,2,2024-09-16 22:02:52,2024-09-16 22:21:52,19,Major,330,False,2,True,4.5
2835,206,713,Router/Switch,3,6,2024-06-22 16:41:48,2024-06-22 19:09:48,148,Critical,422,True,6,False,5.9
2836,303,835,Router/Switch,2,7,2024-08-04 08:22:25,2024-08-04 08:28:25,6,Warning,33,False,3,True,6.8
2837,118,620,Antenna System,3,1,2025-12-06 14:46:49,2025-12-06 14:53:49,7,Major,297,False,5,True,2.6
2838,52,906,Radio Base Station,3,2,2024-09-20 20:09:10,2024-09-20 20:37:10,28,Minor,188,False,4,True,2.1
2839,101,524,Radio Base Station,1,2,2025-08-01 15:02:17,2025-08-01 15:42:17,40,Major,186,False,4,True,9.4
2840,206,374,Router/Switch,1,7,2024-07-09 15:33:53,2024-07-09 16:07:53,34,Major,208,False,3,True,5.3
2841,232,279,Transmission Equipment,1,2,2025-06-18 20:43:04,2025-06-18 21:13:04,30,Critical,466,False,1,True,7.5
2842,56,384,Core Network Node,2,2,2024-10-04 14:23:04,2024-10-04 14:46:04,23,Warning,25,False,3,True,9.4
2843,467,272,Core Network Node,3,2,2025-10-10 16:53:34,2025-10-10 17:46:34,53,Major,244,False,2,True,8.6
2844,290,205,Power System,5,3,2025-07-22 17:50:18,2025-07-22 18:19:18,29,Critical,502,False,4,True,7.8
2845,336,696,Router/Switch,3,4,2025-03-14 15:38:52,2025-03-14 15:51:52,13,Minor,77,False,2,True,5.2
2846,324,128,Router/Switch,4,1,2025-05-25 19:05:52,2025-05-25 20:56:52,111,Critical,416,True,3,False,9.2
2847,104,999,Power System,3,6,2025-07-25 17:27:38,2025-07-25 17:44:38,17,Warning,22,False,4,True,4.9
2848,469,859,Power System,5,2,2025-09-02 01:31:27,2025-09-02 02:04:27,33,Minor,147,False,3,True,1.7
2849,10,351,Power System,1,4,2024-08-26 00:50:02,2024-08-26 01:10:02,20,Major,210,False,1,True,3.6
2850,360,677,Power System,5,7,2025-03-01 12:01:48,2025-03-01 12:35:48,34,Major,424,False,4,True,8.5
2851,90,54,Transmission Equipment,2,3,2025-01-11 13:54:57,2025-01-11 14:00:57,6,Warning,27,False,5,True,9.1
2852,256,263,Core Network Node,1,3,2024-05-20 20:54:14,2024-05-20 21:59:14,65,Critical,487,True,1,False,5.3
2853,305,379,Antenna System,1,4,2024-01-10 20:11:50,2024-01-10 20:23:50,12,Major,240,False,4,True,5.0
2854,315,635,Radio Base Station,3,8,2025-09-26 08:10:16,2025-09-26 08:22:16,12,Major,304,False,5,True,1.1
2855,316,653,Radio Base Station,3,1,2025-06-24 16:02:06,2025-06-24 16:42:06,40,Major,298,False,3,True,6.6
2856,31,790,Radio Base Station,4,7,2024-04-18 14:23:00,2024-04-18 14:56:00,33,Major,201,False,1,True,4.1
2857,343,867,Core Network Node,1,2,2024-12-31 08:29:53,2024-12-31 09:15:53,46,Minor,107,False,2,True,8.8
2858,199,733,Radio Base Station,3,2,2024-05-28 23:56:56,2024-05-29 00:53:56,57,Minor,81,False,1,True,6.0
2859,340,601,Core Network Node,4,3,2024-08-07 05:27:43,2024-08-07 06:03:43,36,Critical,487,True,5,False,5.8
2860,102,163,Core Network Node,3,2,2024-01-14 10:11:57,2024-01-14 11:15:57,64,Minor,99,False,7,True,7.3
2861,201,55,Transmission Equipment,5,9,2025-12-04 05:26:49,2025-12-04 05:34:49,8,Major,304,False,6,True,7.1
2862,182,522,Power System,5,4,2025-03-26 12:57:40,2025-03-26 14:23:40,86,Minor,90,False,1,True,7.7
2863,134,668,Core Network Node,3,1,2025-10-25 17:52:39,2025-10-25 20:01:39,129,Critical,446,True,0,False,1.0
2864,60,185,Power System,1,6,2025-03-06 02:55:44,2025-03-06 03:05:44,10,Minor,84,False,3,True,5.9
2865,200,902,Radio Base Station,1,8,2025-08-20 13:57:46,2025-08-20 15:44:46,107,Major,411,True,4,False,1.1
2866,207,677,Core Network Node,2,5,2024-05-18 09:16:26,2024-05-18 10:22:26,66,Critical,477,True,4,False,1.6
2867,70,389,Power System,2,2,2024-12-15 16:35:47,2024-12-15 16:40:47,5,Warning,29,False,6,True,7.8
2868,466,135,Router/Switch,3,4,2024-03-16 08:35:00,2024-03-16 09:23:00,48,Minor,100,False,4,True,8.2
2869,116,500,Router/Switch,2,2,2024-11-29 11:49:41,2024-11-29 12:00:41,11,Major,449,False,3,True,2.1
2870,273,351,Power System,5,3,2025-10-01 17:01:23,2025-10-01 18:39:23,98,Major,380,True,3,False,8.7
2871,114,858,Power System,3,5,2025-11-13 13:58:02,2025-11-13 14:01:02,3,Major,267,False,4,True,5.8
2872,24,829,Transmission Equipment,3,3,2024-11-09 10:02:30,2024-11-09 13:34:30,212,Critical,636,True,2,False,2.3
2873,370,982,Radio Base Station,5,6,2025-02-19 13:00:04,2025-02-19 13:31:04,31,Major,220,False,3,True,5.3
2874,178,696,Antenna System,3,7,2024-02-19 03:56:48,2024-02-19 04:00:48,4,Warning,46,False,2,True,5.8
2875,203,222,Core Network Node,5,2,2024-05-18 17:31:47,2024-05-18 17:48:47,17,Minor,88,False,4,True,1.5
2876,352,468,Transmission Equipment,2,2,2024-01-09 14:52:12,2024-01-09 15:37:12,45,Major,276,False,2,True,3.9
2877,305,335,Core Network Node,2,2,2025-04-07 20:27:23,2025-04-07 21:02:23,35,Major,196,False,2,True,5.6
2878,495,625,Power System,2,6,2025-04-14 04:50:03,2025-04-14 05:21:03,31,Minor,186,False,6,True,8.4
2879,97,648,Antenna System,3,4,2025-02-04 05:25:29,2025-02-04 05:49:29,24,Minor,101,False,1,True,4.6
2880,334,855,Antenna System,5,2,2025-01-11 16:52:14,2025-01-11 22:29:14,337,Critical,634,True,3,False,2.8
2881,421,958,Power System,1,1,2024-08-28 23:02:54,2024-08-28 23:17:54,15,Minor,163,False,0,True,2.4
2882,144,721,Router/Switch,4,7,2024-05-01 17:54:26,2024-05-01 18:16:26,22,Critical,630,False,2,True,4.5
2883,326,341,Core Network Node,4,5,2025-04-15 12:58:44,2025-04-15 14:00:44,62,Major,251,True,2,False,8.3
2884,491,744,Transmission Equipment,2,9,2025-03-11 12:10:06,2025-03-11 12:26:06,16,Minor,95,False,3,True,4.6
2885,91,959,Transmission Equipment,1,8,2024-10-30 15:01:07,2024-10-30 16:01:07,60,Critical,478,True,3,False,1.2
2886,310,439,Router/Switch,4,3,2025-10-03 12:27:59,2025-10-03 13:05:59,38,Minor,134,False,3,True,1.5
2887,289,294,Radio Base Station,1,3,2024-12-27 10:34:59,2024-12-27 11:33:59,59,Major,170,False,1,True,3.3
2888,374,353,Transmission Equipment,2,3,2025-04-08 12:28:41,2025-04-08 13:18:41,50,Major,276,False,7,True,9.2
2889,282,132,Core Network Node,2,1,2025-07-05 09:44:08,2025-07-05 10:29:08,45,Critical,421,True,5,False,9.1
2890,394,520,Antenna System,2,3,2025-12-23 16:54:54,2025-12-23 16:59:54,5,Minor,104,False,2,True,1.3
2891,1,792,Power System,3,8,2025-04-03 12:08:23,2025-04-03 12:21:23,13,Minor,77,False,3,True,1.2
2892,389,704,Radio Base Station,4,3,2024-01-13 16:50:52,2024-01-13 17:59:52,69,Critical,384,True,5,False,3.8
2893,86,920,Router/Switch,1,2,2025-02-19 13:58:00,2025-02-19 14:14:00,16,Minor,159,False,4,True,7.9
2894,492,392,Radio Base Station,1,6,2024-12-01 10:20:25,2024-12-01 10:33:25,13,Minor,74,False,6,True,8.2
2895,230,669,Power System,3,5,2024-12-06 14:08:11,2024-12-06 15:50:11,102,Critical,593,True,3,False,8.7
2896,167,802,Router/Switch,2,5,2024-06-08 17:50:36,2024-06-08 17:55:36,5,Warning,21,False,4,True,7.5
2897,490,342,Transmission Equipment,2,7,2024-07-15 07:37:48,2024-07-15 07:42:48,5,Warning,31,False,5,True,5.7
2898,370,689,Power System,2,4,2024-11-24 00:11:40,2024-11-24 00:21:40,10,Minor,121,False,2,True,6.0
2899,411,44,Transmission Equipment,1,1,2025-03-17 10:09:34,2025-03-17 10:13:34,4,Minor,79,False,6,True,1.2
2900,494,55,Router/Switch,2,2,2025-10-07 18:15:02,2025-10-07 18:20:02,5,Warning,32,False,2,True,6.9
2901,313,39,Power System,4,1,2025-12-19 12:58:05,2025-12-19 13:18:05,20,Major,344,False,2,True,8.3
2902,479,444,Antenna System,2,3,2025-07-03 18:49:10,2025-07-03 19:07:10,18,Minor,118,False,4,True,9.1
2903,90,625,Radio Base Station,3,2,2024-07-17 14:39:29,2024-07-17 14:46:29,7,Warning,21,False,4,True,4.4
2904,178,736,Antenna System,1,5,2024-11-04 13:32:27,2024-11-04 13:52:27,20,Minor,122,False,2,True,5.9
2905,48,814,Core Network Node,3,1,2024-11-09 13:45:49,2024-11-09 14:13:49,28,Minor,186,False,1,True,7.3
2906,498,467,Antenna System,4,3,2024-03-03 17:11:25,2024-03-03 17:17:25,6,Minor,176,False,4,True,6.1
2907,189,50,Antenna System,2,4,2025-01-12 13:29:49,2025-01-12 14:08:49,39,Major,424,False,5,True,5.3
2908,369,112,Radio Base Station,4,6,2025-07-19 17:34:32,2025-07-19 17:46:32,12,Warning,45,False,1,True,1.5
2909,266,669,Antenna System,5,5,2024-10-21 09:27:32,2024-10-21 10:09:32,42,Major,185,False,3,True,9.5
2910,180,559,Transmission Equipment,5,6,2025-04-17 13:57:39,2025-04-17 15:57:39,120,Critical,714,True,5,False,8.7
2911,451,718,Transmission Equipment,1,2,2025-06-16 16:46:38,2025-06-16 16:51:38,5,Minor,85,False,7,True,6.1
2912,129,777,Router/Switch,1,2,2024-11-23 08:05:08,2024-11-23 09:29:08,84,Major,308,True,2,False,6.2
2913,6,106,Radio Base Station,1,1,2025-09-08 02:25:27,2025-09-08 02:42:27,17,Warning,38,False,4,True,4.3
2914,363,681,Radio Base Station,4,8,2025-12-09 18:41:05,2025-12-09 18:49:05,8,Major,276,False,4,True,4.8
2915,388,543,Power System,3,1,2024-04-13 10:56:46,2024-04-13 11:25:46,29,Critical,505,False,5,True,4.5
2916,480,766,Power System,1,4,2025-04-01 08:11:38,2025-04-01 08:23:38,12,Warning,31,False,2,True,6.8
2917,201,993,Core Network Node,2,4,2024-03-12 20:30:45,2024-03-12 22:55:45,145,Major,443,True,1,False,5.0
2918,132,170,Antenna System,1,2,2024-01-26 23:53:05,2024-01-27 00:03:05,10,Warning,34,False,4,True,3.7
2919,459,554,Radio Base Station,1,2,2024-08-05 16:03:56,2024-08-05 16:17:56,14,Minor,79,False,3,True,2.7
2920,235,933,Power System,2,1,2025-05-11 11:40:51,2025-05-11 12:33:51,53,Major,261,False,4,True,2.0
2921,127,372,Transmission Equipment,2,2,2025-05-11 11:06:22,2025-05-11 11:29:22,23,Minor,120,False,3,True,4.2
2922,46,369,Radio Base Station,3,3,2024-12-04 06:11:56,2024-12-04 06:55:56,44,Major,210,False,1,True,8.6
2923,63,734,Antenna System,2,5,2025-09-02 04:42:12,2025-09-02 05:21:12,39,Major,210,False,5,True,4.5
2924,312,182,Radio Base Station,2,2,2025-11-08 02:27:24,2025-11-08 05:40:24,193,Critical,401,True,1,False,9.8
2925,75,141,Core Network Node,2,3,2025-07-03 11:13:42,2025-07-03 11:47:42,34,Critical,553,True,4,False,9.7
2926,292,469,Core Network Node,4,5,2025-10-08 15:23:48,2025-10-08 15:47:48,24,Minor,127,False,6,True,4.3
2927,62,468,Transmission Equipment,3,4,2025-09-07 14:42:50,2025-09-07 15:11:50,29,Minor,151,False,3,True,4.9
2928,206,966,Radio Base Station,3,4,2024-04-27 13:10:59,2024-04-27 14:40:59,90,Major,182,True,0,False,3.5
2929,407,677,Antenna System,3,3,2025-08-16 15:38:02,2025-08-16 17:34:02,116,Major,275,True,5,False,3.4
2930,313,802,Power System,2,1,2024-12-22 16:21:15,2024-12-22 16:35:15,14,Critical,585,False,3,True,8.4
2931,138,494,Core Network Node,5,2,2025-02-15 07:01:02,2025-02-15 07:48:02,47,Minor,185,False,3,True,8.3
2932,203,588,Transmission Equipment,1,3,2025-10-20 08:36:20,2025-10-20 09:14:20,38,Major,298,False,3,True,1.4
2933,214,525,Core Network Node,4,2,2025-05-10 00:10:59,2025-05-10 00:58:59,48,Major,288,False,4,True,1.8
2934,33,639,Transmission Equipment,2,1,2025-10-25 07:26:37,2025-10-25 07:33:37,7,Warning,23,False,5,True,8.4
2935,125,480,Transmission Equipment,5,8,2025-03-25 15:41:12,2025-03-25 15:46:12,5,Minor,68,False,5,True,6.3
2936,257,852,Router/Switch,3,5,2025-01-11 13:58:32,2025-01-11 14:31:32,33,Major,266,False,3,True,4.3
2937,40,206,Power System,5,4,2025-12-07 12:19:45,2025-12-07 12:40:45,21,Major,224,False,2,True,6.3
2938,431,288,Power System,4,4,2024-03-27 11:03:43,2024-03-27 11:20:43,17,Warning,26,False,2,True,6.5
2939,37,308,Radio Base Station,3,3,2025-11-11 14:31:06,2025-11-11 14:32:06,1,Minor,166,False,0,True,4.5
2940,314,92,Transmission Equipment,2,3,2025-06-05 13:20:27,2025-06-05 13:24:27,4,Minor,65,False,3,True,3.6
2941,393,937,Antenna System,3,3,2025-05-25 08:42:36,2025-05-25 09:07:36,25,Major,408,False,3,True,9.6
2942,472,77,Radio Base Station,2,6,2025-12-28 01:19:43,2025-12-28 01:28:43,9,Minor,121,False,5,True,1.5
2943,33,895,Transmission Equipment,3,7,2024-01-27 16:47:06,2024-01-27 17:13:06,26,Major,286,False,3,True,7.4
2944,13,494,Router/Switch,5,3,2024-07-15 21:10:10,2024-07-15 22:02:10,52,Major,304,False,1,True,9.3
2945,480,653,Radio Base Station,4,2,2025-05-05 03:10:59,2025-05-05 03:24:59,14,Warning,32,False,3,True,4.6
2946,313,575,Transmission Equipment,1,2,2024-03-20 18:03:38,2024-03-20 18:32:38,29,Major,452,False,5,True,7.6
2947,243,20,Router/Switch,1,1,2024-03-10 11:56:12,2024-03-10 12:03:12,7,Warning,25,False,3,True,4.9
2948,197,9,Router/Switch,4,2,2024-09-21 12:27:40,2024-09-21 14:15:40,108,Critical,503,True,3,False,3.8
2949,139,929,Core Network Node,4,3,2024-01-24 12:53:59,2024-01-24 13:15:59,22,Major,466,False,9,True,9.3
2950,109,28,Radio Base Station,2,3,2025-10-30 02:26:54,2025-10-30 03:00:54,34,Major,301,False,4,True,8.9
2951,164,868,Transmission Equipment,2,2,2025-10-19 17:06:21,2025-10-19 18:20:21,74,Major,194,True,4,False,2.7
2952,187,410,Core Network Node,3,5,2025-12-27 16:23:37,2025-12-27 17:01:37,38,Minor,173,False,3,True,6.1
2953,321,506,Power System,2,3,2024-02-08 05:55:10,2024-02-08 06:00:10,5,Minor,104,False,6,True,7.1
2954,373,556,Router/Switch,3,1,2024-05-01 12:16:47,2024-05-01 12:47:47,31,Minor,155,False,5,True,5.9
2955,34,936,Core Network Node,4,2,2025-05-15 06:40:50,2025-05-15 06:52:50,12,Warning,27,False,5,True,6.4
2956,431,409,Core Network Node,5,3,2025-03-07 11:50:47,2025-03-07 12:39:47,49,Major,261,False,2,True,9.8
2957,249,91,Transmission Equipment,4,6,2025-07-27 17:06:30,2025-07-27 17:25:30,19,Major,326,False,3,True,8.0
2958,135,916,Radio Base Station,1,5,2025-03-28 19:21:20,2025-03-28 19:33:20,12,Minor,138,False,2,True,4.2
2959,198,657,Power System,4,3,2025-12-10 16:17:22,2025-12-10 16:41:22,24,Major,242,False,2,True,5.6
2960,491,131,Core Network Node,2,4,2025-11-12 18:06:21,2025-11-12 18:07:21,1,Minor,119,False,5,True,7.1
2961,446,109,Antenna System,3,2,2025-06-25 21:54:04,2025-06-25 21:56:04,2,Warning,27,False,2,True,4.3
2962,130,947,Transmission Equipment,2,2,2024-04-05 15:42:10,2024-04-05 17:37:10,115,Minor,88,False,3,True,5.1
2963,417,592,Antenna System,4,1,2025-11-21 11:07:52,2025-11-21 11:32:52,25,Major,483,False,3,True,6.6
2964,500,191,Radio Base Station,2,4,2024-04-05 07:10:38,2024-04-05 07:36:38,26,Minor,112,False,3,True,7.5
2965,458,950,Radio Base Station,2,1,2025-11-29 22:07:06,2025-11-29 22:50:06,43,Major,317,False,4,True,4.4
2966,416,987,Antenna System,1,6,2024-03-31 09:30:15,2024-03-31 09:59:15,29,Major,234,False,6,True,9.7
2967,146,199,Router/Switch,3,4,2025-02-14 08:59:36,2025-02-14 09:37:36,38,Minor,127,False,0,True,5.1
2968,435,947,Antenna System,2,1,2024-11-27 10:27:28,2024-11-27 11:18:28,51,Critical,402,True,5,False,2.7
2969,27,868,Router/Switch,5,9,2024-07-19 10:54:05,2024-07-19 11:30:05,36,Major,191,False,6,True,3.1
2970,264,219,Antenna System,2,7,2024-09-19 12:55:55,2024-09-19 14:26:55,91,Critical,466,True,3,False,5.5
2971,211,876,Router/Switch,1,1,2024-09-26 04:53:50,2024-09-26 05:04:50,11,Minor,126,False,2,True,1.8
2972,83,171,Power System,1,3,2025-04-24 13:56:30,2025-04-24 14:49:30,53,Critical,731,True,7,False,5.3
2973,432,896,Router/Switch,5,3,2024-09-24 20:07:18,2024-09-24 20:55:18,48,Minor,74,False,2,True,1.9
2974,324,521,Radio Base Station,1,3,2024-06-10 11:40:16,2024-06-10 11:59:16,19,Warning,16,False,4,True,8.9
2975,282,188,Radio Base Station,2,5,2024-12-18 22:50:12,2024-12-18 23:03:12,13,Minor,120,False,3,True,9.1
2976,445,912,Power System,2,2,2024-10-20 17:54:03,2024-10-20 17:57:03,3,Minor,119,False,4,True,5.3
2977,62,871,Transmission Equipment,5,8,2025-04-10 08:47:17,2025-04-10 10:24:17,97,Major,385,True,4,False,4.3
2978,440,337,Radio Base Station,3,2,2025-03-07 04:28:55,2025-03-07 11:04:55,396,Critical,325,True,5,False,8.4
2979,90,635,Router/Switch,4,4,2025-10-27 10:49:47,2025-10-27 11:02:47,13,Major,234,False,3,True,8.9
2980,274,235,Core Network Node,4,2,2025-08-29 18:17:57,2025-08-29 18:25:57,8,Minor,180,False,2,True,3.7
2981,34,485,Power System,1,3,2025-04-28 13:25:20,2025-04-28 13:36:20,11,Warning,26,False,2,True,7.3
2982,264,366,Core Network Node,1,3,2025-09-17 04:25:49,2025-09-17 04:38:49,13,Minor,172,False,2,True,7.4
2983,92,415,Radio Base Station,3,1,2024-04-24 15:05:25,2024-04-24 15:06:25,1,Warning,20,False,1,True,6.5
2984,329,434,Transmission Equipment,3,5,2024-05-21 13:17:15,2024-05-21 13:37:15,20,Minor,116,False,6,True,6.0
2985,53,329,Transmission Equipment,4,2,2025-03-21 13:07:23,2025-03-21 13:46:23,39,Minor,116,False,2,True,4.0
2986,200,468,Core Network Node,1,8,2025-08-30 10:54:30,2025-08-30 11:52:30,58,Critical,635,True,2,False,6.5
2987,397,734,Antenna System,4,5,2024-04-11 10:34:38,2024-04-11 10:45:38,11,Major,211,False,2,True,4.0
2988,361,635,Antenna System,2,3,2024-04-19 07:16:16,2024-04-19 08:44:16,88,Major,179,True,4,False,1.5
2989,164,474,Antenna System,2,4,2024-04-05 10:35:32,2024-04-05 10:59:32,24,Minor,80,False,6,True,4.0
2990,412,194,Router/Switch,5,4,2024-03-29 15:16:06,2024-03-29 16:15:06,59,Major,447,False,2,True,9.7
2991,279,102,Antenna System,5,3,2025-06-23 23:15:23,2025-06-23 23:22:23,7,Minor,81,False,5,True,7.6
2992,300,203,Core Network Node,2,4,2024-04-20 10:41:04,2024-04-20 12:19:04,98,Critical,545,True,5,False,5.5
2993,484,373,Antenna System,3,9,2025-10-04 08:43:44,2025-10-04 08:50:44,7,Minor,158,False,3,True,7.7
2994,107,421,Power System,1,7,2024-07-09 10:42:16,2024-07-09 10:43:16,1,Major,204,False,2,True,5.4
2995,422,585,Router/Switch,1,7,2024-12-31 03:11:48,2024-12-31 03:21:48,10,Major,327,False,2,True,3.0
2996,135,329,Power System,3,3,2025-09-25 20:04:52,2025-09-25 20:11:52,7,Warning,46,False,5,True,6.1
2997,149,812,Core Network Node,2,8,2025-04-14 21:45:10,2025-04-14 21:46:10,1,Warning,41,False,3,True,5.6
2998,124,830,Router/Switch,1,1,2024-12-07 15:18:02,2024-12-07 15:36:02,18,Warning,27,False,6,True,5.4
2999,494,716,Router/Switch,3,1,2024-02-08 18:44:21,2024-02-08 19:05:21,21,Minor,109,False,3,True,5.6
3000,430,486,Core Network Node,5,2,2024-05-05 15:39:59,2024-05-05 16:26:59,47,Minor,176,False,1,True,5.9
3001,178,495,Core Network Node,5,4,2025-06-06 12:58:37,2025-06-06 13:36:37,38,Minor,129,False,6,True,7.8
3002,497,213,Router/Switch,3,8,2024-12-26 16:30:22,2024-12-26 16:52:22,22,Minor,125,False,4,True,9.6
3003,36,792,Core Network Node,3,8,2024-01-16 13:11:07,2024-01-16 13:38:07,27,Minor,98,False,8,True,9.9
3004,351,930,Core Network Node,1,1,2025-12-21 13:19:32,2025-12-21 13:22:32,3,Warning,36,False,4,True,4.6
3005,195,984,Power System,4,8,2025-06-26 10:34:10,2025-06-26 11:31:10,57,Major,189,False,3,True,1.9
3006,31,268,Core Network Node,2,4,2025-05-30 06:43:14,2025-05-30 06:46:14,3,Major,203,False,3,True,6.7
3007,55,463,Router/Switch,2,3,2024-08-12 13:33:10,2024-08-12 14:20:10,47,Minor,124,False,3,True,3.8
3008,147,485,Radio Base Station,3,8,2024-12-18 15:44:28,2024-12-18 16:28:28,44,Major,248,False,4,True,2.9
3009,242,878,Radio Base Station,1,2,2025-05-02 09:37:54,2025-05-02 12:01:54,144,Major,301,True,4,False,3.5
3010,346,127,Radio Base Station,3,6,2024-03-30 03:42:25,2024-03-30 03:43:25,1,Warning,22,False,2,True,7.7
3011,86,951,Core Network Node,3,1,2024-01-02 16:39:42,2024-01-02 17:01:42,22,Major,279,False,4,True,3.6
3012,339,326,Core Network Node,4,4,2025-01-19 03:52:59,2025-01-19 04:30:59,38,Minor,147,False,3,True,2.1
3013,357,356,Antenna System,4,2,2025-10-19 08:09:45,2025-10-19 08:18:45,9,Warning,22,False,5,True,9.3
3014,204,739,Core Network Node,2,1,2025-04-17 13:45:51,2025-04-17 15:43:51,118,Critical,392,True,8,False,2.7
3015,195,654,Radio Base Station,2,2,2025-04-14 22:31:57,2025-04-14 23:19:57,48,Major,279,False,3,True,3.0
3016,227,635,Radio Base Station,5,2,2025-11-18 12:39:19,2025-11-18 14:08:19,89,Major,444,True,2,False,6.1
3017,181,764,Core Network Node,1,1,2024-06-18 02:29:55,2024-06-18 02:36:55,7,Major,406,False,2,True,6.1
3018,195,632,Radio Base Station,3,8,2024-02-23 15:22:47,2024-02-23 15:25:47,3,Minor,118,False,4,True,9.5
3019,346,81,Transmission Equipment,2,1,2024-11-07 08:10:55,2024-11-07 08:16:55,6,Major,281,False,3,True,9.1
3020,371,877,Power System,2,5,2024-10-13 08:50:17,2024-10-13 09:22:17,32,Minor,122,False,0,True,1.1
3021,271,934,Radio Base Station,3,2,2025-11-08 22:50:59,2025-11-08 23:00:59,10,Warning,29,False,4,True,7.7
3022,164,675,Antenna System,4,5,2024-10-04 05:57:02,2024-10-04 06:57:02,60,Major,209,False,3,True,8.8
3023,267,441,Core Network Node,4,5,2025-07-14 10:29:56,2025-07-14 10:39:56,10,Minor,100,False,4,True,1.7
3024,334,911,Core Network Node,5,3,2025-04-24 13:54:51,2025-04-24 14:15:51,21,Minor,146,False,3,True,7.9
3025,487,50,Core Network Node,3,2,2025-11-21 23:44:24,2025-11-22 01:26:24,102,Major,282,True,2,False,2.7
3026,443,647,Radio Base Station,5,1,2025-09-07 07:29:02,2025-09-07 07:50:02,21,Major,244,False,2,True,2.1
3027,182,89,Radio Base Station,4,2,2024-02-28 09:25:30,2024-02-28 10:39:30,74,Critical,439,True,6,False,9.9
3028,322,778,Router/Switch,5,5,2025-04-08 13:39:17,2025-04-08 14:02:17,23,Critical,360,False,2,True,3.1
3029,233,455,Radio Base Station,5,2,2025-06-24 12:26:56,2025-06-24 13:51:56,85,Major,313,True,2,False,3.7
3030,69,345,Core Network Node,1,4,2025-11-16 11:45:53,2025-11-16 12:19:53,34,Minor,114,False,1,True,3.7
3031,417,820,Antenna System,2,3,2025-11-07 16:43:54,2025-11-07 17:10:54,27,Major,446,False,4,True,1.3
3032,57,19,Core Network Node,3,3,2025-09-02 03:42:09,2025-09-02 03:49:09,7,Warning,30,False,2,True,9.3
3033,2,200,Antenna System,5,9,2024-05-25 14:24:03,2024-05-25 14:44:03,20,Minor,105,False,2,True,2.0
3034,99,776,Antenna System,3,8,2024-07-29 17:02:05,2024-07-29 17:18:05,16,Minor,80,False,2,True,7.9
3035,260,616,Power System,5,4,2025-09-19 08:04:21,2025-09-19 08:27:21,23,Major,278,False,1,True,8.4
3036,458,142,Core Network Node,5,4,2024-07-02 17:02:55,2024-07-02 17:11:55,9,Minor,185,False,4,True,1.1
3037,381,767,Router/Switch,2,1,2025-10-15 23:54:33,2025-10-16 00:06:33,12,Minor,106,False,3,True,3.5
3038,178,242,Power System,4,5,2025-07-02 07:35:43,2025-07-02 07:54:43,19,Minor,129,False,0,True,4.4
3039,365,566,Antenna System,1,4,2024-05-28 14:13:19,2024-05-28 15:04:19,51,Minor,118,False,1,True,2.8
3040,433,670,Antenna System,1,3,2025-11-04 16:12:29,2025-11-04 17:23:29,71,Critical,454,True,6,False,7.1
3041,172,311,Radio Base Station,5,4,2025-03-23 01:37:21,2025-03-23 02:00:21,23,Minor,91,False,2,True,4.2
3042,1,153,Core Network Node,1,1,2024-05-06 09:50:38,2024-05-06 10:10:38,20,Minor,98,False,2,True,8.8
3043,45,574,Antenna System,1,1,2024-12-25 16:17:33,2024-12-25 17:17:33,60,Major,415,False,3,True,4.8
3044,97,215,Transmission Equipment,4,5,2025-11-05 17:36:46,2025-11-05 18:30:46,54,Critical,412,True,5,False,9.1
3045,218,355,Radio Base Station,2,9,2024-02-04 15:26:05,2024-02-04 16:09:05,43,Critical,375,True,4,False,4.1
3046,45,453,Transmission Equipment,3,2,2024-03-26 13:26:51,2024-03-26 14:17:51,51,Major,461,False,5,True,8.9
3047,36,583,Core Network Node,3,7,2024-10-08 17:27:42,2024-10-08 17:46:42,19,Minor,97,False,2,True,4.5
3048,306,728,Power System,3,8,2025-06-06 14:59:29,2025-06-06 15:27:29,28,Major,247,False,4,True,7.3
3049,268,811,Radio Base Station,4,3,2024-09-04 16:32:02,2024-09-04 18:32:02,120,Critical,482,True,2,False,2.3
3050,73,279,Antenna System,2,6,2025-11-20 15:56:49,2025-11-20 16:11:49,15,Minor,82,False,5,True,8.6
3051,39,827,Power System,4,2,2024-09-23 21:54:59,2024-09-23 23:45:59,111,Critical,382,True,4,False,3.2
3052,406,64,Router/Switch,3,4,2024-06-07 14:39:36,2024-06-07 15:00:36,21,Minor,118,False,5,True,5.2
3053,490,919,Transmission Equipment,4,3,2025-09-01 02:57:47,2025-09-01 05:22:47,145,Critical,385,True,7,False,4.5
3054,34,86,Core Network Node,1,4,2025-05-13 10:04:53,2025-05-13 10:24:53,20,Minor,79,False,3,True,9.6
3055,299,736,Transmission Equipment,2,2,2025-04-01 10:29:53,2025-04-01 11:15:53,46,Minor,89,False,3,True,2.2
3056,272,112,Antenna System,2,2,2024-03-14 00:52:39,2024-03-14 00:59:39,7,Minor,128,False,5,True,7.0
3057,282,545,Router/Switch,3,2,2024-02-19 12:54:17,2024-02-19 13:05:17,11,Warning,27,False,2,True,5.5
3058,478,764,Power System,3,4,2025-12-24 08:20:50,2025-12-24 08:42:50,22,Major,200,False,4,True,2.2
3059,364,744,Core Network Node,3,1,2024-09-17 17:58:37,2024-09-17 18:27:37,29,Critical,528,False,4,True,9.8
3060,442,342,Power System,1,2,2024-03-27 10:45:35,2024-03-27 11:03:35,18,Minor,108,False,0,True,4.3
3061,356,102,Antenna System,1,2,2024-07-30 08:14:45,2024-07-30 08:37:45,23,Minor,151,False,2,True,7.1
3062,297,97,Power System,5,2,2025-01-11 08:10:38,2025-01-11 08:18:38,8,Warning,30,False,2,True,7.4
3063,410,661,Antenna System,2,1,2024-12-10 10:40:36,2024-12-10 10:57:36,17,Warning,29,False,6,True,8.2
3064,57,879,Power System,3,7,2024-12-02 14:46:55,2024-12-02 15:22:55,36,Major,333,False,1,True,7.8
3065,459,471,Antenna System,2,2,2024-09-21 14:42:30,2024-09-21 14:55:30,13,Major,307,False,1,True,7.5
3066,471,655,Antenna System,5,1,2025-03-07 13:18:30,2025-03-07 13:41:30,23,Minor,110,False,2,True,8.0
3067,182,351,Router/Switch,1,2,2024-06-24 07:19:41,2024-06-24 08:09:41,50,Major,292,False,4,True,1.7
3068,396,938,Antenna System,3,3,2024-09-01 12:34:24,2024-09-01 12:53:24,19,Minor,116,False,3,True,1.5
3069,168,133,Transmission Equipment,1,6,2024-06-14 07:51:31,2024-06-14 09:54:31,123,Major,461,True,6,False,7.5
3070,122,576,Radio Base Station,1,5,2025-09-15 05:48:10,2025-09-15 05:53:10,5,Warning,26,False,0,True,8.3
3071,337,765,Core Network Node,2,3,2024-03-26 10:32:24,2024-03-26 13:44:24,192,Critical,476,True,5,False,8.9
3072,343,57,Router/Switch,5,5,2024-05-25 22:00:17,2024-05-25 22:07:17,7,Warning,28,False,1,True,9.2
3073,399,223,Power System,5,1,2024-02-16 04:42:11,2024-02-16 04:54:11,12,Minor,77,False,3,True,7.8
3074,476,546,Core Network Node,3,6,2025-01-10 12:34:02,2025-01-10 13:05:02,31,Critical,636,True,5,False,6.9
3075,191,244,Core Network Node,5,5,2024-02-28 12:09:18,2024-02-28 12:40:18,31,Critical,330,True,3,False,5.6
3076,136,604,Radio Base Station,5,1,2024-06-04 17:50:30,2024-06-04 19:40:30,110,Critical,500,True,2,False,7.3
3077,122,797,Power System,3,2,2024-05-14 17:57:53,2024-05-14 17:59:53,2,Warning,24,False,3,True,4.4
3078,250,939,Core Network Node,2,4,2025-07-28 10:39:09,2025-07-28 10:49:09,10,Warning,27,False,3,True,8.6
3079,290,875,Transmission Equipment,3,1,2025-06-03 00:39:37,2025-06-03 00:46:37,7,Warning,30,False,1,True,2.4
3080,362,318,Core Network Node,2,3,2024-12-27 15:46:04,2024-12-27 15:53:04,7,Critical,269,False,2,True,5.4
3081,197,788,Router/Switch,5,3,2024-01-10 10:17:56,2024-01-10 11:24:56,67,Major,279,True,5,False,9.6
3082,144,990,Antenna System,5,2,2025-08-26 17:56:56,2025-08-26 20:15:56,139,Critical,443,True,7,False,3.7
3083,489,107,Antenna System,4,9,2024-08-06 20:38:30,2024-08-06 21:49:30,71,Critical,364,True,3,False,3.8
3084,350,855,Transmission Equipment,4,3,2024-03-28 01:22:54,2024-03-28 02:04:54,42,Critical,335,True,3,False,6.7
3085,247,167,Power System,2,3,2025-07-17 03:08:38,2025-07-17 03:45:38,37,Minor,106,False,3,True,2.1
3086,281,456,Antenna System,4,2,2024-08-11 12:04:52,2024-08-11 12:14:52,10,Minor,118,False,2,True,5.8
3087,328,243,Core Network Node,1,5,2025-09-26 16:40:50,2025-09-26 16:54:50,14,Minor,101,False,3,True,4.1
3088,214,586,Transmission Equipment,4,5,2024-11-13 16:48:06,2024-11-13 16:51:06,3,Major,208,False,3,True,4.2
3089,468,777,Radio Base Station,3,2,2025-10-19 10:11:06,2025-10-19 11:40:06,89,Major,214,True,9,False,6.7
3090,458,155,Router/Switch,5,7,2025-04-21 18:20:18,2025-04-21 19:56:18,96,Critical,652,True,4,False,8.0
3091,358,276,Radio Base Station,5,1,2025-08-09 12:13:59,2025-08-09 12:23:59,10,Warning,22,False,8,True,8.2
3092,266,959,Antenna System,1,1,2024-12-10 06:23:45,2024-12-10 07:19:45,56,Major,226,False,5,True,3.0
3093,119,749,Transmission Equipment,2,6,2025-04-02 19:27:49,2025-04-02 19:38:49,11,Warning,30,False,6,True,2.7
3094,29,465,Core Network Node,5,1,2025-06-01 03:46:33,2025-06-01 03:55:33,9,Minor,156,False,4,True,4.5
3095,93,470,Antenna System,1,2,2024-07-25 08:14:44,2024-07-25 08:56:44,42,Major,451,False,1,True,3.2
3096,397,238,Transmission Equipment,5,2,2024-07-20 07:19:36,2024-07-20 07:32:36,13,Major,274,False,1,True,6.1
3097,70,243,Antenna System,3,2,2025-12-17 13:55:58,2025-12-17 14:35:58,40,Major,288,False,2,True,5.6
3098,93,99,Router/Switch,2,1,2024-04-04 00:30:29,2024-04-04 00:54:29,24,Major,292,False,4,True,8.2
3099,368,471,Transmission Equipment,2,7,2025-04-29 12:18:19,2025-04-29 12:47:19,29,Major,213,False,4,True,4.7
3100,312,791,Power System,4,2,2025-11-06 20:28:53,2025-11-06 20:58:53,30,Major,300,False,2,True,2.0
3101,207,361,Transmission Equipment,5,2,2025-12-31 10:12:57,2025-12-31 10:14:57,2,Warning,23,False,4,True,3.3
3102,119,781,Core Network Node,1,3,2025-07-19 13:16:59,2025-07-19 13:33:59,17,Major,397,False,4,True,6.9
3103,156,59,Antenna System,3,5,2024-10-03 11:22:29,2024-10-03 11:31:29,9,Minor,133,False,5,True,5.5
3104,365,974,Transmission Equipment,5,5,2025-04-23 11:53:05,2025-04-23 12:36:05,43,Minor,116,False,4,True,1.8
3105,463,615,Antenna System,4,1,2024-08-23 12:12:18,2024-08-23 12:21:18,9,Warning,35,False,3,True,4.3
3106,334,284,Core Network Node,1,6,2024-11-11 20:22:23,2024-11-11 20:45:23,23,Critical,789,False,3,True,1.9
3107,425,647,Antenna System,1,2,2024-10-23 13:00:05,2024-10-23 14:49:05,109,Critical,377,True,2,False,1.9
3108,202,158,Transmission Equipment,5,3,2024-07-20 13:27:40,2024-07-20 13:30:40,3,Warning,27,False,6,True,3.1
3109,347,452,Core Network Node,1,2,2025-09-29 14:18:55,2025-09-29 14:33:55,15,Minor,149,False,4,True,4.7
3110,107,780,Power System,4,5,2024-11-30 17:07:03,2024-11-30 17:21:03,14,Major,294,False,3,True,4.7
3111,243,99,Transmission Equipment,2,3,2024-12-31 10:06:58,2024-12-31 10:12:58,6,Minor,99,False,3,True,9.7
3112,378,148,Radio Base Station,4,1,2025-01-02 20:42:04,2025-01-02 21:28:04,46,Critical,491,True,3,False,9.6
3113,161,724,Core Network Node,1,3,2024-02-16 15:30:34,2024-02-16 16:42:34,72,Major,245,True,3,False,4.8
3114,402,291,Core Network Node,5,9,2024-08-05 16:48:12,2024-08-05 17:07:12,19,Minor,151,False,3,True,3.2
3115,333,225,Radio Base Station,5,4,2024-04-02 11:43:24,2024-04-02 12:12:24,29,Critical,450,False,4,True,4.2
3116,337,63,Transmission Equipment,3,1,2024-11-28 17:38:39,2024-11-28 18:08:39,30,Minor,138,False,1,True,5.4
3117,172,647,Power System,3,3,2024-03-26 00:11:23,2024-03-26 01:06:23,55,Minor,105,False,3,True,2.9
3118,198,251,Radio Base Station,1,1,2025-10-03 15:06:17,2025-10-03 15:24:17,18,Minor,128,False,1,True,9.4
3119,432,267,Radio Base Station,2,2,2024-10-31 14:05:43,2024-10-31 14:10:43,5,Warning,29,False,4,True,2.3
3120,223,115,Radio Base Station,4,7,2024-01-18 17:53:56,2024-01-18 18:56:56,63,Major,339,True,3,False,5.8
3121,486,931,Radio Base Station,3,4,2025-06-26 12:23:08,2025-06-26 13:28:08,65,Major,432,True,3,False,6.5
3122,363,743,Radio Base Station,3,6,2025-01-29 07:18:01,2025-01-29 07:37:01,19,Major,231,False,3,True,8.5
3123,22,626,Antenna System,5,3,2025-04-13 01:31:39,2025-04-13 01:37:39,6,Warning,18,False,5,True,1.8
3124,77,772,Transmission Equipment,5,1,2025-08-16 12:38:58,2025-08-16 12:43:58,5,Warning,22,False,1,True,9.4
3125,411,675,Antenna System,4,4,2024-02-11 03:17:55,2024-02-11 03:50:55,33,Minor,113,False,3,True,4.4
3126,384,302,Radio Base Station,2,1,2025-10-25 11:24:53,2025-10-25 11:31:53,7,Minor,116,False,4,True,3.6
3127,404,252,Radio Base Station,2,4,2025-07-13 15:06:02,2025-07-13 16:03:02,57,Major,341,False,3,True,8.2
3128,193,910,Power System,3,7,2025-10-16 15:21:26,2025-10-16 16:31:26,70,Major,194,True,5,False,6.9
3129,404,156,Router/Switch,4,4,2025-08-31 17:21:17,2025-08-31 17:57:17,36,Minor,165,False,5,True,7.2
3130,171,928,Radio Base Station,4,1,2025-11-16 21:28:44,2025-11-16 21:48:44,20,Minor,83,False,3,True,6.5
3131,364,550,Core Network Node,4,5,2024-11-06 20:16:21,2024-11-06 22:47:21,151,Major,358,True,4,False,3.4
3132,385,809,Transmission Equipment,3,1,2024-05-19 14:40:52,2024-05-19 15:07:52,27,Minor,83,False,2,True,8.3
3133,112,307,Antenna System,2,2,2024-07-04 04:54:55,2024-07-04 05:00:55,6,Warning,27,False,1,True,2.0
3134,125,810,Power System,5,4,2025-08-23 13:02:50,2025-08-23 13:13:50,11,Minor,108,False,5,True,4.1
3135,326,715,Antenna System,3,3,2024-11-14 14:10:37,2024-11-14 14:23:37,13,Minor,117,False,2,True,8.6
3136,92,591,Radio Base Station,4,2,2024-07-04 13:34:37,2024-07-04 14:01:37,27,Major,226,False,6,True,2.3
3137,244,510,Antenna System,4,3,2025-10-09 13:37:23,2025-10-09 14:15:23,38,Major,444,False,7,True,7.1
3138,142,173,Transmission Equipment,2,3,2025-11-05 11:59:20,2025-11-05 14:59:20,180,Critical,486,True,5,False,5.3
3139,100,620,Radio Base Station,5,4,2025-08-24 00:06:42,2025-08-24 00:22:42,16,Minor,137,False,2,True,4.8
3140,13,391,Core Network Node,5,6,2024-10-21 09:23:58,2024-10-21 09:52:58,29,Critical,310,False,2,True,1.8
3141,32,926,Transmission Equipment,3,9,2025-08-18 09:59:58,2025-08-18 10:28:58,29,Major,268,False,2,True,6.0
3142,473,801,Core Network Node,4,7,2024-09-06 16:47:01,2024-09-06 16:58:01,11,Minor,99,False,4,True,2.5
3143,438,387,Radio Base Station,1,5,2024-12-25 09:50:15,2024-12-25 10:09:15,19,Minor,80,False,1,True,1.0
3144,115,383,Radio Base Station,1,3,2025-08-04 14:06:32,2025-08-04 14:22:32,16,Minor,187,False,1,True,6.4
3145,259,929,Core Network Node,3,2,2025-08-02 20:35:52,2025-08-02 20:47:52,12,Minor,117,False,2,True,6.9
3146,455,980,Radio Base Station,4,6,2025-03-27 23:55:37,2025-03-28 00:06:37,11,Minor,83,False,2,True,3.6
3147,126,809,Antenna System,1,3,2025-10-24 10:58:05,2025-10-24 11:21:05,23,Minor,70,False,5,True,9.5
3148,125,435,Transmission Equipment,3,5,2024-06-29 23:13:40,2024-06-29 23:14:40,1,Warning,23,False,13,True,2.6
3149,244,810,Transmission Equipment,4,2,2024-02-06 14:52:39,2024-02-06 15:04:39,12,Minor,135,False,1,True,8.6
3150,466,632,Power System,3,3,2025-01-27 22:42:40,2025-01-28 00:08:40,86,Major,285,True,2,False,3.9
3151,44,24,Core Network Node,2,7,2025-05-15 05:20:37,2025-05-15 05:46:37,26,Critical,764,False,5,True,1.9
3152,37,941,Antenna System,5,3,2024-02-16 14:34:06,2024-02-16 15:27:06,53,Major,283,False,7,True,5.8
3153,97,72,Power System,5,8,2024-04-27 17:09:40,2024-04-27 18:12:40,63,Critical,375,True,6,False,4.2
3154,225,670,Power System,2,7,2025-03-26 03:39:42,2025-03-26 04:45:42,66,Critical,417,True,5,False,3.4
3155,311,653,Power System,1,2,2024-07-10 11:39:01,2024-07-10 14:15:01,156,Critical,279,True,1,False,1.5
3156,67,212,Radio Base Station,4,3,2024-11-20 15:11:33,2024-11-20 17:45:33,154,Critical,484,True,3,False,7.5
3157,438,817,Antenna System,3,1,2025-08-04 16:24:28,2025-08-04 17:09:28,45,Major,308,False,1,True,8.3
3158,64,513,Router/Switch,1,5,2025-07-07 16:01:33,2025-07-07 16:38:33,37,Minor,136,False,2,True,7.2
3159,154,891,Radio Base Station,3,2,2024-10-26 14:45:05,2024-10-26 16:30:05,105,Critical,681,True,5,False,5.1
3160,402,976,Power System,4,1,2025-03-26 09:58:40,2025-03-26 10:35:40,37,Minor,182,False,2,True,3.9
3161,263,923,Core Network Node,2,3,2025-03-06 15:57:36,2025-03-06 16:18:36,21,Minor,125,False,1,True,4.3
3162,73,890,Power System,4,7,2024-02-21 15:36:32,2024-02-21 15:44:32,8,Major,193,False,3,True,8.8
3163,241,75,Transmission Equipment,2,4,2025-08-04 15:48:56,2025-08-04 16:04:56,16,Minor,127,False,2,True,4.2
3164,123,164,Transmission Equipment,3,3,2024-11-16 09:24:43,2024-11-16 10:12:43,48,Minor,137,False,3,True,9.4
3165,285,93,Antenna System,4,7,2024-09-24 12:46:24,2024-09-24 13:05:24,19,Minor,179,False,3,True,5.0
3166,328,420,Antenna System,2,5,2024-11-09 15:24:11,2024-11-09 15:48:11,24,Major,205,False,2,True,2.3
3167,165,817,Radio Base Station,4,2,2024-03-09 06:26:23,2024-03-09 06:42:23,16,Major,201,False,4,True,6.4
3168,439,892,Radio Base Station,1,3,2025-11-28 13:43:43,2025-11-28 13:52:43,9,Warning,30,False,3,True,6.8
3169,469,767,Power System,4,1,2025-09-26 22:03:26,2025-09-26 22:57:26,54,Major,447,False,7,True,2.4
3170,305,55,Radio Base Station,4,4,2024-09-10 23:16:03,2024-09-11 02:51:03,215,Major,310,True,4,False,2.8
3171,36,142,Power System,3,2,2025-02-13 23:33:37,2025-02-13 23:45:37,12,Minor,92,False,3,True,1.8
3172,374,200,Transmission Equipment,2,6,2025-01-06 07:57:49,2025-01-06 08:08:49,11,Minor,76,False,4,True,2.1
3173,147,360,Antenna System,4,8,2024-12-28 01:06:40,2024-12-28 01:10:40,4,Warning,23,False,0,True,6.1
3174,23,110,Antenna System,1,4,2024-09-07 12:40:16,2024-09-07 14:03:16,83,Major,190,True,2,False,8.7
3175,475,738,Router/Switch,4,2,2025-06-14 12:18:39,2025-06-14 12:29:39,11,Warning,22,False,4,True,3.1
3176,426,920,Power System,1,9,2025-03-20 20:22:30,2025-03-20 20:56:30,34,Critical,568,True,4,False,9.8
3177,289,357,Transmission Equipment,4,2,2025-06-29 05:26:08,2025-06-29 05:47:08,21,Minor,103,False,4,True,9.8
3178,342,96,Antenna System,2,1,2024-03-20 01:34:49,2024-03-20 01:47:49,13,Minor,100,False,2,True,1.0
3179,198,294,Antenna System,2,1,2024-09-02 08:38:24,2024-09-02 09:47:24,69,Major,224,True,2,False,6.1
3180,274,119,Router/Switch,5,2,2024-05-20 12:32:49,2024-05-20 12:59:49,27,Minor,160,False,3,True,2.6
3181,359,521,Core Network Node,2,3,2025-11-06 15:40:23,2025-11-06 18:33:23,173,Critical,683,True,4,False,8.7
3182,234,418,Router/Switch,5,1,2024-04-06 19:27:19,2024-04-06 19:50:19,23,Minor,88,False,2,True,9.3
3183,226,720,Power System,2,2,2024-04-02 02:21:57,2024-04-02 03:15:57,54,Minor,154,False,4,True,8.1
3184,257,699,Core Network Node,2,2,2025-12-05 18:58:15,2025-12-05 19:08:15,10,Warning,29,False,2,True,1.5
3185,102,281,Core Network Node,4,4,2024-12-18 07:14:10,2024-12-18 07:34:10,20,Major,268,False,4,True,2.8
3186,492,831,Transmission Equipment,1,1,2025-12-10 19:50:20,2025-12-10 21:04:20,74,Major,239,True,2,False,1.8
3187,308,283,Radio Base Station,3,7,2024-08-26 19:36:04,2024-08-26 19:44:04,8,Warning,24,False,1,True,1.5
3188,279,250,Antenna System,2,3,2024-12-03 15:55:27,2024-12-03 16:06:27,11,Minor,124,False,3,True,6.1
3189,474,93,Router/Switch,2,8,2025-03-02 14:02:53,2025-03-02 14:10:53,8,Warning,33,False,5,True,3.7
3190,269,35,Antenna System,2,2,2024-01-15 04:28:48,2024-01-15 04:48:48,20,Minor,119,False,8,True,7.9
3191,24,288,Radio Base Station,5,2,2025-01-26 00:40:29,2025-01-26 00:41:29,1,Minor,168,False,2,True,5.3
3192,127,15,Core Network Node,3,1,2024-03-01 16:03:50,2024-03-01 17:51:50,108,Critical,668,True,4,False,4.0
3193,14,587,Radio Base Station,3,1,2025-09-08 10:31:34,2025-09-08 10:36:34,5,Warning,38,False,4,True,1.6
3194,356,262,Power System,2,7,2024-04-08 15:44:56,2024-04-08 15:53:56,9,Minor,123,False,4,True,7.0
3195,169,845,Power System,3,5,2024-07-23 22:43:57,2024-07-23 22:44:57,1,Warning,32,False,3,True,1.2
3196,8,459,Power System,3,6,2024-05-27 05:52:31,2024-05-27 06:44:31,52,Minor,184,False,3,True,7.6
3197,316,675,Core Network Node,1,2,2024-11-02 15:17:14,2024-11-02 15:34:14,17,Minor,103,False,5,True,2.3
3198,125,821,Transmission Equipment,5,2,2024-01-12 21:19:31,2024-01-12 22:40:31,81,Major,177,True,3,False,2.9
3199,285,285,Antenna System,1,7,2024-10-14 20:16:53,2024-10-14 21:51:53,95,Major,286,True,4,False,9.4
3200,432,692,Radio Base Station,2,1,2024-06-24 13:02:45,2024-06-24 13:21:45,19,Minor,71,False,3,True,5.9
3201,124,117,Antenna System,1,4,2024-06-21 20:40:43,2024-06-21 21:10:43,30,Minor,75,False,8,True,4.8
3202,156,501,Power System,2,3,2025-01-25 10:54:40,2025-01-25 11:29:40,35,Major,310,False,3,True,5.1
3203,6,843,Radio Base Station,5,6,2024-05-28 18:28:02,2024-05-28 18:52:02,24,Major,325,False,3,True,6.5
3204,488,65,Core Network Node,5,2,2024-12-19 01:43:02,2024-12-19 02:15:02,32,Major,308,False,1,True,1.5
3205,20,775,Router/Switch,2,2,2025-06-07 13:15:38,2025-06-07 13:51:38,36,Minor,111,False,2,True,8.4
3206,239,226,Radio Base Station,5,2,2024-04-22 10:40:02,2024-04-22 10:49:02,9,Minor,73,False,6,True,4.1
3207,482,740,Router/Switch,1,4,2025-02-24 12:26:35,2025-02-24 13:10:35,44,Minor,115,False,1,True,9.3
3208,86,266,Router/Switch,1,5,2024-03-05 07:08:31,2024-03-05 08:09:31,61,Critical,479,True,2,False,1.6
3209,364,411,Radio Base Station,3,5,2025-02-28 10:20:44,2025-02-28 12:04:44,104,Major,282,True,3,False,5.1
3210,317,389,Power System,1,1,2024-08-28 15:00:08,2024-08-28 15:41:08,41,Minor,103,False,7,True,7.5
3211,85,413,Power System,4,2,2024-05-14 22:11:43,2024-05-14 22:53:43,42,Minor,157,False,3,True,2.6
3212,304,138,Power System,1,2,2025-03-24 05:12:08,2025-03-24 05:35:08,23,Minor,138,False,3,True,9.6
3213,212,91,Antenna System,3,7,2025-02-18 12:32:06,2025-02-18 12:52:06,20,Minor,76,False,4,True,2.7
3214,447,67,Core Network Node,3,5,2024-02-14 20:36:23,2024-02-14 20:39:23,3,Minor,112,False,3,True,2.7
3215,193,801,Router/Switch,1,2,2025-09-05 02:26:35,2025-09-05 02:48:35,22,Minor,79,False,2,True,4.2
3216,499,834,Core Network Node,3,3,2024-11-08 10:47:34,2024-11-08 11:22:34,35,Major,441,False,3,True,1.8
3217,313,210,Router/Switch,2,7,2024-11-27 01:14:19,2024-11-27 01:59:19,45,Minor,133,False,4,True,6.9
3218,270,818,Power System,5,1,2024-09-05 15:03:18,2024-09-05 15:17:18,14,Warning,25,False,2,True,3.2
3219,494,664,Router/Switch,2,1,2025-06-29 10:13:23,2025-06-29 11:04:23,51,Major,439,False,3,True,9.3
3220,402,465,Power System,5,2,2024-03-12 22:51:27,2024-03-12 23:22:27,31,Minor,182,False,1,True,8.4
3221,169,932,Antenna System,3,2,2024-10-19 22:15:00,2024-10-20 00:56:00,161,Critical,375,True,5,False,1.5
3222,211,677,Power System,1,6,2025-03-10 16:38:46,2025-03-10 17:23:46,45,Critical,348,True,6,False,5.3
3223,230,351,Power System,2,3,2024-02-26 10:05:25,2024-02-26 11:16:25,71,Minor,163,False,4,True,7.9
3224,308,579,Power System,5,3,2025-01-16 13:00:18,2025-01-16 13:19:18,19,Minor,80,False,0,True,1.2
3225,165,461,Antenna System,4,3,2024-11-13 12:01:25,2024-11-13 12:54:25,53,Major,250,False,1,True,3.7
3226,83,757,Antenna System,5,1,2024-04-20 07:35:32,2024-04-20 08:16:32,41,Major,466,False,5,True,8.5
3227,345,325,Radio Base Station,3,1,2025-09-17 12:21:15,2025-09-17 12:41:15,20,Minor,67,False,6,True,6.1
3228,390,315,Transmission Equipment,4,5,2024-01-08 11:53:24,2024-01-08 12:04:24,11,Warning,21,False,4,True,2.3
3229,44,944,Antenna System,1,7,2025-05-27 11:31:09,2025-05-27 11:52:09,21,Minor,152,False,2,True,3.6
3230,294,921,Power System,5,6,2025-07-20 15:51:28,2025-07-20 16:29:28,38,Critical,440,True,6,False,7.9
3231,368,329,Antenna System,2,2,2024-11-02 15:35:01,2024-11-02 15:58:01,23,Minor,104,False,4,True,4.5
3232,34,470,Router/Switch,5,2,2025-01-30 10:37:02,2025-01-30 11:48:02,71,Major,340,True,4,False,2.1
3233,104,29,Antenna System,5,5,2025-06-11 08:25:16,2025-06-11 09:07:16,42,Minor,73,False,1,True,9.1
3234,480,382,Radio Base Station,1,2,2024-05-17 05:22:28,2024-05-17 06:47:28,85,Minor,110,False,3,True,2.9
3235,139,850,Power System,5,8,2024-01-02 00:17:38,2024-01-02 00:24:38,7,Minor,210,False,4,True,9.8
3236,416,830,Power System,2,6,2025-01-14 04:21:18,2025-01-14 04:45:18,24,Minor,88,False,4,True,9.2
3237,238,202,Radio Base Station,1,3,2025-03-06 09:37:29,2025-03-06 09:46:29,9,Minor,116,False,1,True,7.2
3238,377,8,Power System,4,8,2024-07-20 13:46:12,2024-07-20 14:08:12,22,Minor,188,False,1,True,8.2
3239,316,598,Transmission Equipment,1,2,2024-08-11 12:59:16,2024-08-11 13:42:16,43,Minor,158,False,0,True,5.3
3240,160,607,Radio Base Station,2,1,2024-02-23 19:21:05,2024-02-23 19:27:05,6,Minor,98,False,3,True,7.0
3241,73,755,Radio Base Station,2,9,2024-08-11 06:32:16,2024-08-11 06:54:16,22,Minor,77,False,3,True,8.7
3242,151,598,Transmission Equipment,1,2,2024-03-23 15:01:04,2024-03-23 17:07:04,126,Critical,469,True,2,False,3.5
3243,316,807,Radio Base Station,1,3,2024-12-06 13:59:30,2024-12-06 14:03:30,4,Minor,150,False,5,True,4.0
3244,160,320,Transmission Equipment,5,5,2024-03-10 03:13:43,2024-03-10 04:40:43,87,Critical,494,True,4,False,8.7
3245,329,875,Transmission Equipment,4,2,2025-06-27 09:14:48,2025-06-27 09:38:48,24,Minor,113,False,4,True,4.7
3246,87,70,Power System,5,7,2024-03-20 17:00:53,2024-03-20 18:07:53,67,Critical,731,True,6,False,1.3
3247,192,328,Router/Switch,2,2,2024-04-18 12:24:18,2024-04-18 13:10:18,46,Minor,113,False,5,True,8.3
3248,74,779,Core Network Node,2,1,2025-06-12 10:54:56,2025-06-12 12:58:56,124,Critical,479,True,0,False,5.1
3249,205,296,Transmission Equipment,3,5,2025-07-01 10:02:02,2025-07-01 10:58:02,56,Critical,405,True,7,False,2.9
3250,408,139,Radio Base Station,2,5,2024-12-29 02:34:20,2024-12-29 03:27:20,53,Minor,112,False,1,True,2.8
3251,347,479,Radio Base Station,5,5,2024-10-21 14:26:30,2024-10-21 15:00:30,34,Minor,201,False,0,True,5.0
3252,400,412,Router/Switch,1,4,2025-10-10 12:47:21,2025-10-10 13:54:21,67,Major,467,True,4,False,3.5
3253,318,959,Core Network Node,1,1,2025-07-07 07:55:07,2025-07-07 08:35:07,40,Minor,153,False,4,True,4.0
3254,265,351,Transmission Equipment,3,3,2025-05-13 09:08:32,2025-05-13 09:27:32,19,Warning,31,False,4,True,9.8
3255,229,285,Power System,5,6,2025-01-26 10:41:54,2025-01-26 10:42:54,1,Warning,28,False,0,True,1.8
3256,255,374,Core Network Node,4,3,2024-09-14 17:05:45,2024-09-14 17:45:45,40,Major,238,False,3,True,4.3
3257,113,45,Transmission Equipment,5,4,2025-06-24 11:21:41,2025-06-24 11:37:41,16,Minor,132,False,1,True,4.2
3258,1,362,Core Network Node,1,2,2024-01-04 15:17:37,2024-01-04 16:28:37,71,Minor,71,False,3,True,5.4
3259,259,165,Antenna System,5,1,2025-10-29 17:53:17,2025-10-29 20:21:17,148,Critical,350,True,3,False,7.0
3260,209,582,Transmission Equipment,5,3,2025-09-02 23:14:00,2025-09-02 23:43:00,29,Minor,145,False,2,True,7.2
3261,218,51,Core Network Node,2,2,2024-08-19 17:31:35,2024-08-19 18:21:35,50,Minor,129,False,5,True,3.9
3262,294,310,Transmission Equipment,3,1,2025-05-22 16:57:59,2025-05-22 17:24:59,27,Minor,184,False,2,True,4.3
3263,389,517,Radio Base Station,1,1,2025-11-23 18:54:38,2025-11-23 19:05:38,11,Minor,104,False,4,True,5.7
3264,459,246,Core Network Node,2,1,2025-11-03 13:22:45,2025-11-03 13:49:45,27,Minor,123,False,3,True,1.6
3265,68,189,Radio Base Station,1,5,2025-05-05 20:52:02,2025-05-05 21:13:02,21,Major,245,False,5,True,6.0
3266,179,610,Antenna System,2,4,2025-09-12 10:52:26,2025-09-12 10:55:26,3,Warning,28,False,6,True,8.5
3267,487,954,Radio Base Station,5,4,2024-10-07 12:40:09,2024-10-07 12:47:09,7,Warning,34,False,6,True,2.0
3268,212,71,Router/Switch,5,3,2025-10-10 12:40:56,2025-10-10 13:08:56,28,Major,283,False,2,True,9.9
3269,203,67,Antenna System,4,5,2025-03-03 12:02:40,2025-03-03 12:04:40,2,Warning,29,False,0,True,8.3
3270,144,353,Antenna System,1,4,2025-08-04 15:42:49,2025-08-04 16:10:49,28,Critical,443,False,0,True,7.9
3271,214,608,Transmission Equipment,5,3,2025-06-23 14:56:45,2025-06-23 15:22:45,26,Major,304,False,3,True,7.8
3272,245,7,Router/Switch,4,1,2025-06-19 15:49:50,2025-06-19 16:10:50,21,Warning,28,False,3,True,1.6
3273,49,466,Antenna System,5,2,2025-05-29 23:08:03,2025-05-29 23:19:03,11,Minor,169,False,4,True,1.1
3274,7,291,Router/Switch,1,2,2024-08-13 07:24:58,2024-08-13 07:34:58,10,Minor,155,False,4,True,2.2
3275,483,847,Antenna System,1,3,2024-12-20 10:49:08,2024-12-20 11:23:08,34,Major,395,False,3,True,7.2
3276,455,707,Antenna System,2,2,2024-01-01 09:38:01,2024-01-01 09:49:01,11,Warning,25,False,4,True,9.6
3277,431,113,Router/Switch,5,9,2025-09-30 02:29:12,2025-09-30 02:51:12,22,Critical,428,False,4,True,1.0
3278,153,257,Core Network Node,4,4,2024-12-20 16:34:55,2024-12-20 17:55:55,81,Major,312,True,2,False,9.6
3279,186,575,Router/Switch,1,3,2025-12-16 01:26:08,2025-12-16 02:29:08,63,Major,385,True,1,False,3.1
3280,180,348,Core Network Node,5,2,2024-01-13 07:50:51,2024-01-13 08:03:51,13,Warning,48,False,3,True,2.5
3281,394,489,Radio Base Station,3,2,2024-08-10 17:59:15,2024-08-10 18:38:15,39,Minor,109,False,3,True,9.9
3282,368,116,Core Network Node,2,2,2025-07-20 09:17:58,2025-07-20 09:23:58,6,Minor,103,False,2,True,5.3
3283,69,169,Power System,4,9,2025-04-09 15:12:17,2025-04-09 15:30:17,18,Major,316,False,4,True,2.9
3284,462,589,Power System,3,2,2024-04-29 12:59:58,2024-04-29 13:01:58,2,Warning,30,False,3,True,2.1
3285,426,474,Radio Base Station,1,6,2024-11-05 11:42:56,2024-11-05 11:48:56,6,Minor,127,False,2,True,9.1
3286,241,983,Core Network Node,2,1,2024-10-16 08:42:56,2024-10-16 09:05:56,23,Critical,487,False,5,True,9.9
3287,359,862,Transmission Equipment,3,2,2025-06-14 13:52:50,2025-06-14 14:09:50,17,Minor,189,False,6,True,7.4
3288,164,845,Core Network Node,4,2,2024-08-25 14:06:26,2024-08-25 14:42:26,36,Major,192,False,2,True,8.5
3289,368,427,Core Network Node,4,3,2024-03-09 09:14:19,2024-03-09 10:22:19,68,Critical,292,True,7,False,2.8
3290,244,610,Radio Base Station,4,1,2025-05-17 17:32:02,2025-05-17 17:55:02,23,Minor,160,False,0,True,6.3
3291,366,815,Radio Base Station,5,5,2024-09-19 01:06:54,2024-09-19 01:09:54,3,Minor,180,False,1,True,3.2
3292,303,913,Radio Base Station,2,5,2024-05-13 08:07:24,2024-05-13 08:34:24,27,Major,364,False,3,True,9.7
3293,268,353,Transmission Equipment,3,6,2025-12-17 20:47:20,2025-12-17 21:20:20,33,Minor,68,False,3,True,8.7
3294,450,759,Radio Base Station,1,6,2024-08-02 07:13:02,2024-08-02 07:28:02,15,Critical,376,False,3,True,6.9
3295,281,452,Transmission Equipment,5,7,2025-04-06 08:52:06,2025-04-06 09:21:06,29,Minor,75,False,1,True,9.0
3296,431,758,Radio Base Station,4,2,2025-09-19 09:53:54,2025-09-19 10:11:54,18,Minor,125,False,6,True,8.4
3297,187,883,Router/Switch,1,2,2024-08-02 08:28:21,2024-08-02 08:47:21,19,Warning,37,False,2,True,4.4
3298,273,830,Antenna System,5,4,2024-01-31 16:30:43,2024-01-31 16:36:43,6,Warning,47,False,4,True,5.5
3299,136,599,Power System,4,3,2024-05-20 15:38:10,2024-05-20 16:07:10,29,Major,429,False,6,True,3.8
3300,32,153,Antenna System,5,2,2024-07-26 16:51:35,2024-07-26 17:00:35,9,Warning,30,False,1,True,2.3
3301,364,96,Power System,5,7,2025-06-17 04:15:03,2025-06-17 04:22:03,7,Major,325,False,2,True,7.2
3302,489,68,Antenna System,5,3,2024-03-13 12:44:07,2024-03-13 13:12:07,28,Minor,112,False,3,True,6.9
3303,139,693,Core Network Node,4,1,2025-01-28 13:56:33,2025-01-28 14:19:33,23,Minor,194,False,4,True,6.2
3304,48,9,Power System,2,7,2025-07-25 14:57:35,2025-07-25 15:00:35,3,Minor,122,False,6,True,6.0
3305,226,93,Transmission Equipment,4,2,2025-09-09 17:43:50,2025-09-09 21:05:50,202,Critical,642,True,2,False,1.8
3306,268,558,Router/Switch,2,3,2025-05-22 23:08:56,2025-05-22 23:44:56,36,Major,221,False,6,True,7.3
3307,500,387,Transmission Equipment,3,5,2024-01-24 11:18:05,2024-01-24 11:40:05,22,Minor,194,False,5,True,4.6
3308,178,265,Radio Base Station,5,5,2024-11-27 01:21:49,2024-11-27 01:37:49,16,Minor,152,False,5,True,2.9
3309,26,467,Router/Switch,3,6,2025-04-22 10:51:06,2025-04-22 11:03:06,12,Critical,500,False,7,True,9.4
3310,489,327,Router/Switch,4,8,2024-07-25 16:45:23,2024-07-25 17:16:23,31,Major,206,False,4,True,4.2
3311,120,345,Core Network Node,2,2,2025-01-11 10:48:26,2025-01-11 12:20:26,92,Critical,493,True,5,False,8.2
3312,294,341,Router/Switch,4,1,2024-07-27 08:18:34,2024-07-27 09:06:34,48,Major,284,False,2,True,1.2
3313,120,20,Core Network Node,5,7,2025-08-26 12:50:32,2025-08-26 14:24:32,94,Minor,77,False,1,True,2.1
3314,381,62,Transmission Equipment,1,8,2025-03-09 05:07:07,2025-03-09 05:18:07,11,Minor,130,False,2,True,4.2
3315,199,39,Power System,5,9,2024-12-19 14:58:02,2024-12-19 15:17:02,19,Minor,122,False,2,True,5.5
3316,257,482,Transmission Equipment,3,5,2024-01-13 16:37:59,2024-01-13 16:46:59,9,Major,195,False,3,True,4.5
3317,321,67,Router/Switch,1,6,2024-07-13 14:09:09,2024-07-13 14:34:09,25,Major,277,False,4,True,7.4
3318,424,296,Core Network Node,3,7,2024-03-02 08:22:13,2024-03-02 08:27:13,5,Warning,30,False,3,True,6.9
3319,155,525,Transmission Equipment,5,4,2024-05-30 13:43:39,2024-05-30 13:54:39,11,Major,393,False,2,True,2.7
3320,434,762,Radio Base Station,3,4,2025-10-04 12:03:33,2025-10-04 12:20:33,17,Minor,133,False,4,True,6.3
3321,99,329,Router/Switch,1,2,2024-02-09 15:24:32,2024-02-10 00:12:32,528,Critical,464,True,4,False,9.4
3322,219,312,Router/Switch,1,2,2024-08-14 03:18:36,2024-08-14 04:42:36,84,Major,255,True,4,False,9.0
3323,234,54,Radio Base Station,4,2,2024-08-25 01:25:54,2024-08-25 03:05:54,100,Critical,445,True,3,False,4.7
3324,404,813,Core Network Node,3,1,2024-06-28 13:36:33,2024-06-28 13:54:33,18,Minor,152,False,2,True,5.1
3325,233,963,Transmission Equipment,4,3,2024-10-03 14:12:34,2024-10-03 14:21:34,9,Major,270,False,4,True,3.3
3326,419,301,Router/Switch,3,4,2025-03-10 14:25:49,2025-03-10 14:46:49,21,Major,255,False,2,True,2.6
3327,124,550,Radio Base Station,3,2,2024-07-17 07:27:31,2024-07-17 07:34:31,7,Major,186,False,5,True,2.1
3328,412,12,Router/Switch,4,4,2024-10-27 03:57:27,2024-10-27 04:39:27,42,Minor,194,False,2,True,5.1
3329,217,520,Core Network Node,1,8,2025-05-19 02:58:05,2025-05-19 03:52:05,54,Critical,610,True,3,False,2.9
3330,290,421,Antenna System,3,4,2025-05-19 21:47:04,2025-05-19 22:32:04,45,Major,314,False,5,True,3.3
3331,215,984,Antenna System,1,4,2025-02-17 07:16:32,2025-02-17 08:11:32,55,Minor,126,False,8,True,7.6
3332,161,148,Antenna System,5,4,2024-10-04 11:45:46,2024-10-04 12:13:46,28,Minor,105,False,2,True,1.5
3333,369,537,Core Network Node,1,5,2025-04-08 09:41:18,2025-04-08 09:45:18,4,Minor,122,False,4,True,9.9
3334,49,89,Transmission Equipment,2,2,2024-03-17 21:24:20,2024-03-17 21:50:20,26,Major,306,False,4,True,2.5
3335,110,580,Radio Base Station,1,2,2025-08-09 10:21:10,2025-08-09 10:40:10,19,Minor,98,False,2,True,1.9
3336,367,849,Antenna System,3,5,2025-06-13 13:49:10,2025-06-13 14:15:10,26,Warning,41,False,3,True,3.2
3337,12,874,Core Network Node,4,7,2025-03-25 12:47:59,2025-03-25 13:16:59,29,Minor,173,False,4,True,5.5
3338,399,464,Radio Base Station,5,8,2025-10-20 15:15:15,2025-10-20 15:41:15,26,Major,180,False,2,True,7.3
3339,319,718,Radio Base Station,1,6,2025-10-15 08:42:03,2025-10-15 09:18:03,36,Major,416,False,4,True,8.9
3340,122,180,Core Network Node,5,1,2025-12-23 23:03:44,2025-12-23 23:12:44,9,Minor,79,False,1,True,8.2
3341,103,776,Router/Switch,5,3,2025-02-28 08:56:13,2025-02-28 09:20:13,24,Major,314,False,3,True,10.0
3342,426,500,Core Network Node,4,3,2025-06-03 14:43:20,2025-06-03 15:14:20,31,Minor,148,False,6,True,2.1
3343,324,259,Transmission Equipment,1,3,2024-08-20 08:58:31,2024-08-20 09:10:31,12,Minor,113,False,1,True,3.7
3344,273,140,Router/Switch,3,5,2025-11-08 01:21:54,2025-11-08 01:29:54,8,Major,302,False,8,True,1.9
3345,62,933,Radio Base Station,2,1,2025-11-08 03:45:46,2025-11-08 04:00:46,15,Warning,36,False,2,True,8.1
3346,256,162,Power System,1,3,2024-06-01 20:38:07,2024-06-01 20:55:07,17,Minor,176,False,2,True,7.2
3347,222,71,Power System,1,2,2024-10-07 16:32:38,2024-10-07 18:10:38,98,Major,467,True,2,False,7.2
3348,143,151,Radio Base Station,2,2,2025-05-03 16:05:19,2025-05-03 16:08:19,3,Warning,20,False,5,True,7.0
3349,18,269,Radio Base Station,1,8,2025-07-10 15:09:08,2025-07-10 16:23:08,74,Major,215,True,2,False,4.1
3350,168,906,Transmission Equipment,4,5,2024-05-30 11:24:14,2024-05-30 11:30:14,6,Minor,160,False,4,True,9.9
3351,233,526,Antenna System,2,3,2025-09-18 22:57:51,2025-09-19 00:10:51,73,Critical,315,True,1,False,2.3
3352,165,336,Radio Base Station,4,5,2025-01-08 03:44:49,2025-01-08 04:33:49,49,Major,182,False,0,True,3.6
3353,25,994,Router/Switch,1,5,2024-11-03 10:17:41,2024-11-03 10:32:41,15,Minor,118,False,4,True,6.5
3354,366,302,Antenna System,1,1,2024-07-20 17:43:35,2024-07-20 17:57:35,14,Minor,177,False,2,True,2.6
3355,22,652,Antenna System,4,2,2025-10-05 18:47:43,2025-10-05 19:53:43,66,Major,250,True,3,False,6.3
3356,57,165,Router/Switch,2,3,2025-07-21 11:55:57,2025-07-21 11:58:57,3,Major,311,False,1,True,3.2
3357,170,84,Power System,4,2,2024-06-30 13:18:38,2024-06-30 13:57:38,39,Critical,342,True,5,False,3.5
3358,412,1,Core Network Node,4,1,2025-11-30 12:46:03,2025-11-30 12:49:03,3,Minor,117,False,1,True,6.7
3359,272,373,Transmission Equipment,3,2,2024-10-02 05:06:29,2024-10-02 05:11:29,5,Warning,27,False,1,True,6.7
3360,276,465,Transmission Equipment,1,5,2024-05-21 14:42:32,2024-05-21 14:52:32,10,Minor,100,False,5,True,6.0
3361,20,931,Antenna System,4,2,2024-04-04 12:10:21,2024-04-04 13:12:21,62,Minor,112,False,4,True,5.5
3362,490,531,Core Network Node,2,4,2024-06-05 17:44:16,2024-06-05 18:42:16,58,Major,177,False,4,True,4.1
3363,66,479,Router/Switch,5,4,2025-01-18 18:44:22,2025-01-18 19:18:22,34,Major,346,False,2,True,3.8
3364,230,842,Power System,1,2,2025-10-18 17:55:47,2025-10-18 18:26:47,31,Minor,123,False,2,True,9.2
3365,161,902,Antenna System,1,1,2025-02-24 21:10:52,2025-02-24 21:29:52,19,Major,339,False,4,True,6.9
3366,33,309,Power System,5,6,2025-11-17 13:54:52,2025-11-17 14:22:52,28,Major,240,False,2,True,3.5
3367,126,446,Radio Base Station,5,8,2024-03-06 08:55:50,2024-03-06 09:28:50,33,Minor,104,False,6,True,5.0
3368,102,995,Power System,4,3,2024-04-09 15:11:17,2024-04-09 15:59:17,48,Minor,134,False,3,True,8.9
3369,210,659,Radio Base Station,4,2,2025-05-20 02:09:59,2025-05-20 02:34:59,25,Minor,89,False,4,True,5.7
3370,274,200,Router/Switch,2,3,2025-11-23 11:51:42,2025-11-23 12:50:42,59,Major,400,False,1,True,8.3
3371,29,901,Radio Base Station,4,1,2025-12-04 00:04:48,2025-12-04 00:16:48,12,Minor,109,False,3,True,8.9
3372,90,716,Router/Switch,4,7,2025-06-02 06:28:43,2025-06-02 07:03:43,35,Major,212,False,2,True,6.9
3373,98,526,Power System,4,1,2024-04-10 04:40:44,2024-04-10 04:59:44,19,Minor,170,False,2,True,2.7
3374,483,659,Radio Base Station,4,1,2024-06-05 08:10:07,2024-06-05 08:25:07,15,Major,416,False,3,True,7.4
3375,115,574,Power System,2,8,2024-12-13 18:39:14,2024-12-13 18:45:14,6,Warning,32,False,7,True,3.6
3376,263,502,Radio Base Station,3,3,2024-03-20 11:34:49,2024-03-20 11:43:49,9,Minor,119,False,4,True,6.7
3377,132,811,Transmission Equipment,1,2,2025-03-31 20:51:09,2025-03-31 21:29:09,38,Minor,132,False,6,True,2.6
3378,11,44,Router/Switch,4,1,2025-12-01 20:37:15,2025-12-01 20:42:15,5,Minor,190,False,7,True,5.7
3379,356,85,Antenna System,3,1,2024-04-22 00:49:37,2024-04-22 01:19:37,30,Minor,171,False,4,True,4.8
3380,273,393,Radio Base Station,4,9,2025-03-09 12:14:54,2025-03-09 12:42:54,28,Major,340,False,5,True,2.2
3381,237,279,Router/Switch,2,1,2024-10-01 18:25:51,2024-10-01 18:35:51,10,Minor,81,False,4,True,6.5
3382,412,985,Power System,3,4,2025-01-29 16:09:23,2025-01-29 16:55:23,46,Minor,151,False,3,True,2.8
3383,95,930,Antenna System,3,6,2024-12-18 07:42:43,2024-12-18 08:05:43,23,Major,473,False,4,True,6.4
3384,484,523,Transmission Equipment,5,1,2025-12-21 15:10:29,2025-12-21 15:18:29,8,Warning,41,False,4,True,9.6
3385,137,155,Transmission Equipment,5,1,2024-08-24 23:37:49,2024-08-24 23:38:49,1,Warning,25,False,4,True,9.0
3386,217,831,Router/Switch,4,4,2025-01-12 12:52:57,2025-01-12 13:08:57,16,Minor,121,False,9,True,2.9
3387,440,402,Antenna System,3,7,2025-08-18 03:43:05,2025-08-18 04:21:05,38,Minor,75,False,3,True,9.9
3388,111,108,Router/Switch,5,2,2024-01-15 11:49:57,2024-01-15 13:49:57,120,Major,246,True,4,False,2.7
3389,263,650,Antenna System,3,6,2024-04-27 21:42:35,2024-04-27 22:58:35,76,Major,417,True,2,False,5.6
3390,57,515,Router/Switch,2,3,2024-03-17 17:42:05,2024-03-17 17:48:05,6,Minor,122,False,1,True,9.2
3391,415,967,Core Network Node,4,7,2025-11-14 17:23:13,2025-11-14 17:57:13,34,Major,269,False,6,True,7.6
3392,442,774,Transmission Equipment,1,5,2024-09-24 04:39:47,2024-09-24 05:01:47,22,Major,238,False,3,True,5.9
3393,240,556,Antenna System,1,1,2025-09-21 11:07:28,2025-09-21 11:28:28,21,Minor,103,False,2,True,8.5
3394,189,591,Router/Switch,3,5,2024-04-30 02:06:36,2024-04-30 03:16:36,70,Critical,601,True,3,False,5.5
3395,165,927,Antenna System,2,1,2025-08-18 19:11:10,2025-08-18 19:19:10,8,Minor,120,False,2,True,4.6
3396,205,801,Antenna System,2,6,2024-12-12 05:34:38,2024-12-12 06:09:38,35,Major,317,False,8,True,1.0
3397,5,278,Core Network Node,1,7,2024-03-20 17:18:00,2024-03-20 17:28:00,10,Warning,30,False,3,True,2.9
3398,20,918,Core Network Node,4,2,2024-01-08 16:01:23,2024-01-08 17:39:23,98,Critical,358,True,1,False,5.2
3399,91,63,Core Network Node,1,2,2025-10-26 15:53:08,2025-10-26 16:37:08,44,Major,240,False,3,True,5.0
3400,178,899,Transmission Equipment,5,8,2024-09-10 13:23:00,2024-09-10 13:30:00,7,Minor,133,False,3,True,6.7
3401,230,30,Power System,1,3,2025-08-11 12:59:24,2025-08-11 14:06:24,67,Major,294,True,1,False,2.5
3402,325,780,Core Network Node,4,2,2024-02-25 14:02:42,2024-02-25 14:06:42,4,Warning,41,False,2,True,8.8
3403,379,633,Core Network Node,5,1,2024-06-15 17:54:28,2024-06-15 20:28:28,154,Critical,703,True,5,False,4.5
3404,462,780,Antenna System,5,5,2024-07-31 04:53:53,2024-07-31 06:07:53,74,Major,314,True,3,False,5.5
3405,76,396,Transmission Equipment,2,3,2025-10-30 10:57:12,2025-10-30 10:59:12,2,Warning,18,False,2,True,3.4
3406,448,358,Core Network Node,1,3,2025-08-25 08:32:17,2025-08-25 10:40:17,128,Major,394,True,4,False,9.3
3407,247,195,Antenna System,4,1,2024-12-27 10:28:05,2024-12-27 10:32:05,4,Warning,23,False,2,True,6.3
3408,497,314,Power System,4,3,2025-02-17 03:56:57,2025-02-17 03:59:57,3,Minor,131,False,5,True,9.4
3409,46,426,Power System,4,3,2024-04-24 12:04:08,2024-04-24 12:08:08,4,Warning,31,False,1,True,9.1
3410,310,708,Radio Base Station,2,1,2024-11-05 14:51:38,2024-11-05 15:21:38,30,Minor,120,False,7,True,6.8
3411,46,68,Core Network Node,4,2,2024-09-27 13:08:38,2024-09-27 13:21:38,13,Minor,96,False,0,True,8.0
3412,375,33,Core Network Node,3,2,2024-04-26 06:03:36,2024-04-26 06:36:36,33,Major,173,False,2,True,2.5
3413,339,429,Transmission Equipment,1,2,2025-11-05 16:00:45,2025-11-05 16:18:45,18,Minor,121,False,3,True,3.8
3414,40,90,Antenna System,4,2,2024-08-09 05:49:39,2024-08-09 06:01:39,12,Warning,27,False,4,True,9.1
3415,361,465,Radio Base Station,3,6,2024-10-20 10:19:33,2024-10-20 11:02:33,43,Critical,312,True,3,False,1.9
3416,321,269,Power System,3,5,2024-05-19 20:04:37,2024-05-19 20:51:37,47,Critical,284,True,3,False,1.1
3417,337,600,Radio Base Station,5,2,2024-03-17 08:05:08,2024-03-17 08:31:08,26,Warning,31,False,3,True,6.5
3418,129,597,Radio Base Station,3,5,2024-09-22 00:41:27,2024-09-22 01:17:27,36,Minor,142,False,3,True,4.8
3419,495,529,Core Network Node,1,6,2025-09-22 15:48:29,2025-09-22 15:49:29,1,Warning,28,False,4,True,3.9
3420,357,617,Antenna System,2,2,2025-11-01 08:33:05,2025-11-01 08:36:05,3,Major,236,False,0,True,7.2
3421,326,878,Radio Base Station,1,8,2024-04-06 12:28:40,2024-04-06 13:05:40,37,Critical,379,True,2,False,2.9
3422,451,704,Radio Base Station,2,6,2025-10-05 14:12:04,2025-10-05 14:57:04,45,Critical,402,True,3,False,9.8
3423,250,62,Core Network Node,3,4,2024-01-28 09:54:55,2024-01-28 11:16:55,82,Major,247,True,2,False,9.4
3424,489,237,Antenna System,3,4,2025-05-24 08:57:32,2025-05-24 09:01:32,4,Warning,30,False,2,True,1.2
3425,17,590,Router/Switch,5,3,2024-07-18 10:16:18,2024-07-18 10:30:18,14,Minor,109,False,3,True,2.6
3426,185,327,Transmission Equipment,1,2,2025-08-25 10:40:50,2025-08-25 11:16:50,36,Minor,108,False,2,True,4.3
3427,144,168,Radio Base Station,2,7,2024-01-10 01:06:53,2024-01-10 01:25:53,19,Minor,126,False,4,True,2.3
3428,318,906,Transmission Equipment,3,2,2024-09-17 04:52:29,2024-09-17 05:13:29,21,Warning,41,False,2,True,1.2
3429,487,412,Radio Base Station,1,2,2024-08-12 14:29:55,2024-08-12 15:32:55,63,Critical,758,True,2,False,8.0
3430,350,896,Antenna System,1,9,2025-08-29 15:34:44,2025-08-29 15:52:44,18,Major,297,False,5,True,3.9
3431,255,17,Power System,3,2,2025-07-30 16:46:21,2025-07-30 17:01:21,15,Minor,91,False,3,True,8.4
3432,284,736,Core Network Node,4,4,2025-12-24 10:40:03,2025-12-24 11:45:03,65,Major,178,True,6,False,6.8
3433,457,652,Antenna System,4,1,2025-06-24 08:48:08,2025-06-24 10:16:08,88,Critical,443,True,2,False,3.9
3434,65,447,Antenna System,2,2,2025-02-01 23:38:49,2025-02-02 04:16:49,278,Critical,360,True,4,False,4.5
3435,189,251,Router/Switch,5,6,2025-06-05 12:07:48,2025-06-05 12:15:48,8,Warning,48,False,3,True,9.5
3436,374,28,Power System,2,3,2025-06-17 15:35:50,2025-06-17 16:40:50,65,Major,327,True,5,False,7.9
3437,261,681,Core Network Node,3,2,2025-11-18 17:24:34,2025-11-18 18:35:34,71,Minor,115,False,1,True,7.4
3438,460,290,Router/Switch,4,7,2024-05-15 14:03:18,2024-05-15 15:25:18,82,Major,393,True,2,False,5.9
3439,399,114,Power System,3,4,2024-11-01 07:37:16,2024-11-01 07:45:16,8,Minor,116,False,5,True,2.9
3440,71,968,Core Network Node,4,8,2024-11-25 16:07:14,2024-11-25 17:11:14,64,Major,282,True,1,False,2.5
3441,120,346,Radio Base Station,4,6,2024-01-21 18:39:59,2024-01-21 19:45:59,66,Major,190,True,3,False,4.8
3442,70,256,Antenna System,1,4,2024-11-27 03:45:39,2024-11-27 04:30:39,45,Minor,97,False,2,True,9.4
3443,241,402,Transmission Equipment,2,1,2024-11-01 20:21:40,2024-11-01 20:40:40,19,Minor,77,False,4,True,3.7
3444,344,260,Core Network Node,3,3,2025-05-16 22:15:54,2025-05-16 23:45:54,90,Major,194,True,2,False,2.3
3445,97,292,Transmission Equipment,4,4,2025-04-23 00:08:21,2025-04-23 00:40:21,32,Minor,75,False,1,True,4.0
3446,348,516,Antenna System,1,6,2025-02-10 10:41:25,2025-02-10 10:46:25,5,Minor,195,False,4,True,6.3
3447,406,966,Power System,2,2,2025-08-02 08:56:31,2025-08-02 11:27:31,151,Major,187,True,8,False,1.8
3448,152,703,Antenna System,5,3,2025-04-01 02:05:10,2025-04-01 02:19:10,14,Warning,27,False,4,True,6.7
3449,348,801,Transmission Equipment,1,3,2025-01-08 10:57:02,2025-01-08 13:13:02,136,Critical,766,True,5,False,5.4
3450,355,591,Transmission Equipment,4,5,2024-07-05 17:13:25,2024-07-05 17:34:25,21,Minor,120,False,2,True,7.7
3451,445,631,Antenna System,3,5,2025-05-19 20:26:38,2025-05-19 20:57:38,31,Minor,127,False,3,True,3.1
3452,159,627,Power System,2,2,2024-04-11 14:17:02,2024-04-11 16:11:02,114,Critical,405,True,4,False,3.2
3453,194,815,Antenna System,2,4,2025-04-21 12:34:36,2025-04-21 15:42:36,188,Critical,324,True,0,False,9.1
3454,344,732,Radio Base Station,1,3,2025-11-06 12:28:05,2025-11-06 12:41:05,13,Warning,26,False,3,True,2.3
3455,65,188,Core Network Node,1,3,2025-04-17 14:53:32,2025-04-17 15:34:32,41,Major,303,False,2,True,8.1
3456,494,76,Transmission Equipment,5,2,2024-05-11 04:27:56,2024-05-11 04:30:56,3,Major,439,False,2,True,6.3
3457,85,984,Core Network Node,3,1,2025-08-14 20:59:27,2025-08-14 21:04:27,5,Minor,128,False,2,True,8.6
3458,284,589,Router/Switch,1,2,2024-05-29 19:45:20,2024-05-29 20:12:20,27,Critical,472,False,5,True,3.0
3459,258,140,Power System,4,4,2024-03-25 08:59:37,2024-03-25 09:13:37,14,Minor,141,False,2,True,7.2
3460,400,390,Core Network Node,5,5,2025-08-23 08:26:48,2025-08-23 08:47:48,21,Major,468,False,2,True,3.4
3461,212,613,Core Network Node,3,5,2025-01-20 07:03:07,2025-01-20 07:48:07,45,Minor,130,False,3,True,6.2
3462,96,887,Core Network Node,3,4,2025-06-05 14:10:27,2025-06-05 15:04:27,54,Critical,495,True,1,False,7.1
3463,97,3,Transmission Equipment,5,1,2025-03-19 16:49:52,2025-03-19 18:30:52,101,Major,167,True,0,False,7.4
3464,211,91,Radio Base Station,3,2,2025-01-22 08:19:47,2025-01-22 09:56:47,97,Critical,299,True,8,False,6.2
3465,417,562,Core Network Node,5,1,2024-06-29 21:02:19,2024-06-29 21:17:19,15,Minor,150,False,3,True,1.2
3466,366,365,Power System,4,4,2025-11-29 12:11:02,2025-11-29 12:50:02,39,Critical,771,True,4,False,5.2
3467,491,874,Transmission Equipment,5,5,2024-09-04 10:38:51,2024-09-04 10:45:51,7,Minor,118,False,3,True,9.3
3468,52,557,Transmission Equipment,4,5,2024-07-15 12:50:36,2024-07-15 12:57:36,7,Major,348,False,7,True,5.6
3469,496,533,Antenna System,2,5,2024-06-06 11:35:00,2024-06-06 11:41:00,6,Major,205,False,2,True,3.1
3470,112,96,Core Network Node,1,5,2025-08-30 11:52:06,2025-08-30 12:57:06,65,Major,195,True,3,False,4.4
3471,420,220,Core Network Node,5,2,2024-09-20 13:19:00,2024-09-20 14:51:00,92,Major,216,True,4,False,1.1
3472,491,819,Router/Switch,3,3,2024-06-14 17:29:44,2024-06-14 17:49:44,20,Major,280,False,1,True,9.3
3473,132,115,Router/Switch,5,3,2024-05-01 16:45:14,2024-05-01 17:05:14,20,Minor,107,False,3,True,9.9
3474,255,48,Transmission Equipment,1,8,2024-06-21 19:00:59,2024-06-21 19:07:59,7,Minor,73,False,1,True,2.7
3475,176,18,Transmission Equipment,3,1,2025-07-22 22:05:10,2025-07-22 22:19:10,14,Minor,71,False,2,True,8.6
3476,327,790,Router/Switch,4,2,2024-05-13 08:19:42,2024-05-13 09:15:42,56,Major,441,False,3,True,3.0
3477,498,231,Power System,5,2,2025-03-05 16:51:02,2025-03-05 17:21:02,30,Minor,142,False,3,True,1.4
3478,242,165,Antenna System,2,3,2025-05-21 00:15:50,2025-05-21 00:50:50,35,Major,222,False,2,True,3.9
3479,391,502,Router/Switch,3,2,2025-06-21 23:55:04,2025-06-22 00:24:04,29,Minor,82,False,4,True,6.5
3480,399,732,Radio Base Station,5,2,2024-08-04 00:03:44,2024-08-04 01:35:44,92,Critical,501,True,3,False,1.6
3481,205,761,Power System,1,5,2024-04-30 12:28:10,2024-04-30 12:34:10,6,Warning,27,False,3,True,6.3
3482,66,11,Router/Switch,4,2,2024-10-08 14:36:40,2024-10-08 14:47:40,11,Minor,183,False,5,True,5.7
3483,274,23,Antenna System,2,2,2024-03-28 11:28:52,2024-03-28 11:40:52,12,Minor,138,False,1,True,9.9
3484,276,831,Router/Switch,5,4,2024-09-04 17:30:12,2024-09-04 19:31:12,121,Major,269,True,3,False,7.9
3485,15,682,Transmission Equipment,4,6,2025-06-03 08:56:03,2025-06-03 10:06:03,70,Critical,635,True,4,False,9.6
3486,445,669,Router/Switch,5,2,2024-12-24 09:19:55,2024-12-24 10:16:55,57,Minor,127,False,8,True,6.4
3487,485,443,Antenna System,2,2,2025-08-21 21:53:28,2025-08-21 22:57:28,64,Critical,730,True,3,False,6.1
3488,222,360,Router/Switch,2,1,2024-05-02 08:07:22,2024-05-02 08:32:22,25,Major,471,False,1,True,1.1
3489,163,2,Antenna System,1,1,2025-02-03 09:57:35,2025-02-03 10:09:35,12,Minor,167,False,1,True,8.7
3490,400,779,Core Network Node,1,2,2025-10-16 08:37:02,2025-10-16 08:50:02,13,Warning,36,False,2,True,4.6
3491,83,719,Transmission Equipment,3,3,2024-04-23 15:09:27,2024-04-23 15:27:27,18,Major,479,False,5,True,3.5
3492,14,140,Core Network Node,4,2,2024-01-22 04:44:31,2024-01-22 05:10:31,26,Major,446,False,1,True,7.4
3493,276,236,Power System,1,8,2025-07-16 04:50:21,2025-07-16 06:13:21,83,Major,226,True,0,False,7.9
3494,266,971,Power System,1,2,2025-06-10 17:00:29,2025-06-10 17:30:29,30,Major,282,False,3,True,9.0
3495,398,70,Transmission Equipment,3,3,2025-11-04 23:02:27,2025-11-04 23:22:27,20,Major,278,False,5,True,8.3
3496,356,66,Radio Base Station,1,4,2024-07-21 17:40:36,2024-07-21 18:03:36,23,Minor,200,False,6,True,3.6
3497,134,581,Antenna System,4,4,2025-07-18 08:33:37,2025-07-18 08:34:37,1,Warning,42,False,3,True,4.7
3498,219,828,Antenna System,2,2,2024-06-13 11:26:55,2024-06-13 11:48:55,22,Major,216,False,2,True,8.7
3499,418,860,Router/Switch,3,3,2025-12-15 05:26:40,2025-12-15 06:01:40,35,Critical,724,True,2,False,4.2
3500,466,482,Router/Switch,5,4,2025-03-28 13:18:28,2025-03-28 13:31:28,13,Major,247,False,4,True,2.8
3501,448,60,Transmission Equipment,5,5,2025-08-02 16:09:03,2025-08-02 16:22:03,13,Major,296,False,1,True,6.1
3502,462,680,Transmission Equipment,2,3,2025-11-05 13:49:55,2025-11-05 14:08:55,19,Minor,80,False,4,True,8.9
3503,144,544,Radio Base Station,2,2,2024-04-11 08:59:57,2024-04-11 09:37:57,38,Major,445,False,1,True,2.0
3504,470,103,Antenna System,5,2,2024-07-08 08:23:50,2024-07-08 08:54:50,31,Minor,108,False,6,True,6.4
3505,473,882,Power System,5,4,2024-10-26 15:24:24,2024-10-26 15:29:24,5,Minor,128,False,3,True,2.9
3506,138,229,Radio Base Station,1,2,2025-11-15 02:34:25,2025-11-15 02:41:25,7,Warning,47,False,2,True,7.2
3507,347,556,Antenna System,2,1,2025-04-27 20:00:29,2025-04-27 21:24:29,84,Major,461,True,2,False,2.1
3508,292,994,Core Network Node,2,2,2025-02-25 11:31:18,2025-02-25 11:48:18,17,Warning,19,False,2,True,2.5
3509,322,533,Router/Switch,1,7,2024-10-10 08:35:33,2024-10-10 08:46:33,11,Critical,420,False,4,True,5.1
3510,323,8,Router/Switch,2,2,2024-10-14 04:58:38,2024-10-14 05:09:38,11,Minor,132,False,2,True,8.3
3511,464,280,Router/Switch,5,3,2025-03-02 00:42:23,2025-03-02 01:31:23,49,Critical,285,True,5,False,7.1
3512,376,245,Transmission Equipment,4,3,2025-01-13 02:46:43,2025-01-13 03:29:43,43,Major,380,False,1,True,9.9
3513,223,392,Antenna System,2,1,2024-05-27 16:36:59,2024-05-27 17:54:59,78,Critical,612,True,1,False,4.2
3514,369,591,Power System,1,5,2025-04-16 09:19:06,2025-04-16 09:30:06,11,Minor,111,False,2,True,8.4
3515,271,116,Radio Base Station,5,3,2025-03-09 06:19:25,2025-03-09 06:24:25,5,Warning,22,False,3,True,4.5
3516,223,170,Router/Switch,2,5,2025-10-26 15:02:19,2025-10-26 15:09:19,7,Warning,34,False,5,True,2.5
3517,68,829,Radio Base Station,2,3,2025-09-19 14:08:10,2025-09-19 14:14:10,6,Major,236,False,6,True,4.9
3518,69,809,Power System,5,2,2024-10-03 15:12:49,2024-10-03 15:23:49,11,Minor,106,False,5,True,7.4
3519,319,321,Transmission Equipment,1,4,2024-02-04 12:07:20,2024-02-04 13:15:20,68,Major,377,True,1,False,2.9
3520,80,509,Antenna System,1,1,2024-07-03 21:56:12,2024-07-03 22:03:12,7,Minor,80,False,2,True,4.1
3521,407,861,Router/Switch,3,2,2024-08-11 15:26:27,2024-08-11 17:05:27,99,Major,288,True,2,False,3.9
3522,91,456,Transmission Equipment,3,5,2025-12-11 20:02:15,2025-12-11 20:17:15,15,Minor,90,False,2,True,2.2
3523,14,731,Core Network Node,4,7,2025-10-04 16:57:12,2025-10-04 17:05:12,8,Major,484,False,0,True,8.9
3524,84,870,Antenna System,1,3,2025-06-21 08:26:40,2025-06-21 08:31:40,5,Minor,141,False,4,True,8.7
3525,60,647,Power System,4,1,2025-10-13 23:40:41,2025-10-13 23:44:41,4,Warning,22,False,5,True,7.4
3526,429,839,Core Network Node,3,3,2024-04-26 00:24:09,2024-04-26 01:14:09,50,Minor,138,False,4,True,5.8
3527,429,514,Power System,4,3,2024-04-23 10:13:37,2024-04-23 11:22:37,69,Critical,734,True,2,False,7.4
3528,109,96,Radio Base Station,2,2,2024-10-23 12:17:57,2024-10-23 12:54:57,37,Minor,121,False,2,True,5.6
3529,204,583,Radio Base Station,4,1,2025-04-21 09:30:59,2025-04-21 09:59:59,29,Major,244,False,6,True,8.2
3530,19,539,Radio Base Station,1,6,2024-07-31 06:06:56,2024-07-31 06:15:56,9,Minor,114,False,2,True,6.9
3531,376,141,Antenna System,5,2,2025-03-18 11:14:41,2025-03-18 12:35:41,81,Major,336,True,2,False,3.2
3532,417,267,Radio Base Station,1,1,2025-07-13 11:19:50,2025-07-13 11:29:50,10,Warning,27,False,1,True,6.9
3533,282,372,Router/Switch,2,9,2025-09-10 15:34:13,2025-09-10 15:52:13,18,Minor,84,False,1,True,2.0
3534,96,152,Core Network Node,4,3,2024-10-24 17:26:36,2024-10-24 18:17:36,51,Minor,77,False,3,True,5.1
3535,8,925,Transmission Equipment,3,2,2025-05-07 14:08:57,2025-05-07 14:32:57,24,Major,281,False,2,True,9.3
3536,476,273,Transmission Equipment,5,8,2025-05-28 13:48:55,2025-05-28 14:04:55,16,Warning,33,False,1,True,1.9
3537,275,238,Router/Switch,4,6,2024-07-07 16:42:44,2024-07-07 16:47:44,5,Warning,28,False,3,True,6.8
3538,174,558,Core Network Node,4,1,2024-07-17 13:20:01,2024-07-17 14:07:01,47,Major,276,False,2,True,2.8
3539,444,705,Antenna System,1,3,2024-08-27 07:00:02,2024-08-27 07:28:02,28,Minor,165,False,2,True,1.9
3540,126,857,Radio Base Station,1,3,2025-12-29 17:26:49,2025-12-29 17:35:49,9,Minor,120,False,4,True,8.2
3541,387,136,Router/Switch,1,6,2025-07-18 14:12:17,2025-07-18 14:21:17,9,Minor,138,False,5,True,9.2
3542,174,331,Transmission Equipment,1,1,2025-03-01 09:42:16,2025-03-01 11:31:16,109,Critical,383,True,5,False,7.5
3543,31,521,Transmission Equipment,5,3,2025-11-23 00:23:11,2025-11-23 00:25:11,2,Warning,21,False,4,True,2.5
3544,337,86,Radio Base Station,2,2,2025-01-22 14:34:54,2025-01-22 15:31:54,57,Minor,153,False,2,True,9.8
3545,297,25,Router/Switch,1,4,2025-08-21 15:53:03,2025-08-21 16:20:03,27,Minor,134,False,0,True,7.8
3546,6,419,Power System,1,5,2024-06-15 19:57:45,2024-06-15 22:53:45,176,Critical,605,True,2,False,5.0
3547,306,913,Power System,2,6,2024-07-08 23:46:07,2024-07-09 00:21:07,35,Minor,74,False,6,True,1.3
3548,254,933,Core Network Node,3,4,2024-11-20 10:13:45,2024-11-20 12:34:45,141,Major,297,True,2,False,1.2
3549,380,771,Core Network Node,4,1,2024-04-14 07:44:07,2024-04-14 07:53:07,9,Minor,131,False,4,True,2.3
3550,381,635,Radio Base Station,1,2,2025-06-06 16:13:04,2025-06-06 16:14:04,1,Warning,20,False,6,True,8.1
3551,482,686,Power System,3,4,2025-12-22 06:18:46,2025-12-22 07:02:46,44,Minor,105,False,3,True,4.4
3552,171,671,Transmission Equipment,5,4,2024-11-28 20:27:13,2024-11-28 20:34:13,7,Warning,19,False,4,True,6.2
3553,251,160,Power System,4,5,2024-03-04 17:50:29,2024-03-04 18:41:29,51,Critical,518,True,4,False,2.8
3554,350,734,Radio Base Station,1,2,2025-02-07 10:25:17,2025-02-07 10:45:17,20,Minor,75,False,5,True,10.0
3555,371,609,Transmission Equipment,4,2,2024-12-23 16:00:25,2024-12-23 17:31:25,91,Major,295,True,5,False,1.7
3556,307,586,Antenna System,1,1,2025-01-14 06:10:52,2025-01-14 06:35:52,25,Minor,172,False,6,True,3.4
3557,435,94,Radio Base Station,5,5,2024-07-08 08:06:12,2024-07-08 08:25:12,19,Minor,77,False,2,True,5.7
3558,411,690,Power System,3,3,2024-01-05 06:42:20,2024-01-05 06:46:20,4,Major,242,False,1,True,7.8
3559,121,49,Antenna System,4,9,2025-07-02 12:56:12,2025-07-02 13:00:12,4,Minor,121,False,2,True,6.7
3560,425,87,Antenna System,4,1,2025-01-15 09:00:00,2025-01-15 09:02:00,2,Warning,25,False,6,True,7.3
3561,64,273,Antenna System,3,2,2024-12-01 09:31:49,2024-12-01 10:12:49,41,Major,291,False,1,True,8.1
3562,184,709,Antenna System,3,2,2025-02-09 21:07:31,2025-02-09 21:53:31,46,Major,397,False,1,True,6.3
3563,330,637,Power System,5,5,2025-05-22 00:49:22,2025-05-22 01:22:22,33,Major,478,False,4,True,5.3
3564,381,56,Antenna System,3,7,2025-01-17 00:44:17,2025-01-17 00:59:17,15,Minor,73,False,1,True,4.1
3565,174,17,Router/Switch,5,1,2025-11-15 15:10:32,2025-11-15 16:46:32,96,Minor,126,False,2,True,8.6
3566,205,572,Antenna System,5,1,2024-01-04 16:55:12,2024-01-04 17:00:12,5,Warning,26,False,3,True,6.3
3567,413,460,Power System,3,4,2024-09-08 10:21:18,2024-09-08 10:56:18,35,Minor,106,False,1,True,1.4
3568,191,573,Router/Switch,3,4,2024-08-23 11:23:05,2024-08-23 11:36:05,13,Minor,72,False,2,True,3.9
3569,156,534,Router/Switch,5,6,2024-05-01 15:38:18,2024-05-01 16:04:18,26,Minor,121,False,4,True,1.3
3570,307,276,Core Network Node,1,4,2025-08-18 15:59:04,2025-08-18 16:04:04,5,Minor,121,False,4,True,6.6
3571,410,776,Core Network Node,4,5,2025-04-14 02:28:17,2025-04-14 03:46:17,78,Critical,478,True,3,False,5.3
3572,436,930,Core Network Node,2,7,2025-11-25 09:11:04,2025-11-25 09:20:04,9,Critical,287,False,1,True,9.8
3573,364,528,Core Network Node,3,4,2024-08-02 15:17:18,2024-08-02 15:27:18,10,Minor,133,False,1,True,8.0
3574,220,202,Power System,2,7,2025-03-17 06:51:48,2025-03-17 07:03:48,12,Warning,19,False,0,True,9.9
3575,339,427,Antenna System,4,7,2025-01-17 15:16:15,2025-01-17 16:17:15,61,Critical,436,True,4,False,6.0
3576,11,662,Core Network Node,5,2,2025-12-07 16:38:48,2025-12-07 16:59:48,21,Minor,194,False,9,True,9.2
3577,212,236,Transmission Equipment,2,2,2025-02-12 00:38:30,2025-02-12 01:08:30,30,Minor,71,False,3,True,3.4
3578,5,479,Router/Switch,4,4,2025-05-20 16:58:34,2025-05-20 17:22:34,24,Warning,39,False,3,True,3.8
3579,87,555,Power System,3,4,2025-12-31 13:45:59,2025-12-31 14:07:59,22,Minor,167,False,3,True,4.2
3580,315,544,Transmission Equipment,5,4,2025-03-03 08:13:18,2025-03-03 11:26:18,193,Critical,654,True,2,False,4.1
3581,276,880,Router/Switch,3,5,2024-11-23 17:09:01,2024-11-23 18:38:01,89,Critical,443,True,7,False,4.3
3582,423,940,Power System,4,2,2025-10-18 22:32:16,2025-10-18 23:22:16,50,Major,241,False,1,True,5.0
3583,29,978,Power System,2,7,2025-05-11 14:02:42,2025-05-11 14:42:42,40,Major,343,False,5,True,6.2
3584,204,14,Core Network Node,2,1,2024-06-18 16:28:40,2024-06-18 16:59:40,31,Major,191,False,4,True,5.9
3585,258,300,Antenna System,4,2,2024-07-25 00:58:01,2024-07-25 01:29:01,31,Minor,175,False,1,True,7.2
3586,42,57,Router/Switch,2,2,2025-07-30 14:19:18,2025-07-30 15:39:18,80,Major,308,True,2,False,4.5
3587,115,16,Radio Base Station,4,4,2025-07-21 21:48:03,2025-07-21 22:37:03,49,Minor,132,False,2,True,3.0
3588,102,105,Antenna System,1,5,2025-09-05 03:53:58,2025-09-05 04:01:58,8,Minor,122,False,1,True,2.1
3589,73,313,Transmission Equipment,3,2,2024-12-30 19:31:24,2024-12-30 20:07:24,36,Critical,287,True,7,False,9.7
3590,51,912,Power System,3,1,2024-12-11 13:36:43,2024-12-11 14:22:43,46,Critical,432,True,4,False,5.6
3591,161,522,Transmission Equipment,2,6,2025-09-30 03:59:24,2025-09-30 04:32:24,33,Minor,107,False,2,True,9.6
3592,389,277,Transmission Equipment,4,4,2025-10-29 17:24:45,2025-10-29 17:40:45,16,Minor,94,False,2,True,9.0
3593,322,737,Radio Base Station,1,2,2024-06-08 20:34:48,2024-06-08 21:12:48,38,Major,300,False,3,True,5.9
3594,119,530,Power System,2,1,2025-07-04 15:15:26,2025-07-04 16:27:26,72,Critical,663,True,9,False,1.2
3595,17,248,Radio Base Station,4,5,2025-11-16 06:20:51,2025-11-16 06:25:51,5,Minor,108,False,4,True,6.4
3596,443,175,Antenna System,5,7,2025-06-03 12:38:47,2025-06-03 12:45:47,7,Minor,120,False,7,True,1.1
3597,256,161,Radio Base Station,1,6,2024-02-18 09:26:54,2024-02-18 09:38:54,12,Minor,135,False,5,True,5.3
3598,161,199,Core Network Node,4,1,2024-02-18 16:59:30,2024-02-18 17:38:30,39,Minor,81,False,3,True,5.0
3599,315,9,Power System,1,4,2024-03-23 16:02:48,2024-03-23 16:08:48,6,Warning,42,False,2,True,5.9
3600,94,651,Router/Switch,2,1,2025-11-02 14:55:44,2025-11-02 16:10:44,75,Critical,309,True,1,False,6.0
3601,495,609,Transmission Equipment,2,6,2024-01-17 10:06:17,2024-01-17 10:27:17,21,Minor,123,False,4,True,3.1
3602,146,517,Radio Base Station,5,3,2025-03-01 21:32:53,2025-03-01 21:36:53,4,Major,388,False,3,True,4.0
3603,426,751,Core Network Node,3,3,2025-12-11 16:32:38,2025-12-11 17:33:38,61,Minor,162,False,2,True,6.4
3604,32,251,Transmission Equipment,2,4,2025-06-17 23:28:04,2025-06-17 23:41:04,13,Minor,103,False,6,True,2.9
3605,272,545,Router/Switch,5,4,2024-12-09 15:08:12,2024-12-09 16:05:12,57,Major,343,False,3,True,5.1
3606,462,71,Core Network Node,3,4,2024-07-27 17:38:18,2024-07-27 17:54:18,16,Minor,112,False,5,True,4.9
3607,6,716,Power System,2,5,2025-11-13 12:35:06,2025-11-13 12:39:06,4,Minor,117,False,2,True,8.8
3608,212,48,Router/Switch,1,1,2025-10-02 05:21:42,2025-10-02 05:55:42,34,Major,311,False,6,True,1.3
3609,62,262,Antenna System,2,3,2024-08-27 17:41:20,2024-08-27 17:52:20,11,Minor,132,False,3,True,6.3
3610,53,547,Power System,2,3,2024-02-22 15:25:14,2024-02-22 16:31:14,66,Critical,706,True,3,False,3.3
3611,54,208,Router/Switch,1,3,2025-11-28 11:25:41,2025-11-28 11:41:41,16,Minor,81,False,2,True,8.8
3612,471,362,Router/Switch,4,2,2025-07-21 12:14:42,2025-07-21 12:15:42,1,Warning,24,False,3,True,3.1
3613,390,518,Antenna System,4,8,2025-04-27 03:02:52,2025-04-27 04:36:52,94,Major,200,True,5,False,8.4
3614,125,293,Core Network Node,3,1,2024-11-17 13:39:44,2024-11-17 13:59:44,20,Minor,120,False,3,True,7.0
3615,52,5,Transmission Equipment,4,2,2024-04-15 07:53:35,2024-04-15 09:20:35,87,Major,477,True,3,False,8.5
3616,46,307,Power System,1,2,2024-09-22 13:13:50,2024-09-22 13:14:50,1,Minor,77,False,5,True,9.2
3617,196,635,Transmission Equipment,4,2,2025-12-08 13:19:09,2025-12-08 13:29:09,10,Major,394,False,3,True,3.0
3618,327,596,Core Network Node,3,4,2024-03-19 11:51:17,2024-03-19 13:32:17,101,Major,363,True,6,False,6.9
3619,50,543,Radio Base Station,4,1,2024-09-18 17:59:52,2024-09-18 18:00:52,1,Warning,34,False,7,True,2.1
3620,434,232,Power System,5,1,2025-08-17 13:45:26,2025-08-17 14:13:26,28,Critical,727,False,1,True,6.8
3621,239,600,Radio Base Station,1,2,2025-04-25 11:28:09,2025-04-25 14:25:09,177,Critical,487,True,3,False,4.7
3622,376,357,Antenna System,2,6,2024-02-03 16:29:40,2024-02-03 16:38:40,9,Minor,149,False,2,True,3.9
3623,311,311,Transmission Equipment,2,2,2024-02-03 15:13:25,2024-02-03 15:18:25,5,Minor,97,False,1,True,2.4
3624,337,351,Power System,3,2,2024-03-03 15:26:17,2024-03-03 16:04:17,38,Minor,156,False,4,True,6.6
3625,449,113,Transmission Equipment,3,4,2024-10-24 09:33:08,2024-10-24 10:18:08,45,Major,281,False,3,True,4.1
3626,406,339,Radio Base Station,2,6,2024-04-18 06:50:32,2024-04-18 06:55:32,5,Warning,23,False,4,True,7.1
3627,314,897,Core Network Node,3,4,2024-02-03 11:17:30,2024-02-03 12:27:30,70,Major,261,True,1,False,5.7
3628,167,95,Core Network Node,5,5,2025-03-04 14:42:17,2025-03-04 15:29:17,47,Major,321,False,5,True,6.2
3629,51,984,Transmission Equipment,2,4,2025-04-07 11:37:31,2025-04-07 12:13:31,36,Minor,136,False,4,True,5.1
3630,472,41,Core Network Node,5,1,2024-12-18 14:10:20,2024-12-18 16:41:20,151,Critical,606,True,4,False,8.1
3631,459,3,Antenna System,1,5,2025-10-18 21:10:58,2025-10-18 21:56:58,46,Major,327,False,6,True,2.9
3632,299,24,Radio Base Station,5,3,2025-10-27 19:02:15,2025-10-27 20:20:15,78,Major,331,True,2,False,9.3
3633,419,468,Router/Switch,3,4,2024-02-05 02:20:27,2024-02-05 02:51:27,31,Minor,105,False,3,True,6.7
3634,175,118,Antenna System,5,6,2024-04-03 14:39:36,2024-04-03 14:52:36,13,Warning,22,False,3,True,3.3
3635,430,118,Core Network Node,1,7,2024-01-10 12:28:56,2024-01-10 12:36:56,8,Warning,33,False,3,True,7.7
3636,482,717,Transmission Equipment,1,4,2025-02-10 08:41:45,2025-02-10 09:28:45,47,Minor,87,False,5,True,4.6
3637,461,202,Transmission Equipment,5,7,2024-04-14 12:40:46,2024-04-14 13:34:46,54,Major,221,False,2,True,9.8
3638,385,43,Router/Switch,2,9,2024-12-03 16:48:34,2024-12-03 18:35:34,107,Major,230,True,2,False,4.0
3639,281,155,Power System,5,6,2024-12-19 12:41:50,2024-12-19 12:43:50,2,Minor,66,False,1,True,6.1
3640,308,96,Power System,2,6,2024-05-11 04:22:45,2024-05-11 04:24:45,2,Minor,79,False,4,True,9.1
3641,241,773,Router/Switch,2,2,2024-08-15 13:09:51,2024-08-15 13:14:51,5,Warning,24,False,6,True,6.5
3642,51,131,Core Network Node,3,4,2024-11-18 09:05:14,2024-11-18 10:36:14,91,Major,273,True,3,False,5.4
3643,312,793,Radio Base Station,5,3,2025-07-07 21:01:46,2025-07-07 21:38:46,37,Major,308,False,2,True,7.2
3644,173,269,Core Network Node,1,1,2025-09-10 15:42:09,2025-09-10 15:47:09,5,Warning,19,False,4,True,7.0
3645,160,889,Radio Base Station,1,1,2024-11-29 16:57:12,2024-11-29 17:06:12,9,Major,316,False,5,True,7.8
3646,54,47,Power System,1,6,2024-07-28 00:58:52,2024-07-28 01:31:52,33,Major,308,False,0,True,4.1
3647,178,617,Core Network Node,4,3,2024-08-31 17:58:41,2024-08-31 18:40:41,42,Major,397,False,6,True,7.6
3648,383,927,Transmission Equipment,5,3,2024-04-09 17:29:32,2024-04-09 18:09:32,40,Minor,116,False,4,True,7.0
3649,252,55,Router/Switch,4,5,2024-01-27 13:21:06,2024-01-27 13:50:06,29,Critical,474,False,4,True,1.7
3650,346,564,Antenna System,2,3,2024-12-15 10:48:02,2024-12-15 10:58:02,10,Warning,18,False,5,True,6.2
3651,333,661,Router/Switch,3,3,2025-09-05 17:21:24,2025-09-05 18:44:24,83,Critical,654,True,2,False,8.5
3652,430,714,Power System,2,2,2025-07-09 14:09:31,2025-07-09 14:36:31,27,Minor,114,False,1,True,9.9
3653,119,137,Antenna System,4,9,2025-06-12 16:45:05,2025-06-12 17:06:05,21,Minor,191,False,4,True,2.7
3654,284,724,Antenna System,1,5,2024-10-19 08:31:41,2024-10-19 08:39:41,8,Warning,17,False,1,True,6.6
3655,369,903,Radio Base Station,4,3,2024-05-31 20:02:43,2024-05-31 21:43:43,101,Critical,733,True,4,False,4.9
3656,191,68,Radio Base Station,1,2,2024-09-24 15:31:19,2024-09-24 16:22:19,51,Major,276,False,1,True,9.5
3657,49,455,Router/Switch,2,6,2025-05-30 18:24:26,2025-05-30 18:40:26,16,Minor,176,False,2,True,4.6
3658,106,752,Radio Base Station,3,8,2024-10-07 11:40:16,2024-10-07 11:54:16,14,Warning,30,False,4,True,8.0
3659,404,811,Power System,3,1,2024-08-03 17:34:52,2024-08-03 17:52:52,18,Critical,702,False,1,True,1.8
3660,284,142,Transmission Equipment,1,1,2024-04-28 06:38:09,2024-04-28 08:38:09,120,Critical,476,True,6,False,1.8
3661,492,153,Radio Base Station,1,2,2024-02-05 17:08:47,2024-02-05 18:34:47,86,Major,182,True,4,False,1.9
3662,304,718,Power System,4,2,2025-07-31 09:11:18,2025-07-31 09:49:18,38,Major,470,False,4,True,9.1
3663,491,475,Transmission Equipment,4,4,2024-12-30 18:48:58,2024-12-30 19:28:58,40,Minor,123,False,4,True,9.9
3664,229,886,Antenna System,3,4,2024-11-17 06:34:07,2024-11-17 10:27:07,233,Critical,502,True,2,False,8.2
3665,152,894,Transmission Equipment,2,1,2024-01-29 04:11:46,2024-01-29 04:33:46,22,Major,324,False,4,True,7.2
3666,3,603,Transmission Equipment,3,8,2024-09-06 22:55:56,2024-09-06 23:39:56,44,Minor,137,False,3,True,3.4
3667,97,989,Antenna System,2,6,2025-08-03 11:30:55,2025-08-03 11:35:55,5,Major,279,False,2,True,8.3
3668,209,160,Transmission Equipment,1,2,2024-03-18 03:21:22,2024-03-18 04:37:22,76,Major,415,True,5,False,6.6
3669,84,144,Router/Switch,2,2,2025-08-01 16:54:51,2025-08-01 18:06:51,72,Minor,121,False,4,True,6.7
3670,26,543,Radio Base Station,5,3,2024-06-09 14:03:06,2024-06-09 14:08:06,5,Warning,27,False,3,True,2.9
3671,183,549,Core Network Node,1,1,2025-11-10 22:24:38,2025-11-10 22:50:38,26,Minor,83,False,3,True,5.9
3672,208,182,Router/Switch,5,7,2024-08-26 07:19:14,2024-08-26 07:55:14,36,Critical,508,True,2,False,1.2
3673,152,741,Power System,3,3,2025-07-16 10:50:03,2025-07-16 11:44:03,54,Major,264,False,2,True,1.7
3674,84,697,Radio Base Station,4,3,2025-05-18 23:19:13,2025-05-18 23:44:13,25,Warning,37,False,5,True,2.3
3675,219,139,Radio Base Station,5,1,2025-04-16 10:23:19,2025-04-16 10:35:19,12,Minor,121,False,2,True,4.5
3676,59,137,Power System,5,6,2025-11-25 09:52:07,2025-11-25 10:05:07,13,Minor,76,False,4,True,6.6
3677,250,192,Core Network Node,1,4,2024-03-07 16:35:39,2024-03-07 17:05:39,30,Minor,104,False,7,True,9.5
3678,148,986,Core Network Node,1,2,2024-05-07 16:09:43,2024-05-07 17:02:43,53,Major,332,False,4,True,8.9
3679,392,226,Core Network Node,5,9,2024-08-03 12:31:13,2024-08-03 12:58:13,27,Major,264,False,5,True,6.2
3680,434,384,Radio Base Station,4,6,2025-07-17 09:59:51,2025-07-17 10:49:51,50,Minor,130,False,0,True,7.0
3681,382,47,Power System,4,6,2025-11-29 14:23:52,2025-11-29 14:40:52,17,Major,290,False,3,True,4.0
3682,220,782,Transmission Equipment,2,8,2025-09-22 08:00:18,2025-09-22 08:30:18,30,Major,262,False,4,True,2.1
3683,392,597,Core Network Node,2,4,2024-01-21 08:24:49,2024-01-21 08:28:49,4,Minor,170,False,0,True,5.1
3684,222,954,Transmission Equipment,3,1,2024-10-19 16:39:42,2024-10-19 16:44:42,5,Warning,26,False,3,True,7.4
3685,217,318,Radio Base Station,3,6,2025-10-31 15:15:06,2025-10-31 15:43:06,28,Critical,526,False,2,True,2.7
3686,237,243,Transmission Equipment,5,7,2025-01-09 16:00:38,2025-01-09 16:07:38,7,Minor,64,False,2,True,4.9
3687,125,754,Router/Switch,1,6,2024-09-17 02:41:38,2024-09-17 03:10:38,29,Minor,117,False,1,True,8.6
3688,66,8,Router/Switch,1,7,2024-05-17 07:58:51,2024-05-17 08:17:51,19,Minor,198,False,2,True,7.4
3689,316,614,Router/Switch,4,1,2024-12-17 21:40:46,2024-12-17 22:12:46,32,Critical,620,True,7,False,2.2
3690,219,286,Router/Switch,4,1,2025-03-26 01:08:32,2025-03-26 01:49:32,41,Major,287,False,4,True,4.4
3691,25,938,Radio Base Station,2,5,2025-11-04 08:44:15,2025-11-04 09:02:15,18,Critical,391,False,4,True,7.2
3692,250,28,Transmission Equipment,4,5,2025-04-23 04:33:28,2025-04-23 04:54:28,21,Minor,68,False,1,True,4.4
3693,321,265,Transmission Equipment,1,6,2025-07-27 10:37:26,2025-07-27 10:39:26,2,Warning,25,False,2,True,5.9
3694,376,885,Transmission Equipment,1,5,2024-07-17 21:52:26,2024-07-17 22:04:26,12,Minor,148,False,3,True,6.4
3695,401,139,Transmission Equipment,1,1,2025-01-24 09:14:25,2025-01-24 10:10:25,56,Minor,107,False,6,True,4.3
3696,33,605,Power System,5,1,2024-12-22 08:37:35,2024-12-22 08:56:35,19,Major,220,False,3,True,8.5
3697,417,194,Transmission Equipment,1,5,2024-10-07 21:12:49,2024-10-07 22:24:49,72,Major,437,True,3,False,5.2
3698,306,455,Core Network Node,2,4,2025-06-02 17:15:48,2025-06-02 17:56:48,41,Major,240,False,1,True,9.1
3699,251,356,Radio Base Station,5,2,2024-12-26 09:31:19,2024-12-26 11:58:19,147,Critical,455,True,3,False,6.3
3700,442,590,Antenna System,3,2,2024-10-20 14:30:32,2024-10-20 15:03:32,33,Minor,108,False,1,True,8.7
3701,333,736,Core Network Node,3,2,2025-01-26 13:26:51,2025-01-26 14:51:51,85,Major,402,True,4,False,3.7
3702,231,797,Router/Switch,3,3,2025-11-22 08:14:35,2025-11-22 08:19:35,5,Major,199,False,2,True,2.9
3703,401,780,Core Network Node,5,2,2025-04-05 15:07:13,2025-04-05 15:08:13,1,Warning,23,False,5,True,3.1
3704,500,544,Radio Base Station,3,2,2025-10-04 21:27:47,2025-10-04 22:37:47,70,Critical,541,True,2,False,8.5
3705,468,882,Transmission Equipment,3,2,2025-03-03 10:48:09,2025-03-03 12:24:09,96,Major,280,True,1,False,4.8
3706,334,689,Router/Switch,2,8,2025-01-01 12:12:49,2025-01-01 12:36:49,24,Warning,46,False,3,True,8.5
3707,189,163,Core Network Node,2,6,2025-12-16 17:35:56,2025-12-16 17:47:56,12,Minor,178,False,2,True,8.7
3708,238,181,Router/Switch,1,2,2025-09-25 14:46:44,2025-09-25 15:16:44,30,Minor,109,False,5,True,6.5
3709,134,734,Antenna System,2,3,2025-01-31 11:59:13,2025-01-31 12:20:13,21,Warning,33,False,4,True,1.4
3710,391,68,Router/Switch,1,5,2024-11-05 18:03:09,2024-11-05 18:43:09,40,Major,183,False,2,True,5.1
3711,101,742,Transmission Equipment,4,3,2025-11-14 14:49:55,2025-11-14 15:43:55,54,Minor,121,False,4,True,1.0
3712,341,364,Radio Base Station,2,4,2024-09-15 13:16:01,2024-09-15 13:40:01,24,Major,227,False,6,True,3.8
3713,353,897,Router/Switch,4,8,2025-11-16 13:52:05,2025-11-16 14:12:05,20,Warning,34,False,1,True,8.3
3714,452,716,Router/Switch,3,3,2025-02-20 15:35:19,2025-02-20 15:46:19,11,Minor,154,False,2,True,9.0
3715,343,771,Antenna System,1,6,2025-09-29 14:13:12,2025-09-29 14:20:12,7,Minor,87,False,1,True,9.2
3716,111,26,Power System,4,8,2024-08-06 20:37:13,2024-08-06 21:15:13,38,Major,267,False,1,True,3.2
3717,329,48,Transmission Equipment,2,2,2025-06-06 17:22:41,2025-06-06 17:31:41,9,Warning,29,False,4,True,6.0
3718,207,525,Transmission Equipment,5,2,2024-12-29 01:12:21,2024-12-29 01:48:21,36,Critical,373,True,4,False,1.3
3719,273,288,Antenna System,3,1,2024-02-08 23:28:46,2024-02-08 23:36:46,8,Critical,509,False,2,True,3.8
3720,275,307,Core Network Node,3,2,2024-07-16 18:19:20,2024-07-16 18:35:20,16,Minor,86,False,4,True,9.5
3721,466,393,Transmission Equipment,1,6,2024-02-16 02:18:46,2024-02-16 02:33:46,15,Minor,91,False,5,True,9.5
3722,257,769,Power System,3,5,2024-11-23 14:50:19,2024-11-23 15:15:19,25,Major,241,False,1,True,5.6
3723,429,464,Router/Switch,3,3,2024-02-16 09:28:25,2024-02-16 09:47:25,19,Minor,130,False,2,True,8.7
3724,360,540,Core Network Node,1,4,2025-04-11 18:58:54,2025-04-11 19:47:54,49,Minor,174,False,1,True,7.6
3725,211,482,Radio Base Station,2,9,2025-10-19 08:23:46,2025-10-19 08:57:46,34,Major,246,False,3,True,4.6
3726,243,962,Power System,4,2,2024-11-14 11:22:15,2024-11-14 11:56:15,34,Major,194,False,2,True,7.0
3727,91,140,Power System,4,1,2024-05-27 03:55:44,2024-05-27 05:04:44,69,Critical,414,True,2,False,1.3
3728,12,74,Transmission Equipment,4,4,2024-07-17 12:52:58,2024-07-17 12:54:58,2,Warning,44,False,2,True,4.6
3729,387,90,Core Network Node,2,6,2025-08-20 12:37:37,2025-08-20 13:12:37,35,Major,210,False,6,True,8.5
3730,234,758,Antenna System,3,1,2025-12-06 10:35:23,2025-12-06 10:44:23,9,Warning,31,False,2,True,4.1
3731,279,803,Power System,3,2,2025-06-16 10:18:01,2025-06-16 11:21:01,63,Major,233,True,2,False,4.3
3732,170,985,Power System,3,3,2025-09-24 11:13:34,2025-09-24 11:25:34,12,Minor,98,False,3,True,9.7
3733,265,292,Transmission Equipment,4,6,2025-02-14 13:03:19,2025-02-14 13:31:19,28,Minor,114,False,3,True,5.2
3734,30,200,Radio Base Station,3,1,2024-04-27 09:26:32,2024-04-27 09:41:32,15,Minor,106,False,3,True,2.8
3735,167,81,Power System,5,1,2024-04-05 06:11:15,2024-04-05 06:32:15,21,Major,323,False,3,True,7.9
3736,387,193,Antenna System,3,8,2025-01-21 11:36:06,2025-01-21 11:52:06,16,Critical,446,False,4,True,3.0
3737,6,68,Power System,4,4,2025-09-25 15:26:23,2025-09-25 16:50:23,84,Major,290,True,6,False,6.0
3738,27,107,Core Network Node,4,3,2024-01-23 15:59:36,2024-01-23 16:13:36,14,Minor,83,False,3,True,5.9
3739,65,652,Antenna System,5,3,2025-05-09 11:21:16,2025-05-09 15:36:16,255,Critical,341,True,3,False,7.9
3740,257,10,Radio Base Station,3,1,2024-08-11 17:03:34,2024-08-11 17:23:34,20,Major,217,False,5,True,2.7
3741,189,280,Transmission Equipment,5,5,2024-06-21 01:35:36,2024-06-21 03:03:36,88,Major,474,True,1,False,3.9
3742,400,826,Power System,1,3,2024-07-13 22:53:38,2024-07-13 23:11:38,18,Critical,762,False,2,True,9.7
3743,36,228,Transmission Equipment,5,7,2024-02-13 17:53:13,2024-02-13 18:19:13,26,Minor,80,False,4,True,9.2
3744,437,312,Transmission Equipment,4,4,2025-03-15 16:21:34,2025-03-15 17:11:34,50,Minor,148,False,4,True,6.3
3745,83,492,Radio Base Station,1,8,2025-07-13 20:35:32,2025-07-13 20:37:32,2,Warning,44,False,3,True,4.0
3746,45,286,Router/Switch,2,2,2024-10-18 15:29:34,2024-10-18 15:37:34,8,Warning,44,False,2,True,5.6
3747,250,245,Radio Base Station,2,1,2024-03-05 15:20:45,2024-03-05 15:38:45,18,Minor,92,False,3,True,2.3
3748,121,837,Power System,4,4,2025-01-09 15:16:01,2025-01-09 15:49:01,33,Minor,124,False,2,True,2.0
3749,83,376,Power System,2,1,2024-09-16 14:21:31,2024-09-16 14:35:31,14,Major,456,False,2,True,3.7
3750,233,813,Power System,2,4,2025-03-02 17:51:47,2025-03-02 18:52:47,61,Minor,89,False,3,True,5.3
3751,105,443,Antenna System,5,2,2024-01-25 09:07:13,2024-01-25 10:28:13,81,Minor,102,False,2,True,10.0
3752,493,334,Power System,4,2,2025-09-29 17:32:34,2025-09-29 18:34:34,62,Major,288,True,3,False,8.6
3753,264,650,Radio Base Station,5,3,2025-06-30 17:09:05,2025-06-30 17:18:05,9,Minor,172,False,7,True,5.7
3754,208,474,Core Network Node,1,1,2025-11-17 10:19:37,2025-11-17 10:47:37,28,Minor,132,False,4,True,8.9
3755,232,416,Router/Switch,2,9,2025-10-19 21:01:28,2025-10-19 21:10:28,9,Warning,21,False,0,True,1.7
3756,279,809,Core Network Node,2,1,2024-09-29 23:15:39,2024-09-30 01:58:39,163,Major,330,True,5,False,4.0
3757,75,494,Router/Switch,4,3,2025-10-19 23:29:32,2025-10-20 00:06:32,37,Minor,131,False,3,True,3.9
3758,397,461,Antenna System,5,3,2024-12-14 15:45:26,2024-12-14 15:53:26,8,Minor,84,False,4,True,6.1
3759,351,62,Radio Base Station,3,5,2025-05-05 11:45:53,2025-05-05 11:54:53,9,Warning,43,False,2,True,8.0
3760,58,673,Power System,4,2,2024-01-31 11:53:50,2024-01-31 12:04:50,11,Major,289,False,5,True,4.2
3761,455,129,Power System,1,3,2024-08-18 14:36:05,2024-08-18 14:54:05,18,Minor,70,False,5,True,2.6
3762,254,540,Radio Base Station,1,3,2025-04-02 12:27:37,2025-04-02 12:45:37,18,Minor,125,False,5,True,1.7
3763,490,919,Router/Switch,4,2,2025-06-24 09:27:53,2025-06-24 10:22:53,55,Major,186,False,7,True,8.0
3764,422,749,Router/Switch,2,4,2024-09-16 11:39:39,2024-09-16 13:28:39,109,Major,267,True,2,False,1.5
3765,51,403,Power System,1,6,2025-08-28 10:41:26,2025-08-28 11:43:26,62,Critical,453,True,4,False,2.1
3766,285,507,Router/Switch,5,3,2024-06-06 19:50:51,2024-06-06 19:59:51,9,Minor,138,False,3,True,4.0
3767,325,922,Router/Switch,1,5,2025-01-15 11:48:14,2025-01-15 12:14:14,26,Minor,132,False,4,True,3.8
3768,160,282,Radio Base Station,3,6,2025-10-21 08:22:33,2025-10-21 08:24:33,2,Warning,33,False,3,True,1.6
3769,237,391,Antenna System,2,6,2025-03-07 04:37:57,2025-03-07 04:41:57,4,Minor,107,False,5,True,2.4
3770,50,246,Core Network Node,3,6,2024-02-04 16:25:38,2024-02-04 17:51:38,86,Critical,593,True,6,False,3.8
3771,115,252,Power System,1,2,2025-07-10 23:04:00,2025-07-10 23:26:00,22,Warning,36,False,6,True,5.2
3772,433,408,Core Network Node,2,7,2025-04-16 06:49:07,2025-04-16 06:58:07,9,Warning,27,False,1,True,8.7
3773,126,274,Antenna System,4,8,2024-02-17 10:32:54,2024-02-17 10:36:54,4,Warning,31,False,4,True,5.5
3774,195,696,Antenna System,3,9,2024-10-21 16:57:35,2024-10-21 17:11:35,14,Minor,125,False,1,True,5.1
3775,319,380,Power System,2,1,2025-04-10 07:56:42,2025-04-10 08:11:42,15,Major,297,False,1,True,9.4
3776,367,788,Core Network Node,3,4,2025-01-09 10:43:01,2025-01-09 11:47:01,64,Major,347,True,1,False,2.8
3777,246,940,Core Network Node,5,1,2024-10-07 19:22:32,2024-10-07 19:27:32,5,Minor,130,False,1,True,9.5
3778,271,897,Power System,5,2,2024-04-08 21:54:21,2024-04-08 21:57:21,3,Warning,31,False,4,True,2.1
3779,23,2,Transmission Equipment,5,2,2024-10-29 14:41:22,2024-10-29 15:22:22,41,Minor,118,False,2,True,9.1
3780,14,177,Antenna System,1,3,2025-07-25 12:43:27,2025-07-25 12:58:27,15,Minor,166,False,1,True,7.9
3781,450,470,Transmission Equipment,2,2,2024-09-10 21:25:09,2024-09-10 21:53:09,28,Major,317,False,3,True,8.0
3782,100,831,Transmission Equipment,3,5,2024-02-09 00:57:48,2024-02-09 01:15:48,18,Warning,31,False,4,True,9.6
3783,32,693,Power System,3,9,2025-08-23 13:10:29,2025-08-23 13:19:29,9,Warning,24,False,3,True,9.9
3784,448,271,Router/Switch,3,3,2024-11-07 16:37:13,2024-11-07 16:44:13,7,Warning,37,False,6,True,2.3
3785,218,23,Radio Base Station,5,5,2025-10-09 11:41:33,2025-10-09 12:00:33,19,Minor,117,False,2,True,1.9
3786,316,657,Power System,3,2,2025-05-08 22:46:30,2025-05-08 23:53:30,67,Major,247,True,1,False,2.1
3787,95,786,Power System,1,3,2025-01-26 07:50:07,2025-01-26 07:56:07,6,Warning,45,False,3,True,4.2
3788,171,54,Radio Base Station,5,2,2024-02-21 16:59:29,2024-02-21 17:44:29,45,Minor,101,False,3,True,3.9
3789,266,327,Radio Base Station,5,6,2025-08-27 22:14:38,2025-08-27 22:23:38,9,Minor,78,False,3,True,1.4
3790,398,961,Radio Base Station,2,1,2025-02-10 06:09:44,2025-02-10 08:50:44,161,Critical,732,True,3,False,3.2
3791,262,142,Transmission Equipment,2,5,2025-10-17 10:23:44,2025-10-17 10:26:44,3,Minor,103,False,2,True,2.9
3792,407,836,Router/Switch,1,1,2025-04-16 06:19:41,2025-04-16 06:25:41,6,Warning,28,False,4,True,2.3
3793,384,27,Router/Switch,5,2,2024-08-20 08:10:23,2024-08-20 08:33:23,23,Major,208,False,1,True,8.4
3794,327,654,Transmission Equipment,1,2,2024-01-22 09:49:12,2024-01-22 10:27:12,38,Critical,694,True,3,False,8.3
3795,120,251,Antenna System,3,2,2025-06-24 08:03:08,2025-06-24 08:31:08,28,Minor,91,False,3,True,1.0
3796,206,537,Router/Switch,2,3,2025-11-30 23:02:25,2025-11-30 23:11:25,9,Minor,93,False,3,True,4.1
3797,214,490,Radio Base Station,1,1,2024-10-06 23:07:46,2024-10-06 23:38:46,31,Major,267,False,1,True,1.9
3798,189,405,Transmission Equipment,3,2,2025-10-03 04:49:13,2025-10-03 05:31:13,42,Major,276,False,0,True,9.2
3799,164,33,Radio Base Station,4,5,2024-04-18 15:24:12,2024-04-18 15:52:12,28,Minor,116,False,4,True,6.2
3800,185,312,Transmission Equipment,5,9,2025-10-18 00:04:54,2025-10-18 00:19:54,15,Warning,27,False,2,True,2.8
3801,459,353,Transmission Equipment,1,4,2024-05-10 09:41:03,2024-05-10 10:02:03,21,Minor,103,False,3,True,5.3
3802,213,899,Core Network Node,2,3,2024-03-23 10:31:08,2024-03-23 11:05:08,34,Minor,152,False,2,True,6.9
3803,262,481,Radio Base Station,3,9,2024-10-19 13:35:42,2024-10-19 14:34:42,59,Critical,414,True,4,False,5.7
3804,421,577,Router/Switch,4,6,2024-02-15 00:42:23,2024-02-15 00:55:23,13,Warning,45,False,5,True,6.5
3805,136,800,Transmission Equipment,2,3,2024-01-06 17:42:20,2024-01-06 18:55:20,73,Major,299,True,3,False,2.5
3806,480,289,Radio Base Station,5,5,2024-07-12 14:16:22,2024-07-12 14:50:22,34,Minor,86,False,1,True,7.1
3807,464,33,Power System,3,4,2024-04-27 08:59:47,2024-04-27 09:40:47,41,Minor,118,False,1,True,5.9
3808,491,590,Core Network Node,5,5,2025-09-08 10:17:29,2025-09-08 10:28:29,11,Minor,115,False,2,True,3.5
3809,267,904,Transmission Equipment,5,3,2024-12-04 02:52:39,2024-12-04 02:54:39,2,Warning,28,False,1,True,4.0
3810,318,362,Router/Switch,5,5,2024-09-28 13:56:46,2024-09-28 14:21:46,25,Minor,133,False,3,True,6.4
3811,485,20,Antenna System,4,1,2024-08-03 05:57:24,2024-08-03 06:04:24,7,Minor,132,False,5,True,5.2
3812,289,242,Transmission Equipment,4,6,2024-07-13 08:12:14,2024-07-13 09:18:14,66,Critical,467,True,3,False,6.2
3813,310,675,Power System,1,3,2024-09-11 08:32:57,2024-09-11 09:51:57,79,Major,285,True,3,False,2.2
3814,71,360,Radio Base Station,4,7,2024-02-13 11:50:48,2024-02-13 12:09:48,19,Critical,386,False,3,True,5.3
3815,351,855,Radio Base Station,3,3,2025-10-11 11:45:55,2025-10-11 12:26:55,41,Major,335,False,2,True,2.5
3816,463,506,Core Network Node,4,2,2025-01-18 19:03:38,2025-01-18 19:32:38,29,Minor,169,False,2,True,1.8
3817,234,64,Core Network Node,1,7,2024-05-10 20:03:48,2024-05-10 20:09:48,6,Minor,121,False,4,True,1.4
3818,376,918,Antenna System,4,4,2025-10-28 16:40:53,2025-10-28 17:02:53,22,Minor,178,False,3,True,7.0
3819,194,737,Transmission Equipment,5,2,2025-11-14 13:02:27,2025-11-14 13:17:27,15,Warning,27,False,5,True,4.8
3820,221,339,Power System,1,6,2024-05-13 00:40:45,2024-05-13 01:26:45,46,Critical,396,True,3,False,8.1
3821,229,135,Antenna System,3,1,2025-10-11 20:17:51,2025-10-11 20:20:51,3,Warning,39,False,5,True,2.2
3822,487,71,Router/Switch,2,3,2024-04-11 14:18:19,2024-04-11 15:00:19,42,Major,468,False,4,True,6.3
3823,198,431,Router/Switch,3,1,2024-02-06 14:43:37,2024-02-06 15:45:37,62,Critical,495,True,2,False,4.0
3824,246,503,Radio Base Station,2,7,2024-08-27 19:53:03,2024-08-27 20:39:03,46,Major,325,False,3,True,8.1
3825,335,647,Radio Base Station,5,4,2024-05-05 23:46:52,2024-05-06 00:09:52,23,Minor,154,False,2,True,4.0
3826,370,726,Router/Switch,4,6,2024-11-05 05:51:44,2024-11-05 06:10:44,19,Minor,117,False,5,True,6.8
3827,123,292,Core Network Node,5,5,2025-02-26 14:17:02,2025-02-26 14:38:02,21,Major,470,False,3,True,4.4
3828,177,877,Radio Base Station,4,2,2024-04-19 10:30:40,2024-04-19 11:09:40,39,Critical,551,True,5,False,7.6
3829,478,535,Power System,1,2,2024-10-24 10:21:47,2024-10-24 10:53:47,32,Minor,95,False,2,True,7.3
3830,203,645,Antenna System,3,1,2025-02-21 17:40:29,2025-02-21 18:23:29,43,Major,184,False,4,True,6.1
3831,329,539,Antenna System,5,3,2025-03-22 08:30:19,2025-03-22 09:24:19,54,Critical,467,True,1,False,5.3
3832,335,998,Power System,5,1,2024-04-11 21:47:07,2024-04-11 21:59:07,12,Minor,136,False,3,True,4.9
3833,233,786,Transmission Equipment,1,3,2025-10-28 13:01:30,2025-10-28 13:23:30,22,Minor,105,False,1,True,9.7
3834,54,13,Antenna System,5,3,2025-03-15 08:31:56,2025-03-15 08:40:56,9,Warning,26,False,3,True,3.2
3835,460,354,Radio Base Station,5,3,2024-08-01 16:23:55,2024-08-01 16:31:55,8,Warning,34,False,1,True,5.9
3836,41,40,Power System,1,2,2024-05-21 11:04:38,2024-05-21 11:37:38,33,Major,331,False,4,True,2.2
3837,485,408,Power System,5,5,2024-08-07 10:02:23,2024-08-07 11:20:23,78,Critical,597,True,0,False,8.7
3838,129,538,Power System,4,8,2024-11-15 15:09:28,2024-11-15 15:54:28,45,Major,396,False,0,True,6.1
3839,438,898,Radio Base Station,3,6,2025-10-01 11:12:04,2025-10-01 11:14:04,2,Minor,117,False,2,True,2.1
3840,400,83,Power System,2,9,2025-11-12 21:48:28,2025-11-12 22:09:28,21,Major,470,False,2,True,9.8
3841,261,404,Core Network Node,1,6,2024-01-22 17:49:46,2024-01-22 18:24:46,35,Minor,153,False,3,True,9.7
3842,493,985,Router/Switch,2,6,2025-11-07 22:09:32,2025-11-07 22:16:32,7,Warning,38,False,8,True,8.9
3843,272,473,Antenna System,4,1,2024-06-24 23:27:57,2024-06-24 23:51:57,24,Minor,168,False,2,True,7.6
3844,174,566,Antenna System,3,4,2024-11-13 18:53:14,2024-11-13 19:06:14,13,Major,300,False,4,True,8.6
3845,88,807,Radio Base Station,4,5,2024-11-10 22:56:38,2024-11-10 23:08:38,12,Minor,94,False,3,True,8.3
3846,396,664,Antenna System,5,5,2025-05-11 16:07:22,2025-05-11 16:18:22,11,Minor,117,False,0,True,2.3
3847,67,643,Radio Base Station,4,7,2025-11-12 10:51:21,2025-11-12 11:04:21,13,Critical,309,False,3,True,1.0
3848,404,849,Transmission Equipment,2,1,2025-07-20 10:26:01,2025-07-20 10:39:01,13,Minor,172,False,3,True,8.9
3849,217,564,Antenna System,3,8,2025-01-06 09:45:01,2025-01-06 10:10:01,25,Minor,197,False,2,True,1.6
3850,148,883,Transmission Equipment,3,5,2025-01-11 15:56:56,2025-01-11 16:49:56,53,Minor,86,False,4,True,8.4
3851,484,73,Antenna System,4,2,2024-07-25 09:50:54,2024-07-25 10:22:54,32,Minor,137,False,5,True,9.4
3852,263,644,Transmission Equipment,4,8,2024-08-24 08:33:25,2024-08-24 09:41:25,68,Major,347,True,3,False,3.9
3853,413,346,Router/Switch,2,6,2025-02-10 11:08:02,2025-02-10 11:14:02,6,Warning,27,False,2,True,9.9
3854,470,929,Antenna System,1,3,2024-12-08 08:45:55,2024-12-08 08:58:55,13,Warning,26,False,4,True,2.6
3855,221,859,Power System,1,6,2025-12-10 08:41:55,2025-12-10 08:50:55,9,Minor,111,False,1,True,7.3
3856,438,609,Radio Base Station,3,1,2025-06-23 13:40:35,2025-06-23 14:31:35,51,Major,315,False,1,True,6.6
3857,27,384,Radio Base Station,2,2,2025-03-30 16:52:09,2025-03-30 17:35:09,43,Minor,116,False,8,True,9.7
3858,357,737,Router/Switch,3,2,2025-08-19 16:26:14,2025-08-19 17:05:14,39,Major,274,False,2,True,2.0
3859,168,73,Core Network Node,4,3,2025-10-31 15:41:40,2025-10-31 15:49:40,8,Major,261,False,1,True,9.2
3860,413,530,Router/Switch,4,6,2024-11-22 11:43:22,2024-11-22 11:52:22,9,Minor,93,False,6,True,3.1
3861,93,344,Router/Switch,3,1,2024-06-11 13:52:38,2024-06-11 14:13:38,21,Minor,110,False,1,True,2.9
3862,421,654,Power System,5,4,2024-04-28 11:16:44,2024-04-28 11:46:44,30,Major,349,False,4,True,3.3
3863,152,250,Radio Base Station,3,9,2024-03-14 15:56:31,2024-03-14 16:50:31,54,Critical,345,True,4,False,7.4
3864,238,273,Radio Base Station,5,2,2025-09-28 17:32:46,2025-09-28 18:16:46,44,Major,449,False,1,True,7.7
3865,374,17,Core Network Node,1,7,2024-04-07 10:10:32,2024-04-07 10:17:32,7,Major,212,False,1,True,3.9
3866,490,616,Radio Base Station,2,1,2025-04-15 16:55:21,2025-04-15 17:03:21,8,Warning,30,False,3,True,1.4
3867,418,166,Power System,3,7,2025-08-27 11:25:13,2025-08-27 11:34:13,9,Minor,116,False,3,True,9.3
3868,421,278,Router/Switch,5,6,2025-12-28 16:53:00,2025-12-28 17:12:00,19,Minor,182,False,7,True,4.4
3869,426,603,Router/Switch,4,1,2024-02-09 18:48:15,2024-02-09 19:38:15,50,Major,431,False,3,True,8.9
3870,73,464,Core Network Node,2,6,2025-09-01 06:51:01,2025-09-01 07:00:01,9,Minor,127,False,4,True,6.6
3871,182,139,Antenna System,1,2,2025-02-18 03:15:10,2025-02-18 07:25:10,250,Critical,523,True,4,False,2.1
3872,10,440,Router/Switch,5,7,2025-07-07 08:31:25,2025-07-07 08:45:25,14,Minor,124,False,3,True,7.9
3873,412,685,Router/Switch,1,3,2025-08-27 08:52:55,2025-08-27 09:17:55,25,Warning,27,False,5,True,7.7
3874,238,930,Power System,2,5,2024-02-11 09:34:55,2024-02-11 09:52:55,18,Minor,173,False,2,True,2.3
3875,248,678,Power System,3,5,2024-02-10 16:07:34,2024-02-10 16:09:34,2,Warning,35,False,3,True,10.0
3876,74,793,Core Network Node,3,1,2025-10-18 09:49:59,2025-10-18 10:07:59,18,Minor,70,False,2,True,1.7
3877,85,66,Core Network Node,5,7,2024-11-08 11:36:02,2024-11-08 12:21:02,45,Minor,118,False,2,True,3.3
3878,170,762,Radio Base Station,5,5,2024-01-15 17:48:59,2024-01-15 18:41:59,53,Major,206,False,4,True,2.5
3879,95,707,Transmission Equipment,5,7,2024-03-14 08:44:40,2024-03-14 09:48:40,64,Major,370,True,3,False,1.8
3880,292,339,Core Network Node,3,8,2025-04-26 01:47:40,2025-04-26 02:20:40,33,Major,187,False,2,True,3.7
3881,272,656,Radio Base Station,4,2,2024-11-15 22:06:52,2024-11-15 23:38:52,92,Minor,142,False,4,True,9.0
3882,476,596,Transmission Equipment,1,3,2024-07-05 10:56:06,2024-07-05 10:59:06,3,Minor,128,False,0,True,1.0
3883,361,112,Router/Switch,5,2,2025-10-18 10:15:39,2025-10-18 11:09:39,54,Minor,86,False,4,True,4.2
3884,222,234,Transmission Equipment,4,4,2025-02-15 12:03:45,2025-02-15 12:43:45,40,Minor,140,False,5,True,8.4
3885,498,246,Transmission Equipment,5,2,2024-08-29 23:03:39,2024-08-30 00:20:39,77,Minor,161,False,3,True,5.4
3886,230,14,Router/Switch,3,6,2025-09-30 00:53:57,2025-09-30 03:12:57,139,Critical,616,True,3,False,1.1
3887,23,888,Power System,5,8,2024-09-25 01:08:21,2024-09-25 01:34:21,26,Major,283,False,4,True,3.3
3888,416,848,Radio Base Station,2,7,2024-06-22 09:53:01,2024-06-22 10:22:01,29,Minor,132,False,4,True,2.1
3889,100,633,Core Network Node,5,1,2025-02-26 16:05:46,2025-02-26 17:17:46,72,Major,389,True,4,False,5.7
3890,459,156,Router/Switch,1,7,2024-05-19 19:47:36,2024-05-19 20:12:36,25,Minor,110,False,4,True,4.8
3891,461,45,Transmission Equipment,3,2,2024-08-22 09:04:04,2024-08-22 10:10:04,66,Major,224,True,2,False,3.0
3892,155,278,Transmission Equipment,1,1,2025-12-28 07:58:51,2025-12-28 08:24:51,26,Major,261,False,6,True,3.9
3893,473,819,Router/Switch,1,6,2024-04-18 16:25:13,2024-04-18 16:41:13,16,Major,325,False,2,True,5.3
3894,220,307,Core Network Node,5,2,2025-08-05 22:28:04,2025-08-06 00:39:04,131,Critical,399,True,5,False,3.5
3895,432,647,Antenna System,1,2,2024-07-30 08:04:13,2024-07-30 08:09:13,5,Warning,17,False,6,True,8.9
3896,424,117,Power System,2,3,2024-08-30 10:35:13,2024-08-30 11:04:13,29,Major,191,False,2,True,9.9
3897,169,315,Router/Switch,2,1,2025-03-16 09:10:04,2025-03-16 09:27:04,17,Minor,112,False,5,True,6.8
3898,450,236,Radio Base Station,3,5,2025-03-24 19:04:18,2025-03-24 19:11:18,7,Warning,30,False,3,True,7.6
3899,65,753,Radio Base Station,1,1,2024-11-12 07:47:20,2024-11-12 07:50:20,3,Warning,35,False,1,True,8.0
3900,200,630,Antenna System,1,4,2024-05-09 15:37:22,2024-05-09 16:02:22,25,Major,434,False,1,True,8.8
3901,23,184,Router/Switch,2,1,2025-10-19 08:58:14,2025-10-19 10:14:14,76,Major,243,True,4,False,8.2
3902,270,521,Transmission Equipment,1,7,2024-06-22 09:55:12,2024-06-22 10:43:12,48,Major,323,False,6,True,3.9
3903,209,128,Transmission Equipment,1,1,2025-10-05 12:59:32,2025-10-05 13:14:32,15,Major,376,False,3,True,7.9
3904,211,276,Core Network Node,4,3,2025-01-12 11:39:50,2025-01-12 11:53:50,14,Minor,86,False,2,True,4.5
3905,25,730,Router/Switch,4,6,2024-03-19 14:41:19,2024-03-19 14:59:19,18,Minor,90,False,3,True,8.3
3906,143,38,Transmission Equipment,1,3,2025-04-08 13:33:35,2025-04-08 13:44:35,11,Warning,26,False,1,True,7.6
3907,177,996,Power System,3,4,2025-05-23 14:43:35,2025-05-23 15:16:35,33,Minor,135,False,5,True,8.7
3908,479,255,Power System,1,1,2024-10-21 05:10:44,2024-10-21 05:14:44,4,Major,238,False,3,True,3.0
3909,27,726,Core Network Node,4,2,2024-06-15 02:46:32,2024-06-15 02:55:32,9,Warning,17,False,1,True,8.8
3910,122,81,Transmission Equipment,4,9,2024-07-15 16:10:12,2024-07-15 16:49:12,39,Major,275,False,3,True,8.6
3911,142,497,Router/Switch,2,6,2025-12-24 07:10:27,2025-12-24 08:10:27,60,Major,312,False,6,True,8.4
3912,167,76,Power System,4,1,2025-02-11 13:47:33,2025-02-11 14:20:33,33,Minor,116,False,0,True,8.6
3913,117,871,Radio Base Station,5,6,2025-09-30 10:42:51,2025-09-30 12:05:51,83,Major,195,True,4,False,7.9
3914,175,805,Core Network Node,4,4,2024-02-16 17:11:25,2024-02-16 17:12:25,1,Warning,20,False,4,True,8.5
3915,156,79,Transmission Equipment,4,2,2025-07-04 23:56:37,2025-07-05 00:59:37,63,Minor,87,False,3,True,6.9
3916,353,692,Transmission Equipment,2,4,2024-04-03 17:04:45,2024-04-03 18:14:45,70,Major,337,True,1,False,3.2
3917,51,313,Core Network Node,1,1,2025-03-05 17:20:32,2025-03-05 18:16:32,56,Minor,80,False,1,True,9.5
3918,420,316,Antenna System,3,2,2024-11-17 18:43:16,2024-11-17 19:06:16,23,Minor,86,False,3,True,7.0
3919,252,386,Power System,5,3,2025-03-20 10:12:50,2025-03-20 10:48:50,36,Minor,157,False,2,True,8.9
3920,401,382,Router/Switch,3,2,2024-02-19 16:13:37,2024-02-19 16:40:37,27,Minor,72,False,3,True,2.7
3921,209,766,Power System,1,2,2024-09-10 10:02:07,2024-09-10 10:04:07,2,Warning,46,False,2,True,5.3
3922,73,901,Antenna System,3,5,2025-08-03 20:36:23,2025-08-03 20:52:23,16,Critical,429,False,4,True,5.9
3923,399,662,Radio Base Station,3,6,2024-09-26 13:16:09,2024-09-26 13:26:09,10,Minor,104,False,2,True,8.9
3924,162,166,Transmission Equipment,2,8,2025-07-18 03:46:01,2025-07-18 04:25:01,39,Critical,548,True,4,False,9.1
3925,22,542,Transmission Equipment,3,5,2024-02-11 08:07:53,2024-02-11 08:08:53,1,Major,280,False,4,True,3.7
3926,200,921,Radio Base Station,1,2,2024-03-22 11:29:31,2024-03-22 12:26:31,57,Minor,156,False,7,True,7.2
3927,130,70,Transmission Equipment,4,2,2024-06-12 15:54:51,2024-06-12 16:26:51,32,Minor,91,False,3,True,4.8
3928,296,845,Router/Switch,1,2,2024-11-16 09:35:59,2024-11-16 10:25:59,50,Minor,122,False,3,True,6.3
3929,425,38,Antenna System,2,5,2024-04-19 03:37:09,2024-04-19 03:44:09,7,Warning,21,False,7,True,8.1
3930,95,29,Router/Switch,4,3,2024-06-12 16:21:00,2024-06-12 16:30:00,9,Minor,191,False,3,True,5.4
3931,376,323,Router/Switch,2,2,2025-01-04 10:28:21,2025-01-04 10:57:21,29,Minor,145,False,5,True,1.7
3932,170,842,Radio Base Station,1,1,2025-11-24 00:54:05,2025-11-24 01:04:05,10,Minor,98,False,1,True,2.2
3933,133,234,Radio Base Station,4,2,2024-05-22 12:42:46,2024-05-22 13:36:46,54,Major,239,False,3,True,7.5
3934,250,46,Core Network Node,1,2,2025-08-13 16:02:01,2025-08-13 16:37:01,35,Major,256,False,10,True,2.0
3935,215,735,Router/Switch,4,4,2025-09-19 08:54:52,2025-09-19 09:07:52,13,Minor,123,False,2,True,1.9
3936,101,994,Router/Switch,1,1,2025-03-18 07:28:28,2025-03-18 10:57:28,209,Critical,353,True,3,False,2.0
3937,250,638,Router/Switch,1,1,2025-04-17 15:49:55,2025-04-17 16:00:55,11,Minor,87,False,5,True,8.6
3938,321,18,Router/Switch,4,3,2024-02-23 12:29:40,2024-02-23 12:43:40,14,Critical,464,False,2,True,5.9
3939,317,104,Core Network Node,5,3,2025-12-09 02:48:38,2025-12-09 03:04:38,16,Minor,123,False,4,True,8.1
3940,243,24,Core Network Node,1,4,2024-06-13 18:37:26,2024-06-13 19:53:26,76,Minor,69,False,6,True,7.9
3941,101,315,Radio Base Station,2,3,2025-07-27 08:31:40,2025-07-27 08:58:40,27,Minor,113,False,2,True,2.7
3942,448,123,Router/Switch,1,1,2024-06-26 23:30:00,2024-06-26 23:32:00,2,Warning,40,False,2,True,2.7
3943,355,253,Router/Switch,4,2,2025-07-02 03:29:24,2025-07-02 03:32:24,3,Warning,18,False,1,True,6.0
3944,208,753,Power System,2,2,2024-07-05 01:18:00,2024-07-05 02:30:00,72,Critical,462,True,3,False,6.8
3945,25,753,Antenna System,2,6,2024-08-29 14:37:20,2024-08-29 14:56:20,19,Minor,112,False,4,True,3.1
3946,117,630,Transmission Equipment,4,4,2025-05-04 01:17:35,2025-05-04 01:59:35,42,Critical,321,True,1,False,2.0
3947,371,883,Power System,1,3,2025-09-29 14:20:32,2025-09-29 14:39:32,19,Major,232,False,5,True,1.4
3948,395,141,Power System,5,3,2024-01-14 19:35:01,2024-01-14 19:58:01,23,Minor,72,False,2,True,7.3
3949,145,246,Core Network Node,2,3,2024-11-20 12:22:47,2024-11-20 12:34:47,12,Minor,138,False,2,True,6.1
3950,315,4,Power System,4,4,2024-05-18 08:24:15,2024-05-18 09:56:15,92,Major,328,True,5,False,3.5
3951,308,695,Antenna System,3,1,2025-04-30 03:05:10,2025-04-30 03:30:10,25,Major,240,False,2,True,1.6
3952,477,676,Transmission Equipment,3,2,2024-03-10 16:09:22,2024-03-10 16:12:22,3,Warning,30,False,1,True,7.0
3953,242,12,Core Network Node,1,1,2024-09-17 22:30:41,2024-09-17 22:32:41,2,Minor,80,False,4,True,6.8
3954,105,389,Core Network Node,4,8,2025-04-21 08:53:33,2025-04-21 09:45:33,52,Critical,508,True,6,False,5.8
3955,480,851,Transmission Equipment,2,2,2025-02-20 06:53:28,2025-02-20 06:56:28,3,Warning,22,False,2,True,8.9
3956,53,263,Power System,5,9,2025-06-03 12:59:37,2025-06-03 13:27:37,28,Minor,132,False,0,True,6.6
3957,72,244,Core Network Node,5,4,2025-01-31 14:30:57,2025-01-31 14:35:57,5,Warning,34,False,4,True,7.8
3958,165,728,Antenna System,1,6,2025-10-03 05:36:02,2025-10-03 06:05:02,29,Major,215,False,7,True,5.1
3959,233,683,Antenna System,5,2,2024-07-20 09:13:05,2024-07-20 09:57:05,44,Major,254,False,3,True,3.6
3960,19,451,Antenna System,3,2,2025-05-17 13:55:23,2025-05-17 14:45:23,50,Minor,105,False,6,True,1.2
3961,372,17,Router/Switch,5,6,2025-12-25 03:24:54,2025-12-25 03:51:54,27,Critical,562,False,1,True,8.0
3962,259,701,Router/Switch,5,4,2025-05-09 18:49:41,2025-05-09 19:03:41,14,Minor,90,False,2,True,9.9
3963,63,650,Power System,4,1,2025-04-08 17:39:27,2025-04-08 18:33:27,54,Minor,74,False,4,True,4.2
3964,494,503,Power System,4,9,2025-11-12 07:49:31,2025-11-12 07:55:31,6,Minor,154,False,3,True,7.4
3965,183,963,Core Network Node,5,4,2025-04-28 09:43:23,2025-04-28 10:16:23,33,Minor,103,False,3,True,8.3
3966,415,402,Router/Switch,2,2,2025-07-27 10:42:50,2025-07-27 12:09:50,87,Critical,474,True,4,False,9.5
3967,350,148,Power System,3,5,2024-11-25 17:28:58,2024-11-25 17:32:58,4,Minor,93,False,3,True,8.9
3968,21,225,Radio Base Station,2,8,2024-02-28 20:12:09,2024-02-28 20:44:09,32,Critical,419,True,2,False,6.2
3969,432,889,Router/Switch,4,1,2024-09-02 15:06:26,2024-09-02 15:14:26,8,Minor,85,False,3,True,6.6
3970,224,469,Radio Base Station,5,6,2025-12-11 17:16:52,2025-12-11 18:42:52,86,Critical,500,True,5,False,7.5
3971,295,343,Power System,3,5,2024-08-21 16:39:49,2024-08-21 16:55:49,16,Critical,523,False,4,True,2.3
3972,63,590,Core Network Node,1,3,2025-03-20 13:00:22,2025-03-20 13:07:22,7,Warning,20,False,7,True,7.1
3973,27,868,Radio Base Station,5,4,2024-03-13 09:08:17,2024-03-13 09:11:17,3,Minor,97,False,2,True,4.1
3974,428,821,Transmission Equipment,5,3,2025-12-19 10:40:20,2025-12-19 10:53:20,13,Minor,186,False,1,True,3.0
3975,485,568,Radio Base Station,5,3,2024-11-15 12:54:02,2024-11-15 13:09:02,15,Minor,116,False,3,True,3.5
3976,270,603,Core Network Node,1,2,2025-05-17 14:57:37,2025-05-17 16:00:37,63,Major,191,True,3,False,7.4
3977,352,584,Router/Switch,1,2,2025-11-06 11:22:03,2025-11-06 11:34:03,12,Minor,78,False,3,True,7.0
3978,341,461,Radio Base Station,2,6,2024-07-26 14:50:12,2024-07-26 15:54:12,64,Critical,484,True,1,False,8.7
3979,111,619,Core Network Node,5,1,2024-10-27 12:02:16,2024-10-27 12:16:16,14,Minor,92,False,1,True,8.8
3980,295,471,Power System,4,7,2025-05-26 22:09:02,2025-05-26 22:41:02,32,Major,324,False,1,True,5.1
3981,170,154,Antenna System,3,5,2024-07-08 09:09:07,2024-07-08 09:12:07,3,Minor,85,False,2,True,9.7
3982,429,468,Power System,3,1,2025-05-27 17:03:35,2025-05-27 17:25:35,22,Major,408,False,2,True,4.5
3983,302,990,Core Network Node,5,8,2025-05-04 17:09:05,2025-05-04 17:19:05,10,Major,239,False,2,True,3.9
3984,159,616,Power System,4,5,2025-06-10 11:38:36,2025-06-10 15:28:36,230,Critical,353,True,4,False,2.6
3985,103,882,Transmission Equipment,2,4,2024-02-29 15:03:06,2024-02-29 15:15:06,12,Minor,106,False,2,True,3.3
3986,258,653,Router/Switch,3,3,2024-10-13 15:03:01,2024-10-13 15:42:01,39,Major,356,False,3,True,4.7
3987,487,683,Transmission Equipment,5,5,2024-02-15 08:32:01,2024-02-15 11:22:01,170,Critical,701,True,5,False,2.5
3988,436,752,Power System,2,4,2024-12-29 01:11:48,2024-12-29 02:35:48,84,Minor,96,False,3,True,9.5
3989,106,143,Radio Base Station,5,1,2025-10-25 11:35:36,2025-10-25 11:46:36,11,Major,363,False,5,True,5.8
3990,170,89,Transmission Equipment,4,2,2025-09-02 16:48:12,2025-09-02 17:38:12,50,Major,232,False,4,True,6.9
3991,30,498,Core Network Node,1,2,2025-09-26 04:21:48,2025-09-26 04:39:48,18,Warning,22,False,1,True,7.1
3992,338,252,Router/Switch,2,2,2024-08-04 10:42:37,2024-08-04 11:55:37,73,Critical,597,True,2,False,3.7
3993,402,783,Transmission Equipment,5,3,2024-05-04 11:05:18,2024-05-04 11:14:18,9,Warning,33,False,5,True,5.6
3994,221,432,Antenna System,5,4,2024-04-15 13:24:19,2024-04-15 13:25:19,1,Warning,31,False,4,True,9.7
3995,58,817,Router/Switch,3,2,2024-02-20 10:26:54,2024-02-20 10:28:54,2,Minor,88,False,3,True,6.0
3996,395,934,Router/Switch,2,2,2024-08-19 12:08:19,2024-08-19 12:23:19,15,Minor,113,False,1,True,6.8
3997,126,175,Antenna System,4,5,2024-04-25 02:33:12,2024-04-25 02:56:12,23,Minor,124,False,3,True,6.1
3998,310,323,Antenna System,3,6,2024-02-13 16:54:32,2024-02-13 17:01:32,7,Major,195,False,6,True,6.7
3999,432,65,Transmission Equipment,4,7,2024-02-19 19:44:20,2024-02-19 19:49:20,5,Warning,23,False,1,True,7.3
4000,471,334,Antenna System,1,2,2025-05-20 15:18:41,2025-05-20 15:51:41,33,Critical,326,True,7,False,6.6
4001,485,38,Radio Base Station,1,2,2024-11-10 10:04:43,2024-11-10 10:27:43,23,Minor,172,False,1,True,3.0
4002,167,652,Transmission Equipment,1,2,2024-02-12 10:50:10,2024-02-12 11:26:10,36,Major,327,False,3,True,8.1
4003,75,124,Router/Switch,3,5,2025-11-22 22:41:17,2025-11-23 00:03:17,82,Major,387,True,3,False,2.3
4004,56,962,Core Network Node,3,2,2025-02-04 12:43:39,2025-02-04 13:15:39,32,Major,331,False,5,True,10.0
4005,427,265,Radio Base Station,2,9,2024-03-01 17:16:54,2024-03-01 17:32:54,16,Minor,124,False,2,True,2.5
4006,297,218,Radio Base Station,1,5,2024-09-07 22:17:20,2024-09-07 22:38:20,21,Warning,30,False,6,True,4.8
4007,110,924,Router/Switch,4,2,2025-03-25 18:22:55,2025-03-25 19:25:55,63,Minor,119,False,2,True,3.6
4008,24,214,Radio Base Station,5,1,2025-07-30 16:56:26,2025-07-30 17:28:26,32,Minor,135,False,2,True,2.0
4009,54,497,Transmission Equipment,2,4,2024-03-11 16:13:38,2024-03-11 16:46:38,33,Minor,84,False,5,True,7.8
4010,339,84,Core Network Node,4,3,2024-05-15 02:10:36,2024-05-15 02:26:36,16,Minor,106,False,2,True,1.0
4011,285,733,Router/Switch,4,5,2025-04-06 12:45:31,2025-04-06 13:03:31,18,Minor,128,False,3,True,4.6
4012,462,92,Router/Switch,1,8,2024-07-12 01:56:01,2024-07-12 04:37:01,161,Major,241,True,2,False,6.5
4013,44,940,Transmission Equipment,2,9,2025-12-20 23:00:39,2025-12-20 23:33:39,33,Minor,122,False,9,True,5.0
4014,186,281,Antenna System,5,1,2025-02-09 17:12:39,2025-02-09 18:35:39,83,Major,359,True,1,False,5.0
4015,445,527,Router/Switch,3,8,2024-01-07 12:40:57,2024-01-07 12:51:57,11,Critical,349,False,2,True,6.8
4016,43,841,Router/Switch,5,6,2025-12-17 17:24:03,2025-12-17 17:28:03,4,Major,315,False,2,True,2.4
4017,471,265,Power System,1,8,2024-09-26 18:26:45,2024-09-26 18:49:45,23,Major,250,False,5,True,9.8
4018,215,731,Power System,1,8,2025-11-10 12:02:20,2025-11-10 12:46:20,44,Critical,507,True,2,False,6.7
4019,220,697,Antenna System,1,8,2024-03-01 12:43:04,2024-03-01 13:12:04,29,Major,283,False,4,True,3.9
4020,172,336,Power System,5,1,2025-10-16 09:48:24,2025-10-16 10:01:24,13,Critical,324,False,3,True,6.6
4021,481,151,Transmission Equipment,4,3,2025-02-25 15:37:27,2025-02-25 16:23:27,46,Critical,507,True,1,False,7.9
4022,223,591,Core Network Node,3,6,2024-10-13 11:41:27,2024-10-13 11:43:27,2,Minor,181,False,5,True,2.3
4023,108,954,Transmission Equipment,2,4,2024-01-01 15:57:51,2024-01-01 16:25:51,28,Major,330,False,2,True,2.4
4024,24,473,Transmission Equipment,3,1,2025-05-31 01:43:29,2025-05-31 02:06:29,23,Minor,155,False,4,True,5.6
4025,246,652,Radio Base Station,1,1,2024-12-28 00:34:02,2024-12-28 01:26:02,52,Critical,434,True,4,False,2.1
4026,369,505,Transmission Equipment,5,2,2024-07-31 15:02:39,2024-07-31 15:34:39,32,Minor,174,False,2,True,7.1
4027,464,567,Radio Base Station,2,8,2025-02-11 05:34:35,2025-02-11 05:40:35,6,Major,305,False,3,True,7.6
4028,169,284,Router/Switch,4,9,2024-03-10 09:45:00,2024-03-10 11:05:00,80,Critical,408,True,2,False,9.0
4029,288,803,Radio Base Station,5,2,2024-12-25 11:05:32,2024-12-25 11:30:32,25,Minor,109,False,0,True,2.6
4030,459,762,Antenna System,1,2,2025-09-13 20:18:56,2025-09-13 20:23:56,5,Major,284,False,3,True,5.1
4031,484,137,Transmission Equipment,4,1,2024-09-14 10:43:56,2024-09-14 10:50:56,7,Minor,180,False,3,True,3.9
4032,234,724,Core Network Node,3,4,2025-08-14 09:36:26,2025-08-14 09:50:26,14,Warning,29,False,2,True,4.1
4033,266,202,Transmission Equipment,5,8,2025-11-16 08:40:05,2025-11-16 08:45:05,5,Major,274,False,0,True,6.2
4034,65,403,Core Network Node,3,8,2025-02-10 03:45:00,2025-02-10 03:54:00,9,Minor,82,False,3,True,3.6
4035,317,830,Power System,1,1,2025-07-04 08:19:31,2025-07-04 08:30:31,11,Minor,132,False,2,True,4.8
4036,411,701,Transmission Equipment,3,1,2024-04-03 15:32:01,2024-04-03 15:40:01,8,Minor,84,False,2,True,4.4
4037,259,777,Antenna System,4,6,2024-02-17 12:51:42,2024-02-17 13:23:42,32,Minor,71,False,3,True,6.8
4038,175,460,Core Network Node,1,8,2024-06-27 09:01:45,2024-06-27 10:08:45,67,Critical,381,True,4,False,5.1
4039,387,575,Power System,3,1,2024-04-25 11:19:34,2024-04-25 11:21:34,2,Warning,22,False,2,True,4.6
4040,336,370,Power System,5,5,2024-07-15 10:47:46,2024-07-15 11:13:46,26,Major,285,False,6,True,6.1
4041,179,919,Router/Switch,2,2,2025-09-28 21:03:46,2025-09-28 21:57:46,54,Major,405,False,5,True,8.8
4042,267,549,Core Network Node,1,4,2025-07-16 07:49:19,2025-07-16 08:01:19,12,Warning,23,False,4,True,2.0
4043,466,30,Antenna System,1,4,2025-05-18 12:52:26,2025-05-18 14:37:26,105,Major,253,True,5,False,4.2
4044,122,61,Core Network Node,3,6,2025-06-19 09:35:20,2025-06-19 09:40:20,5,Minor,114,False,2,True,4.2
4045,1,338,Transmission Equipment,3,5,2025-06-28 11:29:55,2025-06-28 11:49:55,20,Major,291,False,2,True,3.0
4046,239,756,Transmission Equipment,1,2,2024-04-05 21:46:14,2024-04-05 22:06:14,20,Minor,89,False,5,True,1.6
4047,128,391,Router/Switch,1,1,2025-10-01 20:40:44,2025-10-01 21:03:44,23,Minor,84,False,6,True,8.5
4048,211,39,Antenna System,1,6,2024-04-17 02:36:02,2024-04-17 02:47:02,11,Major,252,False,4,True,6.1
4049,374,538,Antenna System,2,1,2024-02-23 11:55:10,2024-02-23 12:14:10,19,Major,221,False,5,True,2.6
4050,47,206,Router/Switch,1,2,2025-08-20 08:09:45,2025-08-20 09:02:45,53,Minor,118,False,3,True,2.2
4051,390,432,Transmission Equipment,5,7,2025-04-16 08:10:13,2025-04-16 08:29:13,19,Minor,76,False,1,True,8.0
4052,11,693,Radio Base Station,2,1,2025-12-04 10:45:21,2025-12-04 10:56:21,11,Major,364,False,6,True,1.7
4053,330,200,Antenna System,3,4,2025-10-23 09:59:36,2025-10-23 10:36:36,37,Minor,121,False,4,True,9.6
4054,379,585,Power System,4,9,2025-02-10 09:50:15,2025-02-10 10:59:15,69,Major,437,True,0,False,2.0
4055,29,682,Transmission Equipment,1,2,2024-06-01 14:13:58,2024-06-01 14:14:58,1,Minor,123,False,2,True,5.0
4056,242,348,Core Network Node,3,4,2025-11-05 07:57:00,2025-11-05 08:37:00,40,Minor,122,False,2,True,5.7
4057,346,986,Transmission Equipment,4,6,2024-12-19 08:39:25,2024-12-19 08:52:25,13,Major,263,False,4,True,4.1
4058,349,346,Antenna System,1,8,2024-09-13 09:28:36,2024-09-13 09:39:36,11,Minor,82,False,5,True,6.4
4059,1,794,Radio Base Station,2,1,2024-02-10 13:50:28,2024-02-10 14:02:28,12,Minor,69,False,8,True,9.6
4060,293,326,Router/Switch,5,5,2025-05-20 11:17:42,2025-05-20 11:25:42,8,Minor,105,False,5,True,1.9
4061,231,210,Core Network Node,5,5,2025-12-04 12:55:58,2025-12-04 13:08:58,13,Major,268,False,2,True,3.6
4062,439,269,Power System,4,5,2025-03-23 14:57:58,2025-03-23 15:40:58,43,Major,297,False,4,True,5.6
4063,488,807,Radio Base Station,4,3,2025-07-12 05:02:57,2025-07-12 05:05:57,3,Major,426,False,2,True,9.1
4064,243,261,Core Network Node,2,1,2024-08-12 12:48:15,2024-08-12 12:52:15,4,Warning,17,False,3,True,2.0
4065,65,258,Power System,1,1,2025-10-08 09:52:38,2025-10-08 09:57:38,5,Warning,30,False,4,True,8.0
4066,18,44,Router/Switch,2,4,2025-08-12 04:57:15,2025-08-12 05:50:15,53,Critical,495,True,4,False,2.6
4067,431,505,Radio Base Station,4,5,2025-02-05 18:48:41,2025-02-05 18:53:41,5,Minor,109,False,7,True,1.8
4068,51,833,Antenna System,3,3,2025-03-27 08:30:03,2025-03-27 08:42:03,12,Major,342,False,3,True,4.1
4069,263,331,Transmission Equipment,5,2,2024-07-15 23:18:01,2024-07-15 23:57:01,39,Minor,108,False,1,True,6.9
4070,167,110,Radio Base Station,4,2,2025-10-04 07:24:46,2025-10-04 07:57:46,33,Minor,93,False,2,True,5.2
4071,53,2,Router/Switch,5,6,2024-12-24 16:18:07,2024-12-24 16:41:07,23,Minor,164,False,3,True,5.4
4072,467,971,Transmission Equipment,2,6,2025-09-08 17:07:11,2025-09-08 18:01:11,54,Minor,65,False,0,True,4.6
4073,239,363,Radio Base Station,2,2,2024-10-04 12:44:10,2024-10-04 12:46:10,2,Warning,30,False,4,True,6.5
4074,431,477,Power System,3,1,2024-08-09 16:06:47,2024-08-09 16:20:47,14,Major,248,False,4,True,3.6
4075,56,581,Power System,5,5,2025-11-25 16:46:48,2025-11-25 18:06:48,80,Critical,328,True,3,False,7.2
4076,63,430,Antenna System,2,7,2025-03-29 19:23:46,2025-03-29 19:27:46,4,Minor,97,False,1,True,9.1
4077,432,723,Antenna System,1,2,2025-10-31 17:11:49,2025-10-31 17:31:49,20,Minor,111,False,3,True,5.4
4078,409,15,Core Network Node,2,3,2024-04-13 09:14:14,2024-04-13 09:35:14,21,Minor,176,False,4,True,2.4
4079,3,255,Transmission Equipment,3,2,2024-08-10 16:09:28,2024-08-10 16:28:28,19,Major,346,False,0,True,5.1
4080,213,31,Router/Switch,1,5,2024-07-24 15:31:49,2024-07-24 16:01:49,30,Minor,180,False,4,True,1.5
4081,174,908,Power System,4,1,2024-09-24 17:39:45,2024-09-24 17:48:45,9,Warning,18,False,3,True,7.6
4082,226,529,Antenna System,2,2,2025-11-05 10:51:32,2025-11-05 11:24:32,33,Minor,112,False,4,True,2.3
4083,396,631,Antenna System,2,2,2025-08-06 12:00:09,2025-08-06 12:27:09,27,Major,298,False,1,True,7.9
4084,52,393,Core Network Node,1,2,2025-05-28 09:21:14,2025-05-28 12:02:14,161,Critical,451,True,4,False,2.2
4085,122,400,Radio Base Station,4,1,2024-11-13 11:46:12,2024-11-13 12:14:12,28,Minor,124,False,3,True,5.5
4086,172,141,Power System,2,3,2024-12-11 12:50:16,2024-12-11 13:08:16,18,Minor,77,False,2,True,6.9
4087,91,341,Antenna System,4,2,2025-07-26 14:50:55,2025-07-26 16:20:55,90,Minor,106,False,2,True,6.9
4088,65,549,Transmission Equipment,3,3,2024-08-20 00:06:45,2024-08-20 00:31:45,25,Minor,136,False,4,True,1.0
4089,219,913,Transmission Equipment,3,5,2024-02-09 00:34:54,2024-02-09 00:52:54,18,Minor,79,False,4,True,8.4
4090,260,325,Transmission Equipment,4,7,2024-02-03 19:29:20,2024-02-03 20:36:20,67,Major,251,True,3,False,6.7
4091,448,27,Radio Base Station,1,1,2025-12-07 09:57:35,2025-12-07 10:08:35,11,Major,321,False,3,True,5.0
4092,450,619,Radio Base Station,4,9,2025-06-23 08:24:50,2025-06-23 08:33:50,9,Warning,23,False,0,True,4.1
4093,89,524,Power System,2,2,2024-05-29 11:55:29,2024-05-29 11:57:29,2,Warning,39,False,5,True,7.8
4094,350,927,Transmission Equipment,4,1,2024-12-20 16:05:18,2024-12-20 16:19:18,14,Minor,123,False,3,True,4.4
4095,167,939,Power System,3,5,2024-04-22 17:50:00,2024-04-22 18:21:00,31,Major,200,False,7,True,8.9
4096,327,242,Transmission Equipment,4,1,2024-12-30 15:26:38,2024-12-30 15:46:38,20,Critical,620,False,2,True,4.3
4097,252,195,Core Network Node,5,7,2025-01-12 12:06:25,2025-01-12 12:57:25,51,Major,365,False,4,True,2.0
4098,167,97,Antenna System,4,7,2025-03-12 08:32:00,2025-03-12 08:54:00,22,Minor,88,False,2,True,6.5
4099,19,385,Router/Switch,3,1,2025-10-17 16:53:32,2025-10-17 17:39:32,46,Minor,194,False,2,True,7.4
4100,438,32,Router/Switch,4,2,2025-04-20 13:13:43,2025-04-20 14:02:43,49,Major,316,False,2,True,7.3
4101,204,801,Core Network Node,4,1,2025-01-08 01:41:57,2025-01-08 01:47:57,6,Minor,118,False,3,True,2.4
4102,404,370,Power System,1,3,2025-07-20 15:57:40,2025-07-20 16:04:40,7,Major,310,False,6,True,1.0
4103,130,329,Radio Base Station,3,2,2024-05-04 16:45:13,2024-05-04 17:19:13,34,Minor,82,False,2,True,9.1
4104,306,118,Router/Switch,3,4,2025-03-19 13:44:32,2025-03-19 14:30:32,46,Minor,118,False,1,True,5.4
4105,222,979,Antenna System,4,2,2025-12-05 00:44:54,2025-12-05 02:48:54,124,Critical,609,True,7,False,9.4
4106,311,456,Radio Base Station,1,2,2024-03-27 09:13:24,2024-03-27 11:00:24,107,Minor,75,False,4,True,6.4
4107,199,658,Antenna System,2,7,2024-10-30 12:52:57,2024-10-30 12:59:57,7,Warning,26,False,1,True,7.9
4108,304,164,Antenna System,5,2,2025-11-10 01:43:04,2025-11-10 01:49:04,6,Warning,37,False,5,True,8.6
4109,316,874,Core Network Node,4,8,2024-02-03 18:27:31,2024-02-03 19:13:31,46,Minor,164,False,7,True,5.8
4110,35,871,Power System,2,3,2024-02-19 07:22:32,2024-02-19 07:52:32,30,Major,199,False,1,True,3.3
4111,235,337,Router/Switch,5,2,2025-04-05 09:30:47,2025-04-05 10:40:47,70,Major,349,True,3,False,7.6
4112,172,579,Power System,1,3,2024-02-16 14:53:44,2024-02-16 14:54:44,1,Minor,88,False,5,True,4.7
4113,283,272,Core Network Node,5,4,2024-01-06 09:45:12,2024-01-06 10:25:12,40,Critical,456,True,1,False,3.3
4114,167,922,Antenna System,5,3,2024-09-04 04:46:49,2024-09-04 05:24:49,38,Major,256,False,3,True,3.7
4115,332,597,Radio Base Station,5,6,2024-02-29 17:34:17,2024-02-29 18:05:17,31,Minor,86,False,3,True,5.0
4116,176,575,Antenna System,4,2,2025-05-21 15:55:42,2025-05-21 17:22:42,87,Major,222,True,6,False,2.5
4117,499,888,Antenna System,1,4,2024-10-28 15:25:24,2024-10-28 15:54:24,29,Critical,707,False,6,True,5.9
4118,41,424,Radio Base Station,3,3,2025-09-21 15:24:18,2025-09-21 15:51:18,27,Minor,142,False,1,True,7.8
4119,440,830,Antenna System,5,1,2024-12-16 04:15:48,2024-12-16 05:12:48,57,Major,209,False,4,True,1.9
4120,466,300,Router/Switch,2,2,2026-01-01 08:29:28,2026-01-01 09:02:28,33,Critical,362,True,3,False,3.7
4121,90,909,Power System,4,1,2025-03-12 19:13:06,2025-03-12 20:22:06,69,Major,257,True,3,False,4.0
4122,476,864,Radio Base Station,5,6,2025-05-23 11:49:26,2025-05-23 12:04:26,15,Critical,696,False,6,True,2.4
4123,386,951,Transmission Equipment,5,4,2025-12-14 19:47:38,2025-12-14 20:31:38,44,Major,432,False,3,True,5.8
4124,212,89,Transmission Equipment,2,9,2025-07-03 12:08:49,2025-07-03 12:13:49,5,Minor,126,False,3,True,2.8
4125,169,713,Transmission Equipment,1,1,2025-02-25 10:40:24,2025-02-25 10:54:24,14,Major,311,False,3,True,3.1
4126,94,684,Router/Switch,1,6,2024-11-26 06:35:38,2024-11-26 06:44:38,9,Minor,101,False,2,True,2.4
4127,131,168,Core Network Node,2,1,2024-12-16 07:24:53,2024-12-16 08:22:53,58,Major,179,False,2,True,6.5
4128,437,713,Antenna System,5,4,2025-09-17 04:46:06,2025-09-17 05:01:06,15,Minor,175,False,2,True,8.8
4129,393,897,Power System,1,5,2024-08-17 15:03:49,2024-08-17 16:35:49,92,Major,458,True,3,False,3.6
4130,470,245,Power System,5,3,2024-02-01 14:45:41,2024-02-01 14:55:41,10,Warning,27,False,3,True,8.5
4131,303,555,Transmission Equipment,4,2,2025-09-23 15:15:00,2025-09-23 15:41:00,26,Minor,146,False,8,True,9.5
4132,457,330,Radio Base Station,5,1,2024-09-14 10:55:13,2024-09-14 11:09:13,14,Minor,112,False,2,True,9.7
4133,347,105,Power System,5,3,2024-12-25 09:53:37,2024-12-25 10:52:37,59,Major,297,False,3,True,2.8
4134,180,46,Power System,3,6,2025-09-20 15:17:09,2025-09-20 15:20:09,3,Major,388,False,4,True,3.9
4135,124,811,Router/Switch,5,6,2024-02-11 15:02:17,2024-02-11 15:50:17,48,Major,228,False,3,True,9.3
4136,66,214,Radio Base Station,3,8,2025-12-01 15:41:37,2025-12-01 15:49:37,8,Minor,204,False,2,True,9.6
4137,150,263,Power System,5,2,2024-08-08 13:54:22,2024-08-08 16:09:22,135,Critical,490,True,4,False,5.0
4138,286,615,Core Network Node,5,2,2024-12-19 13:52:29,2024-12-19 14:05:29,13,Minor,129,False,1,True,4.7
4139,94,493,Power System,1,6,2025-04-12 00:33:29,2025-04-12 00:54:29,21,Major,202,False,2,True,7.0
4140,235,321,Transmission Equipment,3,7,2025-06-19 04:43:07,2025-06-19 04:45:07,2,Warning,29,False,3,True,3.9
4141,410,785,Transmission Equipment,4,3,2025-07-27 16:57:17,2025-07-27 17:33:17,36,Minor,121,False,3,True,1.5
4142,400,902,Radio Base Station,2,2,2024-03-30 14:32:54,2024-03-30 15:15:54,43,Critical,783,True,4,False,9.2
4143,453,936,Core Network Node,2,6,2025-12-30 07:34:18,2025-12-30 07:55:18,21,Minor,160,False,3,True,1.3
4144,267,535,Power System,4,2,2025-11-17 21:12:59,2025-11-17 21:28:59,16,Major,207,False,6,True,4.0
4145,191,375,Power System,4,4,2025-05-05 16:49:10,2025-05-05 16:56:10,7,Major,263,False,2,True,8.1
4146,364,811,Transmission Equipment,1,1,2024-07-15 11:25:15,2024-07-15 11:28:15,3,Warning,32,False,4,True,4.3
4147,25,974,Core Network Node,2,1,2025-01-19 09:51:58,2025-01-19 10:05:58,14,Minor,73,False,1,True,7.4
4148,153,666,Router/Switch,1,7,2025-01-08 07:45:12,2025-01-08 08:25:12,40,Major,433,False,2,True,3.8
4149,51,42,Radio Base Station,1,2,2025-04-02 16:26:07,2025-04-02 17:18:07,52,Major,242,False,2,True,9.6
4150,257,2,Radio Base Station,5,1,2024-07-15 13:17:24,2024-07-15 13:47:24,30,Major,220,False,4,True,8.6
4151,431,51,Transmission Equipment,4,7,2025-10-19 10:25:16,2025-10-19 11:15:16,50,Minor,121,False,2,True,5.7
4152,223,160,Radio Base Station,2,2,2024-06-19 11:49:25,2024-06-19 12:55:25,66,Critical,631,True,5,False,8.1
4153,231,798,Radio Base Station,1,3,2024-05-31 08:42:18,2024-05-31 09:24:18,42,Minor,118,False,3,True,7.6
4154,280,195,Transmission Equipment,4,7,2024-09-19 00:23:46,2024-09-19 00:27:46,4,Minor,128,False,4,True,5.7
4155,83,714,Power System,3,1,2024-03-15 08:21:11,2024-03-15 08:35:11,14,Minor,167,False,0,True,5.8
4156,146,429,Core Network Node,1,4,2024-05-01 05:33:05,2024-05-01 05:53:05,20,Critical,461,False,1,True,9.6
4157,294,823,Router/Switch,2,6,2025-03-15 17:49:17,2025-03-15 18:01:17,12,Major,309,False,2,True,7.0
4158,372,798,Antenna System,1,5,2024-09-01 15:21:04,2024-09-01 16:19:04,58,Major,376,False,3,True,8.7
4159,75,132,Antenna System,1,5,2025-11-28 16:17:34,2025-11-28 16:27:34,10,Minor,196,False,2,True,9.8
4160,369,792,Power System,3,5,2025-04-05 12:25:55,2025-04-05 13:10:55,45,Major,417,False,8,True,10.0
4161,265,499,Radio Base Station,2,5,2025-08-12 08:19:27,2025-08-12 08:34:27,15,Minor,82,False,1,True,9.7
4162,83,294,Core Network Node,5,4,2024-09-15 09:39:20,2024-09-15 10:02:20,23,Minor,186,False,5,True,4.5
4163,215,73,Transmission Equipment,2,1,2025-12-17 17:18:36,2025-12-17 17:36:36,18,Major,200,False,3,True,3.4
4164,422,878,Radio Base Station,4,3,2025-09-01 10:52:32,2025-09-01 11:38:32,46,Critical,588,True,3,False,9.3
4165,343,238,Antenna System,3,2,2024-10-17 20:23:13,2024-10-17 20:43:13,20,Minor,82,False,2,True,6.0
4166,124,303,Power System,2,5,2025-09-18 13:50:16,2025-09-18 13:58:16,8,Major,240,False,1,True,8.0
4167,134,38,Router/Switch,1,4,2025-03-04 05:54:06,2025-03-04 06:00:06,6,Major,429,False,3,True,5.9
4168,308,317,Power System,1,7,2025-11-06 11:26:40,2025-11-06 11:43:40,17,Minor,73,False,3,True,7.7
4169,133,930,Radio Base Station,1,2,2025-09-07 02:13:03,2025-09-07 03:01:03,48,Major,195,False,5,True,6.6
4170,288,782,Core Network Node,1,6,2025-11-22 19:04:34,2025-11-22 20:33:34,89,Critical,486,True,1,False,6.8
4171,498,176,Power System,1,3,2025-11-22 15:09:24,2025-11-22 15:12:24,3,Warning,27,False,2,True,6.1
4172,420,121,Router/Switch,2,2,2025-12-16 08:08:43,2025-12-16 08:27:43,19,Warning,27,False,1,True,7.0
4173,469,690,Transmission Equipment,5,7,2024-09-02 17:48:21,2024-09-02 18:22:21,34,Major,410,False,2,True,7.1
4174,101,965,Core Network Node,4,2,2024-06-28 19:20:25,2024-06-28 19:45:25,25,Major,257,False,3,True,6.8
4175,345,774,Core Network Node,2,1,2025-05-23 05:31:41,2025-05-23 07:26:41,115,Critical,456,True,4,False,6.3
4176,385,97,Radio Base Station,1,2,2024-11-25 14:06:40,2024-11-25 16:16:40,130,Critical,477,True,3,False,7.4
4177,228,337,Router/Switch,1,3,2025-06-26 23:18:58,2025-06-26 23:43:58,25,Major,455,False,1,True,8.1
4178,392,767,Router/Switch,1,5,2025-11-19 12:38:00,2025-11-19 13:14:00,36,Minor,120,False,7,True,9.9
4179,157,528,Radio Base Station,4,2,2024-11-12 13:49:39,2024-11-12 14:52:39,63,Minor,171,False,4,True,1.1
4180,100,79,Transmission Equipment,4,5,2025-01-14 16:32:10,2025-01-14 17:06:10,34,Minor,148,False,3,True,1.5
4181,467,919,Radio Base Station,4,1,2025-05-25 13:50:25,2025-05-25 13:51:25,1,Major,225,False,4,True,9.2
4182,15,585,Radio Base Station,3,4,2025-07-03 10:25:14,2025-07-03 10:32:14,7,Minor,131,False,3,True,7.0
4183,298,523,Router/Switch,3,1,2025-11-05 13:28:31,2025-11-05 14:55:31,87,Major,385,True,5,False,7.4
4184,297,182,Power System,4,6,2024-02-22 07:48:35,2024-02-22 08:44:35,56,Critical,580,True,4,False,7.7
4185,471,5,Router/Switch,2,1,2024-07-15 17:18:32,2024-07-15 17:33:32,15,Minor,81,False,6,True,5.5
4186,365,235,Transmission Equipment,4,5,2024-12-17 01:54:41,2024-12-17 02:01:41,7,Minor,153,False,1,True,5.3
4187,50,191,Radio Base Station,3,5,2024-04-06 15:35:05,2024-04-06 15:51:05,16,Major,401,False,1,True,4.3
4188,94,109,Antenna System,5,9,2024-01-28 05:40:53,2024-01-28 06:27:53,47,Major,263,False,3,True,10.0
4189,78,612,Antenna System,3,5,2024-03-23 01:15:41,2024-03-23 02:07:41,52,Major,262,False,4,True,3.7
4190,51,362,Radio Base Station,2,7,2024-04-22 17:41:27,2024-04-22 18:02:27,21,Major,308,False,4,True,8.5
4191,308,196,Antenna System,2,4,2025-09-12 07:03:38,2025-09-12 09:01:38,118,Critical,438,True,3,False,2.5
4192,184,48,Power System,4,2,2025-10-09 07:38:44,2025-10-09 08:32:44,54,Minor,178,False,3,True,8.7
4193,180,257,Antenna System,5,1,2025-05-26 20:18:12,2025-05-26 21:06:12,48,Major,383,False,4,True,5.7
4194,43,268,Router/Switch,3,5,2024-05-27 09:58:52,2024-05-27 12:35:52,157,Critical,397,True,0,False,7.8
4195,348,179,Radio Base Station,3,7,2025-11-13 05:00:44,2025-11-13 05:13:44,13,Minor,161,False,4,True,7.2
4196,127,832,Core Network Node,5,4,2024-05-06 16:27:02,2024-05-06 16:49:02,22,Minor,186,False,2,True,1.8
4197,377,502,Radio Base Station,4,5,2025-04-03 14:11:20,2025-04-03 14:38:20,27,Major,405,False,3,True,9.2
4198,304,708,Antenna System,4,9,2025-03-10 15:44:37,2025-03-10 15:46:37,2,Minor,113,False,7,True,6.3
4199,458,667,Router/Switch,5,1,2024-06-13 22:06:47,2024-06-13 22:12:47,6,Minor,134,False,0,True,6.1
4200,463,979,Antenna System,2,1,2024-05-14 19:18:16,2024-05-14 19:32:16,14,Minor,135,False,2,True,5.0
4201,259,216,Power System,4,3,2025-06-22 15:04:29,2025-06-22 16:04:29,60,Critical,318,True,2,False,2.6
4202,416,524,Power System,5,1,2024-08-05 15:06:31,2024-08-05 15:28:31,22,Major,312,False,2,True,4.4
4203,497,327,Core Network Node,1,2,2025-04-24 09:17:30,2025-04-24 09:35:30,18,Minor,83,False,2,True,8.2
4204,75,978,Router/Switch,1,6,2025-03-02 14:00:01,2025-03-02 14:11:01,11,Minor,171,False,1,True,4.6
4205,462,817,Power System,5,1,2025-06-09 10:50:47,2025-06-09 12:16:47,86,Critical,347,True,4,False,4.0
4206,100,614,Power System,4,8,2025-03-31 04:38:35,2025-03-31 05:42:35,64,Critical,677,True,2,False,4.2
4207,268,342,Core Network Node,1,4,2025-06-11 08:40:16,2025-06-11 09:58:16,78,Minor,114,False,4,True,2.3
4208,153,665,Core Network Node,2,5,2025-03-26 19:14:07,2025-03-26 19:19:07,5,Warning,47,False,3,True,5.1
4209,80,98,Radio Base Station,4,7,2025-09-09 09:12:06,2025-09-09 09:40:06,28,Minor,93,False,2,True,3.9
4210,199,403,Antenna System,5,9,2024-11-18 18:49:15,2024-11-18 19:24:15,35,Minor,101,False,4,True,5.1
4211,36,466,Power System,5,1,2024-10-17 20:17:44,2024-10-17 20:34:44,17,Minor,99,False,3,True,2.7
4212,64,293,Radio Base Station,2,3,2025-09-24 16:09:07,2025-09-24 16:22:07,13,Major,362,False,13,True,9.7
4213,254,249,Power System,5,2,2024-07-11 16:38:18,2024-07-11 20:15:18,217,Critical,726,True,5,False,9.8
4214,196,288,Antenna System,1,3,2025-04-28 10:19:53,2025-04-28 10:22:53,3,Warning,29,False,0,True,1.1
4215,322,934,Router/Switch,1,5,2025-12-02 12:52:48,2025-12-02 13:03:48,11,Minor,116,False,1,True,9.5
4216,102,994,Transmission Equipment,4,7,2025-12-01 23:38:07,2025-12-01 23:49:07,11,Minor,78,False,5,True,3.4
4217,464,89,Power System,3,6,2025-03-23 12:16:21,2025-03-23 12:51:21,35,Minor,85,False,1,True,4.2
4218,413,12,Radio Base Station,2,2,2024-06-04 10:27:27,2024-06-04 11:03:27,36,Minor,121,False,3,True,8.8
4219,17,743,Transmission Equipment,5,2,2025-11-24 05:05:57,2025-11-24 07:04:57,119,Critical,419,True,0,False,9.6
4220,4,429,Router/Switch,3,7,2025-06-04 14:05:46,2025-06-04 14:09:46,4,Warning,38,False,4,True,1.1
4221,81,717,Router/Switch,1,5,2024-01-30 00:11:14,2024-01-30 00:58:14,47,Major,376,False,5,True,9.9
4222,13,165,Core Network Node,5,1,2024-10-13 18:26:04,2024-10-13 18:28:04,2,Warning,20,False,1,True,5.8
4223,432,205,Radio Base Station,3,4,2024-12-29 12:23:00,2024-12-29 12:57:00,34,Critical,418,True,3,False,8.9
4224,381,592,Core Network Node,3,1,2024-11-04 07:18:39,2024-11-04 07:37:39,19,Minor,91,False,5,True,8.4
4225,100,463,Core Network Node,1,5,2024-01-04 06:41:28,2024-01-04 07:01:28,20,Minor,125,False,1,True,7.8
4226,120,765,Router/Switch,4,1,2024-11-07 11:17:51,2024-11-07 12:04:51,47,Critical,502,True,3,False,2.9
4227,470,704,Radio Base Station,4,9,2024-06-02 06:35:22,2024-06-02 06:53:22,18,Major,249,False,2,True,4.6
4228,161,486,Power System,5,2,2024-02-28 18:51:03,2024-02-28 19:29:03,38,Major,215,False,3,True,9.5
4229,104,394,Router/Switch,1,3,2024-02-17 16:06:48,2024-02-17 16:22:48,16,Critical,358,False,5,True,4.9
4230,274,264,Power System,1,6,2024-08-19 15:46:54,2024-08-19 16:16:54,30,Minor,110,False,1,True,5.2
4231,199,16,Transmission Equipment,4,5,2024-02-01 01:17:36,2024-02-01 02:00:36,43,Major,168,False,2,True,5.0
4232,1,566,Router/Switch,1,2,2024-12-28 10:20:06,2024-12-28 10:40:06,20,Major,239,False,4,True,9.4
4233,242,85,Radio Base Station,5,6,2025-07-12 14:24:42,2025-07-12 14:43:42,19,Major,277,False,2,True,4.2
4234,60,713,Core Network Node,4,1,2024-06-06 11:01:02,2024-06-06 11:05:02,4,Warning,19,False,4,True,4.9
4235,137,157,Power System,2,1,2024-09-11 19:48:19,2024-09-11 19:51:19,3,Minor,88,False,0,True,1.2
4236,180,196,Antenna System,3,2,2024-10-14 17:08:30,2024-10-14 17:34:30,26,Minor,129,False,2,True,3.6
4237,86,288,Power System,2,6,2025-03-16 09:05:21,2025-03-16 09:52:21,47,Major,397,False,1,True,1.4
4238,138,762,Antenna System,4,3,2024-02-19 22:49:07,2024-02-19 23:20:07,31,Major,292,False,0,True,7.6
4239,267,137,Radio Base Station,2,7,2025-08-21 11:33:34,2025-08-21 12:03:34,30,Minor,83,False,7,True,4.9
4240,228,222,Antenna System,5,2,2025-05-15 15:52:22,2025-05-15 16:03:22,11,Minor,152,False,1,True,3.0
4241,253,64,Radio Base Station,5,3,2025-10-02 17:01:34,2025-10-02 17:17:34,16,Minor,122,False,3,True,7.9
4242,185,570,Radio Base Station,4,8,2025-04-10 00:41:15,2025-04-10 00:46:15,5,Warning,21,False,3,True,2.8
4243,250,311,Router/Switch,5,2,2025-07-22 09:45:31,2025-07-22 09:49:31,4,Minor,108,False,5,True,3.9
4244,13,138,Radio Base Station,1,1,2024-10-06 17:29:30,2024-10-06 18:52:30,83,Major,289,True,5,False,5.4
4245,121,711,Radio Base Station,5,3,2025-12-02 09:16:30,2025-12-02 09:22:30,6,Warning,25,False,4,True,2.5
4246,427,295,Antenna System,1,1,2024-07-24 12:36:06,2024-07-24 12:48:06,12,Major,380,False,2,True,7.3
4247,370,750,Transmission Equipment,4,1,2024-01-11 14:20:11,2024-01-11 14:28:11,8,Major,236,False,3,True,6.2
4248,233,716,Antenna System,3,4,2025-08-14 08:35:38,2025-08-14 08:39:38,4,Minor,117,False,2,True,3.3
4249,430,38,Power System,4,7,2024-11-10 00:06:15,2024-11-10 00:35:15,29,Major,322,False,2,True,9.7
4250,52,723,Antenna System,2,1,2025-03-10 05:19:23,2025-03-10 05:23:23,4,Major,411,False,5,True,8.3
4251,118,976,Router/Switch,4,5,2025-09-08 11:04:48,2025-09-08 11:16:48,12,Warning,19,False,0,True,6.3
4252,222,753,Power System,4,1,2024-09-28 17:35:16,2024-09-28 18:16:16,41,Minor,164,False,2,True,9.0
4253,382,527,Radio Base Station,5,5,2024-08-11 10:26:56,2024-08-11 11:37:56,71,Critical,624,True,7,False,1.7
4254,218,48,Power System,3,7,2024-01-27 12:41:47,2024-01-27 12:58:47,17,Major,326,False,2,True,2.4
4255,12,380,Core Network Node,2,2,2024-04-06 10:52:19,2024-04-06 11:58:19,66,Major,426,True,2,False,8.0
4256,482,109,Radio Base Station,1,4,2024-09-12 05:21:22,2024-09-12 06:14:22,53,Critical,293,True,1,False,1.0
4257,495,720,Transmission Equipment,2,2,2025-12-26 12:18:25,2025-12-26 12:47:25,29,Major,360,False,3,True,9.5
4258,372,679,Radio Base Station,1,2,2024-06-24 08:38:55,2024-06-24 08:41:55,3,Minor,149,False,3,True,9.2
4259,447,494,Power System,4,2,2024-03-10 12:13:39,2024-03-10 14:50:39,157,Major,389,True,2,False,2.5
4260,372,526,Transmission Equipment,2,1,2025-02-26 07:36:52,2025-02-26 08:33:52,57,Major,485,False,1,True,4.7
4261,254,921,Power System,2,9,2024-03-13 23:57:49,2024-03-14 00:04:49,7,Major,306,False,2,True,2.0
4262,424,903,Radio Base Station,5,2,2025-07-24 09:15:22,2025-07-24 10:45:22,90,Major,255,True,0,False,3.3
4263,267,842,Power System,1,6,2024-02-02 13:12:45,2024-02-02 13:36:45,24,Minor,108,False,4,True,7.8
4264,164,618,Power System,1,5,2024-06-16 10:30:27,2024-06-16 11:10:27,40,Major,186,False,3,True,8.2
4265,120,181,Antenna System,5,1,2025-11-04 09:19:29,2025-11-04 09:25:29,6,Major,257,False,3,True,7.2
4266,141,514,Radio Base Station,4,8,2025-02-28 01:03:57,2025-02-28 01:05:57,2,Warning,42,False,2,True,6.6
4267,462,657,Power System,1,4,2024-01-06 11:48:14,2024-01-06 12:27:14,39,Major,249,False,4,True,2.3
4268,361,135,Router/Switch,5,2,2025-10-04 00:32:40,2025-10-04 01:12:40,40,Major,211,False,1,True,6.0
4269,415,981,Radio Base Station,1,2,2024-10-16 02:26:26,2024-10-16 02:33:26,7,Minor,72,False,2,True,5.4
4270,438,923,Router/Switch,3,4,2024-06-10 15:25:23,2024-06-10 15:32:23,7,Warning,26,False,3,True,8.1
4271,99,674,Radio Base Station,1,2,2024-09-16 11:44:43,2024-09-16 13:09:43,85,Major,211,True,1,False,6.7
4272,302,692,Transmission Equipment,4,2,2025-10-13 19:01:47,2025-10-13 19:23:47,22,Major,342,False,4,True,3.3
4273,390,362,Transmission Equipment,4,4,2025-10-09 18:09:34,2025-10-09 18:17:34,8,Minor,79,False,3,True,2.6
4274,373,81,Router/Switch,2,1,2025-01-13 19:34:15,2025-01-13 19:44:15,10,Major,323,False,4,True,8.2
4275,340,85,Core Network Node,2,2,2025-04-23 08:59:49,2025-04-23 09:08:49,9,Minor,87,False,3,True,4.9
4276,487,306,Router/Switch,5,7,2025-10-19 10:01:23,2025-10-19 10:10:23,9,Warning,34,False,4,True,9.2
4277,46,161,Transmission Equipment,2,3,2025-08-21 14:02:49,2025-08-21 14:15:49,13,Minor,107,False,6,True,1.3
4278,238,31,Radio Base Station,5,8,2024-11-11 08:03:09,2024-11-11 08:09:09,6,Major,347,False,4,True,9.3
4279,278,686,Transmission Equipment,4,5,2024-01-01 22:39:41,2024-01-01 23:05:41,26,Major,274,False,0,True,8.9
4280,110,14,Power System,5,5,2024-02-08 03:38:24,2024-02-08 03:54:24,16,Major,304,False,4,True,1.5
4281,289,633,Core Network Node,4,2,2025-11-13 09:06:15,2025-11-13 09:23:15,17,Major,237,False,3,True,1.9
4282,73,670,Transmission Equipment,2,4,2024-03-08 14:19:31,2024-03-08 15:30:31,71,Minor,113,False,7,True,4.3
4283,455,436,Router/Switch,5,1,2024-06-13 15:18:23,2024-06-13 15:50:23,32,Major,259,False,2,True,5.1
4284,319,969,Transmission Equipment,4,4,2024-12-13 12:17:24,2024-12-13 14:01:24,104,Major,324,True,4,False,5.9
4285,376,629,Router/Switch,1,2,2025-01-04 21:34:11,2025-01-04 22:00:11,26,Warning,39,False,4,True,6.6
4286,338,925,Radio Base Station,3,3,2024-11-24 23:22:29,2024-11-24 23:41:29,19,Minor,136,False,1,True,6.9
4287,17,172,Core Network Node,2,2,2024-10-08 04:25:04,2024-10-08 04:39:04,14,Major,232,False,4,True,7.1
4288,219,848,Radio Base Station,2,1,2024-01-17 15:44:54,2024-01-17 17:23:54,99,Major,182,True,3,False,7.8
4289,91,869,Core Network Node,4,4,2024-07-01 19:26:11,2024-07-01 19:42:11,16,Warning,21,False,4,True,5.8
4290,209,197,Core Network Node,1,2,2024-02-06 12:54:58,2024-02-06 13:08:58,14,Minor,195,False,4,True,2.5
4291,48,464,Router/Switch,3,8,2024-02-07 20:23:46,2024-02-07 20:49:46,26,Major,427,False,3,True,3.8
4292,436,776,Transmission Equipment,5,9,2025-06-10 11:23:32,2025-06-10 11:42:32,19,Warning,21,False,4,True,8.6
4293,456,149,Transmission Equipment,4,6,2024-05-15 09:43:37,2024-05-15 09:50:37,7,Warning,16,False,5,True,9.4
4294,183,799,Power System,1,1,2025-08-10 15:11:10,2025-08-10 15:17:10,6,Minor,100,False,4,True,9.8
4295,394,23,Router/Switch,5,8,2025-11-18 03:41:44,2025-11-18 04:17:44,36,Major,205,False,4,True,4.9
4296,336,610,Power System,3,7,2025-04-16 11:15:06,2025-04-16 11:20:06,5,Warning,27,False,3,True,9.1
4297,207,372,Router/Switch,3,6,2024-11-17 00:26:24,2024-11-17 00:35:24,9,Minor,71,False,5,True,1.4
4298,430,996,Antenna System,3,5,2025-10-29 12:59:30,2025-10-29 13:14:30,15,Minor,111,False,6,True,3.4
4299,221,286,Antenna System,2,1,2024-01-27 15:25:50,2024-01-27 15:35:50,10,Minor,124,False,0,True,9.4
4300,188,544,Antenna System,3,1,2024-10-21 11:08:17,2024-10-21 11:35:17,27,Warning,31,False,3,True,9.4
4301,432,303,Core Network Node,4,5,2024-10-02 11:31:56,2024-10-02 11:38:56,7,Minor,70,False,5,True,2.2
4302,94,885,Antenna System,3,8,2025-10-07 16:02:11,2025-10-07 16:18:11,16,Minor,73,False,2,True,8.5
4303,83,690,Core Network Node,2,2,2025-12-25 20:45:03,2025-12-25 22:21:03,96,Critical,557,True,3,False,1.5
4304,164,287,Transmission Equipment,2,8,2025-12-10 09:27:33,2025-12-10 09:32:33,5,Minor,89,False,5,True,3.6
4305,472,825,Core Network Node,2,1,2025-03-16 10:05:40,2025-03-16 10:11:40,6,Minor,129,False,2,True,9.8
4306,182,25,Router/Switch,1,5,2024-09-08 13:19:10,2024-09-08 13:30:10,11,Major,328,False,5,True,8.8
4307,318,655,Antenna System,1,2,2024-07-29 15:59:24,2024-07-29 16:00:24,1,Major,495,False,1,True,9.3
4308,155,458,Transmission Equipment,1,3,2025-05-14 00:22:33,2025-05-14 00:42:33,20,Minor,177,False,1,True,6.5
4309,141,393,Router/Switch,5,7,2024-12-15 08:39:11,2024-12-15 09:05:11,26,Minor,184,False,2,True,6.9
4310,123,771,Router/Switch,2,5,2025-10-24 17:54:27,2025-10-24 17:59:27,5,Warning,47,False,5,True,9.2
4311,256,447,Radio Base Station,2,2,2025-06-25 17:00:51,2025-06-25 17:22:51,22,Major,367,False,4,True,2.9
4312,95,828,Core Network Node,3,7,2024-11-25 19:05:21,2024-11-25 21:06:21,121,Critical,611,True,7,False,2.1
4313,146,730,Radio Base Station,5,3,2025-11-12 08:58:12,2025-11-12 09:01:12,3,Warning,33,False,6,True,7.6
4314,406,605,Core Network Node,2,9,2024-12-05 08:18:02,2024-12-05 08:35:02,17,Minor,136,False,4,True,2.3
4315,148,471,Radio Base Station,2,7,2025-10-19 14:28:27,2025-10-19 14:55:27,27,Minor,103,False,5,True,7.1
4316,55,540,Router/Switch,5,3,2024-09-03 15:07:29,2024-09-03 16:00:29,53,Critical,368,True,1,False,7.8
4317,460,203,Antenna System,1,1,2025-12-03 16:01:48,2025-12-03 16:33:48,32,Minor,147,False,7,True,8.4
4318,383,75,Core Network Node,5,2,2025-10-23 18:51:15,2025-10-23 19:29:15,38,Major,361,False,2,True,2.0
4319,477,388,Radio Base Station,5,5,2025-07-09 10:39:16,2025-07-09 11:48:16,69,Major,272,True,3,False,7.4
4320,123,580,Transmission Equipment,3,3,2025-07-12 17:15:31,2025-07-12 17:16:31,1,Warning,26,False,1,True,7.9
4321,313,579,Core Network Node,5,4,2024-05-03 00:04:28,2024-05-03 00:44:28,40,Minor,163,False,3,True,7.0
4322,190,519,Transmission Equipment,5,4,2024-10-23 09:08:38,2024-10-23 09:17:38,9,Minor,180,False,3,True,8.1
4323,420,618,Power System,4,2,2025-01-23 18:32:58,2025-01-23 19:14:58,42,Minor,112,False,3,True,9.6
4324,182,723,Radio Base Station,4,1,2025-08-14 17:11:25,2025-08-14 17:31:25,20,Minor,101,False,2,True,8.1
4325,273,385,Antenna System,5,2,2024-01-05 10:17:13,2024-01-05 10:43:13,26,Warning,36,False,3,True,4.1
4326,60,247,Power System,1,2,2025-07-12 08:36:39,2025-07-12 08:46:39,10,Minor,107,False,5,True,5.0
4327,433,78,Radio Base Station,5,2,2025-09-01 01:52:40,2025-09-01 02:16:40,24,Minor,96,False,4,True,6.6
4328,198,221,Router/Switch,5,9,2025-04-15 16:25:27,2025-04-15 16:35:27,10,Minor,85,False,4,True,9.8
4329,356,36,Transmission Equipment,4,7,2024-08-29 18:38:47,2024-08-29 19:08:47,30,Minor,156,False,2,True,1.2
4330,143,310,Core Network Node,2,9,2024-02-15 15:43:38,2024-02-15 15:55:38,12,Minor,104,False,4,True,6.6
4331,400,592,Router/Switch,3,4,2025-09-08 14:48:04,2025-09-08 15:15:04,27,Major,496,False,4,True,1.8
4332,64,858,Power System,4,7,2024-11-22 16:08:39,2024-11-22 16:19:39,11,Warning,26,False,0,True,9.2
4333,355,378,Core Network Node,1,5,2024-07-06 09:52:05,2024-07-06 09:59:05,7,Warning,20,False,4,True,9.9
4334,61,154,Router/Switch,5,3,2024-05-22 12:40:37,2024-05-22 12:43:37,3,Minor,181,False,0,True,3.2
4335,56,961,Radio Base Station,2,5,2024-02-22 16:54:37,2024-02-22 17:10:37,16,Minor,102,False,4,True,9.5
4336,419,157,Core Network Node,4,6,2024-08-26 09:24:39,2024-08-26 09:34:39,10,Major,231,False,5,True,4.9
4337,212,580,Power System,4,1,2024-04-09 10:51:24,2024-04-09 12:58:24,127,Major,283,True,3,False,1.6
4338,404,315,Radio Base Station,1,9,2025-06-20 08:30:56,2025-06-20 08:44:56,14,Warning,45,False,2,True,7.9
4339,163,125,Power System,3,6,2024-11-01 01:32:34,2024-11-01 01:54:34,22,Critical,760,False,5,True,4.1
4340,197,491,Power System,3,2,2024-05-12 08:47:11,2024-05-12 09:01:11,14,Minor,106,False,1,True,7.1
4341,287,664,Transmission Equipment,2,4,2025-12-01 04:00:01,2025-12-01 05:04:01,64,Minor,112,False,1,True,6.6
4342,135,239,Power System,3,4,2025-07-28 13:52:42,2025-07-28 14:20:42,28,Major,438,False,4,True,4.9
4343,142,95,Router/Switch,3,4,2025-01-30 09:42:49,2025-01-30 09:47:49,5,Minor,174,False,1,True,8.0
4344,2,481,Antenna System,4,3,2025-01-11 06:19:11,2025-01-11 06:40:11,21,Major,236,False,3,True,9.6
4345,64,825,Antenna System,4,2,2024-11-04 14:54:35,2024-11-04 15:23:35,29,Major,293,False,0,True,4.0
4346,9,782,Router/Switch,2,1,2024-03-08 12:52:20,2024-03-08 13:07:20,15,Minor,96,False,4,True,1.7
4347,214,703,Transmission Equipment,3,1,2024-02-22 11:00:28,2024-02-22 11:53:28,53,Major,213,False,3,True,1.0
4348,52,939,Antenna System,1,1,2025-05-24 15:40:37,2025-05-24 15:51:37,11,Warning,32,False,4,True,5.4
4349,248,14,Radio Base Station,1,4,2024-05-19 20:30:30,2024-05-19 20:35:30,5,Warning,48,False,6,True,1.7
4350,64,468,Antenna System,3,4,2025-06-17 13:42:49,2025-06-17 13:45:49,3,Warning,41,False,4,True,2.0
4351,175,788,Core Network Node,4,1,2024-07-16 22:51:38,2024-07-16 23:18:38,27,Minor,100,False,4,True,2.7
4352,42,385,Transmission Equipment,4,2,2025-06-01 23:04:47,2025-06-01 23:27:47,23,Minor,122,False,4,True,1.9
4353,261,205,Antenna System,1,2,2025-09-14 03:11:59,2025-09-14 03:31:59,20,Major,439,False,1,True,9.1
4354,309,376,Transmission Equipment,4,9,2025-05-07 13:49:44,2025-05-07 16:24:44,155,Critical,749,True,2,False,5.8
4355,92,890,Antenna System,2,2,2025-09-08 00:26:18,2025-09-08 01:09:18,43,Minor,86,False,3,True,5.4
4356,154,480,Core Network Node,3,1,2025-05-21 13:27:57,2025-05-21 13:45:57,18,Major,423,False,5,True,4.6
4357,15,506,Core Network Node,1,5,2024-06-28 08:16:06,2024-06-28 09:24:06,68,Minor,127,False,6,True,2.1
4358,161,663,Router/Switch,3,8,2024-05-12 15:38:47,2024-05-12 16:57:47,79,Critical,424,True,1,False,2.3
4359,209,285,Transmission Equipment,4,8,2024-04-29 16:25:52,2024-04-29 16:31:52,6,Minor,145,False,2,True,8.1
4360,241,11,Router/Switch,3,7,2025-01-25 17:45:02,2025-01-25 17:47:02,2,Warning,17,False,4,True,4.3
4361,378,844,Transmission Equipment,5,5,2024-07-11 09:12:26,2024-07-11 09:58:26,46,Major,181,False,2,True,1.6
4362,449,322,Core Network Node,1,1,2025-04-15 19:15:28,2025-04-15 19:18:28,3,Minor,109,False,1,True,8.3
4363,208,50,Transmission Equipment,5,5,2025-05-18 02:28:36,2025-05-18 02:38:36,10,Minor,129,False,1,True,5.5
4364,244,295,Transmission Equipment,2,4,2025-09-23 07:07:07,2025-09-23 07:24:07,17,Minor,123,False,1,True,8.9
4365,383,958,Power System,3,2,2025-04-29 06:10:52,2025-04-29 08:16:52,126,Major,358,True,2,False,6.2
4366,161,228,Core Network Node,4,1,2024-10-12 18:16:44,2024-10-12 18:25:44,9,Critical,529,False,6,True,7.8
4367,230,467,Transmission Equipment,1,2,2024-10-29 08:03:34,2024-10-29 08:31:34,28,Minor,189,False,3,True,9.8
4368,295,684,Transmission Equipment,3,7,2024-12-19 11:08:55,2024-12-19 11:56:55,48,Critical,486,True,1,False,6.8
4369,13,122,Power System,3,2,2025-04-07 14:04:12,2025-04-07 14:59:12,55,Major,232,False,6,True,5.7
4370,124,773,Core Network Node,5,2,2025-08-17 06:50:31,2025-08-17 08:40:31,110,Critical,291,True,3,False,5.9
4371,490,449,Antenna System,1,3,2024-09-20 09:07:40,2024-09-20 09:24:40,17,Critical,502,False,6,True,9.3
4372,115,183,Radio Base Station,1,3,2024-12-22 08:56:47,2024-12-22 11:16:47,140,Critical,677,True,3,False,5.3
4373,300,342,Core Network Node,3,3,2025-03-05 23:27:51,2025-03-05 23:40:51,13,Minor,112,False,2,True,6.8
4374,333,85,Power System,1,1,2024-10-05 15:51:26,2024-10-05 16:38:26,47,Critical,642,True,4,False,6.0
4375,195,44,Antenna System,3,2,2025-11-25 11:22:04,2025-11-25 12:08:04,46,Major,281,False,3,True,4.8
4376,34,475,Core Network Node,2,1,2024-07-08 11:59:20,2024-07-08 12:07:20,8,Warning,22,False,3,True,5.9
4377,201,411,Router/Switch,1,1,2024-01-20 13:36:21,2024-01-20 14:42:21,66,Critical,504,True,4,False,7.3
4378,416,225,Power System,1,6,2024-12-08 03:33:54,2024-12-08 04:33:54,60,Major,312,False,0,True,8.2
4379,116,286,Power System,4,3,2024-04-02 08:11:53,2024-04-02 09:45:53,94,Critical,450,True,5,False,9.0
4380,494,437,Power System,5,3,2025-09-15 00:28:41,2025-09-15 01:35:41,67,Major,401,True,2,False,4.1
4381,367,130,Core Network Node,5,9,2024-08-10 16:54:46,2024-08-10 21:00:46,246,Critical,770,True,4,False,4.4
4382,217,838,Transmission Equipment,4,2,2025-11-05 21:58:38,2025-11-05 23:24:38,86,Minor,147,False,3,True,5.9
4383,71,383,Transmission Equipment,5,2,2025-08-14 13:02:11,2025-08-14 13:33:11,31,Minor,72,False,1,True,8.2
4384,155,810,Antenna System,3,2,2025-10-09 13:57:05,2025-10-09 14:14:05,17,Major,426,False,5,True,7.4
4385,254,257,Radio Base Station,2,2,2024-07-17 12:35:39,2024-07-17 12:54:39,19,Minor,118,False,2,True,5.6
4386,158,199,Router/Switch,5,1,2024-08-14 16:52:40,2024-08-14 17:00:40,8,Warning,30,False,2,True,4.3
4387,187,795,Antenna System,1,2,2025-08-20 20:27:08,2025-08-20 21:20:08,53,Major,478,False,6,True,5.4
4388,192,258,Transmission Equipment,5,6,2025-08-12 09:22:08,2025-08-12 10:22:08,60,Critical,415,True,3,False,9.0
4389,27,771,Router/Switch,3,4,2025-05-07 09:37:32,2025-05-07 09:51:32,14,Minor,122,False,4,True,3.1
4390,473,519,Router/Switch,5,1,2025-03-25 09:45:58,2025-03-25 10:04:58,19,Major,266,False,2,True,5.2
4391,164,370,Router/Switch,5,3,2025-05-06 13:58:10,2025-05-06 14:17:10,19,Minor,106,False,5,True,4.5
4392,84,223,Power System,1,1,2024-08-11 07:36:49,2024-08-11 07:52:49,16,Major,286,False,3,True,9.5
4393,164,243,Core Network Node,4,3,2024-04-05 14:39:58,2024-04-05 15:22:58,43,Minor,123,False,4,True,2.3
4394,102,389,Transmission Equipment,4,3,2025-02-16 10:37:09,2025-02-16 10:57:09,20,Minor,96,False,3,True,7.3
4395,328,682,Antenna System,4,4,2024-04-18 03:06:34,2024-04-18 03:35:34,29,Minor,109,False,5,True,6.6
4396,442,676,Antenna System,2,5,2025-05-19 15:50:44,2025-05-19 15:55:44,5,Minor,97,False,3,True,1.6
4397,378,885,Power System,4,5,2024-03-21 18:58:57,2024-03-21 19:02:57,4,Minor,97,False,2,True,9.4
4398,118,738,Antenna System,4,2,2025-01-25 14:27:18,2025-01-25 15:35:18,68,Critical,377,True,4,False,5.3
4399,29,639,Transmission Equipment,5,8,2025-03-19 03:28:07,2025-03-19 03:41:07,13,Major,324,False,3,True,7.3
4400,405,345,Transmission Equipment,2,2,2024-04-10 20:46:55,2024-04-10 21:06:55,20,Minor,77,False,5,True,6.5
4401,176,668,Transmission Equipment,4,2,2025-03-19 16:12:08,2025-03-19 17:02:08,50,Minor,67,False,4,True,9.2
4402,28,115,Transmission Equipment,1,2,2025-08-21 23:30:30,2025-08-21 23:57:30,27,Major,273,False,5,True,6.8
4403,2,526,Router/Switch,2,4,2024-02-15 11:34:14,2024-02-15 12:08:14,34,Minor,105,False,4,True,3.6
4404,5,267,Radio Base Station,1,9,2024-08-02 11:18:38,2024-08-02 15:04:38,226,Critical,632,True,4,False,4.8
4405,24,435,Power System,4,4,2024-06-17 00:50:12,2024-06-17 01:11:12,21,Major,303,False,0,True,6.5
4406,449,127,Antenna System,5,6,2024-04-07 16:15:22,2024-04-07 16:21:22,6,Warning,21,False,6,True,6.5
4407,463,758,Core Network Node,1,1,2025-11-20 12:11:47,2025-11-20 12:30:47,19,Minor,158,False,2,True,7.2
4408,350,761,Power System,3,2,2025-01-02 23:41:31,2025-01-02 23:57:31,16,Major,203,False,2,True,1.5
4409,103,727,Radio Base Station,1,7,2025-12-23 08:29:47,2025-12-23 09:47:47,78,Critical,418,True,1,False,7.3
4410,171,480,Radio Base Station,5,3,2025-04-29 12:22:29,2025-04-29 12:35:29,13,Minor,134,False,2,True,8.2
4411,279,363,Radio Base Station,3,1,2025-07-12 23:01:58,2025-07-12 23:07:58,6,Warning,26,False,3,True,2.9
4412,29,546,Power System,5,3,2024-06-20 08:59:33,2024-06-20 09:01:33,2,Warning,34,False,1,True,1.2
4413,240,987,Core Network Node,2,4,2025-10-15 08:05:31,2025-10-15 08:43:31,38,Minor,173,False,5,True,2.9
4414,145,322,Core Network Node,3,1,2024-07-07 10:26:38,2024-07-07 10:54:38,28,Major,370,False,3,True,6.4
4415,57,595,Antenna System,3,2,2025-03-02 14:22:16,2025-03-02 15:20:16,58,Major,315,False,4,True,2.9
4416,47,170,Antenna System,4,4,2025-06-18 02:43:37,2025-06-18 06:15:37,212,Critical,598,True,3,False,2.3
4417,348,21,Router/Switch,4,1,2025-10-15 09:09:30,2025-10-15 09:13:30,4,Warning,32,False,3,True,3.4
4418,312,301,Power System,3,1,2025-03-13 07:32:17,2025-03-13 07:40:17,8,Minor,102,False,2,True,8.7
4419,464,531,Power System,3,1,2025-09-26 22:46:25,2025-09-26 22:48:25,2,Minor,83,False,3,True,3.0
4420,196,125,Router/Switch,1,1,2024-11-10 21:15:08,2024-11-10 21:17:08,2,Minor,97,False,6,True,1.8
4421,297,577,Power System,2,5,2024-12-19 20:01:14,2024-12-19 20:59:14,58,Major,323,False,2,True,9.6
4422,119,334,Antenna System,5,2,2025-10-15 08:01:29,2025-10-15 09:47:29,106,Major,481,True,2,False,1.6
4423,82,198,Antenna System,5,2,2025-11-11 14:41:55,2025-11-11 15:03:55,22,Critical,687,False,4,True,9.1
4424,438,713,Power System,4,1,2024-01-29 18:22:05,2024-01-29 18:48:05,26,Minor,92,False,5,True,2.0
4425,327,690,Router/Switch,1,1,2025-10-14 11:31:58,2025-10-14 12:13:58,42,Critical,737,True,5,False,8.1
4426,76,146,Radio Base Station,2,6,2025-01-05 03:23:50,2025-01-05 03:37:50,14,Minor,74,False,4,True,1.6
4427,445,87,Transmission Equipment,1,4,2025-07-27 04:47:26,2025-07-27 05:04:26,17,Minor,120,False,5,True,5.2
4428,404,775,Core Network Node,5,6,2024-10-04 13:03:50,2024-10-04 13:30:50,27,Major,340,False,3,True,1.3
4429,216,256,Radio Base Station,5,3,2024-08-23 14:56:01,2024-08-23 15:21:01,25,Minor,135,False,7,True,2.1
4430,499,315,Antenna System,1,8,2025-04-03 06:17:05,2025-04-03 06:36:05,19,Major,367,False,2,True,1.5
4431,457,463,Antenna System,4,4,2024-05-17 20:53:25,2024-05-17 21:49:25,56,Major,233,False,3,True,7.4
4432,334,840,Power System,2,2,2024-10-31 02:47:05,2024-10-31 03:05:05,18,Minor,128,False,6,True,4.8
4433,263,932,Router/Switch,1,6,2025-11-08 18:27:20,2025-11-08 19:16:20,49,Major,447,False,5,True,5.2
4434,135,634,Power System,3,4,2025-08-20 13:15:33,2025-08-20 13:18:33,3,Warning,48,False,6,True,7.0
4435,58,166,Antenna System,2,3,2025-11-11 11:16:32,2025-11-11 11:29:32,13,Critical,433,False,2,True,9.8
4436,458,834,Antenna System,1,3,2025-08-04 00:34:19,2025-08-04 02:16:19,102,Major,483,True,4,False,4.3
4437,339,120,Radio Base Station,1,5,2024-03-10 01:17:44,2024-03-10 01:27:44,10,Warning,44,False,1,True,2.6
4438,383,420,Power System,4,7,2025-07-28 16:25:32,2025-07-28 16:45:32,20,Minor,116,False,1,True,9.8
4439,14,208,Antenna System,3,3,2024-05-06 14:48:22,2024-05-06 16:01:22,73,Major,335,True,1,False,7.6
4440,7,919,Radio Base Station,2,1,2025-10-14 15:50:32,2025-10-14 16:02:32,12,Critical,495,False,3,True,7.5
4441,355,5,Core Network Node,1,1,2025-02-10 10:48:39,2025-02-10 11:19:39,31,Minor,74,False,2,True,1.6
4442,56,70,Core Network Node,3,3,2024-08-08 12:45:31,2024-08-08 13:49:31,64,Major,261,True,2,False,6.0
4443,118,737,Antenna System,4,7,2025-07-11 05:02:39,2025-07-11 05:31:39,29,Major,330,False,3,True,3.7
4444,257,699,Radio Base Station,2,6,2024-11-28 11:57:28,2024-11-28 12:15:28,18,Minor,111,False,4,True,9.2
4445,60,86,Transmission Equipment,4,4,2024-06-12 03:38:35,2024-06-12 04:06:35,28,Major,174,False,3,True,6.5
4446,413,791,Transmission Equipment,2,1,2025-05-24 03:43:27,2025-05-24 04:18:27,35,Critical,358,True,6,False,6.5
4447,208,444,Antenna System,3,2,2025-05-09 10:22:12,2025-05-09 10:35:12,13,Major,310,False,7,True,9.8
4448,440,256,Antenna System,2,1,2024-06-08 17:39:43,2024-06-08 17:44:43,5,Warning,29,False,3,True,9.8
4449,37,811,Power System,1,4,2024-10-30 22:00:22,2024-10-30 23:26:22,86,Critical,596,True,4,False,7.7
4450,297,37,Antenna System,2,3,2024-11-17 11:06:05,2024-11-17 14:08:05,182,Critical,704,True,7,False,2.2
4451,30,397,Router/Switch,5,4,2025-08-20 14:47:55,2025-08-20 15:07:55,20,Major,209,False,4,True,4.0
4452,353,368,Radio Base Station,5,5,2024-05-04 09:06:16,2024-05-04 09:34:16,28,Minor,106,False,3,True,8.8
4453,43,640,Core Network Node,2,8,2025-03-03 09:11:08,2025-03-03 09:21:08,10,Minor,73,False,2,True,6.6
4454,373,939,Core Network Node,1,5,2025-05-27 14:46:23,2025-05-27 14:50:23,4,Minor,133,False,2,True,1.4
4455,18,306,Antenna System,2,3,2024-12-09 16:20:35,2024-12-09 17:25:35,65,Minor,118,False,3,True,3.6
4456,115,569,Power System,5,2,2024-07-26 14:56:01,2024-07-26 15:18:01,22,Minor,179,False,3,True,8.6
4457,84,962,Transmission Equipment,3,8,2024-10-29 15:21:38,2024-10-29 15:26:38,5,Minor,173,False,5,True,2.5
4458,483,813,Power System,4,4,2024-07-05 04:41:14,2024-07-05 05:04:14,23,Minor,150,False,4,True,7.7
4459,315,722,Radio Base Station,4,2,2025-03-31 01:41:02,2025-03-31 01:51:02,10,Minor,141,False,3,True,3.9
4460,113,310,Antenna System,2,4,2025-10-05 22:04:10,2025-10-05 22:05:10,1,Warning,23,False,2,True,7.8
4461,383,178,Transmission Equipment,2,5,2024-09-17 01:22:38,2024-09-17 01:38:38,16,Minor,123,False,3,True,5.4
4462,435,844,Power System,5,2,2024-09-03 18:08:07,2024-09-03 18:22:07,14,Minor,102,False,2,True,8.1
4463,64,347,Antenna System,2,4,2025-08-12 14:12:54,2025-08-12 14:26:54,14,Major,271,False,8,True,6.6
4464,164,310,Radio Base Station,4,6,2024-08-24 14:50:19,2024-08-24 15:25:19,35,Minor,73,False,2,True,3.8
4465,421,854,Antenna System,1,1,2025-11-11 00:06:11,2025-11-11 00:24:11,18,Minor,189,False,0,True,5.3
4466,308,693,Core Network Node,3,2,2025-03-17 02:34:51,2025-03-17 03:52:51,78,Major,248,True,2,False,2.4
4467,456,443,Power System,4,6,2024-06-20 00:07:24,2024-06-20 01:53:24,106,Critical,302,True,3,False,4.4
4468,395,41,Power System,3,2,2025-07-11 15:57:40,2025-07-11 16:03:40,6,Minor,74,False,0,True,9.4
4469,177,519,Router/Switch,4,6,2025-06-27 13:12:41,2025-06-27 13:13:41,1,Minor,167,False,0,True,1.8
4470,339,76,Core Network Node,3,8,2025-09-01 05:12:03,2025-09-01 05:41:03,29,Major,283,False,4,True,7.3
4471,58,759,Router/Switch,4,5,2025-10-30 04:19:48,2025-10-30 04:25:48,6,Warning,19,False,4,True,2.8
4472,395,151,Power System,5,2,2024-01-20 17:36:48,2024-01-20 18:24:48,48,Major,209,False,0,True,3.4
4473,109,435,Power System,2,3,2024-02-19 15:24:08,2024-02-19 17:15:08,111,Critical,368,True,3,False,4.2
4474,391,538,Router/Switch,4,1,2025-08-10 14:31:28,2025-08-10 14:38:28,7,Minor,108,False,4,True,8.8
4475,86,45,Router/Switch,5,1,2024-05-09 12:24:53,2024-05-09 12:47:53,23,Minor,142,False,3,True,8.6
4476,34,417,Transmission Equipment,1,2,2025-03-10 18:49:08,2025-03-10 18:56:08,7,Major,316,False,3,True,8.6
4477,430,258,Router/Switch,2,5,2025-07-15 10:15:24,2025-07-15 10:48:24,33,Minor,181,False,1,True,3.0
4478,41,800,Radio Base Station,1,3,2025-08-29 14:41:42,2025-08-29 15:19:42,38,Critical,407,True,1,False,5.3
4479,420,766,Power System,2,1,2025-10-08 10:16:46,2025-10-08 10:19:46,3,Warning,27,False,1,True,3.3
4480,9,242,Radio Base Station,5,2,2024-01-31 04:13:57,2024-01-31 04:37:57,24,Minor,87,False,2,True,3.6
4481,340,186,Power System,2,5,2024-02-26 11:21:07,2024-02-26 11:41:07,20,Critical,310,False,5,True,8.0
4482,496,587,Router/Switch,4,2,2025-04-21 02:27:31,2025-04-21 05:03:31,156,Major,301,True,3,False,9.8
4483,74,557,Transmission Equipment,3,9,2024-04-06 02:46:27,2024-04-06 02:57:27,11,Minor,74,False,2,True,9.7
4484,151,318,Transmission Equipment,5,9,2024-09-25 17:12:05,2024-09-25 17:17:05,5,Major,184,False,4,True,8.7
4485,418,106,Core Network Node,1,6,2025-05-05 09:21:46,2025-05-05 10:08:46,47,Major,300,False,2,True,5.5
4486,222,395,Radio Base Station,1,4,2025-03-10 10:19:05,2025-03-10 11:50:05,91,Major,303,True,3,False,7.7
4487,418,110,Power System,1,6,2024-03-23 12:37:16,2024-03-23 12:42:16,5,Minor,184,False,2,True,6.9
4488,133,431,Router/Switch,1,2,2024-01-03 16:54:56,2024-01-03 19:13:56,139,Critical,434,True,3,False,4.8
4489,25,6,Power System,4,8,2025-02-07 10:47:41,2025-02-07 11:29:41,42,Major,181,False,5,True,9.8
4490,151,662,Router/Switch,5,2,2025-02-28 23:46:40,2025-03-01 00:14:40,28,Minor,92,False,3,True,7.7
4491,50,267,Radio Base Station,5,6,2025-09-24 21:22:51,2025-09-24 22:55:51,93,Major,391,True,2,False,3.6
4492,344,299,Core Network Node,1,6,2024-06-21 00:21:38,2024-06-21 00:35:38,14,Major,253,False,1,True,7.8
4493,208,843,Power System,3,5,2025-01-19 10:48:10,2025-01-19 12:04:10,76,Major,205,True,1,False,6.8
4494,297,639,Antenna System,3,9,2025-10-31 19:33:24,2025-10-31 19:55:24,22,Warning,33,False,5,True,3.7
4495,292,790,Radio Base Station,3,1,2024-09-20 15:27:49,2024-09-20 15:47:49,20,Minor,105,False,5,True,8.8
4496,263,822,Router/Switch,1,4,2025-08-05 06:09:16,2025-08-05 07:15:16,66,Major,434,True,3,False,4.0
4497,145,297,Radio Base Station,1,9,2025-08-16 02:25:50,2025-08-16 02:41:50,16,Major,303,False,5,True,7.1
4498,483,910,Antenna System,5,8,2024-08-18 08:57:05,2024-08-18 09:48:05,51,Major,349,False,5,True,6.6
4499,306,393,Router/Switch,4,9,2025-10-06 23:10:29,2025-10-06 23:27:29,17,Minor,118,False,3,True,6.0
4500,308,425,Transmission Equipment,3,1,2024-09-05 16:40:53,2024-09-05 17:14:53,34,Minor,114,False,2,True,5.5
4501,191,245,Power System,5,4,2024-08-01 00:06:45,2024-08-01 00:32:45,26,Major,292,False,4,True,6.1
4502,198,820,Core Network Node,5,1,2025-03-03 05:03:32,2025-03-03 05:40:32,37,Minor,108,False,4,True,3.8
4503,112,19,Power System,4,5,2025-08-22 08:24:24,2025-08-22 09:15:24,51,Major,300,False,1,True,1.9
4504,364,397,Antenna System,4,9,2024-09-15 11:35:22,2024-09-15 11:43:22,8,Minor,166,False,5,True,4.0
4505,175,583,Radio Base Station,5,2,2024-05-13 01:01:11,2024-05-13 01:10:11,9,Warning,15,False,2,True,1.3
4506,223,651,Router/Switch,2,3,2024-01-14 11:55:23,2024-01-14 12:12:23,17,Minor,160,False,4,True,4.6
4507,56,293,Transmission Equipment,1,2,2024-10-12 17:19:13,2024-10-12 17:34:13,15,Warning,34,False,0,True,1.8
4508,262,202,Transmission Equipment,3,1,2024-01-17 12:51:10,2024-01-17 13:04:10,13,Minor,80,False,5,True,5.2
4509,327,632,Transmission Equipment,3,3,2025-10-26 16:34:19,2025-10-26 17:22:19,48,Critical,632,True,3,False,8.4
4510,7,270,Power System,2,1,2024-11-09 08:22:59,2024-11-09 09:01:59,39,Minor,189,False,3,True,4.6
4511,218,752,Transmission Equipment,3,6,2025-12-21 05:22:42,2025-12-21 06:00:42,38,Major,190,False,7,True,1.6
4512,279,578,Core Network Node,1,7,2024-03-18 11:17:20,2024-03-18 13:28:20,131,Critical,456,True,4,False,1.9
4513,260,758,Antenna System,4,2,2024-02-27 13:42:31,2024-02-27 14:42:31,60,Minor,108,False,3,True,5.1
4514,350,319,Transmission Equipment,2,7,2025-11-19 08:21:39,2025-11-19 09:48:39,87,Major,234,True,2,False,2.2
4515,499,891,Transmission Equipment,2,5,2024-03-31 19:14:10,2024-03-31 19:37:10,23,Minor,136,False,2,True,4.2
4516,27,425,Power System,5,3,2025-02-11 23:48:56,2025-02-12 00:05:56,17,Minor,113,False,2,True,4.5
4517,390,467,Core Network Node,5,8,2025-05-11 16:05:40,2025-05-11 16:49:40,44,Minor,102,False,6,True,6.2
4518,474,320,Radio Base Station,2,1,2024-12-12 09:15:24,2024-12-12 09:21:24,6,Warning,30,False,6,True,6.2
4519,11,792,Power System,5,3,2024-09-05 11:07:10,2024-09-05 11:19:10,12,Warning,33,False,2,True,2.0
4520,141,989,Power System,3,2,2024-11-10 13:10:37,2024-11-10 17:06:37,236,Critical,574,True,5,False,5.3
4521,243,122,Transmission Equipment,3,3,2025-02-18 21:30:42,2025-02-18 21:37:42,7,Minor,83,False,0,True,3.1
4522,143,515,Transmission Equipment,3,2,2024-12-31 09:39:14,2024-12-31 09:43:14,4,Warning,28,False,3,True,3.7
4523,91,574,Core Network Node,4,2,2024-01-07 17:06:40,2024-01-07 17:15:40,9,Warning,23,False,0,True,2.9
4524,303,699,Antenna System,3,1,2025-10-25 03:20:29,2025-10-25 03:21:29,1,Warning,40,False,3,True,4.7
4525,122,788,Transmission Equipment,3,4,2025-09-21 17:31:02,2025-09-21 18:32:02,61,Major,287,True,0,False,3.1
4526,93,574,Router/Switch,2,2,2024-08-16 20:22:47,2024-08-16 20:34:47,12,Major,325,False,5,True,4.6
4527,212,5,Transmission Equipment,3,8,2024-12-20 15:30:23,2024-12-20 15:38:23,8,Minor,86,False,2,True,1.3
4528,29,178,Router/Switch,1,5,2025-01-22 01:33:26,2025-01-22 02:22:26,49,Major,330,False,2,True,7.6
4529,428,782,Core Network Node,5,1,2024-04-29 14:54:48,2024-04-29 14:55:48,1,Warning,39,False,5,True,8.4
4530,86,103,Router/Switch,2,2,2025-05-07 13:58:19,2025-05-07 14:57:19,59,Minor,165,False,6,True,2.6
4531,319,443,Transmission Equipment,5,4,2024-02-22 00:57:38,2024-02-22 01:54:38,57,Major,395,False,1,True,1.8
4532,156,303,Router/Switch,3,8,2025-04-29 08:36:51,2025-04-29 09:27:51,51,Major,278,False,1,True,7.7
4533,188,588,Transmission Equipment,3,2,2024-06-15 22:23:28,2024-06-16 00:15:28,112,Major,188,True,3,False,2.0
4534,216,390,Antenna System,4,5,2025-11-20 16:59:16,2025-11-20 17:13:16,14,Minor,135,False,1,True,6.1
4535,145,316,Router/Switch,2,2,2024-11-20 05:14:38,2024-11-20 05:41:38,27,Minor,159,False,6,True,6.0
4536,407,272,Core Network Node,1,3,2025-05-06 06:49:31,2025-05-06 07:23:31,34,Minor,181,False,3,True,6.6
4537,60,214,Router/Switch,3,2,2025-10-22 08:37:50,2025-10-22 09:04:50,27,Minor,84,False,0,True,2.1
4538,142,288,Power System,5,4,2025-11-12 17:28:26,2025-11-12 17:36:26,8,Minor,152,False,5,True,1.6
4539,325,765,Core Network Node,3,8,2025-12-11 07:05:48,2025-12-11 07:08:48,3,Warning,34,False,3,True,6.4
4540,111,738,Antenna System,2,2,2024-12-29 06:37:15,2024-12-29 06:44:15,7,Warning,22,False,1,True,5.0
4541,29,128,Router/Switch,2,5,2024-12-07 17:54:09,2024-12-07 18:25:09,31,Critical,490,True,5,False,5.0
4542,291,362,Router/Switch,5,4,2025-04-02 02:09:50,2025-04-02 03:32:50,83,Major,222,True,2,False,6.2
4543,13,397,Power System,4,2,2024-05-26 12:38:28,2024-05-26 13:36:28,58,Minor,94,False,3,True,4.6
4544,96,134,Power System,5,3,2025-03-26 08:03:41,2025-03-26 08:10:41,7,Major,196,False,2,True,2.1
4545,76,147,Core Network Node,3,1,2024-11-04 08:48:37,2024-11-04 08:56:37,8,Minor,87,False,5,True,8.5
4546,368,17,Antenna System,5,8,2024-09-01 13:42:41,2024-09-01 14:16:41,34,Critical,424,True,3,False,6.4
4547,333,903,Radio Base Station,5,2,2025-12-13 08:33:01,2025-12-13 08:50:01,17,Major,454,False,3,True,8.4
4548,179,730,Antenna System,5,5,2025-04-16 06:30:34,2025-04-16 06:32:34,2,Warning,33,False,2,True,2.1
4549,388,894,Router/Switch,2,1,2024-02-20 13:50:52,2024-02-20 14:03:52,13,Major,320,False,1,True,2.6
4550,483,361,Antenna System,5,1,2024-02-05 21:12:06,2024-02-05 21:20:06,8,Minor,165,False,0,True,1.8
4551,107,511,Transmission Equipment,3,4,2024-07-29 11:36:13,2024-07-29 12:03:13,27,Minor,117,False,3,True,5.8
4552,150,770,Radio Base Station,3,2,2025-11-28 18:53:44,2025-11-28 18:56:44,3,Warning,23,False,4,True,9.4
4553,179,554,Transmission Equipment,3,2,2025-04-17 04:46:16,2025-04-17 04:54:16,8,Warning,28,False,6,True,6.7
4554,472,399,Radio Base Station,1,4,2025-11-07 09:58:59,2025-11-07 10:09:59,11,Warning,48,False,4,True,2.9
4555,401,564,Power System,5,6,2024-03-10 10:46:17,2024-03-10 10:57:17,11,Critical,308,False,3,True,3.6
4556,81,309,Core Network Node,2,6,2024-02-19 12:23:01,2024-02-19 12:40:01,17,Warning,35,False,6,True,2.6
4557,67,748,Core Network Node,1,2,2025-12-29 14:51:08,2025-12-29 15:08:08,17,Major,187,False,4,True,3.7
4558,186,70,Radio Base Station,5,4,2024-07-20 13:24:22,2024-07-20 13:57:22,33,Warning,46,False,4,True,9.3
4559,348,38,Transmission Equipment,1,2,2024-04-06 14:46:14,2024-04-06 15:09:14,23,Minor,170,False,2,True,6.2
4560,493,732,Antenna System,4,1,2025-07-17 20:28:39,2025-07-17 20:36:39,8,Minor,159,False,4,True,8.8
4561,409,696,Core Network Node,1,5,2025-05-10 22:37:56,2025-05-10 23:32:56,55,Major,481,False,4,True,1.2
4562,1,42,Router/Switch,1,1,2024-01-20 01:21:49,2024-01-20 02:09:49,48,Major,184,False,2,True,2.3
4563,98,821,Power System,1,4,2025-04-25 15:46:33,2025-04-25 16:50:33,64,Major,489,True,1,False,2.7
4564,276,344,Transmission Equipment,3,3,2024-07-31 20:48:40,2024-07-31 20:56:40,8,Minor,77,False,4,True,4.5
4565,157,474,Core Network Node,4,7,2025-01-18 16:04:44,2025-01-18 16:49:44,45,Minor,120,False,3,True,1.9
4566,193,630,Router/Switch,4,9,2024-03-03 01:58:51,2024-03-03 03:27:51,89,Major,284,True,4,False,1.1
4567,131,333,Router/Switch,5,4,2025-06-28 12:21:03,2025-06-28 12:49:03,28,Minor,100,False,6,True,4.7
4568,145,149,Antenna System,1,2,2024-04-19 22:04:37,2024-04-19 22:18:37,14,Critical,710,False,5,True,2.1
4569,204,517,Core Network Node,5,1,2024-01-08 10:52:17,2024-01-08 11:01:17,9,Major,319,False,4,True,6.1
4570,450,753,Antenna System,5,4,2024-09-01 13:53:50,2024-09-01 14:15:50,22,Minor,125,False,1,True,4.0
4571,100,694,Antenna System,4,9,2024-12-31 13:54:11,2024-12-31 13:56:11,2,Warning,25,False,6,True,6.5
4572,105,368,Antenna System,5,3,2024-08-07 16:45:20,2024-08-07 16:46:20,1,Warning,19,False,2,True,6.7
4573,252,226,Radio Base Station,5,2,2025-09-02 00:12:22,2025-09-02 01:26:22,74,Minor,174,False,4,True,7.5
4574,124,404,Power System,2,5,2025-09-16 11:29:51,2025-09-16 12:02:51,33,Major,174,False,3,True,2.2
4575,445,733,Antenna System,4,1,2024-10-05 13:01:48,2024-10-05 13:02:48,1,Major,320,False,3,True,6.5
4576,4,960,Transmission Equipment,3,8,2024-11-09 10:44:58,2024-11-09 11:13:58,29,Minor,175,False,7,True,3.5
4577,8,999,Core Network Node,2,1,2024-09-17 08:41:18,2024-09-17 09:15:18,34,Minor,108,False,1,True,3.5
4578,21,313,Core Network Node,5,1,2025-08-17 11:37:13,2025-08-17 12:04:13,27,Major,346,False,2,True,6.7
4579,394,835,Transmission Equipment,4,5,2024-05-10 15:44:25,2024-05-10 15:59:25,15,Minor,115,False,3,True,7.7
4580,367,866,Antenna System,2,1,2025-04-26 06:03:55,2025-04-26 06:16:55,13,Warning,28,False,5,True,2.9
4581,363,426,Router/Switch,3,1,2025-02-23 10:20:32,2025-02-23 10:53:32,33,Minor,117,False,1,True,8.5
4582,350,303,Router/Switch,4,5,2025-02-22 10:42:09,2025-02-22 12:03:09,81,Critical,499,True,6,False,2.4
4583,373,863,Transmission Equipment,5,5,2024-01-11 22:31:58,2024-01-11 22:38:58,7,Warning,42,False,2,True,8.6
4584,261,12,Transmission Equipment,3,3,2024-10-14 11:44:19,2024-10-14 13:10:19,86,Major,363,True,2,False,8.1
4585,253,474,Transmission Equipment,4,1,2024-04-20 03:20:37,2024-04-20 03:49:37,29,Minor,102,False,1,True,3.0
4586,455,166,Radio Base Station,4,3,2025-11-04 01:16:35,2025-11-04 01:17:35,1,Minor,83,False,5,True,8.7
4587,90,883,Radio Base Station,2,3,2025-09-03 12:01:35,2025-09-03 12:44:35,43,Major,185,False,2,True,2.2
4588,84,957,Power System,4,3,2025-03-16 16:46:22,2025-03-16 18:40:22,114,Critical,705,True,8,False,5.4
4589,193,157,Radio Base Station,1,3,2025-08-27 01:57:03,2025-08-27 02:11:03,14,Minor,99,False,3,True,4.9
4590,311,98,Router/Switch,5,6,2025-06-24 11:42:12,2025-06-24 12:05:12,23,Major,227,False,1,True,5.6
4591,379,624,Router/Switch,2,1,2024-04-11 19:39:32,2024-04-11 21:32:32,113,Critical,594,True,7,False,3.6
4592,403,585,Core Network Node,5,6,2025-09-08 14:59:43,2025-09-08 15:46:43,47,Major,296,False,1,True,5.5
4593,390,737,Transmission Equipment,4,8,2025-02-28 17:21:11,2025-02-28 17:49:11,28,Critical,327,False,6,True,4.1
4594,290,976,Power System,3,2,2025-12-23 18:29:32,2025-12-23 19:23:32,54,Minor,74,False,4,True,7.3
4595,378,566,Radio Base Station,4,2,2024-09-29 11:25:21,2024-09-29 11:26:21,1,Minor,132,False,4,True,2.8
4596,426,191,Power System,4,1,2024-03-25 13:26:02,2024-03-25 13:49:02,23,Minor,168,False,1,True,7.5
4597,386,569,Power System,1,4,2024-11-03 13:36:27,2024-11-03 14:14:27,38,Critical,761,True,5,False,6.6
4598,252,730,Router/Switch,5,5,2025-12-27 09:36:06,2025-12-27 10:01:06,25,Minor,173,False,0,True,4.8
4599,16,751,Router/Switch,1,2,2024-08-15 13:56:09,2024-08-15 16:44:09,168,Major,297,True,2,False,7.1
4600,298,755,Router/Switch,3,6,2024-11-19 17:16:15,2024-11-19 17:40:15,24,Major,360,False,3,True,4.2
4601,479,691,Core Network Node,5,2,2025-06-27 03:43:25,2025-06-27 05:36:25,113,Critical,295,True,2,False,6.7
4602,258,448,Router/Switch,1,5,2025-10-17 05:06:21,2025-10-17 05:11:21,5,Major,445,False,3,True,1.4
4603,195,252,Core Network Node,3,7,2024-02-11 16:02:19,2024-02-11 16:17:19,15,Major,320,False,0,True,7.2
4604,43,595,Power System,2,5,2025-05-20 09:59:17,2025-05-20 10:06:17,7,Warning,32,False,4,True,1.9
4605,293,624,Radio Base Station,1,3,2025-03-27 09:16:53,2025-03-27 09:35:53,19,Minor,97,False,4,True,1.8
4606,48,806,Transmission Equipment,3,1,2025-04-11 03:43:03,2025-04-11 03:55:03,12,Minor,148,False,3,True,3.2
4607,29,340,Radio Base Station,4,6,2024-09-29 17:10:09,2024-09-29 17:50:09,40,Major,319,False,4,True,7.4
4608,23,771,Core Network Node,5,6,2025-04-07 17:36:09,2025-04-07 18:28:09,52,Major,225,False,3,True,1.0
4609,24,552,Antenna System,5,2,2024-08-30 06:32:02,2024-08-30 07:42:02,70,Critical,655,True,4,False,4.5
4610,22,254,Router/Switch,4,1,2024-02-13 14:58:31,2024-02-13 16:47:31,109,Critical,361,True,2,False,8.8
4611,164,751,Power System,3,1,2025-06-07 15:44:34,2025-06-07 16:26:34,42,Critical,301,True,5,False,2.2
4612,4,281,Antenna System,4,1,2024-05-10 06:35:15,2024-05-10 08:22:15,107,Critical,471,True,3,False,5.6
4613,244,24,Core Network Node,5,1,2025-04-26 17:45:36,2025-04-26 18:25:36,40,Critical,729,True,2,False,4.6
4614,454,775,Radio Base Station,3,1,2024-06-10 02:40:07,2024-06-10 03:08:07,28,Minor,122,False,2,True,4.9
4615,312,448,Router/Switch,1,1,2025-04-01 00:30:03,2025-04-01 01:43:03,73,Major,192,True,2,False,5.7
4616,180,180,Core Network Node,5,3,2025-01-16 09:38:44,2025-01-16 09:45:44,7,Minor,149,False,3,True,4.6
4617,416,504,Radio Base Station,1,2,2026-01-01 11:35:31,2026-01-01 12:17:31,42,Minor,127,False,7,True,3.8
4618,370,44,Power System,5,1,2025-08-28 11:12:19,2025-08-28 11:27:19,15,Minor,75,False,4,True,1.3
4619,3,151,Power System,1,5,2024-05-09 02:07:30,2024-05-09 02:59:30,52,Minor,109,False,4,True,7.1
4620,148,667,Radio Base Station,5,3,2025-08-06 21:17:45,2025-08-06 21:36:45,19,Minor,109,False,3,True,9.8
4621,234,96,Power System,2,1,2025-12-25 13:25:26,2025-12-25 13:47:26,22,Critical,344,False,4,True,5.5
4622,446,766,Core Network Node,1,7,2025-02-18 12:13:34,2025-02-18 12:20:34,7,Minor,136,False,2,True,8.6
4623,112,379,Router/Switch,2,4,2024-04-16 17:05:28,2024-04-16 18:44:28,99,Major,345,True,2,False,3.1
4624,190,465,Antenna System,4,6,2025-11-14 11:53:16,2025-11-14 12:24:16,31,Minor,158,False,5,True,7.8
4625,454,609,Core Network Node,5,2,2024-09-01 22:42:10,2024-09-01 23:32:10,50,Minor,110,False,2,True,6.3
4626,131,731,Router/Switch,4,3,2024-04-24 09:08:22,2024-04-24 10:04:22,56,Major,249,False,5,True,1.1
4627,281,127,Antenna System,3,4,2025-07-04 17:56:17,2025-07-04 18:19:17,23,Major,236,False,1,True,7.5
4628,139,135,Core Network Node,3,4,2025-02-17 15:19:49,2025-02-17 15:58:49,39,Major,353,False,2,True,6.1
4629,288,829,Router/Switch,2,6,2025-05-04 03:22:04,2025-05-04 03:28:04,6,Warning,29,False,3,True,3.7
4630,86,338,Transmission Equipment,1,1,2025-12-12 22:21:56,2025-12-12 22:24:56,3,Warning,41,False,2,True,7.2
4631,219,932,Power System,5,8,2025-12-06 17:31:10,2025-12-06 20:25:10,174,Critical,450,True,1,False,3.7
4632,125,69,Router/Switch,1,3,2024-11-10 01:07:05,2024-11-10 01:19:05,12,Minor,68,False,3,True,6.2
4633,242,378,Radio Base Station,4,2,2025-02-11 19:05:54,2025-02-11 19:27:54,22,Minor,88,False,3,True,5.1
4634,59,36,Antenna System,4,1,2024-01-28 10:47:52,2024-01-28 10:49:52,2,Minor,104,False,5,True,6.3
4635,39,699,Core Network Node,3,3,2024-09-13 04:03:38,2024-09-13 04:47:38,44,Major,270,False,4,True,10.0
4636,137,629,Core Network Node,1,2,2025-12-01 14:39:03,2025-12-01 15:05:03,26,Minor,127,False,2,True,2.0
4637,241,80,Core Network Node,5,1,2025-10-01 09:19:02,2025-10-01 10:58:02,99,Critical,495,True,1,False,8.5
4638,179,979,Transmission Equipment,2,4,2024-06-12 01:52:50,2024-06-12 02:15:50,23,Major,376,False,3,True,9.9
4639,53,156,Core Network Node,2,1,2024-11-20 08:45:42,2024-11-20 09:24:42,39,Minor,134,False,0,True,1.6
4640,488,656,Transmission Equipment,3,9,2025-11-26 18:28:59,2025-11-26 18:29:59,1,Warning,29,False,1,True,7.1
4641,353,645,Radio Base Station,5,3,2025-01-22 09:07:41,2025-01-22 09:27:41,20,Minor,131,False,3,True,4.6
4642,195,189,Radio Base Station,1,4,2025-07-04 13:00:25,2025-07-04 13:38:25,38,Major,241,False,1,True,2.8
4643,304,342,Power System,2,5,2025-03-31 13:59:20,2025-03-31 14:12:20,13,Minor,190,False,2,True,2.5
4644,418,880,Power System,5,7,2025-02-17 13:53:18,2025-02-17 14:24:18,31,Major,357,False,3,True,8.6
4645,19,90,Power System,4,6,2025-06-08 03:37:22,2025-06-08 04:39:22,62,Major,427,True,6,False,3.3
4646,251,730,Antenna System,1,1,2025-11-17 16:17:38,2025-11-17 17:36:38,79,Major,418,True,3,False,6.1
4647,354,807,Core Network Node,4,9,2024-09-27 12:45:31,2024-09-27 12:51:31,6,Minor,161,False,1,True,4.5
4648,296,860,Radio Base Station,2,3,2024-03-08 05:29:57,2024-03-08 05:47:57,18,Warning,47,False,4,True,8.7
4649,394,916,Transmission Equipment,2,1,2025-05-09 03:59:08,2025-05-09 05:10:08,71,Critical,321,True,3,False,3.2
4650,130,305,Core Network Node,5,9,2024-10-22 15:32:45,2024-10-22 16:12:45,40,Major,209,False,1,True,4.7
4651,312,487,Transmission Equipment,5,5,2024-04-14 16:32:37,2024-04-14 16:58:37,26,Minor,99,False,3,True,7.0
4652,143,7,Power System,5,8,2024-11-30 22:52:24,2024-11-30 23:03:24,11,Minor,92,False,6,True,4.4
4653,43,43,Power System,4,7,2025-09-17 17:17:09,2025-09-17 18:28:09,71,Critical,362,True,2,False,5.0
4654,430,469,Transmission Equipment,1,5,2024-02-08 05:13:05,2024-02-08 06:26:05,73,Critical,770,True,5,False,6.3
4655,129,982,Router/Switch,4,2,2025-08-30 22:07:51,2025-08-30 22:49:51,42,Major,456,False,1,True,9.3
4656,147,747,Core Network Node,5,6,2025-03-07 14:35:30,2025-03-07 14:52:30,17,Warning,26,False,4,True,1.4
4657,438,495,Power System,2,1,2024-02-06 21:55:33,2024-02-06 22:01:33,6,Warning,24,False,2,True,4.0
4658,72,823,Radio Base Station,5,4,2025-12-26 17:37:42,2025-12-26 17:44:42,7,Warning,25,False,3,True,1.7
4659,441,102,Core Network Node,2,1,2024-03-02 08:28:47,2024-03-02 08:41:47,13,Warning,25,False,8,True,3.4
4660,8,359,Antenna System,3,1,2025-12-08 12:56:36,2025-12-08 13:01:36,5,Minor,109,False,1,True,6.7
4661,271,851,Power System,3,9,2024-05-26 14:05:21,2024-05-26 14:16:21,11,Minor,101,False,2,True,8.8
4662,352,860,Transmission Equipment,5,2,2025-11-11 05:59:39,2025-11-11 06:10:39,11,Warning,25,False,3,True,7.3
4663,486,538,Antenna System,2,1,2025-11-23 16:34:49,2025-11-23 17:18:49,44,Minor,150,False,3,True,9.6
4664,431,475,Radio Base Station,5,2,2025-12-04 11:29:56,2025-12-04 11:30:56,1,Minor,70,False,3,True,9.8
4665,222,861,Antenna System,2,5,2024-10-02 23:05:15,2024-10-02 23:14:15,9,Minor,188,False,1,True,6.5
4666,384,842,Core Network Node,5,3,2025-12-22 11:20:23,2025-12-22 12:19:23,59,Minor,114,False,4,True,6.1
4667,453,85,Router/Switch,2,9,2024-01-12 19:19:14,2024-01-12 19:26:14,7,Minor,192,False,5,True,2.6
4668,160,601,Core Network Node,2,6,2025-12-21 11:32:21,2025-12-21 11:41:21,9,Minor,110,False,3,True,3.9
4669,271,516,Antenna System,5,2,2024-01-29 08:14:35,2024-01-29 08:23:35,9,Warning,33,False,3,True,2.2
4670,108,599,Router/Switch,3,3,2024-01-14 02:31:51,2024-01-14 03:05:51,34,Minor,81,False,5,True,5.9
4671,203,43,Power System,3,1,2025-04-02 09:42:50,2025-04-02 10:44:50,62,Major,185,True,4,False,8.9
4672,235,304,Core Network Node,5,1,2024-07-09 08:32:31,2024-07-09 08:53:31,21,Minor,179,False,5,True,6.7
4673,369,803,Power System,5,2,2024-02-26 02:38:51,2024-02-26 03:06:51,28,Warning,36,False,3,True,4.8
4674,490,414,Router/Switch,4,1,2024-12-31 10:32:47,2024-12-31 10:52:47,20,Major,318,False,2,True,6.8
4675,324,33,Antenna System,1,3,2024-08-13 15:53:55,2024-08-13 16:54:55,61,Major,239,True,1,False,2.6
4676,194,281,Antenna System,3,2,2024-01-01 09:16:03,2024-01-01 09:55:03,39,Critical,288,True,5,False,3.6
4677,329,958,Core Network Node,2,1,2024-07-17 14:41:13,2024-07-17 14:49:13,8,Warning,28,False,3,True,4.9
4678,26,411,Transmission Equipment,2,7,2025-03-05 10:17:03,2025-03-05 10:30:03,13,Minor,147,False,2,True,6.9
4679,54,222,Transmission Equipment,3,1,2025-11-16 09:35:06,2025-11-16 09:54:06,19,Major,227,False,2,True,5.4
4680,156,720,Core Network Node,5,2,2025-12-22 18:50:33,2025-12-22 18:55:33,5,Warning,27,False,2,True,5.0
4681,262,501,Antenna System,4,2,2024-09-02 05:45:25,2024-09-02 06:01:25,16,Minor,115,False,6,True,3.5
4682,332,840,Router/Switch,5,1,2024-04-28 06:29:45,2024-04-28 06:38:45,9,Minor,98,False,2,True,6.8
4683,217,187,Antenna System,5,4,2025-06-10 17:35:08,2025-06-10 18:40:08,65,Minor,189,False,3,True,7.9
4684,164,852,Router/Switch,4,7,2024-03-05 12:54:19,2024-03-05 13:06:19,12,Minor,84,False,1,True,1.2
4685,104,42,Power System,2,7,2024-03-06 12:45:06,2024-03-06 13:28:06,43,Critical,468,True,6,False,1.4
4686,337,501,Radio Base Station,3,4,2024-05-06 14:09:46,2024-05-06 15:55:46,106,Major,277,True,2,False,7.3
4687,123,754,Power System,5,5,2025-05-02 07:12:11,2025-05-02 07:39:11,27,Major,449,False,2,True,7.3
4688,310,737,Router/Switch,2,1,2024-06-30 08:41:17,2024-06-30 09:05:17,24,Major,225,False,3,True,5.9
4689,266,739,Antenna System,3,6,2025-02-13 02:53:34,2025-02-13 03:30:34,37,Major,278,False,6,True,3.1
4690,69,349,Power System,2,8,2024-10-18 15:18:29,2024-10-18 15:25:29,7,Minor,177,False,3,True,9.0
4691,191,124,Router/Switch,4,8,2024-02-05 16:52:28,2024-02-05 17:11:28,19,Major,279,False,3,True,4.2
4692,441,730,Antenna System,5,2,2025-08-15 00:31:14,2025-08-15 01:49:14,78,Critical,452,True,3,False,9.3
4693,38,320,Transmission Equipment,5,1,2025-06-16 09:41:37,2025-06-16 09:49:37,8,Minor,131,False,3,True,5.1
4694,8,241,Radio Base Station,5,6,2024-10-12 18:59:16,2024-10-12 19:04:16,5,Warning,38,False,3,True,9.2
4695,413,88,Power System,4,5,2024-02-18 10:24:24,2024-02-18 11:04:24,40,Minor,82,False,0,True,5.0
4696,33,69,Antenna System,2,2,2025-06-11 03:01:38,2025-06-11 04:28:38,87,Critical,384,True,4,False,8.9
4697,37,847,Power System,4,1,2025-06-13 09:34:17,2025-06-13 10:40:17,66,Major,295,True,0,False,9.5
4698,29,548,Router/Switch,1,2,2024-01-12 07:52:21,2024-01-12 08:19:21,27,Minor,129,False,3,True,4.4
4699,411,250,Power System,2,4,2024-07-22 06:34:34,2024-07-22 06:36:34,2,Warning,30,False,0,True,8.3
4700,222,862,Radio Base Station,3,5,2024-10-09 05:06:06,2024-10-09 06:06:06,60,Major,402,False,2,True,7.8
4701,461,90,Radio Base Station,4,2,2024-07-15 08:18:33,2024-07-15 08:58:33,40,Minor,102,False,3,True,1.9
4702,379,644,Radio Base Station,2,6,2025-03-11 08:53:42,2025-03-11 09:01:42,8,Minor,169,False,2,True,3.5
4703,345,360,Core Network Node,3,2,2024-04-07 14:37:00,2024-04-07 15:14:00,37,Minor,107,False,6,True,3.7
4704,375,150,Transmission Equipment,5,7,2024-01-28 03:13:57,2024-01-28 03:14:57,1,Warning,19,False,4,True,9.1
4705,107,218,Core Network Node,1,2,2024-03-01 23:21:04,2024-03-01 23:40:04,19,Minor,108,False,3,True,1.0
4706,314,647,Core Network Node,1,3,2025-09-30 04:29:32,2025-09-30 04:40:32,11,Minor,71,False,2,True,3.6
4707,105,726,Transmission Equipment,3,4,2024-09-25 16:29:41,2024-09-25 17:34:41,65,Critical,420,True,5,False,6.8
4708,202,324,Power System,5,4,2025-12-03 17:12:58,2025-12-03 17:24:58,12,Warning,19,False,2,True,7.7
4709,393,120,Antenna System,1,5,2024-10-28 17:39:14,2024-10-28 17:46:14,7,Warning,33,False,1,True,7.7
4710,209,396,Core Network Node,4,3,2024-08-13 10:35:00,2024-08-13 10:51:00,16,Minor,185,False,4,True,8.4
4711,394,894,Power System,4,1,2024-05-03 22:34:13,2024-05-03 22:50:13,16,Minor,124,False,2,True,9.6
4712,28,287,Transmission Equipment,5,6,2025-08-28 12:49:03,2025-08-28 13:48:03,59,Major,177,False,3,True,7.0
4713,483,779,Core Network Node,1,2,2025-09-12 17:10:43,2025-09-12 18:24:43,74,Major,394,True,2,False,7.9
4714,331,146,Transmission Equipment,3,7,2024-09-19 02:13:25,2024-09-19 02:23:25,10,Minor,107,False,1,True,9.8
4715,80,323,Radio Base Station,1,8,2025-06-10 15:18:26,2025-06-10 16:58:26,100,Major,204,True,1,False,9.7
4716,123,440,Core Network Node,1,2,2025-10-18 11:31:43,2025-10-18 11:43:43,12,Minor,183,False,2,True,1.0
4717,86,443,Router/Switch,1,7,2025-12-10 14:43:09,2025-12-10 14:50:09,7,Minor,145,False,2,True,9.9
4718,281,572,Power System,4,6,2025-01-10 09:39:04,2025-01-10 10:01:04,22,Major,227,False,4,True,8.8
4719,454,41,Antenna System,4,2,2025-10-03 12:05:12,2025-10-03 12:23:12,18,Minor,121,False,5,True,1.5
4720,487,687,Antenna System,4,2,2025-08-31 07:10:07,2025-08-31 07:15:07,5,Major,465,False,4,True,4.9
4721,91,108,Core Network Node,2,8,2025-09-24 08:28:10,2025-09-24 09:09:10,41,Minor,78,False,3,True,6.1
4722,376,358,Transmission Equipment,2,1,2025-02-05 16:27:52,2025-02-05 17:53:52,86,Critical,688,True,6,False,5.4
4723,270,528,Core Network Node,1,6,2026-01-01 20:14:54,2026-01-01 20:18:54,4,Major,265,False,5,True,5.9
4724,338,793,Transmission Equipment,4,2,2025-02-01 09:41:11,2025-02-01 11:31:11,110,Major,310,True,0,False,1.3
4725,303,542,Power System,3,3,2024-02-07 17:55:15,2024-02-07 18:20:15,25,Major,467,False,3,True,5.4
4726,469,430,Radio Base Station,1,3,2025-05-13 12:41:45,2025-05-13 14:16:45,95,Critical,587,True,3,False,6.8
4727,209,471,Transmission Equipment,2,6,2025-02-18 11:27:51,2025-02-18 11:35:51,8,Minor,144,False,2,True,4.9
4728,300,653,Router/Switch,2,3,2025-08-22 11:17:47,2025-08-22 11:23:47,6,Warning,50,False,0,True,1.9
4729,483,996,Router/Switch,4,7,2025-02-15 06:34:03,2025-02-15 06:49:03,15,Major,345,False,2,True,5.1
4730,374,35,Router/Switch,2,8,2024-08-06 16:00:29,2024-08-06 16:17:29,17,Minor,75,False,2,True,7.0
4731,248,272,Power System,4,3,2024-11-15 20:00:01,2024-11-15 21:46:01,106,Major,439,True,4,False,7.3
4732,241,95,Transmission Equipment,4,5,2025-08-10 20:06:39,2025-08-10 20:36:39,30,Major,187,False,4,True,8.8
4733,394,489,Core Network Node,5,3,2024-05-07 14:22:00,2024-05-07 14:36:00,14,Minor,99,False,3,True,3.3
4734,492,271,Power System,3,4,2025-07-28 21:10:21,2025-07-28 21:59:21,49,Major,281,False,3,True,1.9
4735,483,963,Antenna System,2,8,2025-03-21 12:38:46,2025-03-21 12:56:46,18,Major,321,False,4,True,6.8
4736,178,669,Power System,4,3,2025-01-09 16:01:24,2025-01-09 16:06:24,5,Warning,40,False,3,True,1.4
4737,407,314,Radio Base Station,5,7,2024-08-17 16:49:45,2024-08-17 16:54:45,5,Minor,134,False,3,True,3.2
4738,52,300,Transmission Equipment,4,9,2024-05-15 05:50:03,2024-05-15 06:23:03,33,Major,296,False,7,True,8.6
4739,8,493,Core Network Node,3,7,2024-09-14 14:46:08,2024-09-14 14:49:08,3,Warning,33,False,6,True,8.8
4740,399,456,Core Network Node,1,4,2025-07-06 08:12:29,2025-07-06 09:33:29,81,Minor,106,False,3,True,3.8
4741,139,371,Transmission Equipment,1,4,2025-07-10 16:20:09,2025-07-10 16:39:09,19,Minor,165,False,3,True,8.2
4742,100,346,Radio Base Station,4,1,2025-04-19 13:07:27,2025-04-19 14:17:27,70,Major,458,True,7,False,1.4
4743,155,960,Router/Switch,5,5,2024-11-23 04:16:22,2024-11-23 04:42:22,26,Major,355,False,3,True,8.0
4744,279,973,Router/Switch,2,2,2024-05-07 17:08:12,2024-05-07 18:27:12,79,Major,255,True,3,False,2.4
4745,486,493,Transmission Equipment,1,1,2024-04-22 03:56:36,2024-04-22 04:51:36,55,Critical,486,True,3,False,5.3
4746,162,338,Transmission Equipment,4,5,2024-09-21 09:57:27,2024-09-21 10:21:27,24,Minor,116,False,5,True,8.3
4747,144,363,Core Network Node,5,2,2025-03-20 14:36:36,2025-03-20 15:19:36,43,Major,399,False,3,True,3.5
4748,29,554,Core Network Node,3,6,2025-02-03 09:19:58,2025-02-03 10:48:58,89,Critical,631,True,1,False,8.5
4749,291,539,Router/Switch,2,6,2025-11-13 20:31:26,2025-11-13 21:38:26,67,Critical,416,True,3,False,8.4
4750,471,708,Power System,1,6,2024-01-29 04:44:30,2024-01-29 05:20:30,36,Major,210,False,3,True,6.9
4751,163,923,Router/Switch,1,3,2025-09-25 20:01:50,2025-09-25 21:57:50,116,Critical,692,True,3,False,9.7
4752,463,512,Radio Base Station,4,1,2025-12-05 17:25:27,2025-12-05 17:52:27,27,Minor,122,False,2,True,4.5
4753,433,655,Core Network Node,4,4,2025-12-29 19:45:23,2025-12-29 20:38:23,53,Critical,495,True,4,False,7.4
4754,66,700,Transmission Equipment,5,5,2025-05-22 08:45:01,2025-05-22 08:47:01,2,Minor,116,False,5,True,9.8
4755,354,178,Radio Base Station,2,2,2025-07-14 13:57:17,2025-07-14 14:19:17,22,Minor,107,False,7,True,4.5
4756,431,954,Power System,3,6,2025-04-14 22:50:12,2025-04-14 23:01:12,11,Warning,28,False,4,True,9.1
4757,322,517,Transmission Equipment,1,6,2025-01-29 09:56:51,2025-01-29 10:00:51,4,Major,188,False,3,True,6.4
4758,215,897,Transmission Equipment,2,1,2025-12-31 12:02:14,2025-12-31 12:32:14,30,Major,228,False,3,True,8.6
4759,403,312,Power System,1,6,2024-09-15 20:38:37,2024-09-15 20:40:37,2,Minor,122,False,5,True,6.7
4760,24,180,Router/Switch,3,8,2025-12-12 11:05:08,2025-12-12 11:25:08,20,Minor,164,False,1,True,1.9
4761,194,242,Router/Switch,3,1,2024-03-01 16:21:28,2024-03-01 16:59:28,38,Minor,119,False,0,True,5.3
4762,13,230,Transmission Equipment,2,4,2025-10-16 01:34:35,2025-10-16 02:15:35,41,Major,291,False,1,True,8.1
4763,375,730,Transmission Equipment,1,4,2025-03-10 00:26:06,2025-03-10 00:30:06,4,Warning,27,False,2,True,7.2
4764,17,87,Core Network Node,3,2,2024-06-27 14:21:02,2024-06-27 14:48:02,27,Minor,88,False,4,True,4.8
4765,66,435,Router/Switch,3,9,2024-08-12 12:19:23,2024-08-12 12:34:23,15,Major,311,False,3,True,2.6
4766,175,56,Router/Switch,3,5,2024-01-13 13:53:37,2024-01-13 14:18:37,25,Minor,94,False,2,True,8.4
4767,389,871,Radio Base Station,4,2,2024-08-01 17:23:33,2024-08-01 17:38:33,15,Warning,22,False,6,True,2.9
4768,445,274,Router/Switch,3,2,2025-05-21 10:14:04,2025-05-21 10:51:04,37,Minor,93,False,2,True,6.3
4769,203,261,Power System,5,4,2025-02-25 10:08:30,2025-02-25 10:45:30,37,Major,189,False,0,True,5.6
4770,311,36,Core Network Node,2,3,2025-06-29 14:08:29,2025-06-29 15:29:29,81,Critical,313,True,1,False,1.7
4771,492,736,Core Network Node,4,2,2024-01-08 22:33:30,2024-01-08 23:45:30,72,Major,280,True,3,False,8.2
4772,52,865,Antenna System,3,1,2025-07-18 21:02:05,2025-07-18 21:26:05,24,Major,293,False,2,True,2.7
4773,34,224,Transmission Equipment,2,4,2025-08-01 10:34:15,2025-08-01 13:18:15,164,Critical,541,True,5,False,9.9
4774,21,795,Transmission Equipment,3,5,2024-11-29 10:55:59,2024-11-29 12:24:59,89,Critical,507,True,3,False,9.4
4775,489,819,Core Network Node,5,2,2025-07-11 14:54:45,2025-07-11 15:20:45,26,Major,210,False,4,True,6.5
4776,422,936,Transmission Equipment,5,4,2025-09-15 04:19:33,2025-09-15 04:51:33,32,Major,413,False,3,True,8.8
4777,106,985,Transmission Equipment,1,5,2025-08-26 14:32:43,2025-08-26 14:48:43,16,Major,455,False,1,True,6.0
4778,86,598,Radio Base Station,1,4,2024-06-05 16:51:26,2024-06-05 17:29:26,38,Major,372,False,2,True,2.0
4779,52,521,Core Network Node,5,4,2025-09-02 09:33:43,2025-09-02 14:46:43,313,Critical,470,True,5,False,3.6
4780,127,289,Core Network Node,5,2,2025-04-13 18:42:54,2025-04-13 19:03:54,21,Major,304,False,3,True,1.1
4781,80,536,Core Network Node,1,3,2024-02-22 16:59:57,2024-02-22 18:58:57,119,Critical,550,True,2,False,4.5
4782,78,763,Antenna System,4,2,2025-05-19 08:59:24,2025-05-19 09:41:24,42,Major,264,False,3,True,4.7
4783,322,35,Transmission Equipment,5,2,2025-06-22 08:24:32,2025-06-22 08:49:32,25,Major,220,False,1,True,3.1
4784,190,779,Power System,3,5,2025-02-11 13:57:49,2025-02-11 15:36:49,99,Critical,558,True,2,False,5.8
4785,404,818,Transmission Equipment,4,1,2025-10-25 05:45:54,2025-10-25 05:58:54,13,Critical,590,False,3,True,5.2
4786,124,622,Transmission Equipment,3,3,2025-12-10 16:31:55,2025-12-10 16:37:55,6,Minor,114,False,4,True,6.2
4787,164,700,Antenna System,1,7,2024-08-11 10:04:56,2024-08-11 10:16:56,12,Minor,123,False,4,True,5.9
4788,296,791,Power System,3,1,2024-05-31 02:53:05,2024-05-31 03:28:05,35,Minor,170,False,3,True,2.8
4789,450,13,Router/Switch,3,3,2024-09-02 02:12:43,2024-09-02 02:39:43,27,Minor,75,False,2,True,5.5
4790,388,948,Core Network Node,2,2,2025-08-05 10:27:40,2025-08-05 10:39:40,12,Minor,112,False,0,True,4.9
4791,138,472,Antenna System,3,7,2024-01-08 22:33:12,2024-01-08 23:32:12,59,Critical,752,True,1,False,8.8
4792,403,580,Transmission Equipment,3,4,2025-06-27 10:29:15,2025-06-27 11:03:15,34,Minor,170,False,3,True,3.2
4793,21,467,Power System,5,5,2025-11-18 17:42:46,2025-11-18 17:58:46,16,Major,260,False,4,True,5.3
4794,318,3,Antenna System,5,5,2024-05-30 14:50:16,2024-05-30 15:19:16,29,Minor,180,False,4,True,5.8
4795,219,63,Power System,4,1,2025-09-27 08:17:39,2025-09-27 08:53:39,36,Minor,89,False,3,True,6.4
4796,68,545,Router/Switch,4,6,2025-03-08 03:46:25,2025-03-08 03:50:25,4,Minor,106,False,4,True,7.9
4797,452,423,Router/Switch,5,1,2024-03-30 10:16:09,2024-03-30 10:22:09,6,Warning,38,False,2,True,3.9
4798,406,774,Core Network Node,1,7,2024-07-23 09:01:07,2024-07-23 09:08:07,7,Minor,78,False,4,True,3.5
4799,61,111,Radio Base Station,4,2,2024-04-10 14:08:07,2024-04-10 14:26:07,18,Warning,40,False,2,True,2.8
4800,239,257,Transmission Equipment,2,4,2025-08-17 00:53:07,2025-08-17 00:58:07,5,Warning,17,False,3,True,7.2
4801,497,547,Antenna System,2,3,2024-07-30 08:34:35,2024-07-30 09:37:35,63,Critical,325,True,3,False,5.7
4802,176,392,Power System,5,3,2025-02-26 16:17:49,2025-02-26 17:01:49,44,Major,258,False,5,True,4.0
4803,15,843,Core Network Node,3,7,2024-06-01 01:32:50,2024-06-01 01:43:50,11,Major,420,False,2,True,7.9
4804,358,914,Router/Switch,1,2,2024-03-13 16:49:53,2024-03-13 18:38:53,109,Major,238,True,5,False,7.9
4805,295,968,Transmission Equipment,2,3,2025-05-03 05:45:49,2025-05-03 06:16:49,31,Minor,125,False,2,True,8.5
4806,416,869,Antenna System,4,5,2025-12-15 15:58:20,2025-12-15 16:22:20,24,Minor,81,False,6,True,1.6
4807,275,445,Radio Base Station,5,3,2024-02-02 10:47:36,2024-02-02 11:13:36,26,Critical,372,False,1,True,3.3
4808,122,292,Router/Switch,1,4,2025-11-26 01:54:20,2025-11-26 02:15:20,21,Warning,20,False,1,True,1.6
4809,2,237,Transmission Equipment,1,4,2025-10-19 16:40:25,2025-10-19 17:10:25,30,Critical,330,False,5,True,9.0
4810,31,349,Antenna System,4,4,2024-04-06 08:06:04,2024-04-06 08:27:04,21,Minor,83,False,3,True,9.4
4811,448,438,Power System,5,2,2024-11-16 02:45:47,2024-11-16 03:04:47,19,Minor,133,False,2,True,1.5
4812,218,74,Radio Base Station,2,2,2024-02-16 15:34:04,2024-02-16 16:05:04,31,Minor,108,False,4,True,2.2
4813,3,259,Power System,5,6,2025-04-01 17:19:54,2025-04-01 17:50:54,31,Major,436,False,5,True,5.3
4814,184,629,Radio Base Station,1,4,2024-01-01 14:48:21,2024-01-01 15:01:21,13,Major,406,False,6,True,8.2
4815,224,211,Transmission Equipment,4,2,2024-03-01 10:10:15,2024-03-01 10:44:15,34,Minor,88,False,3,True,6.0
4816,429,90,Router/Switch,4,2,2025-12-15 04:06:07,2025-12-15 04:36:07,30,Warning,40,False,2,True,3.0
4817,204,449,Radio Base Station,1,4,2024-12-30 16:33:44,2024-12-30 16:57:44,24,Minor,122,False,2,True,9.3
4818,376,400,Power System,1,2,2024-08-16 22:49:44,2024-08-17 02:34:44,225,Major,344,True,5,False,4.3
4819,153,666,Antenna System,3,5,2025-04-17 20:25:47,2025-04-17 20:52:47,27,Critical,456,False,5,True,8.0
4820,100,737,Antenna System,4,3,2024-02-16 09:59:35,2024-02-16 12:00:35,121,Critical,407,True,3,False,9.0
4821,285,966,Core Network Node,2,7,2025-07-13 16:36:39,2025-07-13 17:01:39,25,Minor,128,False,4,True,4.4
4822,130,777,Radio Base Station,4,4,2024-01-17 04:42:06,2024-01-17 05:07:06,25,Minor,116,False,7,True,3.3
4823,421,544,Radio Base Station,3,1,2024-02-22 19:32:51,2024-02-22 19:55:51,23,Minor,138,False,3,True,3.1
4824,40,309,Core Network Node,1,3,2024-10-30 13:18:18,2024-10-30 16:15:18,177,Critical,439,True,3,False,7.0
4825,329,925,Core Network Node,5,1,2025-05-25 03:49:50,2025-05-25 04:35:50,46,Minor,87,False,0,True,9.0
4826,276,924,Radio Base Station,5,3,2024-02-18 08:17:55,2024-02-18 08:43:55,26,Minor,90,False,5,True,8.2
4827,4,695,Antenna System,1,3,2025-06-04 21:31:16,2025-06-04 22:13:16,42,Major,419,False,6,True,6.7
4828,223,511,Power System,4,2,2024-11-20 14:03:54,2024-11-20 14:39:54,36,Major,429,False,3,True,1.3
4829,275,228,Transmission Equipment,5,1,2025-12-09 17:42:18,2025-12-09 18:03:18,21,Major,328,False,3,True,9.7
4830,285,562,Power System,5,3,2025-12-11 16:52:37,2025-12-11 16:56:37,4,Warning,33,False,1,True,5.3
4831,317,353,Antenna System,3,1,2024-12-03 04:03:38,2024-12-03 04:45:38,42,Major,352,False,5,True,6.0
4832,323,104,Radio Base Station,5,4,2025-02-07 13:16:37,2025-02-07 13:17:37,1,Warning,24,False,1,True,4.7
4833,213,472,Router/Switch,4,3,2024-03-13 15:13:04,2024-03-13 15:35:04,22,Warning,46,False,1,True,9.6
4834,9,891,Transmission Equipment,2,4,2024-01-12 08:58:16,2024-01-12 09:10:16,12,Minor,74,False,1,True,2.3
4835,123,37,Transmission Equipment,4,2,2024-01-24 07:24:20,2024-01-24 08:03:20,39,Minor,159,False,5,True,8.6
4836,251,86,Core Network Node,5,5,2025-08-27 01:46:47,2025-08-27 01:47:47,1,Warning,27,False,1,True,7.8
4837,358,141,Power System,4,3,2024-04-27 14:37:23,2024-04-27 14:56:23,19,Warning,21,False,5,True,8.4
4838,207,24,Radio Base Station,1,7,2025-10-30 09:03:17,2025-10-30 09:08:17,5,Major,223,False,3,True,1.6
4839,354,696,Power System,2,9,2024-03-12 03:43:59,2024-03-12 04:06:59,23,Major,304,False,0,True,2.6
4840,168,710,Router/Switch,3,3,2025-08-26 05:30:33,2025-08-26 06:50:33,80,Critical,548,True,2,False,6.8
4841,145,981,Router/Switch,4,3,2025-11-07 09:16:47,2025-11-07 10:20:47,64,Major,432,True,3,False,1.9
4842,434,362,Radio Base Station,5,5,2025-01-20 12:57:55,2025-01-20 13:10:55,13,Critical,628,False,7,True,4.8
4843,187,766,Core Network Node,4,2,2024-07-15 11:40:49,2024-07-15 12:36:49,56,Major,434,False,6,True,8.2
4844,261,244,Power System,1,2,2024-03-11 13:58:33,2024-03-11 16:01:33,123,Critical,507,True,0,False,7.8
4845,130,146,Power System,5,4,2025-08-02 17:13:29,2025-08-02 17:37:29,24,Minor,123,False,2,True,5.1
4846,164,965,Radio Base Station,1,2,2024-04-23 17:33:57,2024-04-23 17:40:57,7,Warning,31,False,4,True,1.2
4847,496,212,Power System,2,2,2025-05-02 16:15:45,2025-05-02 16:42:45,27,Major,268,False,4,True,7.3
4848,12,638,Transmission Equipment,2,3,2025-09-02 01:34:58,2025-09-02 02:25:58,51,Minor,171,False,3,True,8.4
4849,450,168,Radio Base Station,5,5,2025-07-15 15:26:11,2025-07-15 15:39:11,13,Warning,31,False,4,True,2.7
4850,292,529,Radio Base Station,1,1,2024-05-13 12:28:58,2024-05-13 12:39:58,11,Minor,117,False,1,True,3.6
4851,218,324,Radio Base Station,1,8,2025-05-28 09:08:19,2025-05-28 10:15:19,67,Minor,75,False,3,True,8.6
4852,314,406,Router/Switch,5,3,2025-11-16 19:56:34,2025-11-16 20:09:34,13,Major,287,False,5,True,4.9
4853,162,612,Router/Switch,5,3,2025-09-08 13:00:54,2025-09-08 13:25:54,25,Major,470,False,3,True,3.4
4854,130,355,Antenna System,5,4,2025-10-29 16:00:44,2025-10-29 16:37:44,37,Major,217,False,4,True,5.4
4855,233,929,Power System,3,2,2025-07-14 13:56:06,2025-07-14 14:15:06,19,Minor,112,False,5,True,5.1
4856,120,455,Radio Base Station,4,2,2024-09-07 13:17:56,2024-09-07 14:24:56,67,Major,298,True,2,False,4.9
4857,151,174,Radio Base Station,1,1,2024-07-21 15:02:10,2024-07-21 15:26:10,24,Major,256,False,3,True,1.1
4858,442,827,Radio Base Station,4,4,2025-01-09 16:24:13,2025-01-09 16:48:13,24,Minor,114,False,4,True,7.1
4859,55,572,Antenna System,2,1,2024-11-14 16:15:08,2024-11-14 16:54:08,39,Critical,352,True,0,False,7.0
4860,483,867,Router/Switch,2,3,2024-04-07 16:28:33,2024-04-07 17:21:33,53,Major,370,False,2,True,7.0
4861,248,232,Router/Switch,1,8,2025-05-08 14:53:02,2025-05-08 14:59:02,6,Major,405,False,5,True,2.2
4862,123,394,Radio Base Station,2,6,2024-02-06 13:38:21,2024-02-06 15:08:21,90,Major,361,True,2,False,4.5
4863,9,402,Router/Switch,1,2,2025-04-30 05:28:46,2025-04-30 06:27:46,59,Minor,108,False,5,True,8.6
4864,281,314,Antenna System,2,7,2024-04-06 13:56:57,2024-04-06 14:13:57,17,Minor,97,False,3,True,2.0
4865,351,849,Power System,4,2,2025-08-19 15:51:46,2025-08-19 16:03:46,12,Minor,157,False,4,True,1.8
4866,21,455,Antenna System,5,1,2025-10-28 03:39:32,2025-10-28 03:56:32,17,Minor,77,False,2,True,6.8
4867,241,371,Core Network Node,4,1,2024-12-10 21:25:52,2024-12-10 22:09:52,44,Minor,127,False,2,True,7.3
4868,2,640,Router/Switch,4,1,2025-02-04 08:38:16,2025-02-04 08:39:16,1,Warning,18,False,4,True,2.9
4869,474,383,Router/Switch,5,1,2025-05-23 23:52:56,2025-05-24 00:24:56,32,Major,327,False,2,True,4.2
4870,20,480,Radio Base Station,2,8,2025-05-23 23:03:01,2025-05-23 23:23:01,20,Minor,80,False,2,True,6.2
4871,16,168,Antenna System,5,8,2025-02-27 15:38:37,2025-02-27 15:44:37,6,Minor,133,False,6,True,6.9
4872,178,304,Radio Base Station,4,5,2025-07-07 22:52:21,2025-07-07 22:57:21,5,Minor,191,False,5,True,4.0
4873,481,821,Antenna System,3,5,2025-07-28 16:58:20,2025-07-28 17:30:20,32,Major,333,False,3,True,6.3
4874,422,344,Core Network Node,1,6,2024-11-30 10:52:45,2024-11-30 11:21:45,29,Warning,29,False,1,True,3.7
4875,38,622,Transmission Equipment,4,2,2025-10-24 21:49:51,2025-10-24 21:51:51,2,Warning,33,False,2,True,9.7
4876,469,301,Router/Switch,1,1,2024-01-28 15:17:08,2024-01-28 15:56:08,39,Critical,562,True,3,False,7.3
4877,245,573,Router/Switch,2,6,2024-09-23 14:58:37,2024-09-23 15:20:37,22,Minor,126,False,6,True,5.7
4878,351,622,Power System,4,1,2025-04-29 01:18:37,2025-04-29 01:39:37,21,Minor,174,False,3,True,5.2
4879,245,126,Transmission Equipment,3,4,2024-08-01 23:32:57,2024-08-01 23:37:57,5,Minor,99,False,3,True,9.2
4880,255,195,Antenna System,2,6,2025-05-06 06:55:36,2025-05-06 07:16:36,21,Major,211,False,3,True,5.2
4881,54,215,Radio Base Station,1,6,2025-12-27 17:19:45,2025-12-27 17:25:45,6,Major,296,False,1,True,5.9
4882,377,439,Power System,4,2,2024-06-27 03:01:06,2024-06-27 03:14:06,13,Minor,153,False,2,True,8.6
4883,169,125,Radio Base Station,4,2,2025-11-18 09:48:41,2025-11-18 09:53:41,5,Major,217,False,5,True,9.7
4884,436,155,Radio Base Station,5,1,2025-05-26 22:41:22,2025-05-26 23:48:22,67,Major,208,True,1,False,3.1
4885,313,389,Radio Base Station,2,2,2025-07-14 22:34:44,2025-07-14 22:37:44,3,Warning,47,False,1,True,4.5
4886,256,632,Transmission Equipment,1,2,2024-12-15 17:35:30,2024-12-15 17:54:30,19,Minor,114,False,3,True,6.8
4887,89,669,Antenna System,1,8,2025-11-13 08:47:31,2025-11-13 09:09:31,22,Minor,124,False,1,True,7.2
4888,44,953,Antenna System,4,9,2024-04-26 02:00:18,2024-04-26 02:12:18,12,Minor,169,False,2,True,6.1
4889,162,794,Transmission Equipment,2,3,2025-01-29 06:26:33,2025-01-29 07:10:33,44,Critical,706,True,2,False,4.9
4890,21,514,Radio Base Station,3,5,2025-08-30 10:28:06,2025-08-30 10:33:06,5,Warning,28,False,3,True,9.5
4891,208,22,Power System,5,2,2024-01-02 23:21:34,2024-01-03 03:22:34,241,Critical,398,True,3,False,2.1
4892,160,286,Radio Base Station,2,4,2025-07-24 16:01:51,2025-07-24 18:36:51,155,Major,214,True,4,False,3.4
4893,81,660,Router/Switch,5,4,2025-12-13 12:02:57,2025-12-13 12:36:57,34,Minor,167,False,3,True,7.0
4894,378,619,Antenna System,2,2,2025-08-30 10:31:59,2025-08-30 10:41:59,10,Major,328,False,0,True,4.0
4895,198,64,Core Network Node,2,1,2025-05-29 14:38:32,2025-05-29 15:20:32,42,Minor,81,False,6,True,2.3
4896,9,446,Core Network Node,5,2,2024-01-28 01:27:26,2024-01-28 02:01:26,34,Major,216,False,5,True,9.6
4897,120,339,Antenna System,5,5,2024-03-07 10:05:30,2024-03-07 11:21:30,76,Critical,285,True,6,False,6.8
4898,186,27,Transmission Equipment,1,8,2024-10-09 14:33:55,2024-10-09 14:44:55,11,Minor,156,False,3,True,5.2
4899,142,870,Antenna System,3,3,2025-11-16 14:10:52,2025-11-16 16:35:52,145,Critical,579,True,2,False,7.4
4900,40,925,Core Network Node,2,8,2024-02-27 08:00:34,2024-02-27 08:47:34,47,Major,310,False,3,True,4.7
4901,155,414,Power System,2,3,2024-02-25 18:54:14,2024-02-25 19:07:14,13,Major,302,False,3,True,3.1
4902,328,404,Antenna System,2,6,2024-04-23 10:31:35,2024-04-23 11:08:35,37,Major,203,False,3,True,4.6
4903,52,763,Router/Switch,1,2,2025-04-25 04:57:14,2025-04-25 05:20:14,23,Minor,143,False,0,True,4.8
4904,481,421,Radio Base Station,4,9,2024-09-05 10:52:24,2024-09-05 10:54:24,2,Minor,107,False,1,True,5.1
4905,353,956,Transmission Equipment,1,4,2025-09-05 12:04:45,2025-09-05 13:33:45,89,Minor,129,False,8,True,3.5
4906,261,475,Radio Base Station,3,4,2024-06-06 19:29:27,2024-06-06 20:16:27,47,Critical,420,True,4,False,9.1
4907,313,927,Core Network Node,1,2,2025-09-06 11:43:31,2025-09-06 13:17:31,94,Major,289,True,2,False,6.2
4908,88,378,Radio Base Station,3,2,2024-03-23 03:54:54,2024-03-23 04:05:54,11,Major,295,False,1,True,6.8
4909,381,900,Radio Base Station,1,2,2025-09-26 12:28:45,2025-09-26 12:36:45,8,Minor,102,False,2,True,1.3
4910,266,861,Power System,2,5,2025-03-25 07:04:54,2025-03-25 08:20:54,76,Major,314,True,5,False,5.1
4911,112,502,Router/Switch,5,7,2025-02-26 18:27:59,2025-02-26 18:41:59,14,Warning,29,False,2,True,1.9
4912,91,12,Transmission Equipment,2,1,2025-08-09 12:29:25,2025-08-09 12:49:25,20,Minor,116,False,4,True,6.8
4913,337,732,Core Network Node,3,8,2025-10-19 23:36:26,2025-10-19 23:41:26,5,Minor,169,False,2,True,5.4
4914,130,256,Antenna System,1,5,2024-12-21 15:43:04,2024-12-21 16:59:04,76,Critical,485,True,7,False,8.4
4915,258,965,Core Network Node,5,4,2024-10-17 22:37:38,2024-10-17 22:41:38,4,Minor,177,False,5,True,6.5
4916,146,135,Core Network Node,5,4,2025-02-25 10:00:07,2025-02-25 11:57:07,117,Major,434,True,2,False,3.3
4917,192,920,Power System,2,6,2024-11-26 20:29:25,2024-11-26 20:34:25,5,Major,278,False,2,True,1.5
4918,318,474,Core Network Node,3,3,2024-05-12 16:18:47,2024-05-12 16:24:47,6,Minor,130,False,3,True,8.3
4919,447,292,Transmission Equipment,5,1,2024-02-17 09:25:57,2024-02-17 09:48:57,23,Minor,177,False,2,True,4.6
4920,433,944,Radio Base Station,5,2,2025-11-06 02:32:03,2025-11-06 03:23:03,51,Major,323,False,3,True,1.7
4921,81,955,Antenna System,3,2,2024-09-17 21:54:39,2024-09-17 22:41:39,47,Minor,112,False,4,True,6.0
4922,428,731,Radio Base Station,2,1,2024-12-18 14:02:04,2024-12-18 14:17:04,15,Critical,430,False,4,True,5.2
4923,259,760,Antenna System,2,4,2024-02-11 09:41:49,2024-02-11 10:02:49,21,Critical,434,False,3,True,2.4
4924,441,495,Transmission Equipment,5,5,2025-03-01 15:42:35,2025-03-01 16:03:35,21,Warning,24,False,3,True,6.2
4925,374,962,Core Network Node,2,8,2024-06-04 08:27:34,2024-06-04 08:34:34,7,Minor,134,False,3,True,6.5
4926,372,713,Core Network Node,4,1,2025-02-08 14:28:40,2025-02-08 14:33:40,5,Major,291,False,4,True,6.9
4927,67,582,Core Network Node,3,2,2025-11-21 10:13:58,2025-11-21 10:28:58,15,Minor,73,False,7,True,4.9
4928,108,552,Router/Switch,2,3,2024-11-19 05:56:45,2024-11-19 06:15:45,19,Minor,103,False,2,True,3.6
4929,47,334,Router/Switch,2,3,2025-09-16 05:05:50,2025-09-16 06:19:50,74,Major,408,True,6,False,8.7
4930,263,97,Core Network Node,1,6,2025-11-09 01:16:06,2025-11-09 01:29:06,13,Major,304,False,5,True,2.2
4931,78,927,Transmission Equipment,5,3,2024-10-26 10:15:34,2024-10-26 10:26:34,11,Minor,119,False,0,True,1.7
4932,190,185,Transmission Equipment,4,2,2025-04-10 11:04:53,2025-04-10 11:19:53,15,Major,371,False,3,True,2.0
4933,116,82,Core Network Node,2,4,2024-05-20 16:38:30,2024-05-20 17:41:30,63,Major,314,True,3,False,7.9
4934,283,922,Power System,5,2,2024-03-15 05:51:03,2024-03-15 06:44:03,53,Minor,126,False,5,True,6.6
4935,158,230,Core Network Node,3,1,2025-03-21 00:07:39,2025-03-21 00:41:39,34,Major,306,False,6,True,2.6
4936,35,366,Core Network Node,5,1,2025-02-04 09:13:39,2025-02-04 09:35:39,22,Minor,78,False,2,True,7.5
4937,171,915,Router/Switch,3,1,2025-06-06 01:36:20,2025-06-06 02:53:20,77,Major,337,True,2,False,5.4
4938,87,937,Router/Switch,4,8,2025-02-17 14:00:30,2025-02-17 16:22:30,142,Critical,739,True,2,False,1.7
4939,257,865,Transmission Equipment,3,1,2025-04-29 12:11:34,2025-04-29 12:34:34,23,Minor,75,False,2,True,1.6
4940,267,502,Router/Switch,3,2,2025-12-01 05:27:21,2025-12-01 06:23:21,56,Critical,325,True,1,False,3.9
4941,186,128,Power System,1,2,2024-03-02 04:04:08,2024-03-02 04:32:08,28,Critical,494,False,5,True,5.3
4942,285,755,Power System,1,1,2024-10-30 10:43:49,2024-10-30 11:25:49,42,Critical,611,True,4,False,5.5
4943,89,799,Radio Base Station,3,5,2025-07-28 14:50:23,2025-07-28 14:55:23,5,Minor,123,False,4,True,1.1
4944,131,559,Transmission Equipment,5,3,2024-08-28 17:24:53,2024-08-28 17:52:53,28,Critical,300,False,6,True,7.5
4945,131,660,Router/Switch,1,6,2025-02-08 14:36:02,2025-02-08 14:51:02,15,Major,190,False,1,True,4.1
4946,291,774,Power System,4,2,2024-12-29 12:53:16,2024-12-29 12:54:16,1,Warning,24,False,1,True,2.3
4947,145,84,Core Network Node,4,2,2025-11-28 07:43:12,2025-11-28 08:52:12,69,Critical,416,True,4,False,7.9
4948,449,649,Transmission Equipment,5,9,2024-06-07 19:44:27,2024-06-07 21:03:27,79,Major,277,True,8,False,5.6
4949,363,530,Antenna System,1,1,2025-06-02 11:02:39,2025-06-02 11:10:39,8,Minor,87,False,3,True,3.8
4950,355,757,Power System,3,5,2024-11-02 09:30:11,2024-11-02 09:49:11,19,Minor,78,False,2,True,2.3
4951,167,909,Core Network Node,5,3,2025-07-14 19:03:20,2025-07-14 19:17:20,14,Minor,82,False,5,True,3.1
4952,296,677,Radio Base Station,4,4,2025-06-29 08:51:51,2025-06-29 10:05:51,74,Major,268,True,4,False,6.3
4953,426,765,Power System,5,8,2025-09-19 18:19:54,2025-09-19 18:28:54,9,Major,449,False,3,True,6.6
4954,483,52,Transmission Equipment,3,4,2024-06-25 13:08:49,2024-06-25 13:27:49,19,Warning,35,False,3,True,9.3
4955,219,434,Core Network Node,3,6,2024-06-22 15:57:06,2024-06-22 16:32:06,35,Critical,481,True,4,False,8.8
4956,45,845,Antenna System,5,8,2024-01-09 07:24:42,2024-01-09 08:35:42,71,Critical,623,True,3,False,3.5
4957,216,269,Transmission Equipment,5,6,2024-02-16 08:34:43,2024-02-16 09:00:43,26,Minor,80,False,2,True,3.7
4958,170,338,Core Network Node,4,5,2025-08-26 00:01:46,2025-08-26 00:02:46,1,Warning,23,False,3,True,2.0
4959,106,350,Power System,1,3,2025-10-25 22:27:52,2025-10-25 22:29:52,2,Minor,171,False,2,True,9.6
4960,397,190,Transmission Equipment,2,4,2024-12-07 22:01:57,2024-12-07 23:30:57,89,Minor,84,False,1,True,9.1
4961,287,485,Router/Switch,5,3,2024-09-28 18:15:03,2024-09-28 19:02:03,47,Critical,592,True,5,False,7.9
4962,303,859,Radio Base Station,1,2,2025-03-07 15:05:06,2025-03-07 16:46:06,101,Major,474,True,0,False,3.1
4963,336,372,Antenna System,1,1,2024-07-12 04:54:50,2024-07-12 05:33:50,39,Major,318,False,3,True,6.8
4964,42,950,Power System,3,4,2025-02-02 19:24:30,2025-02-02 19:35:30,11,Warning,30,False,3,True,1.6
4965,489,791,Antenna System,4,1,2025-09-07 16:22:32,2025-09-07 17:55:32,93,Major,307,True,2,False,9.7
4966,160,884,Radio Base Station,5,5,2024-08-12 02:33:35,2024-08-12 02:38:35,5,Warning,28,False,3,True,6.6
4967,27,44,Transmission Equipment,1,3,2024-08-22 10:01:30,2024-08-22 11:09:30,68,Critical,397,True,2,False,2.3
4968,214,584,Radio Base Station,1,1,2024-12-03 13:14:59,2024-12-03 13:58:59,44,Major,280,False,2,True,2.8
4969,128,388,Radio Base Station,1,3,2025-04-04 07:37:49,2025-04-04 09:17:49,100,Major,310,True,4,False,8.3
4970,162,213,Router/Switch,2,7,2025-06-05 16:21:45,2025-06-05 16:25:45,4,Warning,31,False,2,True,1.6
4971,427,914,Power System,1,3,2024-10-13 22:12:18,2024-10-13 22:31:18,19,Minor,127,False,11,True,3.7
4972,165,895,Radio Base Station,3,6,2025-12-02 00:50:06,2025-12-02 01:00:06,10,Minor,78,False,2,True,4.9
4973,220,690,Core Network Node,5,1,2025-08-07 22:34:09,2025-08-07 22:46:09,12,Minor,94,False,2,True,3.0
4974,130,324,Core Network Node,4,4,2024-07-07 17:41:01,2024-07-07 18:17:01,36,Minor,86,False,2,True,8.7
4975,268,136,Power System,1,6,2024-12-16 10:24:33,2024-12-16 10:45:33,21,Minor,68,False,3,True,1.1
4976,398,24,Radio Base Station,4,1,2024-07-20 07:24:00,2024-07-20 07:58:00,34,Critical,604,True,2,False,9.9
4977,192,169,Radio Base Station,2,8,2025-09-16 12:11:53,2025-09-16 12:14:53,3,Warning,24,False,3,True,4.1
4978,71,885,Transmission Equipment,1,2,2025-11-24 19:05:51,2025-11-24 21:02:51,117,Critical,426,True,7,False,9.7
4979,268,159,Radio Base Station,4,7,2025-09-20 16:50:10,2025-09-20 16:51:10,1,Major,222,False,1,True,7.5
4980,99,344,Router/Switch,4,8,2025-11-23 08:53:47,2025-11-23 09:40:47,47,Major,245,False,0,True,9.3
4981,313,401,Radio Base Station,3,7,2024-02-12 18:13:08,2024-02-12 20:39:08,146,Critical,721,True,3,False,6.5
4982,92,111,Radio Base Station,1,1,2024-09-03 09:00:08,2024-09-03 09:50:08,50,Major,208,False,2,True,4.5
4983,435,76,Radio Base Station,4,1,2025-07-04 11:09:18,2025-07-04 11:28:18,19,Minor,111,False,5,True,7.4
4984,394,71,Antenna System,2,7,2024-04-21 01:51:30,2024-04-21 02:02:30,11,Minor,108,False,5,True,7.3
4985,26,540,Radio Base Station,3,4,2025-05-29 14:49:09,2025-05-29 14:58:09,9,Minor,157,False,3,True,6.6
4986,226,598,Antenna System,5,3,2024-04-29 10:22:30,2024-04-29 10:44:30,22,Minor,123,False,4,True,9.6
4987,499,162,Antenna System,4,1,2025-02-05 14:00:02,2025-02-05 14:24:02,24,Minor,115,False,1,True,1.2
4988,72,953,Power System,2,5,2025-07-30 22:37:31,2025-07-30 22:50:31,13,Minor,123,False,2,True,4.0
4989,425,541,Router/Switch,2,1,2025-07-25 09:56:49,2025-07-25 10:21:49,25,Minor,84,False,5,True,3.0
4990,209,616,Router/Switch,1,1,2024-02-16 10:56:00,2024-02-16 11:05:00,9,Major,310,False,3,True,6.1
4991,1,671,Router/Switch,5,2,2025-12-26 16:28:38,2025-12-26 17:16:38,48,Minor,69,False,2,True,5.0
4992,134,691,Router/Switch,5,6,2025-02-25 15:41:44,2025-02-25 16:28:44,47,Critical,741,True,2,False,9.1
4993,465,337,Transmission Equipment,5,6,2025-09-10 04:55:18,2025-09-10 05:10:18,15,Minor,120,False,4,True,1.8
4994,484,371,Transmission Equipment,3,2,2024-12-07 16:45:06,2024-12-07 19:19:06,154,Major,278,True,1,False,1.1
4995,446,486,Power System,3,3,2025-05-26 14:57:26,2025-05-26 15:01:26,4,Warning,42,False,3,True,5.3
4996,159,174,Antenna System,4,3,2025-02-21 08:30:38,2025-02-21 08:40:38,10,Minor,86,False,4,True,6.7
4997,101,445,Transmission Equipment,1,2,2024-09-12 23:21:19,2024-09-13 00:16:19,55,Major,286,False,3,True,4.4
4998,186,834,Antenna System,1,5,2025-06-02 15:33:53,2025-06-02 15:39:53,6,Minor,128,False,3,True,1.3
4999,269,332,Router/Switch,4,4,2025-04-21 18:47:31,2025-04-21 18:56:31,9,Minor,103,False,3,True,5.8
5000,310,228,Core Network Node,2,1,2025-04-28 14:54:29,2025-04-28 15:16:29,22,Major,306,False,5,True,1.1
