Complaint_ID,Incident_ID,Customer_ID,Complaint_Time,Complaint_Channel,Complaint_Severity,Is_Resolved,Compensation_Amount
1,1902,1502,2025-04-07 12:53:24.602576,App,High,True,0
2,2816,4697,2025-07-08 22:49:42.246905,Phone,Low,True,0
3,337,4043,2024-07-22 07:19:55.063857,Web,Low,False,0
4,2647,370,2025-10-30 08:33:57.435011,Web,Low,True,0
5,1382,4091,2025-11-13 06:35:22.021122,App,Low,True,0
6,753,2189,2025-01-19 01:42:47.459964,App,Low,False,0
7,3166,3170,2024-11-09 15:55:36.303861,Web,Informational,True,0
8,3245,2768,2025-06-27 09:56:45.903323,Store,Informational,True,0
9,404,2685,2025-11-08 14:39:27.063438,App,Medium,True,0
10,1618,4662,2024-04-25 21:59:09.931089,App,High,True,50
11,4938,2492,2025-02-17 14:57:54.914623,App,High,False,0
12,1204,2961,2024-08-24 15:01:14.948801,App,Informational,True,0
13,102,1697,2024-01-14 11:17:40.901403,Phone,Informational,True,0
14,1553,935,2024-03-13 18:45:31.651390,Phone,Medium,True,0
15,3664,1825,2024-11-17 06:44:27.278505,Phone,Informational,False,50
16,3404,2353,2024-07-31 06:59:09.165118,Phone,Informational,True,0
17,804,800,2024-08-21 17:52:06.386950,App,High,True,0
18,2408,2968,2025-05-21 05:01:56.682317,Social Media,Medium,False,0
19,144,1248,2024-12-22 09:18:30.603969,Web,High,True,0
20,3665,134,2024-01-29 05:03:05.268535,App,Informational,True,0
21,768,2529,2025-12-14 16:28:43.826903,Social Media,Informational,True,50
22,3420,2577,2025-11-01 09:27:22.614451,Phone,Medium,True,10
23,2124,4615,2025-10-22 15:14:44.532260,Store,Medium,True,0
24,4626,2901,2024-04-24 09:32:27.363528,Store,Medium,True,0
25,3016,4942,2025-11-18 13:23:03.949583,Social Media,Informational,True,0
26,3459,2855,2024-03-25 12:17:24.750496,Phone,Informational,True,0
27,3990,2118,2025-09-02 17:35:00.352124,Store,Low,True,0
28,4034,4650,2025-02-10 05:50:15.163934,App,Informational,True,0
29,4896,534,2024-01-28 04:09:56.258261,App,Medium,False,0
30,477,4597,2024-11-21 10:57:26.433956,Social Media,Medium,True,0
31,1793,1518,2025-09-05 22:38:47.510999,Store,Low,True,0
32,3020,1841,2024-10-13 09:15:43.827761,Phone,Medium,False,0
33,4884,4733,2025-05-26 23:00:52.661322,Phone,High,True,0
34,1700,1804,2025-05-11 13:09:04.656144,Web,Medium,True,0
35,1204,4437,2024-08-24 16:02:09.755686,Social Media,Low,False,0
36,711,2551,2024-05-09 09:04:03.511984,Social Media,Medium,True,0
37,526,1250,2025-08-29 09:12:32.474578,Store,Informational,True,25
38,3776,67,2025-01-09 11:12:38.196497,Phone,Informational,False,0
39,2520,2123,2024-06-20 20:55:43.961073,App,Medium,True,25
40,4591,4209,2024-04-11 19:50:51.780898,Social Media,High,False,0
41,4751,3533,2025-09-25 21:39:58.161745,Social Media,Low,False,0
42,309,4404,2025-04-11 15:02:47.172110,Web,Low,True,0
43,4667,4851,2024-01-12 21:39:47.500109,Web,Low,True,0
44,1085,3056,2025-03-31 16:30:07.702015,Web,Informational,True,0
45,404,4355,2025-11-08 14:51:54.415580,Phone,Low,True,0
46,3546,4745,2024-06-15 20:00:27.344624,App,High,True,0
47,4024,532,2025-05-31 02:05:24.306688,App,Medium,True,0
48,1095,3134,2025-06-29 17:53:26.376502,Social Media,High,True,0
49,490,1435,2024-09-05 00:27:10.653054,Social Media,Informational,True,0
50,4791,3655,2024-01-09 00:06:03.077820,Web,Informational,True,30
51,320,3762,2024-11-01 17:28:22.128420,Store,Medium,True,0
52,3106,4642,2024-11-11 21:35:14.825334,Social Media,High,True,10
53,2256,4281,2025-03-17 08:17:55.872228,App,High,False,0
54,4892,1390,2025-07-24 16:44:19.636012,Phone,Medium,True,0
55,1731,2117,2025-03-27 09:51:10.813677,App,Medium,True,0
56,3896,969,2024-08-30 10:54:48.127632,Phone,Informational,True,0
57,3947,4013,2025-09-29 14:39:58.015578,Web,Low,True,0
58,414,4965,2025-09-10 17:43:07.778110,Social Media,Medium,True,0
59,4878,3678,2025-04-29 01:24:09.881725,App,Medium,True,0
60,3201,3946,2024-06-21 22:32:50.446362,Web,High,True,30
61,3563,86,2025-05-22 00:54:55.123439,Store,Medium,True,0
62,463,1537,2024-11-22 15:03:01.508693,Store,High,True,0
63,2453,2242,2025-02-06 15:57:09.087108,Store,Low,True,0
64,753,4993,2025-01-19 01:33:18.525540,Phone,High,True,0
65,4905,3010,2025-09-05 13:23:03.253686,Web,Medium,True,0
66,156,4094,2025-12-24 19:47:42.185473,Store,Low,True,0
67,2590,2366,2024-09-03 11:14:45.332982,Phone,Informational,True,5
68,3388,2866,2024-01-15 11:54:51.901494,App,Medium,True,0
69,4287,2777,2024-10-08 05:59:21.878367,Web,Medium,True,0
70,60,1874,2025-12-09 16:14:48.225420,App,Medium,True,0
71,2013,1503,2024-07-06 06:39:45.556187,Store,High,True,0
72,3074,970,2025-01-10 12:47:20.743335,Social Media,Informational,False,0
73,861,2797,2025-06-27 12:22:48.382566,Phone,Informational,True,0
74,3916,4671,2024-04-03 17:57:20.899741,App,Low,True,0
75,1319,3995,2024-09-04 09:54:05.169744,Social Media,Medium,True,0
76,2629,1460,2024-05-11 02:00:09.750744,Social Media,Low,True,15
77,2895,2615,2024-12-06 14:16:53.914122,Web,High,False,0
78,4631,4666,2025-12-06 17:45:06.422220,Web,High,True,5
79,4158,2270,2024-09-01 15:26:37.033951,App,Informational,True,0
80,3984,1539,2025-06-10 12:46:19.786368,App,Low,True,0
81,2118,4120,2025-11-11 00:04:34.234672,Store,High,True,0
82,1692,2954,2025-10-11 20:47:34.372448,App,Informational,True,0
83,462,2781,2024-05-26 06:02:05.507559,App,High,True,0
84,1374,2459,2025-03-06 06:07:26.256298,App,Medium,True,5
85,4190,504,2024-04-22 18:19:28.295945,Store,Informational,False,0
86,787,2373,2025-11-12 09:04:04.587759,Social Media,High,True,0
87,1020,4735,2025-08-03 00:08:53.100079,Store,Informational,True,5
88,2886,2014,2025-10-03 13:07:21.507860,Social Media,High,True,0
89,743,677,2025-03-05 16:54:08.803641,Phone,Informational,True,0
90,4259,787,2024-03-10 12:34:56.725993,Social Media,Low,False,0
91,761,3114,2024-01-06 23:33:36.611324,Social Media,Low,True,0
92,2471,4034,2024-05-14 14:13:23.824100,Web,High,True,0
93,161,3984,2024-10-06 16:10:40.377644,App,Low,True,0
94,3046,414,2024-03-26 13:44:23.235150,App,Low,True,0
95,784,2531,2024-05-25 06:58:27.671300,App,Informational,True,0
96,1121,4063,2024-07-04 07:08:17.078741,Phone,High,False,0
97,2265,4150,2024-04-23 17:08:46.859905,App,Medium,True,0
98,510,2972,2024-08-16 15:40:34.703959,Social Media,Low,True,0
99,3294,3268,2024-08-02 07:44:38.849961,Store,High,False,0
100,934,766,2024-06-20 21:40:15.827956,App,Medium,True,0
101,247,3438,2024-11-01 20:21:12.587954,App,Low,True,5
102,953,3942,2025-06-28 15:28:57.427455,Phone,High,True,0
103,4774,1495,2024-11-29 12:12:59.197196,Phone,High,True,0
104,497,554,2024-10-24 23:11:39.120873,Web,Medium,True,0
105,3705,2520,2025-03-03 11:14:57.446228,Store,Low,True,0
106,2492,4954,2024-04-29 13:28:27.765006,Phone,Informational,True,0
107,982,4843,2024-08-26 15:59:46.747975,Phone,Low,True,0
108,2786,4386,2025-03-25 16:19:27.309740,Store,High,True,30
109,3521,1036,2024-08-11 16:15:30.552760,Web,High,True,25
110,4784,2265,2025-02-11 18:35:33.700335,Social Media,High,True,0
111,1355,2143,2024-03-01 15:08:14.809337,Store,Medium,True,0
112,3466,3867,2025-11-29 14:32:12.859859,Social Media,Low,True,0
113,1195,4336,2024-04-09 14:59:58.270089,Social Media,High,True,0
114,2377,4721,2024-09-14 05:10:19.658254,Web,High,True,20
115,125,2651,2024-10-02 12:05:05.366798,Social Media,Informational,False,0
116,3388,2750,2024-01-15 11:57:06.307499,Web,Informational,True,0
117,2107,4605,2025-04-05 16:40:20.577751,App,Low,True,5
118,3882,4641,2024-07-05 11:34:04.023313,Phone,Low,True,0
119,1163,3290,2024-01-26 22:34:58.797040,Phone,High,True,0
120,1066,46,2024-09-21 18:25:09.710280,Social Media,High,False,0
121,280,2467,2024-07-10 09:35:19.891944,Phone,Medium,True,0
122,941,3088,2024-06-14 05:47:14.180328,Phone,Medium,True,0
123,1308,3014,2025-04-24 17:38:53.077043,Web,High,True,0
124,3471,3072,2024-09-20 14:57:51.444068,Social Media,Medium,True,15
125,253,761,2024-02-01 12:20:20.256680,Web,High,True,0
126,3566,612,2024-01-04 17:03:09.268132,App,High,True,0
127,3649,1975,2024-01-27 13:48:10.853233,Web,Low,True,0
128,418,2588,2024-03-18 18:00:00.016851,App,Medium,False,25
129,101,1525,2025-09-03 17:05:21.766309,Web,Medium,True,0
130,4308,1893,2025-05-14 00:33:58.997877,Phone,Low,False,20
131,2470,3134,2024-01-12 13:04:49.545333,Social Media,Informational,True,0
132,2568,3776,2025-10-08 18:42:09.041526,Social Media,High,True,0
133,3697,2037,2024-10-07 23:09:42.535580,Web,Low,False,0
134,4467,4177,2024-06-20 00:41:31.866989,App,Low,True,0
135,2620,353,2024-10-20 07:52:22.518094,Store,Low,True,20
136,805,1105,2025-05-31 18:38:55.344926,Social Media,Low,True,0
137,1649,73,2025-07-26 22:31:34.195845,Social Media,Medium,True,25
138,1808,4871,2025-10-01 08:01:47.660554,Store,High,True,0
139,2541,1010,2025-12-01 20:46:25.477868,Phone,Informational,True,0
140,702,4228,2024-06-24 02:30:22.996542,Store,High,True,15
141,2076,1971,2024-11-23 08:38:32.935840,Web,Medium,True,0
142,1572,734,2024-06-15 13:51:21.699872,Social Media,High,True,0
143,4962,4716,2025-03-07 17:17:16.390653,Phone,Medium,False,0
144,4206,4663,2025-03-31 04:56:53.228024,Social Media,Medium,False,0
145,4261,3679,2024-03-14 04:41:23.215817,Web,High,False,5
146,743,4826,2025-03-05 17:02:04.302243,Phone,Medium,True,0
147,1786,2617,2025-07-26 14:22:17.554466,Web,High,True,0
148,2949,3500,2024-01-24 13:40:04.583005,Social Media,High,True,0
149,3418,2898,2024-09-22 01:39:32.261980,App,Informational,False,0
150,4744,4054,2024-05-07 17:23:21.724106,Phone,Medium,False,0
151,2413,2336,2025-10-19 12:44:32.138274,Web,Medium,True,0
152,2434,611,2024-05-14 12:05:11.304318,Store,Low,True,0
153,2659,548,2025-06-08 06:45:35.817096,Store,Medium,True,0
154,2070,54,2025-08-02 08:14:59.421013,App,Low,True,0
155,4981,2044,2024-02-12 18:16:38.788143,Phone,Low,False,0
156,4226,581,2024-11-07 13:55:49.334906,Phone,Medium,True,50
157,4773,2294,2025-08-01 11:35:16.016575,Phone,Medium,True,0
158,5000,897,2025-04-28 15:55:11.215146,Store,Low,True,0
159,4764,5,2024-06-27 15:02:14.236401,App,Medium,True,0
160,3807,1605,2024-04-27 10:23:56.637602,App,Informational,True,0
161,2896,3421,2024-06-08 18:03:49.830144,Phone,Informational,True,15
162,144,2743,2024-12-22 10:39:25.601748,Web,Low,True,25
163,3031,75,2025-11-07 17:08:50.350575,Social Media,Low,True,10
164,2645,3650,2024-08-01 17:11:25.582465,Social Media,Medium,True,0
165,4260,2056,2025-02-26 09:07:11.602612,Web,High,True,0
166,2127,1840,2024-09-05 17:01:31.045692,Web,Low,True,0
167,523,237,2024-05-19 10:53:43.170189,App,Informational,False,0
168,4539,1060,2025-12-11 07:08:43.817635,Phone,Informational,True,0
169,1025,4401,2024-11-11 10:43:52.465106,Store,Low,True,0
170,2539,4241,2025-01-07 22:48:00.343404,Phone,Informational,True,0
171,2630,1564,2024-06-18 11:16:05.436169,Social Media,High,True,0
172,2876,306,2024-01-09 15:24:30.400072,Phone,Low,True,0
173,1379,1522,2025-05-28 17:57:55.478916,Social Media,Medium,True,0
174,765,1408,2024-05-21 15:11:21.223441,Social Media,Low,True,0
175,920,2304,2024-05-08 05:05:18.056356,Store,High,False,0
176,4311,4258,2025-06-25 18:40:54.502539,Web,Medium,False,15
177,1952,1513,2024-08-17 06:12:27.601251,App,Informational,True,0
178,4307,2676,2024-07-29 16:26:17.302196,Phone,High,True,0
179,2467,1845,2025-01-24 04:03:22.583101,Phone,High,True,0
180,3507,697,2025-04-27 20:11:28.806971,Phone,High,False,0
181,1052,2351,2025-12-13 12:34:28.328106,Web,Low,True,0
182,361,4203,2025-12-23 04:33:35.530254,Web,Informational,True,0
183,3685,4223,2025-10-31 15:44:02.075978,Social Media,High,True,0
184,4896,1903,2024-01-28 05:45:28.851149,Social Media,High,False,0
185,1495,631,2024-10-23 10:29:43.589034,Store,Informational,False,0
186,910,4509,2025-08-06 13:23:28.716373,Web,High,True,0
187,4899,784,2025-11-16 15:09:24.198647,Web,Medium,False,0
188,1914,4823,2024-07-06 02:24:34.281172,App,High,True,0
189,2593,1757,2025-11-21 02:12:50.743186,Store,Low,True,0
190,2221,2258,2024-01-03 15:11:15.799076,Web,Informational,True,0
191,2972,2526,2025-04-24 14:20:10.712687,Web,Medium,True,0
192,3820,1695,2024-05-13 00:45:44.682947,Social Media,High,True,0
193,2336,3561,2024-08-19 18:40:59.205254,Phone,Medium,False,0
194,1121,4399,2024-07-04 05:20:04.925129,App,Medium,True,15
195,3222,728,2025-03-10 17:49:28.933543,Web,Low,True,0
196,2167,2889,2024-03-10 21:11:34.114996,Phone,High,True,0
197,1352,1152,2024-11-10 08:40:37.332165,App,Low,True,0
198,3647,1212,2024-08-31 18:40:37.995229,Store,Low,True,0
199,3106,381,2024-11-11 20:50:18.635607,Phone,Medium,True,15
200,686,2605,2024-10-24 18:16:57.926458,Phone,Low,True,0
201,642,1808,2025-11-06 19:28:26.118854,Web,Low,True,0
202,920,4110,2024-05-08 05:39:27.504759,Phone,Informational,True,5
203,3415,1753,2024-10-20 11:07:48.636908,Phone,High,True,0
204,3478,282,2025-05-21 00:32:40.290295,Web,Medium,True,0
205,4186,1803,2024-12-17 02:22:41.747032,Phone,Informational,False,0
206,453,4544,2025-11-23 11:55:50.192904,Phone,Low,False,0
207,1908,2001,2024-02-09 14:11:14.570279,Store,Medium,True,0
208,4103,1726,2024-05-04 17:02:38.574454,Phone,Low,True,0
209,738,1431,2025-10-22 07:27:52.260627,App,Medium,True,0
210,620,3421,2025-01-03 19:02:50.859760,Store,Medium,False,0
211,4665,3977,2024-10-02 23:54:39.100424,Phone,Low,True,0
212,2223,3192,2025-04-26 14:51:40.639773,Social Media,Informational,True,20
213,3998,3931,2024-02-13 17:30:39.303511,Store,High,True,0
214,1148,1699,2024-08-21 10:12:04.448050,Web,Low,True,25
215,261,160,2025-02-04 18:24:37.593624,Web,Low,True,0
216,4791,582,2024-01-08 23:36:53.754055,Web,Medium,True,0
217,3744,2709,2025-03-15 17:06:23.215972,Phone,Informational,True,0
218,3966,2604,2025-07-27 11:56:23.992716,Social Media,High,True,0
219,1900,1648,2024-12-04 00:27:20.989846,Web,Medium,False,0
220,2087,4863,2024-03-18 09:40:38.815177,Social Media,Low,True,0
221,4295,636,2025-11-18 03:57:53.733991,Phone,Low,True,0
222,301,4806,2024-02-08 17:21:48.484332,Store,Informational,True,0
223,4226,2989,2024-11-07 11:40:12.959877,Social Media,Medium,False,0
224,81,2788,2025-04-30 15:29:40.492846,Phone,High,True,15
225,4484,4321,2024-09-25 17:17:26.882090,Phone,Medium,True,0
226,1939,1135,2025-10-04 10:26:29.715675,Store,Low,True,0
227,3438,2742,2024-05-15 14:16:50.483279,Phone,Informational,True,0
228,2846,4461,2025-05-25 20:40:14.593355,App,High,True,0
229,633,1355,2024-08-11 04:31:57.134711,App,Informational,True,50
230,2204,1811,2024-12-25 16:30:35.347818,Social Media,Medium,True,15
231,1761,2978,2025-10-07 08:16:33.509552,App,Informational,True,0
232,1635,457,2025-07-05 13:43:08.822732,App,Medium,True,0
233,4713,2000,2025-09-12 20:05:42.393536,Phone,High,True,0
234,1910,815,2024-05-15 19:26:16.351186,App,Low,True,0
235,4765,1545,2024-08-12 12:20:32.645498,Phone,Low,True,30
236,1484,4192,2024-08-28 15:29:37.840871,Store,Medium,True,0
237,974,435,2024-07-25 13:54:32.098303,Phone,Low,True,5
238,3484,2402,2024-09-04 18:26:19.943341,Phone,Low,True,0
239,4791,4443,2024-01-08 23:49:58.724922,Web,Medium,False,50
240,275,459,2024-01-25 16:35:39.273091,Web,High,True,30
241,1745,190,2025-10-17 10:03:32.955766,Phone,Informational,True,30
242,4530,4909,2025-05-07 16:02:44.403006,Social Media,Medium,True,0
243,751,1228,2024-03-01 00:38:35.823546,Phone,Informational,True,15
244,2028,1754,2025-10-21 19:20:51.009309,Phone,Informational,False,0
245,2587,2067,2025-08-14 09:33:43.347952,Store,High,False,50
246,3823,1350,2024-02-06 14:46:04.957187,Web,Informational,True,0
247,85,1603,2024-04-29 18:24:40.031405,Web,High,True,0
248,3364,2214,2025-10-18 18:05:51.326303,Web,Low,True,0
249,2395,4825,2024-08-30 18:31:28.043349,Store,Low,True,10
250,1093,2733,2024-01-18 17:51:13.303397,Phone,Informational,True,0
251,4928,4725,2024-11-19 06:19:30.597847,Store,Informational,True,0
252,238,104,2024-03-06 11:42:23.009499,Web,Informational,True,50
253,1328,2073,2024-08-29 14:46:41.792120,Phone,Low,True,0
254,2201,3325,2025-09-12 07:00:20.460885,Social Media,Medium,False,0
255,1755,4201,2024-03-25 13:45:05.291536,Social Media,Medium,True,0
256,549,2913,2024-08-01 09:48:24.896559,Phone,High,True,0
257,987,173,2024-12-08 21:08:15.283484,App,Low,True,0
258,2737,1224,2024-03-30 04:45:32.180134,Social Media,Informational,True,0
259,4779,28,2025-09-02 09:39:48.302735,Social Media,Informational,True,0
260,4848,61,2025-09-02 01:52:56.525855,Phone,Informational,False,0
261,72,2506,2024-11-13 22:45:16.579759,Store,Informational,True,0
262,44,54,2025-12-20 13:39:26.983259,App,Informational,False,10
263,2978,2043,2025-03-07 05:15:16.755553,Phone,Medium,False,30
264,4581,3917,2025-02-23 12:06:59.286425,Store,Low,True,0
265,1250,1481,2025-06-21 20:04:14.433003,Social Media,High,True,0
266,925,4458,2024-08-08 23:45:28.762883,Social Media,Low,True,0
267,4101,924,2025-01-08 01:51:49.731182,Phone,Low,True,0
268,3638,2413,2024-12-03 18:45:53.472071,Phone,Informational,True,50
269,2500,3722,2024-07-20 11:09:38.670151,Social Media,Low,False,0
270,2757,3575,2025-08-02 14:30:23.204889,App,Low,True,25
271,1797,4168,2024-04-27 17:29:13.486382,App,Informational,True,0
272,1376,3572,2024-09-03 17:30:32.595549,Store,Medium,False,10
273,188,1715,2025-03-22 07:08:26.244976,App,Informational,True,0
274,1832,3394,2025-07-25 02:49:30.508696,Store,Informational,True,0
275,3562,4576,2025-02-09 21:45:46.944520,Store,Low,True,0
276,702,3459,2024-06-24 03:01:28.080403,Phone,Medium,True,0
277,32,1405,2025-05-19 16:36:07.594736,Phone,Low,True,0
278,2276,1827,2025-07-25 14:13:48.642050,Phone,Informational,True,0
279,4965,1094,2025-09-07 17:16:38.736473,App,Low,True,0
280,1283,1505,2025-11-12 17:44:45.712855,App,Low,True,0
281,4063,720,2025-07-12 05:07:59.161332,App,Low,True,0
282,611,433,2025-11-23 00:56:11.422805,Social Media,High,True,0
283,3071,2037,2024-03-26 11:41:08.152816,Social Media,High,True,0
284,291,3760,2025-07-30 05:58:54.623205,App,High,False,0
285,3459,1014,2024-03-25 09:57:42.956527,Store,Informational,True,0
286,3891,3352,2024-08-22 12:32:51.474518,Social Media,High,True,0
287,197,3341,2025-07-29 12:35:51.040702,App,High,True,0
288,1262,1498,2025-01-27 20:48:51.090615,App,Low,True,50
289,1659,3835,2024-08-25 07:44:05.811782,Phone,Low,False,0
290,2080,3575,2024-11-04 17:26:01.846152,Phone,Medium,True,0
291,4295,838,2025-11-18 04:14:31.591599,Web,Medium,True,0
292,2224,3145,2025-12-05 19:25:15.996066,Phone,Low,True,0
293,1265,1973,2024-04-27 23:43:23.390293,App,Informational,True,0
294,725,3843,2024-01-08 09:43:22.144181,App,Informational,True,0
295,3719,782,2024-02-08 23:50:45.073462,Store,Low,True,0
296,3736,364,2025-01-21 12:44:24.030599,Social Media,High,True,10
297,1370,1647,2025-03-29 06:19:11.778730,Phone,High,False,0
298,32,138,2025-05-19 16:19:27.604179,Store,Low,False,0
299,4027,999,2025-02-11 06:18:06.381870,App,High,True,0
300,3998,4249,2024-02-13 17:34:16.374541,Store,High,True,5
301,2068,4693,2025-08-31 18:28:38.110690,App,Low,True,0
302,1841,1310,2024-06-18 14:47:58.148374,Social Media,High,False,0
303,765,274,2024-05-21 16:46:49.376404,Web,High,True,0
304,80,4338,2024-05-07 19:18:50.220571,Store,High,True,0
305,1245,106,2025-12-14 13:08:53.068890,App,High,True,0
306,2875,4730,2024-05-18 18:23:45.942337,Phone,Low,True,0
307,3691,1073,2025-11-04 08:44:50.385893,Store,High,False,10
308,4164,4091,2025-09-01 11:34:16.128981,Phone,High,True,0
309,3750,1962,2025-03-02 18:14:53.975476,Web,Low,True,0
310,2671,2223,2025-09-18 11:27:16.858102,Web,Low,True,5
311,2611,612,2024-07-24 16:47:53.030558,Store,High,True,0
312,4076,3616,2025-03-29 21:24:47.991646,App,Informational,True,15
313,1915,890,2025-08-08 16:50:47.858796,Store,Medium,True,0
314,1008,323,2025-02-15 18:14:55.013982,Web,Medium,True,5
315,3631,2963,2025-10-18 21:55:31.080267,Phone,Medium,True,0
316,4993,4122,2025-09-10 07:38:47.557961,Phone,Low,True,0
317,244,4679,2024-02-23 12:51:13.121097,Web,Medium,True,0
318,249,3326,2024-11-04 12:44:26.772115,Web,Low,True,5
319,1730,565,2025-08-01 11:11:16.939840,Store,High,False,0
320,4224,3639,2024-11-04 07:19:20.772229,Store,Informational,True,0
321,3464,1888,2025-01-22 11:54:17.592639,Web,High,True,10
322,1809,2143,2025-09-18 13:18:54.882140,App,Low,True,0
323,1974,4878,2024-09-16 09:28:33.854829,App,High,True,5
324,3370,2098,2025-11-23 13:22:37.778595,Phone,Medium,True,0
325,1807,4956,2024-03-08 17:18:34.663968,App,High,True,15
326,3106,4953,2024-11-11 21:06:08.047449,Web,High,True,0
327,1222,4869,2024-06-12 14:31:52.443824,Social Media,Low,True,0
328,3591,551,2025-09-30 07:02:16.572465,App,Informational,True,0
329,4083,3755,2025-08-06 12:12:49.751664,Web,Low,True,0
330,4177,4062,2025-06-26 23:47:26.936684,Phone,Medium,True,0
331,3289,856,2024-03-09 10:21:45.168744,Web,Low,True,0
332,2182,3420,2024-08-13 05:18:31.049796,Social Media,High,True,30
333,4735,2290,2025-03-21 14:05:29.990944,Social Media,High,True,0
334,4517,1300,2025-05-11 17:26:09.968634,Phone,High,True,0
335,4532,2088,2025-04-29 09:27:50.003482,Store,Medium,True,0
336,2727,772,2025-04-11 08:59:13.811273,Social Media,High,False,0
337,2002,4576,2024-10-26 19:57:54.516519,Web,High,False,0
338,984,1966,2024-09-13 18:12:07.480626,Social Media,Informational,True,0
339,1823,4278,2025-03-10 10:12:58.153207,App,Medium,True,0
340,4691,1256,2024-02-05 17:32:38.878957,App,Informational,True,25
341,2622,1235,2024-07-12 11:01:50.229580,Social Media,High,True,0
342,488,3442,2025-06-19 11:47:49.137663,Store,High,True,15
343,1536,3877,2025-03-19 09:32:48.575278,Web,Informational,False,0
344,1281,117,2025-06-08 16:50:33.781031,Store,Informational,True,0
345,2580,3283,2024-06-02 01:24:27.178046,App,Informational,True,0
346,408,3432,2024-08-21 14:13:45.034631,Store,Informational,True,0
347,2866,3296,2024-05-18 09:36:46.154693,Phone,Medium,True,0
348,666,1481,2024-06-24 12:04:47.662543,App,Low,True,30
349,743,1208,2025-03-05 17:11:40.065314,Phone,Low,True,0
350,61,4747,2024-12-25 13:26:54.252221,Store,Low,False,0
351,463,1996,2024-11-22 14:24:00.293486,App,High,False,5
352,952,315,2025-06-24 12:00:43.917429,Phone,Medium,True,20
353,488,2253,2025-06-19 10:25:06.622675,App,Medium,True,0
354,4026,1571,2024-07-31 15:20:12.421488,App,Medium,True,0
355,4976,1324,2024-07-20 11:24:45.962144,Store,Medium,True,0
356,2809,3858,2025-05-28 20:13:58.323404,Store,High,True,0
357,753,141,2025-01-19 01:53:27.617644,App,Medium,False,0
358,2374,721,2024-03-26 02:31:14.184559,Store,High,True,0
359,4078,336,2024-04-13 11:17:09.417185,Phone,Low,True,0
360,3695,4768,2025-01-24 10:11:18.623132,App,Low,True,0
361,4173,396,2024-09-02 21:04:23.175182,Phone,Medium,False,0
362,1713,3724,2024-11-13 19:59:01.386812,Web,Low,True,0
363,3777,2578,2024-10-07 20:22:37.870978,Phone,High,True,5
364,679,2426,2024-04-23 17:15:01.514281,App,Medium,True,0
365,3470,1294,2025-08-30 13:51:02.028245,Social Media,Informational,True,0
366,4074,4811,2024-08-09 16:11:14.502669,Phone,Informational,True,30
367,4599,704,2024-08-15 14:12:45.818844,Phone,Low,True,0
368,2578,2848,2025-07-19 20:41:43.862983,App,Low,False,0
369,4226,3043,2024-11-07 11:51:39.934142,Store,Medium,True,0
370,2049,4690,2025-12-13 22:46:48.706862,Store,Medium,True,0
371,382,3651,2024-09-19 15:07:51.041402,Social Media,Low,True,0
372,2232,2118,2024-12-12 12:22:58.879292,App,Low,True,0
373,4628,2996,2025-02-17 15:27:18.396735,Social Media,Low,True,0
374,1058,872,2025-09-23 16:27:31.638512,App,High,True,0
375,361,902,2025-12-23 05:09:39.303214,Social Media,Informational,True,0
376,3066,4909,2025-03-07 13:40:11.723988,Web,Informational,True,0
377,2467,1353,2025-01-24 04:01:05.302079,Phone,High,True,0
378,1567,2483,2024-10-16 02:08:31.432630,Phone,Medium,True,0
379,2555,4621,2024-08-06 12:11:20.735193,Social Media,Medium,True,0
380,1129,1304,2024-03-22 05:15:39.299849,Social Media,Low,True,30
381,1774,2069,2024-08-25 00:10:09.704767,Social Media,Medium,True,0
382,1841,1728,2024-06-18 12:17:24.785783,Social Media,High,True,0
383,1064,3844,2025-06-21 13:21:52.885733,Phone,High,True,0
384,793,2928,2024-10-13 12:07:08.611025,Web,Low,False,0
385,2760,4633,2025-11-14 11:50:20.064997,Store,Medium,True,0
386,960,690,2024-02-04 03:48:07.381676,App,Medium,True,0
387,1537,1570,2025-06-11 12:33:34.765530,Social Media,High,True,5
388,2342,723,2025-09-26 16:24:53.720937,App,High,True,0
389,3461,687,2025-01-20 07:32:50.749896,Store,Low,True,0
390,3748,1322,2025-01-09 15:34:28.663333,Store,Medium,True,0
391,4906,3826,2024-06-06 21:08:54.677274,App,High,True,0
392,3209,130,2025-02-28 12:18:37.126819,App,Medium,False,0
393,2192,1531,2024-06-10 05:41:14.222592,Social Media,Medium,True,0
394,4569,4090,2024-01-08 12:17:54.496475,Social Media,Informational,True,0
395,4322,904,2024-10-23 10:32:10.107887,App,High,True,0
396,4414,3110,2024-07-07 10:40:13.394846,Phone,High,True,0
397,385,2627,2025-02-05 00:14:00.943780,Web,Low,True,0
398,3301,569,2025-06-17 04:53:01.698441,App,Medium,False,0
399,1370,583,2025-03-29 05:44:54.571601,Phone,Medium,True,0
400,4549,2669,2024-02-20 16:55:18.380693,Store,Informational,True,0
401,2070,1145,2025-08-02 08:00:09.528099,Phone,Medium,True,0
402,4917,1249,2024-11-26 21:35:59.872049,Web,Low,True,5
403,3986,482,2024-10-13 16:11:50.943491,Phone,Informational,False,15
404,1487,1300,2024-01-07 15:01:27.031837,Web,Low,True,0
405,3483,3666,2024-03-28 13:27:53.169172,Phone,Informational,False,0
406,3462,2998,2025-06-05 16:37:50.257548,Store,High,False,0
407,2859,4255,2024-08-07 07:35:03.272906,Web,High,True,0
408,3956,4502,2025-06-03 15:02:07.515367,App,Low,True,0
409,1896,1770,2026-01-01 13:54:17.492180,Store,High,True,0
410,1395,2005,2024-09-20 12:10:17.447035,Social Media,Low,True,0
411,3113,1750,2024-02-16 17:22:03.054349,App,Low,True,0
412,1344,1230,2024-01-31 18:31:27.820590,Social Media,Medium,True,0
413,2803,4945,2024-09-17 19:19:00.650912,Store,Medium,True,10
414,996,2698,2024-04-22 21:58:41.614121,App,Medium,True,0
415,2,1193,2025-07-02 17:30:54.883349,Web,Medium,True,0
416,4456,3460,2024-07-26 16:43:20.622925,Social Media,Informational,True,0
417,4371,4881,2024-09-20 09:57:04.936635,Social Media,High,True,0
418,1816,928,2025-08-14 11:13:14.298181,Phone,Low,True,0
419,3810,68,2024-09-28 14:00:24.579612,Store,Informational,True,0
420,2699,2458,2025-08-07 22:49:41.058799,Store,Medium,True,0
421,3144,2526,2025-08-04 14:56:11.450332,Social Media,Low,False,0
422,4106,4776,2024-03-27 09:40:23.518255,Web,Medium,True,15
423,1192,4825,2024-07-09 11:06:46.607790,Social Media,High,True,25
424,4816,2995,2025-12-15 05:02:14.602902,Web,Medium,True,0
425,2793,2061,2025-12-16 17:48:27.519640,App,Informational,True,0
426,3894,462,2025-08-06 02:39:04.024832,App,Informational,True,30
427,933,221,2024-05-13 04:21:38.849265,App,Medium,True,0
428,3400,6,2024-09-10 13:45:24.831245,Phone,Informational,True,0
429,631,4052,2025-09-20 01:52:27.922876,Web,Medium,True,5
430,1806,2324,2024-10-19 14:47:16.686741,Store,Medium,False,0
431,3841,37,2024-01-22 18:13:48.611033,Web,Informational,True,0
432,4506,815,2024-01-14 13:02:25.112275,App,Informational,False,15
433,2707,2811,2024-10-05 11:59:33.276262,Store,High,True,5
434,2271,1427,2025-06-06 06:08:25.845778,Social Media,High,False,15
435,4186,3061,2024-12-17 02:23:45.906011,Social Media,Informational,False,5
436,4221,3468,2024-01-30 01:27:52.444407,Social Media,Medium,True,0
437,3822,1785,2024-04-11 14:33:55.854292,Store,Informational,True,0
438,3833,2403,2025-10-28 13:53:54.099576,Store,Medium,False,5
439,4261,4609,2024-03-14 00:07:29.013291,Store,High,True,25
440,1131,1363,2025-07-28 10:57:22.694656,Social Media,Informational,True,0
441,3249,2300,2025-07-01 10:44:13.750218,App,High,True,0
442,1885,1225,2025-04-13 20:44:58.529258,Store,Informational,True,0
443,3704,3307,2025-10-04 22:05:16.955709,Store,Medium,True,5
444,479,1032,2025-04-12 03:28:26.899129,Store,Informational,True,0
445,2277,3998,2025-02-18 13:06:21.340869,Store,Low,True,0
446,822,3221,2025-06-20 04:06:53.272997,App,Informational,True,0
447,4143,4905,2025-12-30 10:20:13.072796,Web,Informational,True,0
448,3403,1873,2024-06-15 17:58:05.331149,App,High,False,0
449,3265,3205,2025-05-05 20:56:17.148066,Phone,Informational,True,0
450,4923,4151,2024-02-11 09:45:41.005254,Web,Medium,True,0
451,3422,4676,2025-10-05 17:31:17.160299,Social Media,High,False,0
452,2907,1609,2025-01-12 14:32:38.877012,App,High,True,0
453,237,1668,2024-10-29 22:34:22.873499,Web,Informational,False,0
454,3227,1633,2025-09-17 12:33:01.419199,Social Media,Low,True,0
455,3679,1614,2024-08-03 12:53:06.007581,Social Media,Medium,True,0
456,2425,633,2024-04-08 11:52:54.684930,App,Informational,True,0
457,431,2709,2024-12-24 22:36:14.346328,Social Media,Low,True,0
458,2787,4005,2024-07-17 03:14:37.889192,Phone,High,True,0
459,3159,243,2024-10-26 14:54:58.412492,Social Media,High,True,20
460,1276,1409,2024-09-19 10:06:40.971006,App,Medium,True,10
461,4517,3715,2025-05-11 17:04:07.377327,Phone,Low,True,0
462,3557,2382,2024-07-08 09:40:37.074918,App,Medium,False,10
463,2515,422,2025-10-22 07:53:56.733541,Web,Low,True,0
464,1964,1529,2024-10-09 01:21:29.718110,App,Medium,True,0
465,1420,3950,2025-12-10 21:31:19.251220,Web,High,True,5
466,1613,1909,2024-04-05 16:44:26.333973,Phone,High,True,0
467,2151,1938,2025-03-10 19:44:35.979274,App,Low,True,0
468,2356,1536,2024-07-19 01:27:45.193640,App,Low,True,0
469,3055,131,2025-04-01 11:37:23.582023,Web,Medium,True,0
470,4312,4818,2024-11-25 19:48:08.069043,Store,Medium,False,0
471,1710,399,2025-01-30 12:04:55.965088,Store,Medium,True,0
472,549,2633,2024-08-01 10:24:25.507385,Social Media,Medium,True,15
473,318,2974,2024-08-23 06:26:31.869169,Phone,High,True,0
474,3043,1322,2024-12-25 18:03:14.587510,Web,Low,True,0
475,628,4170,2025-05-16 13:43:10.099772,Phone,High,True,0
476,2918,58,2024-01-27 01:09:56.385505,Store,Informational,True,0
477,1037,2664,2024-02-05 11:53:33.733433,Store,Low,False,0
478,80,190,2024-05-07 15:24:57.251370,Phone,High,False,50
479,3435,997,2025-06-05 13:22:13.994237,Social Media,Medium,True,0
480,3647,2377,2024-08-31 18:21:22.063485,Phone,Medium,True,0
481,786,663,2025-04-23 23:22:40.207285,Web,Informational,True,0
482,1319,162,2024-09-04 09:43:09.136379,Phone,Medium,True,0
483,1708,2666,2025-04-05 09:15:48.646342,Store,Low,False,0
484,2579,2243,2024-03-31 15:02:46.136733,Social Media,Medium,False,0
485,4842,2267,2025-01-20 13:39:03.897471,App,Informational,True,0
486,4969,736,2025-04-04 08:53:48.965312,App,Informational,True,0
487,3152,4369,2024-02-16 14:35:58.353019,Store,Informational,True,50
488,755,2141,2025-02-01 08:36:29.915033,Store,Low,True,0
489,2783,1091,2025-12-06 13:14:08.400402,Web,High,True,0
490,3036,3081,2024-07-02 17:51:48.318224,Store,Low,True,0
491,2413,1077,2025-10-19 16:13:55.221213,Store,High,True,0
492,4083,1378,2025-08-06 12:02:50.152810,Store,Low,True,0
493,2605,1207,2025-01-10 13:41:52.255713,Phone,Low,True,0
494,2107,1655,2025-04-05 16:42:22.058381,Phone,Medium,True,0
495,4496,1644,2025-08-05 07:05:06.767862,Store,Low,True,50
496,49,4778,2025-12-22 23:06:14.052779,Store,High,True,5
497,643,3843,2025-10-28 15:55:51.595485,Web,High,False,0
498,2671,4275,2025-09-18 08:29:31.584024,Store,Low,True,0
499,1667,1632,2024-11-16 22:13:59.424213,Phone,High,True,50
500,674,2150,2025-05-30 23:33:07.413877,Social Media,High,True,0
501,3613,4620,2025-04-27 03:20:44.813779,Social Media,Medium,True,0
502,2290,3928,2024-07-22 01:46:27.409113,Phone,Low,True,0
503,2664,2184,2024-12-20 18:44:16.668093,Social Media,Low,True,0
504,3394,721,2024-04-30 02:49:04.854151,Social Media,Medium,True,0
505,1673,3530,2024-08-02 23:23:32.383462,Phone,Medium,True,0
506,822,1754,2025-06-20 04:05:48.091553,Phone,Medium,True,0
507,2244,2121,2024-04-04 10:40:01.348345,App,Low,True,0
508,2049,473,2025-12-13 23:16:01.588659,Social Media,High,True,50
509,1446,2462,2025-11-10 16:08:51.400750,Web,Informational,True,0
510,2452,3630,2024-04-25 17:32:02.057700,App,Informational,True,5
511,2259,734,2024-10-14 18:43:29.955863,Social Media,Low,True,0
512,4906,4199,2024-06-06 21:21:30.650002,Store,High,False,0
513,141,4017,2024-05-24 11:36:54.541908,Phone,High,True,0
514,3467,1491,2024-09-04 11:24:34.007052,Store,Informational,True,0
515,4476,2326,2025-03-10 18:49:57.683696,Web,Medium,False,0
516,1270,3516,2024-10-10 14:52:12.107997,Social Media,Medium,True,0
517,1906,4623,2025-03-26 15:15:54.992152,App,Low,True,0
518,4008,997,2025-07-30 18:17:32.757123,Phone,High,True,0
519,4668,2981,2025-12-21 12:17:26.084333,App,Informational,True,0
520,1693,2178,2025-08-06 13:36:44.948696,Social Media,Low,True,0
521,1642,1073,2024-07-02 08:31:52.486758,Phone,Medium,False,0
522,1419,1931,2025-01-22 10:59:02.636475,Web,Low,True,0
523,751,4503,2024-03-01 00:23:24.484080,Social Media,High,True,0
524,1087,3545,2025-09-17 12:32:39.503452,Social Media,High,True,25
525,538,2406,2024-03-02 18:07:00.955318,Store,Medium,True,0
526,815,2004,2025-05-23 17:56:02.429134,Web,Medium,True,0
527,1443,2992,2025-12-24 10:57:35.884305,Social Media,Low,True,0
528,1536,1851,2025-03-19 09:04:10.058644,Phone,High,True,0
529,2781,4690,2025-04-19 22:11:51.892152,Web,Informational,True,15
530,2168,4802,2025-04-17 07:35:44.710372,Store,High,True,0
531,2757,4215,2025-08-02 15:49:29.835601,App,Low,True,0
532,3074,2125,2025-01-10 14:09:40.590858,Phone,Low,False,0
533,3689,780,2024-12-18 00:04:59.608683,Web,Medium,True,0
534,2999,443,2024-02-08 18:58:29.865791,Phone,Informational,True,0
535,4784,1233,2025-02-11 14:47:51.311511,App,Low,True,0
536,3418,862,2024-09-22 01:31:54.670362,Store,Informational,False,0
537,956,4774,2025-12-26 19:51:57.262470,Store,Informational,True,0
538,4176,724,2024-11-25 14:54:59.271273,Web,Medium,True,0
539,1063,1019,2025-10-10 02:06:00.941429,Social Media,Medium,False,0
540,1478,4515,2025-10-07 10:51:59.568054,Web,Medium,True,0
541,3143,1894,2024-12-25 10:19:54.488850,Social Media,Medium,True,0
542,3186,3717,2025-12-10 21:35:17.663322,App,High,True,0
543,3366,487,2025-11-17 14:31:49.142304,App,Medium,True,50
544,394,4208,2024-07-06 23:41:47.280899,Phone,Low,True,0
545,4177,382,2025-06-27 01:34:50.625724,Store,Informational,True,0
546,4541,4205,2024-12-07 21:35:46.066693,Phone,Medium,True,0
547,3924,3714,2025-07-18 05:53:40.260895,Web,High,True,0
548,2999,2526,2024-02-08 18:54:30.233973,Store,Medium,True,0
549,4722,1020,2025-02-05 16:35:06.446399,Store,Medium,True,0
550,4354,4573,2025-05-07 14:25:29.456432,Store,High,True,0
551,1374,4835,2025-03-06 09:36:21.771313,Phone,Low,True,0
552,3438,2399,2024-05-15 14:40:08.321834,Web,Medium,True,0
553,2375,4796,2025-06-11 12:23:48.108894,Social Media,Medium,True,0
554,2306,1670,2024-01-09 13:42:27.801884,Social Media,Low,True,0
555,307,4001,2025-03-11 18:19:24.775516,Social Media,Low,True,0
556,1762,2076,2024-03-12 23:57:34.821769,Store,Low,True,0
557,1392,520,2025-06-18 14:54:23.602726,Web,High,True,0
558,520,4091,2025-07-30 14:57:48.495797,App,High,False,0
559,2746,68,2024-11-14 01:52:06.693510,App,Informational,True,0
560,1568,2994,2025-07-23 18:18:22.309883,Store,Medium,False,15
561,3880,1874,2025-04-26 02:40:11.347870,Social Media,Medium,True,0
562,3951,4594,2025-04-30 03:26:31.814661,Web,Low,False,0
563,1807,3064,2024-03-08 16:54:27.268409,Store,Medium,True,0
564,1155,1763,2025-06-24 14:52:29.649966,Social Media,Medium,True,0
565,282,4883,2025-04-18 13:10:47.412814,Web,Low,True,0
566,1250,3642,2025-06-21 18:21:48.978523,Web,Low,True,0
567,2040,432,2025-11-02 18:55:22.345297,App,High,True,0
568,124,1934,2024-07-25 09:23:38.819106,App,Medium,True,0
569,1464,495,2025-08-10 05:41:02.285270,Social Media,Informational,True,0
570,459,809,2025-03-16 05:29:05.150621,App,Informational,True,0
571,3575,1886,2025-01-17 16:43:03.597745,Social Media,High,False,0
572,429,2751,2025-01-07 07:29:53.259164,App,High,True,0
573,282,349,2025-04-18 13:45:19.584468,Store,Informational,True,0
574,2787,378,2024-07-17 03:36:58.451759,Store,High,True,0
575,438,4365,2024-11-12 02:59:48.556466,Store,Informational,False,5
576,1702,765,2024-06-02 14:57:14.991326,Web,Low,True,0
577,3744,2273,2025-03-15 17:06:31.090183,Phone,Low,True,10
578,4372,2858,2024-12-22 09:44:07.386556,Social Media,High,False,0
579,2040,4867,2025-11-02 18:20:26.556744,Social Media,Low,False,0
580,3770,3290,2024-02-04 17:58:23.740786,Social Media,High,False,0
581,2573,4466,2025-09-29 19:40:35.486477,Store,Low,True,0
582,1402,3876,2025-10-01 02:12:24.956731,Web,Informational,True,0
583,360,1618,2025-11-03 06:44:02.028705,Social Media,Low,False,0
584,765,223,2024-05-21 14:48:03.932811,Web,Low,True,0
585,2636,1901,2025-01-14 17:53:38.045786,Web,Informational,True,0
586,4402,1483,2025-08-21 23:46:04.697973,Store,Informational,True,0
587,1580,435,2025-07-10 06:29:37.898087,Phone,Medium,True,0
588,3274,3453,2024-08-13 07:44:05.971096,App,Informational,True,10
589,4499,3824,2025-10-06 23:12:34.285281,Social Media,Low,True,0
590,108,3990,2025-12-03 08:58:48.619557,Store,Medium,True,0
591,3812,3035,2024-07-13 10:27:04.409462,App,Low,True,0
592,2645,1498,2024-08-01 17:17:58.103668,Store,Medium,False,0
593,4071,1497,2024-12-24 21:00:09.003862,Social Media,Informational,True,0
594,2485,2749,2024-04-14 11:46:13.049558,Social Media,Medium,True,0
595,3487,2653,2025-08-21 23:04:00.842189,Store,Medium,True,0
596,3,1158,2024-12-09 11:46:59.030185,Store,Medium,True,0
597,1484,4234,2024-08-28 14:54:46.876564,Social Media,High,True,0
598,2003,3592,2025-11-19 12:32:21.515424,App,Low,False,0
599,527,11,2025-03-28 19:08:11.511779,Web,Low,False,0
600,2881,2994,2024-08-28 23:19:24.984344,Phone,Low,True,0
601,4500,195,2024-09-05 16:42:15.960142,App,Medium,True,0
602,119,1383,2024-07-11 18:52:35.898900,Web,Low,False,0
603,2826,1539,2024-07-27 12:22:18.054059,Store,Informational,True,0
604,3176,1440,2025-03-20 20:40:33.328052,App,Informational,True,0
605,4880,2936,2025-05-06 07:15:03.192243,Web,High,False,0
606,4869,472,2025-05-24 01:53:58.452621,Web,Informational,True,0
607,3596,623,2025-06-03 12:48:12.167819,App,Low,True,5
608,820,3391,2024-10-21 00:17:56.759978,Web,High,True,0
609,3685,435,2025-10-31 17:32:59.075097,Web,High,True,0
610,1808,1084,2025-10-01 07:03:06.603245,App,Informational,True,25
611,4698,4661,2024-01-12 08:40:57.274019,App,Informational,True,0
612,1879,756,2024-11-11 12:36:33.170937,Social Media,High,True,5
613,644,1428,2024-12-25 22:33:51.881775,App,High,True,15
614,1016,2925,2025-04-01 11:23:06.054781,Web,Medium,True,0
615,3546,1576,2024-06-15 20:36:27.943072,Store,Low,False,0
616,753,4792,2025-01-19 00:52:13.296003,Social Media,High,True,0
617,4319,3562,2025-07-09 10:51:09.796281,Social Media,Informational,True,0
618,2664,2077,2024-12-20 18:35:50.306099,App,Informational,True,0
619,758,2106,2024-09-29 13:16:54.898594,Store,Medium,True,0
620,3370,3385,2025-11-23 11:58:02.502074,App,High,True,0
621,1092,299,2025-02-15 17:33:23.291221,Store,Medium,True,10
622,483,588,2025-04-23 04:33:17.453599,Phone,High,False,0
623,83,2058,2025-04-20 01:48:09.856068,Store,Low,True,0
624,4114,4373,2024-09-04 05:01:36.533290,Social Media,Low,True,0
625,2676,1918,2024-11-07 19:59:03.441483,Phone,Low,True,15
626,2307,3573,2024-01-14 11:24:40.371322,Web,Informational,False,0
627,4457,3094,2024-10-29 17:40:21.608205,Web,Informational,True,0
628,3992,2474,2024-08-04 10:48:08.771583,Social Media,High,True,0
629,852,2366,2024-11-26 01:53:59.759161,Web,Medium,True,10
630,32,3849,2025-05-19 18:15:17.627332,App,Low,True,0
631,1506,3019,2024-04-05 14:52:50.504109,App,Medium,True,15
632,4221,1558,2024-01-30 00:25:58.945333,Phone,Medium,True,0
633,1066,3280,2024-09-21 19:05:37.764959,App,Low,True,0
634,94,1917,2025-10-18 05:09:22.857821,Store,Medium,True,0
635,229,1376,2025-03-04 06:48:07.318465,Store,High,True,0
636,2843,2510,2025-10-10 17:53:44.589174,Store,Informational,True,0
637,4353,4169,2025-09-14 03:45:37.230832,App,Medium,False,0
638,2340,3007,2024-12-18 14:56:31.428685,Web,Low,True,0
639,2707,317,2024-10-05 13:46:36.190985,App,High,True,0
640,3480,2041,2024-08-04 01:04:45.680640,App,Medium,True,0
641,4829,4641,2025-12-09 18:45:02.797848,Web,Low,True,0
642,2869,653,2024-11-29 13:48:47.088060,Web,Medium,True,5
643,1089,1162,2024-05-11 14:24:34.383702,Web,Low,True,0
644,2569,711,2024-09-15 09:17:35.382257,App,Low,True,0
645,2834,3321,2024-09-16 22:13:53.670597,Social Media,Medium,True,0
646,3542,539,2025-03-01 10:18:31.423162,Web,Medium,True,10
647,144,1365,2024-12-22 11:45:15.103889,Web,High,True,0
648,950,1646,2024-06-03 09:39:20.857520,Phone,Medium,True,0
649,57,4763,2025-06-19 02:44:24.015022,App,Medium,False,0
650,3358,1923,2025-11-30 13:32:40.378393,Phone,Low,True,0
651,1726,715,2024-09-25 22:48:13.110501,Phone,Medium,True,0
652,4306,2921,2024-09-08 14:24:30.655848,Phone,Medium,True,0
653,388,3132,2025-03-11 13:08:47.372271,App,Low,True,5
654,578,1009,2024-03-18 08:46:37.064477,Web,Medium,False,0
655,1584,2166,2024-12-13 14:17:09.967454,App,Medium,False,50
656,4862,3281,2024-02-06 14:06:16.914503,Web,Medium,True,0
657,2153,1894,2025-08-13 16:25:46.181627,Phone,Medium,True,0
658,4885,4554,2025-07-14 23:29:54.715898,Web,Informational,True,0
659,467,207,2025-06-03 16:46:51.818430,Web,Informational,True,0
660,2898,4744,2024-11-24 01:31:31.660007,Social Media,Low,True,0
661,1642,4352,2024-07-02 08:22:03.472591,Social Media,Low,True,0
662,4560,108,2025-07-17 23:26:45.140222,Web,Informational,True,0
663,1607,1962,2025-09-14 13:23:24.576609,Store,Medium,True,0
664,661,1880,2024-10-07 00:39:48.958235,Social Media,High,True,0
665,2386,4987,2025-05-12 23:02:57.831762,Store,High,True,0
666,4105,2491,2025-12-05 03:45:52.645847,Store,Low,True,0
667,3604,4320,2025-06-18 00:16:00.171372,Store,Informational,True,0
668,2626,1559,2025-09-25 13:18:47.597849,Web,High,True,0
669,4197,4763,2025-04-03 14:27:27.951231,Web,High,True,0
670,2810,4139,2025-12-20 14:10:46.176970,Web,High,True,0
671,4197,1875,2025-04-03 14:19:59.070319,App,Low,True,5
672,2777,193,2024-11-24 09:18:27.177008,App,Low,True,5
673,4637,3579,2025-10-01 10:02:58.164458,App,Medium,True,0
674,1873,1082,2024-05-15 17:58:15.837548,Social Media,Medium,False,5
675,4066,4595,2025-08-12 05:08:25.810565,Social Media,High,True,0
676,1279,1498,2025-05-25 18:34:10.843501,Social Media,Low,True,0
677,918,2588,2025-08-21 10:45:04.645773,Store,Low,True,50
678,2224,4985,2025-12-05 20:05:35.262415,Social Media,Medium,True,0
679,1536,3094,2025-03-19 09:05:57.628888,Web,High,True,5
680,3610,2524,2024-02-22 19:53:44.655870,Phone,Low,False,0
681,1299,268,2024-06-13 11:20:26.569086,Store,High,True,0
682,2544,4776,2024-01-21 12:17:11.956014,Phone,High,True,0
683,4254,2591,2024-01-27 12:56:38.775765,Web,Informational,True,0
684,2636,1684,2025-01-14 20:16:22.840190,App,Low,True,0
685,1865,434,2024-03-02 13:38:49.363997,Social Media,Medium,False,0
686,4491,4654,2025-09-24 21:34:56.840332,Web,Informational,True,25
687,2603,3722,2024-04-08 09:01:13.082779,Phone,Medium,True,0
688,1396,1986,2024-01-27 10:26:36.204961,Phone,Informational,True,0
689,3330,1401,2025-05-19 22:39:15.671967,Phone,Informational,False,0
690,4649,2653,2025-05-09 05:30:21.308931,Web,Medium,True,0
691,3689,4016,2024-12-17 22:10:50.886950,Web,Low,True,0
692,4446,4317,2025-05-24 05:19:33.539822,Social Media,Medium,True,0
693,80,4545,2024-05-07 15:17:55.262154,App,Medium,False,0
694,3653,3102,2025-06-12 18:23:29.878985,Web,Informational,True,0
695,4788,1203,2024-05-31 03:38:52.628663,App,Low,True,5
696,1693,2534,2025-08-06 13:12:09.969459,App,Low,True,5
697,710,366,2024-07-16 09:43:04.601771,App,Medium,True,0
698,2450,1273,2025-03-13 10:40:12.905639,Store,High,True,0
699,253,2829,2024-02-01 11:11:33.498662,Web,Low,True,15
700,762,375,2024-06-20 02:13:38.308089,Phone,Low,False,0
701,1042,777,2025-07-05 18:36:05.967638,Web,Medium,False,0
702,1792,3736,2025-11-05 17:29:51.595646,Social Media,Informational,True,20
703,2273,3799,2025-02-19 15:04:22.529635,Store,Medium,True,0
704,3794,3413,2024-01-22 11:48:32.400763,Web,Low,True,0
705,1605,4798,2025-05-31 16:20:50.437799,Web,Medium,True,0
706,805,4089,2025-05-31 18:16:49.732581,Store,High,True,0
707,44,3228,2025-12-20 13:34:20.388948,Phone,Medium,True,5
708,693,3916,2025-11-30 20:10:56.662750,App,Informational,True,0
709,4149,3922,2025-04-02 17:10:41.981507,Web,High,True,0
710,4175,3161,2025-05-23 05:54:09.101280,App,High,True,0
711,3795,3905,2025-06-24 09:41:11.897453,Store,Medium,True,10
712,425,1537,2024-03-04 17:22:11.800991,App,Medium,True,0
713,3181,4849,2025-11-06 16:43:54.024879,Phone,Medium,False,25
714,4144,1403,2025-11-17 22:49:17.024623,Store,Medium,True,0
715,3096,4820,2024-07-20 12:17:25.430871,Web,High,False,0
716,204,2187,2025-01-30 11:14:32.591937,Store,High,True,0
717,3249,4186,2025-07-01 10:08:18.725766,App,Medium,True,0
718,4372,835,2024-12-22 09:53:16.706895,Web,Medium,False,10
719,4246,2108,2024-07-24 13:27:46.060085,Web,Medium,False,0
720,2017,411,2024-05-03 17:30:26.249504,Store,Medium,True,0
721,1533,98,2024-01-24 12:46:23.329932,Phone,Low,True,0
722,3735,669,2024-04-05 06:32:20.787495,Store,Low,True,0
723,4197,2030,2025-04-03 14:27:18.794231,Social Media,Low,True,0
724,4687,588,2025-05-02 08:30:32.566293,Web,Medium,True,0
725,155,2515,2024-07-03 15:22:07.330745,Web,Low,True,15
726,2394,921,2024-05-23 12:21:18.049599,App,Medium,True,0
727,1460,437,2024-11-28 14:21:03.122363,App,Informational,True,0
728,191,669,2025-08-22 09:33:28.012537,Store,High,True,0
729,1172,1077,2025-06-20 15:57:59.164249,Web,Medium,True,0
730,1170,877,2024-04-05 12:17:14.446365,Web,Low,True,0
731,2622,2479,2024-07-12 10:47:59.663807,Web,High,True,10
732,429,4192,2025-01-07 05:34:48.921084,Store,Medium,True,0
733,4793,3585,2025-11-18 18:25:54.893590,Social Media,Low,True,30
734,2359,4187,2024-11-19 14:04:59.784024,Social Media,Low,True,0
735,889,1121,2025-09-16 05:47:04.791413,App,High,False,5
736,1520,4725,2024-09-26 13:59:45.944237,Store,Medium,True,50
737,4477,3096,2025-07-15 10:41:39.092495,Phone,Low,True,0
738,4318,2200,2025-10-23 19:34:10.973177,App,Medium,True,0
739,1651,4342,2025-01-26 21:51:46.964740,Web,High,False,0
740,3847,3362,2025-11-12 12:18:52.005010,App,Low,True,0
741,1352,4082,2024-11-10 09:22:20.078978,App,Informational,False,0
742,2221,2843,2024-01-03 14:09:24.603921,Store,Medium,False,0
743,2680,4492,2024-06-02 20:43:36.624292,Store,Low,True,0
744,96,3707,2024-12-15 23:10:51.644046,Store,Low,True,0
745,4707,2569,2024-09-25 16:29:57.982297,Store,High,True,0
746,389,4120,2024-10-21 13:43:51.776351,Social Media,High,True,0
747,710,317,2024-07-16 10:17:50.683967,Web,Informational,True,0
748,1335,376,2024-07-25 17:51:54.491025,Web,Low,True,0
749,2003,2593,2025-11-19 13:39:21.236859,App,High,True,0
750,3463,1691,2025-03-19 17:23:25.089896,Phone,Medium,True,0
751,3014,1352,2025-04-17 14:17:28.993377,App,High,True,0
752,1143,2553,2025-02-20 00:58:20.904234,Store,Informational,True,0
753,729,3746,2024-02-28 19:39:13.989429,Store,Low,True,50
754,3248,2979,2025-06-12 11:12:07.742341,Web,High,True,5
755,513,2991,2024-04-03 15:43:13.489049,App,Low,True,0
756,480,1545,2024-04-25 18:23:03.061799,Social Media,Informational,True,0
757,4929,1018,2025-09-16 05:41:33.927326,Social Media,Low,True,0
758,779,4941,2025-12-17 17:15:30.778775,Phone,Medium,False,0
759,3729,267,2025-08-20 13:41:11.071105,App,Medium,True,0
760,3820,3922,2024-05-13 00:50:22.926996,Store,Medium,True,0
761,1640,1915,2025-05-13 09:50:50.657300,Store,Medium,False,0
762,501,3203,2025-04-26 09:52:54.881217,Store,Informational,True,5
763,3413,2931,2025-11-05 18:53:58.364915,Social Media,Medium,True,0
764,761,3926,2024-01-06 23:23:31.111236,Phone,Low,True,0
765,2425,1561,2024-04-08 10:44:33.018349,Web,High,True,25
766,1702,1195,2024-06-02 13:48:31.311503,Social Media,High,False,0
767,182,3573,2024-12-17 05:28:20.425458,App,Low,False,0
768,4720,4612,2025-08-31 08:52:34.902334,Store,Informational,True,0
769,3712,3477,2024-09-15 16:25:17.435262,Store,Medium,True,0
770,1152,2310,2024-11-05 10:27:47.484047,Social Media,Informational,True,0
771,3399,650,2025-10-26 19:20:26.363198,Phone,Low,True,0
772,931,4947,2024-06-26 22:39:38.349211,Store,Informational,True,0
773,1635,1450,2025-07-05 12:00:40.721841,App,High,True,30
774,4848,2877,2025-09-02 02:49:00.412839,Web,Low,True,0
775,4537,2480,2025-10-22 10:09:54.316330,Store,Informational,False,0
776,3781,3342,2024-09-10 23:56:06.131379,Social Media,Low,True,0
777,4395,695,2024-04-18 05:05:32.618892,Phone,Informational,True,0
778,1137,536,2025-01-21 12:37:57.513611,App,Informational,True,0
779,1717,1172,2025-12-25 14:12:59.445708,App,High,True,0
780,4329,3296,2024-08-29 18:51:17.491468,Store,Medium,True,0
781,4212,3487,2025-09-24 16:32:05.082922,Phone,High,True,10
782,857,326,2025-05-11 14:14:46.496348,Social Media,Informational,True,0
783,2587,1088,2025-08-14 10:41:24.894372,Web,Medium,True,0
784,3000,890,2024-05-05 16:40:07.077799,Phone,Informational,True,0
785,3065,158,2024-09-21 15:11:36.870507,Social Media,Medium,False,0
786,2467,608,2025-01-24 04:43:29.276890,Phone,Medium,True,0
787,2102,4453,2025-04-04 20:20:37.419537,Store,Medium,True,5
788,1086,1394,2024-01-24 12:57:32.356193,App,Low,True,0
789,3781,3841,2024-09-10 22:41:56.705752,Store,Informational,True,0
790,1514,1031,2025-06-25 23:50:54.730621,Web,Medium,True,0
791,2929,2736,2025-08-16 16:06:22.905025,Store,Medium,True,0
792,1127,3317,2025-07-07 06:08:23.726838,Store,High,True,0
793,3406,1688,2025-08-25 10:01:57.813316,Store,Informational,True,25
794,964,3487,2024-09-07 18:15:31.081345,Social Media,Low,True,0
795,3863,4416,2024-03-14 16:39:13.356853,Web,Informational,True,0
796,2072,1620,2024-09-05 12:59:25.172222,Web,High,True,0
797,4149,2,2025-04-02 19:24:36.148852,Store,Low,True,10
798,4834,4245,2024-01-12 09:53:48.704292,Web,Informational,True,0
799,1584,1273,2024-12-13 14:47:22.811419,Phone,Informational,True,25
800,1080,1397,2024-03-15 00:55:21.772258,Social Media,Low,False,50
801,569,1086,2024-10-07 14:09:34.611398,Phone,High,True,0
802,1396,885,2024-01-27 14:06:03.812701,Social Media,Medium,True,0
803,1693,2741,2025-08-06 12:33:33.806380,Web,Low,True,10
804,2746,670,2024-11-14 02:04:45.852874,Phone,Low,True,0
805,3338,2541,2025-10-20 15:25:39.831161,App,High,True,0
806,2460,4656,2024-03-12 16:10:50.163884,Web,Medium,True,0
807,3412,1215,2024-04-26 07:17:06.255200,Store,Low,True,0
808,4381,1937,2024-08-10 23:04:06.337682,Store,Low,True,0
809,4919,2396,2024-02-17 10:15:13.582786,Web,Informational,True,0
810,3986,4362,2024-10-13 16:03:37.090006,Phone,Medium,True,5
811,4174,4620,2024-06-28 20:18:10.652597,Store,Medium,True,0
812,1357,1667,2025-04-29 17:33:22.897147,Web,Medium,False,0
813,2190,4987,2024-10-30 17:04:43.199181,Store,Medium,True,5
814,3810,4913,2024-09-28 13:57:20.682617,App,Medium,True,0
815,4041,500,2025-09-28 21:20:43.137203,Social Media,High,True,0
816,3643,1207,2025-07-07 22:02:37.544336,Store,High,True,0
817,4117,3765,2024-10-28 15:48:22.040804,Web,High,False,0
818,1327,645,2024-04-09 05:48:31.916610,Web,Low,True,0
819,2789,4379,2025-06-05 11:56:38.644030,Web,Low,False,0
820,3451,968,2025-05-19 22:14:30.356420,Web,Low,True,0
821,1991,1854,2024-12-09 17:53:52.680799,Web,High,True,5
822,2681,1090,2024-10-17 08:50:59.877841,App,Medium,True,10
823,1935,2896,2025-03-14 05:41:04.379116,Social Media,Medium,True,0
824,4244,4843,2024-10-06 18:04:25.082977,Web,Low,True,0
825,2321,3879,2024-09-12 13:34:24.801649,Web,Medium,True,0
826,413,2423,2024-11-18 07:40:27.502633,Social Media,Informational,True,0
827,4916,3466,2025-02-25 10:57:37.685538,Phone,Medium,True,0
828,4443,766,2025-07-11 05:37:03.073372,App,High,True,0
829,3174,2122,2024-09-07 13:02:48.334958,App,High,True,0
830,364,3899,2024-09-24 13:42:55.663971,Phone,Low,True,0
831,4887,4841,2025-11-13 08:52:10.913174,Web,Informational,True,0
832,1636,4153,2025-06-03 18:54:34.827318,App,High,True,50
833,1917,3387,2025-12-20 02:10:11.254532,App,High,False,0
834,3642,2163,2024-11-18 10:30:35.320274,Social Media,Low,True,0
835,3844,2577,2024-11-13 19:23:45.615640,Web,Medium,True,5
836,2786,3724,2025-03-25 15:50:41.656030,Store,Low,True,5
837,4645,971,2025-06-08 04:31:54.978668,Store,High,True,0
838,83,4911,2025-04-20 00:21:25.372716,Web,Medium,True,0
839,3040,2020,2025-11-04 16:53:26.768986,Store,High,False,0
840,4480,2784,2024-01-31 04:41:22.162317,Social Media,Low,True,0
841,4423,860,2025-11-11 15:05:50.509698,Web,Medium,True,0
842,3736,3762,2025-01-21 12:52:15.405912,Store,High,False,0
843,4404,1502,2024-08-02 11:29:54.205690,Store,Medium,True,0
844,4807,4688,2024-02-02 11:54:38.042621,Web,High,True,10
845,4800,843,2025-08-17 01:42:14.517011,App,Low,True,0
846,4581,1763,2025-02-23 12:15:50.942284,App,Low,True,0
847,1463,1779,2024-02-19 17:42:16.728850,Phone,High,False,0
848,2869,438,2024-11-29 12:42:56.217464,Store,Low,False,0
849,3797,3863,2024-10-06 23:50:09.500636,Store,Low,True,20
850,1639,44,2024-12-24 09:27:40.334672,Web,High,True,0
851,4383,924,2025-08-14 14:50:51.815239,Web,Informational,True,0
852,4291,3953,2024-02-07 21:59:10.753959,Phone,Medium,True,0
853,695,3524,2024-02-14 04:04:43.060746,App,Low,True,0
854,2739,4715,2025-11-15 12:20:00.688430,Web,Informational,True,5
855,4066,2697,2025-08-12 06:58:19.168279,App,High,True,0
856,1937,4472,2024-06-05 10:47:24.382018,Web,Informational,True,0
857,94,3279,2025-10-18 06:23:02.755404,Social Media,Informational,True,0
858,2499,3386,2025-11-16 22:04:53.112107,Phone,High,True,5
859,1900,3759,2024-12-04 00:56:42.167579,App,Medium,True,0
860,2515,1563,2025-10-22 07:31:13.002975,Social Media,Informational,True,0
861,3597,4504,2024-02-18 09:29:13.230512,Web,Informational,True,30
862,98,3618,2024-05-27 14:21:37.406533,Phone,Low,True,0
863,3249,3349,2025-07-01 10:10:54.369571,App,High,True,0
864,437,663,2025-09-30 03:43:22.674944,Phone,Low,True,0
865,2846,2727,2025-05-25 21:23:00.616864,App,Medium,True,0
866,4253,4703,2024-08-11 11:12:39.039815,App,High,False,0
867,1692,890,2025-10-11 17:48:57.392594,App,Medium,True,10
868,4265,1760,2025-11-04 09:35:30.600374,App,Informational,True,0
869,3460,2306,2025-08-23 09:59:07.519489,Phone,Low,True,0
870,686,3340,2024-10-24 16:22:27.441907,Phone,Medium,False,0
871,4853,2769,2025-09-08 13:46:39.270481,App,Informational,True,0
872,3172,2270,2025-01-06 08:16:15.008705,Social Media,Informational,True,0
873,1344,1930,2024-01-31 17:50:20.014640,Web,Medium,True,0
874,3992,1144,2024-08-04 11:01:49.239755,App,Medium,True,0
875,2064,4348,2024-04-30 14:12:52.950428,Phone,High,True,0
876,610,4977,2024-01-25 12:03:44.730208,App,Medium,True,0
877,1913,1653,2025-09-06 05:31:41.696645,Web,Informational,True,10
878,2105,4319,2024-11-21 16:21:19.339887,Store,Informational,True,0
879,2503,2085,2025-02-18 17:13:32.909111,Phone,Low,False,5
880,2181,4119,2024-03-21 16:47:53.795194,Social Media,Medium,True,0
881,2669,1180,2025-07-19 13:05:40.112741,Phone,Medium,True,0
882,92,230,2025-02-27 11:47:19.461748,Store,Low,True,0
883,3698,82,2025-06-02 19:02:39.837325,Store,Informational,True,0
884,753,3573,2025-01-19 01:22:45.712394,App,High,True,0
885,4354,1017,2025-05-07 16:45:34.999213,Phone,High,True,0
886,1434,782,2025-12-08 02:43:11.685961,Web,Medium,True,0
887,1821,2946,2025-10-26 12:40:26.145654,Store,Informational,True,0
888,4137,1845,2024-08-08 16:22:58.904658,Phone,High,True,0
889,1280,4468,2025-09-11 14:25:21.022377,App,Medium,True,25
890,8,4529,2024-06-12 16:47:31.736624,App,Low,True,0
891,3126,2988,2025-10-25 11:40:06.360529,Social Media,Informational,False,5
892,228,4645,2024-06-15 06:15:22.255617,Phone,Informational,True,0
893,4120,2816,2026-01-01 09:28:44.563727,Phone,High,True,0
894,696,1841,2024-08-15 09:21:38.858517,Phone,Medium,True,0
895,4391,2136,2025-05-06 14:31:25.757374,Social Media,Low,False,0
896,2049,4119,2025-12-13 22:38:32.056253,Web,Low,True,0
897,523,3301,2024-05-19 11:11:41.880562,App,Medium,True,10
898,1678,1925,2024-01-27 21:22:53.987417,Store,Informational,True,15
899,365,4329,2025-01-10 14:21:28.052334,Store,Informational,True,0
900,272,263,2024-06-16 16:18:35.259515,App,Medium,True,0
901,3447,851,2025-08-02 09:45:13.814705,Web,Informational,True,5
902,696,59,2024-08-15 11:02:34.132146,Social Media,Low,True,0
903,1520,2290,2024-09-26 14:20:55.649052,App,Low,False,0
904,4563,2671,2025-04-25 15:48:05.978780,Web,Low,True,0
905,2342,127,2025-09-26 17:23:35.259608,Social Media,Medium,True,0
906,230,4553,2025-02-09 19:09:24.711312,Store,Informational,True,25
907,2826,4749,2024-07-27 13:10:42.554384,Web,Low,True,0
908,2637,386,2024-04-24 01:09:39.619116,Social Media,High,True,0
909,1425,3920,2025-02-04 17:51:32.407105,App,Medium,True,0
910,4084,4220,2025-05-28 10:04:18.475830,Social Media,Medium,True,0
911,592,214,2025-07-04 15:03:43.064412,Social Media,Informational,True,0
912,2605,3922,2025-01-10 14:28:53.489679,App,Informational,True,20
913,3071,421,2024-03-26 10:58:47.441244,Social Media,Medium,True,0
914,2285,871,2025-07-25 13:46:29.758288,Web,High,True,0
915,686,558,2024-10-24 16:50:22.868576,Store,Low,True,0
916,2690,2596,2024-03-07 16:33:07.935971,Phone,Informational,False,0
917,4538,1171,2025-11-12 17:49:22.214785,Phone,Informational,True,0
918,1382,2024,2025-11-13 06:10:49.213349,Social Media,High,False,10
919,406,3874,2024-02-25 12:39:20.345617,Store,Informational,False,5
920,4189,3034,2024-03-23 02:28:51.991691,Store,Informational,True,0
921,3216,3508,2024-11-08 11:48:03.636555,Social Media,Medium,False,0
922,3555,4273,2024-12-23 16:00:40.619607,Store,Low,True,0
923,1354,1646,2024-06-28 19:12:10.801846,Phone,Medium,True,0
924,4663,2998,2025-11-23 17:28:22.073904,Social Media,Informational,True,20
925,5000,2260,2025-04-28 15:41:59.474586,Store,High,True,0
926,4070,3827,2025-10-04 07:58:01.554004,Store,Low,True,0
927,3601,26,2024-01-17 10:53:49.250832,App,Informational,True,20
928,3749,722,2024-09-16 14:29:46.607202,App,Medium,False,0
929,4118,3920,2025-09-21 15:58:54.713725,Web,High,True,0
930,1734,62,2024-03-15 03:05:51.555991,Web,Low,True,0
931,4638,2925,2024-06-12 03:15:13.053444,Social Media,High,True,0
932,2297,3010,2025-07-22 02:42:47.325330,Store,Low,False,0
933,4782,1141,2025-05-19 09:41:26.607428,Store,Low,True,0
934,1178,1517,2025-05-20 07:30:19.775600,Phone,Informational,True,0
935,968,1041,2024-12-26 03:57:25.269853,Store,Low,False,0
936,2056,3658,2025-11-02 04:28:38.988185,Web,Low,True,0
937,2007,4077,2025-05-03 11:09:57.143894,App,Low,True,0
938,3169,1418,2025-09-26 23:59:06.527947,Social Media,Low,False,0
939,4593,1238,2025-02-28 18:01:08.986369,Phone,Low,True,0
940,4592,1919,2025-09-08 15:36:25.954690,Social Media,Low,True,0
941,2172,220,2024-10-20 13:58:58.863127,Web,Informational,True,0
942,1066,3139,2024-09-21 19:22:27.301576,Web,Medium,True,0
943,2194,1800,2025-09-04 13:06:13.484836,Store,High,True,0
944,445,816,2025-07-26 09:21:11.467210,Social Media,Informational,True,0
945,1502,3237,2025-08-24 23:29:43.738702,App,Low,True,0
946,2970,2513,2024-09-19 17:35:49.672159,Social Media,High,False,10
947,2780,3721,2025-07-19 13:58:56.841733,Store,Medium,True,5
948,2820,1723,2025-12-03 17:55:26.503316,Web,High,True,0
949,2252,4808,2024-08-18 04:39:56.754292,Phone,Low,True,0
950,3647,4442,2024-08-31 18:01:40.308536,Phone,Low,True,0
951,3546,2577,2024-06-15 20:37:39.164044,Web,Medium,True,0
952,4520,4400,2024-11-10 14:11:31.049712,Social Media,Low,False,0
953,4575,3331,2024-10-05 13:11:26.983219,App,Medium,False,0
954,1383,1475,2025-12-26 13:02:01.496167,Phone,High,True,0
955,4653,1843,2025-09-17 18:29:06.812980,App,High,True,0
956,1669,3274,2024-01-25 17:12:47.606891,Social Media,Medium,True,0
957,2940,2275,2025-06-05 14:42:30.231746,Social Media,Low,True,0
958,997,1122,2024-06-27 18:41:34.473411,Web,Informational,True,0
959,4061,2058,2025-12-04 13:14:34.903314,App,Medium,True,0
960,3313,527,2025-08-26 12:55:45.708169,Social Media,Low,True,0
961,580,4795,2024-09-23 10:25:31.645291,App,Informational,True,0
962,3422,843,2025-10-05 16:31:00.468483,Store,High,True,30
963,3140,2259,2024-10-21 09:32:02.650904,Store,Medium,True,30
964,1838,4075,2024-06-19 23:47:40.418631,Social Media,Informational,False,0
965,3637,2276,2024-04-14 13:14:28.580854,Store,Low,False,0
966,414,2457,2025-09-10 17:31:06.594535,Social Media,Informational,False,0
967,2757,4805,2025-08-02 13:38:00.568291,Social Media,Medium,False,0
968,393,704,2025-05-17 09:09:02.078673,Web,High,True,0
969,3137,2626,2025-10-09 15:24:38.006196,Social Media,Low,True,0
970,4469,3435,2025-06-27 13:24:27.973693,Phone,Low,True,0
971,2870,3792,2025-10-01 17:12:54.992682,Store,Low,True,0
972,319,2987,2024-09-27 20:40:16.849583,Phone,Medium,True,0
973,911,2427,2025-01-02 14:33:50.584110,Web,Informational,True,0
974,4446,2756,2025-05-24 03:53:59.604442,Store,Medium,True,0
975,380,279,2025-03-06 08:52:30.359203,Store,Informational,True,0
976,4582,4696,2025-02-22 11:07:51.849912,Web,Medium,True,0
977,1584,4085,2024-12-13 14:22:59.361509,App,Low,True,0
978,3376,3315,2024-03-20 13:59:30.876848,Store,Low,False,0
979,3632,3928,2025-10-27 20:01:41.688832,Social Media,Low,True,0
980,159,4633,2025-12-19 20:53:52.548585,Store,Low,True,20
981,2279,3428,2024-09-17 17:06:36.777511,Phone,Informational,True,0
982,2364,3687,2025-08-22 12:33:08.292670,Social Media,Low,True,50
983,1567,571,2024-10-16 01:54:37.223200,Web,Low,True,0
984,2881,3911,2024-08-29 03:18:07.306982,App,High,True,0
985,4600,2448,2024-11-19 19:05:39.636299,Phone,Informational,True,0
986,4062,2600,2025-03-23 15:05:01.009809,Store,Informational,True,0
987,4367,849,2024-10-29 08:11:56.737102,Web,Informational,True,0
988,2484,3730,2025-04-11 02:21:50.070073,App,Medium,False,15
989,4388,4437,2025-08-12 12:25:15.814086,Web,Low,True,0
990,312,2926,2025-12-29 15:23:50.071389,Phone,Medium,True,0
991,3192,4780,2024-03-01 17:07:44.592072,Store,Medium,True,0
992,2017,1904,2024-05-03 15:06:57.256455,App,Low,True,0
993,4304,175,2025-12-10 10:23:04.633386,App,High,True,0
994,2604,1234,2024-03-18 19:12:26.934565,Phone,Medium,True,0
995,1426,3657,2025-03-17 17:59:25.379757,App,Medium,False,0
996,3893,4590,2024-04-18 17:43:43.373417,Phone,Medium,True,15
997,3823,581,2024-02-06 15:24:05.458424,Phone,High,True,0
998,1847,3497,2025-06-12 23:34:19.846010,Social Media,Informational,True,0
999,3453,2831,2025-04-21 13:04:25.756025,Web,Medium,True,25
1000,4129,2885,2024-08-17 15:12:48.215235,Phone,Medium,True,0
1001,1702,4751,2024-06-02 13:31:32.804377,Social Media,High,True,0
1002,4654,1996,2024-02-08 06:40:59.917454,Store,High,True,0
1003,2703,2011,2025-01-30 12:23:37.672076,Phone,High,True,0
1004,4246,4591,2024-07-24 12:52:11.034109,Store,Low,True,5
1005,4112,3730,2024-02-16 15:01:06.575608,Store,Informational,True,0
1006,4391,4131,2025-05-06 15:18:22.944815,Social Media,Medium,True,0
1007,1041,3686,2025-02-18 10:36:47.178449,Web,Medium,True,30
1008,3636,3789,2025-02-10 10:07:22.934896,App,Low,True,0
1009,4307,709,2024-07-29 16:02:13.712145,App,Low,True,0
1010,2219,2332,2025-02-23 10:39:15.884770,Phone,Informational,True,0
1011,338,3530,2024-08-29 14:54:49.901238,App,Medium,True,0
1012,4372,1875,2024-12-22 09:23:25.188397,Web,Medium,True,0
1013,17,4449,2025-09-03 16:54:36.984405,App,High,False,0
1014,604,3401,2024-12-15 13:29:49.606119,Store,Medium,True,0
1015,4212,4984,2025-09-24 17:35:54.896274,Web,High,True,0
1016,633,1280,2024-08-11 04:48:36.636520,App,Medium,True,0
1017,758,1535,2024-09-29 13:34:33.874989,Phone,Medium,True,0
1018,4256,995,2024-09-12 06:02:17.752623,Phone,High,True,0
1019,901,4953,2025-04-29 22:12:34.327819,Web,High,True,0
1020,1061,2906,2024-06-09 22:17:15.415264,Store,Low,True,0
1021,2231,3853,2025-12-19 10:14:22.976415,Web,Informational,True,0
1022,2131,2302,2025-01-16 07:07:10.813430,Store,High,True,0
1023,3517,4918,2025-09-19 14:35:33.497895,Social Media,Medium,True,0
1024,4054,3951,2025-02-10 09:53:11.108704,Web,Medium,True,30
1025,523,2787,2024-05-19 10:26:36.584585,Store,Medium,True,0
1026,3071,2697,2024-03-26 10:46:37.515247,App,Low,True,0
1027,4992,663,2025-02-25 16:32:28.704762,Web,High,True,0
1028,139,1166,2024-07-23 09:47:19.658183,Phone,Medium,True,0
1029,4074,902,2024-08-09 16:23:34.064747,Social Media,Medium,True,0
1030,1295,2677,2025-08-11 06:58:53.841646,App,Informational,True,15
1031,1105,3544,2024-11-06 13:12:14.517805,App,Low,True,0
1032,4028,4864,2024-03-10 11:22:14.582706,Web,High,False,0
1033,151,1481,2025-04-09 19:44:21.699714,Store,Medium,True,0
1034,1790,1838,2024-05-30 18:12:42.915927,Social Media,Medium,True,25
1035,4512,4432,2024-03-18 12:44:23.335659,App,High,True,0
1036,63,3682,2025-12-30 23:03:38.932346,Web,Low,False,0
1037,2657,2494,2025-04-03 18:14:40.250882,App,Informational,True,0
1038,289,558,2024-08-08 16:31:46.247109,App,Informational,True,0
1039,4588,584,2025-03-16 17:01:33.856050,Web,Low,True,0
1040,4602,2164,2025-10-17 05:07:43.348238,Phone,Medium,True,20
1041,3104,1864,2025-04-23 12:17:25.759742,Phone,Low,True,0
1042,591,4792,2024-06-29 13:35:03.918297,Store,Medium,True,50
1043,699,2271,2025-10-06 06:24:42.741116,Store,Medium,True,0
1044,4873,565,2025-07-28 17:16:54.778724,Web,High,True,0
1045,382,1983,2024-09-19 16:00:32.887945,Store,Low,False,0
1046,4713,3466,2025-09-12 17:26:14.565502,Phone,Low,True,0
1047,2449,1214,2024-08-30 06:41:03.958397,Web,Medium,True,0
1048,4052,4751,2025-12-04 11:46:41.590783,Web,Medium,False,5
1049,3254,4938,2025-05-13 09:13:47.662937,App,High,True,0
1050,4711,3945,2024-05-04 01:04:12.629751,Phone,Low,True,10
1051,2437,682,2025-02-16 12:34:55.461483,App,Medium,True,0
1052,3973,2305,2024-03-13 10:13:52.495108,Phone,Low,True,0
1053,3815,2437,2025-10-11 11:47:49.357059,Store,Low,True,15
1054,4105,1234,2025-12-05 02:39:11.437984,Social Media,Low,False,0
1055,4387,1811,2025-08-20 21:44:30.182428,Store,Low,True,0
1056,141,2574,2024-05-24 11:22:40.860569,App,Medium,True,0
1057,1638,4207,2024-01-29 21:54:32.584443,Social Media,Informational,True,0
1058,3309,1044,2025-04-22 10:51:44.660224,App,Medium,True,0
1059,620,1153,2025-01-03 17:54:03.917858,Social Media,Informational,True,20
1060,3918,1571,2024-11-17 18:53:21.771776,Phone,Informational,True,0
1061,1066,296,2024-09-21 19:09:33.183198,Web,Informational,False,0
1062,2950,2349,2025-10-30 02:44:44.156714,Social Media,Medium,True,0
1063,4575,268,2024-10-05 13:21:51.641161,Store,High,True,0
1064,2920,2580,2025-05-11 11:48:57.761151,Store,High,True,0
1065,1217,1156,2025-08-21 17:30:53.905768,App,Medium,True,0
1066,1922,4616,2024-04-18 08:22:24.530263,Web,Medium,True,0
1067,2307,1792,2024-01-14 11:28:01.669371,Phone,Informational,True,0
1068,1251,2419,2025-11-18 17:13:15.710941,Social Media,High,True,0
1069,4436,644,2025-08-04 02:34:03.422467,App,Low,False,30
1070,3722,3734,2024-11-23 16:38:17.131446,Web,Informational,True,0
1071,1328,402,2024-08-29 15:24:20.353369,Store,Medium,True,0
1072,3890,4754,2024-05-19 19:48:38.939392,App,Medium,True,0
1073,2494,4585,2024-07-29 05:42:21.852933,Phone,Informational,True,0
1074,497,4507,2024-10-24 23:26:39.638994,App,Informational,True,0
1075,949,4338,2024-04-29 07:37:02.396204,Social Media,Informational,True,5
1076,1956,3453,2024-04-14 05:00:53.677125,Phone,Informational,False,0
1077,4725,4211,2024-02-07 18:06:35.543430,App,High,True,10
1078,1769,3511,2025-08-02 05:43:41.193940,Store,Low,True,50
1079,3697,3585,2024-10-07 22:05:37.310983,Web,Medium,True,0
1080,4312,3713,2024-11-25 19:43:21.229990,Social Media,High,True,15
1081,4528,2601,2025-01-22 03:47:33.548948,Phone,Informational,True,0
1082,2812,2796,2024-03-14 00:59:38.049799,Social Media,Medium,False,5
1083,1808,1091,2025-10-01 06:26:52.317732,App,High,True,0
1084,1482,2716,2024-12-29 05:09:07.966347,Store,Informational,True,0
1085,244,4424,2024-02-23 14:14:36.682833,Social Media,Medium,True,0
1086,863,3639,2024-01-30 18:05:49.271540,Web,Medium,True,50
1087,1036,974,2024-01-29 16:55:07.454146,Web,Medium,True,0
1088,2386,3099,2025-05-12 23:23:24.518585,App,Low,True,15
1089,4370,3550,2025-08-17 13:53:55.431363,Phone,Low,True,10
1090,897,1339,2024-04-05 17:00:38.556192,Store,Medium,True,0
1091,902,3831,2025-07-18 10:52:46.803812,Social Media,Medium,True,0
1092,1823,1497,2025-03-10 09:55:02.147760,Social Media,Medium,True,0
1093,1481,893,2024-12-29 11:17:05.873127,Social Media,Informational,True,0
1094,2332,3922,2025-06-15 08:10:46.310250,Web,Informational,True,0
1095,220,1819,2024-02-22 14:35:32.309772,App,High,True,5
1096,4388,2056,2025-08-12 10:06:23.214640,Store,Medium,True,0
1097,240,3852,2025-10-16 07:40:01.223326,Web,Low,True,0
1098,2658,2347,2025-04-02 13:02:54.443798,Store,Medium,False,0
1099,4935,434,2025-03-21 01:55:25.326344,Web,Low,True,0
1100,1434,1218,2025-12-08 03:58:35.046404,Store,Medium,True,0
1101,4945,2566,2025-02-08 14:53:37.751133,Social Media,Low,False,25
1102,4932,1099,2025-04-10 11:31:24.192584,App,Medium,True,0
1103,2644,2668,2025-03-27 10:08:13.624268,Web,Medium,True,0
1104,2286,2765,2025-11-16 11:19:41.385684,Social Media,High,True,0
1105,3018,1093,2024-02-23 15:35:33.454913,Phone,Medium,True,0
1106,264,4398,2024-02-01 17:50:54.963106,Web,Low,True,0
1107,531,715,2025-04-07 03:08:08.934505,Web,High,True,0
1108,1675,4158,2024-02-14 16:51:47.754993,Store,High,True,0
1109,2619,3132,2024-02-06 18:23:45.593668,App,Medium,True,0
1110,1613,1603,2024-04-05 15:32:16.349818,Store,Medium,True,0
1111,4247,4037,2024-01-11 14:31:46.299083,Web,Low,True,0
1112,2005,4031,2024-06-01 12:45:46.848206,Phone,Low,True,0
1113,968,2700,2024-12-26 04:39:18.409509,Web,Medium,True,0
1114,3742,1255,2024-07-14 02:27:19.849986,Store,High,True,0
1115,2233,2423,2025-07-17 14:55:28.505230,Phone,Low,False,0
1116,4887,2969,2025-11-13 09:35:46.706330,Social Media,Medium,True,0
1117,2210,3832,2024-02-28 11:45:47.778595,Web,Medium,True,0
1118,1135,4385,2025-08-18 04:47:31.468322,Store,High,True,0
1119,2978,2571,2025-03-07 05:53:46.555760,Store,High,True,15
1120,1863,2714,2025-03-23 11:56:37.744364,Store,High,True,0
1121,89,4163,2024-12-18 23:57:55.099699,Store,Medium,True,0
1122,3317,76,2024-07-13 15:39:55.225945,Phone,High,False,0
1123,3911,583,2025-12-24 08:16:58.843209,Web,High,True,0
1124,1951,1870,2024-01-06 17:10:37.749852,App,Informational,True,0
1125,1826,1640,2025-07-19 15:54:17.456668,Store,Low,True,5
1126,4813,3596,2025-04-01 19:09:01.448513,Web,Low,True,0
1127,4160,3668,2025-04-05 13:08:38.512834,Social Media,Medium,False,25
1128,2089,4522,2024-07-15 17:04:24.071442,App,Medium,False,0
1129,527,2912,2025-03-28 17:20:38.116185,Social Media,Low,True,0
1130,4935,3515,2025-03-21 06:22:58.049876,Store,High,True,0
1131,4840,1529,2025-08-26 06:49:49.409319,Phone,Low,True,0
1132,3689,3051,2024-12-17 23:05:49.169371,Web,Informational,True,0
1133,1370,4138,2025-03-29 05:59:51.135841,Social Media,Informational,True,15
1134,3620,4912,2025-08-17 13:46:15.234163,Store,High,True,0
1135,419,4661,2024-08-15 04:34:48.660120,Web,Low,True,5
1136,970,4517,2025-04-13 14:43:55.031137,Social Media,Low,True,30
1137,187,2363,2025-06-20 18:31:00.470273,Store,Medium,True,0
1138,1568,717,2025-07-23 17:55:14.876853,App,Low,True,0
1139,2909,1155,2024-10-21 10:21:10.165425,Social Media,Medium,False,15
1140,256,2772,2025-10-15 10:12:59.651562,Store,High,True,0
1141,2817,1586,2025-06-09 03:46:52.330525,Store,Informational,True,20
1142,2681,4034,2024-10-17 08:33:00.575168,App,Medium,True,0
1143,2128,1946,2025-09-29 22:45:06.198565,App,Informational,True,0
1144,2609,3053,2024-12-25 10:47:02.189210,Social Media,High,True,5
1145,367,1971,2024-12-15 13:11:24.820598,App,High,False,0
1146,4120,4728,2026-01-01 10:23:15.204733,Store,Medium,True,0
1147,2505,2412,2025-12-25 13:22:32.888378,Social Media,Low,True,0
1148,4685,1725,2024-03-06 13:29:13.580415,Web,Low,True,30
1149,4210,3751,2024-11-18 19:36:51.721779,App,Low,True,5
1150,1640,4555,2025-05-13 11:14:42.625066,App,High,True,0
1151,1036,4882,2024-01-29 17:07:50.054344,Store,High,True,0
1152,3649,1401,2024-01-27 14:02:10.924747,Web,High,False,30
1153,4365,3714,2025-04-29 06:31:18.343949,Web,Medium,True,0
1154,1509,4911,2024-12-06 11:25:29.065017,Social Media,Low,True,0
1155,4098,4832,2025-03-12 09:03:45.429689,Phone,Low,True,0
1156,4654,4280,2024-02-08 05:44:20.960480,Store,High,False,0
1157,2404,2787,2024-01-21 06:46:45.384056,Social Media,Medium,False,30
1158,289,557,2024-08-08 16:45:34.661628,App,Informational,True,0
1159,567,2587,2025-05-15 00:14:45.945907,Phone,Low,True,0
1160,4244,1810,2024-10-06 20:37:08.476053,App,High,True,0
1161,3987,3032,2024-02-15 08:37:06.398632,Store,Medium,True,15
1162,3764,2807,2024-09-16 13:03:31.380662,Web,Low,True,0
1163,1860,3810,2025-09-02 10:36:34.656762,App,Low,True,0
1164,1545,2653,2024-03-20 10:57:11.114466,App,High,True,0
1165,1468,1100,2025-12-13 17:20:49.132010,Phone,Informational,True,0
1166,822,18,2025-06-20 04:57:08.139493,Phone,Informational,True,0
1167,1857,2797,2024-09-28 07:39:58.645952,Phone,High,True,0
1168,2870,4684,2025-10-01 17:01:35.529947,Store,Medium,True,0
1169,2895,1850,2024-12-06 14:34:34.475515,Phone,Low,False,0
1170,2587,1570,2025-08-14 09:25:39.248323,Store,Low,True,15
1171,4398,4404,2025-01-25 15:25:06.578203,Social Media,High,True,0
1172,2580,3811,2024-06-01 22:50:10.741995,Store,Medium,False,5
1173,4274,3617,2025-01-13 20:52:36.436090,Web,Medium,True,0
1174,1657,631,2025-03-20 20:05:33.350574,Phone,Medium,True,0
1175,2212,922,2024-03-04 08:57:53.069426,Store,Low,True,15
1176,3159,1087,2024-10-26 15:46:58.283651,Social Media,High,True,5
1177,281,4090,2024-05-12 19:29:28.049795,App,Medium,True,0
1178,2690,3452,2024-03-07 15:07:08.697800,Phone,High,True,0
1179,423,827,2024-01-12 21:31:09.295903,Store,Low,True,0
1180,2393,1769,2024-02-08 05:54:30.583652,Store,Low,True,0
1181,2368,1731,2025-06-05 15:36:16.273158,Social Media,Informational,True,0
1182,414,3777,2025-09-10 16:13:04.727823,App,Medium,True,0
1183,2408,4928,2025-05-21 02:28:41.162586,App,High,False,0
1184,4219,3719,2025-11-24 05:34:16.050863,App,Low,True,0
1185,2676,3849,2024-11-07 19:54:00.268564,Web,Low,True,0
1186,3393,4679,2025-09-21 12:28:19.412574,Web,Informational,True,0
1187,4913,3078,2025-10-20 01:03:23.998141,Store,Low,True,0
1188,1461,4333,2024-11-04 06:30:01.883684,Social Media,Informational,True,30
1189,2307,3301,2024-01-14 13:10:06.258401,App,High,True,0
1190,3549,4254,2024-04-14 08:36:10.075861,Store,Informational,True,0
1191,2306,1142,2024-01-09 13:09:11.399849,Web,High,True,0
1192,2803,3718,2024-09-17 15:14:20.179008,Store,Medium,True,0
1193,2066,4544,2024-08-10 11:47:42.859327,Phone,High,True,5
1194,2321,3004,2024-09-12 12:41:49.676180,Web,Informational,True,0
1195,4311,1896,2025-06-25 17:12:00.433609,Phone,Informational,True,0
1196,4398,2548,2025-01-25 14:32:14.105994,App,Low,True,0
1197,4284,3610,2024-12-13 13:56:00.758310,Phone,Low,True,0
1198,4038,2734,2024-06-27 09:46:25.330130,Web,Medium,False,0
1199,3739,2540,2025-05-09 12:01:20.029358,Social Media,Medium,True,0
1200,3327,2869,2024-07-17 08:42:02.076473,Store,Informational,True,0
1201,216,3293,2024-08-24 19:43:20.078313,App,Medium,True,20
1202,4260,4365,2025-02-26 10:02:04.896694,Store,Medium,True,30
1203,1148,3417,2024-08-21 10:30:13.043532,Phone,Low,False,0
1204,434,2746,2024-05-14 03:08:40.840990,Web,Informational,True,0
1205,2970,4268,2024-09-19 14:20:12.250774,Store,Informational,True,0
1206,235,326,2025-03-15 21:47:23.997603,Web,Informational,True,0
1207,1482,1383,2024-12-29 04:50:32.764768,Phone,Medium,True,0
1208,1822,3874,2024-12-13 13:14:26.295111,Web,Low,True,0
1209,3391,3954,2025-11-14 18:44:45.689433,Social Media,Medium,True,0
1210,4880,2824,2025-05-06 07:56:53.075159,Phone,High,True,0
1211,3660,3324,2024-04-28 10:15:46.398409,Social Media,Medium,True,25
1212,3383,1598,2024-12-18 09:02:42.848993,Social Media,Low,True,0
1213,1341,1634,2024-02-21 04:55:14.637168,Social Media,Low,False,20
1214,2510,944,2024-11-22 22:43:25.063002,Store,Low,True,0
1215,905,1691,2025-03-12 14:59:09.378313,App,High,True,10
1216,4177,1140,2025-06-26 23:26:00.170146,Social Media,High,True,0
1217,1206,4699,2025-10-18 15:43:47.438948,Store,Informational,True,0
1218,3171,2604,2025-02-13 23:34:01.979115,Phone,Low,True,0
1219,3610,884,2024-02-22 17:26:43.331952,Phone,High,True,0
1220,3869,750,2024-02-09 19:04:15.049486,Phone,Informational,False,0
1221,3294,1633,2024-08-02 07:35:03.346153,Web,Informational,True,0
1222,118,159,2025-05-27 18:54:30.514755,App,Medium,True,25
1223,1071,4103,2025-11-05 07:08:48.512307,Store,Low,False,0
1224,178,3253,2025-07-30 23:26:42.906917,Phone,Low,True,0
1225,4122,1631,2025-05-23 14:07:50.892403,Social Media,Medium,True,0
1226,4223,4603,2024-12-29 13:09:26.429779,Phone,Low,True,0
1227,420,4921,2024-10-12 23:06:05.715560,Phone,Informational,True,0
1228,2396,1943,2024-08-04 21:10:11.333258,App,Medium,True,0
1229,784,1951,2024-05-25 08:01:16.733166,Phone,Informational,False,0
1230,1374,2564,2025-03-06 07:08:18.957739,App,High,True,15
1231,4703,4001,2024-04-07 17:19:58.512450,Web,Informational,True,30
1232,1016,3751,2025-04-01 10:49:23.646064,Web,Informational,False,0
1233,2456,4077,2024-06-12 14:57:04.820096,Social Media,Medium,True,0
1234,3509,4090,2024-10-10 09:00:35.577656,Phone,High,True,30
1235,2266,1508,2024-04-11 14:37:45.688026,Social Media,High,True,0
1236,301,1640,2024-02-08 16:31:31.555563,Web,Low,True,0
1237,2946,185,2024-03-20 19:15:44.979492,Store,Informational,True,0
1238,56,3896,2025-08-03 15:31:29.703355,Store,High,True,0
1239,843,4568,2024-02-29 18:24:49.409694,Phone,High,True,0
1240,859,4757,2024-11-17 19:23:33.432291,App,Informational,True,5
1241,799,4867,2025-04-08 17:15:56.204105,Social Media,High,True,0
1242,1348,4469,2025-10-23 19:02:39.688449,Phone,High,True,0
1243,2387,1746,2025-09-15 02:36:19.172404,Social Media,Medium,True,0
1244,4781,2856,2024-02-22 18:09:23.882877,App,Medium,False,0
1245,157,2422,2025-12-14 06:58:03.747456,App,Low,True,0
1246,2553,2001,2025-01-16 11:28:05.050206,Social Media,Informational,True,0
1247,581,1707,2025-01-03 12:18:18.499594,Web,High,True,0
1248,1657,2393,2025-03-20 22:09:06.001881,Phone,Low,True,0
1249,2391,1228,2024-09-25 10:39:31.173521,App,Informational,False,20
1250,1258,49,2025-04-29 14:49:58.327725,App,Medium,True,5
1251,2009,1685,2025-04-25 04:46:48.932257,Social Media,High,False,0
1252,3524,4432,2025-06-21 09:40:37.843437,Phone,Low,True,0
1253,4339,1298,2024-11-01 02:51:43.596391,Store,High,True,0
1254,2563,1291,2024-11-30 13:04:57.635437,Social Media,Informational,False,0
1255,1567,4441,2024-10-16 02:44:52.608438,Social Media,Medium,True,15
1256,956,156,2025-12-26 16:54:27.094323,Phone,Medium,True,0
1257,4867,1417,2024-12-10 23:51:49.706060,Web,Low,True,0
1258,4374,1797,2024-10-05 16:19:59.177603,Phone,Low,True,20
1259,4322,319,2024-10-23 10:01:41.676765,App,Medium,True,0
1260,1956,2568,2024-04-14 04:33:23.456346,Store,Low,True,0
1261,4810,3935,2024-04-06 08:37:30.238981,App,Low,False,0
1262,2401,1895,2024-01-24 08:29:52.631092,Web,Informational,True,0
1263,4096,1986,2024-12-30 17:47:20.361660,App,High,True,0
1264,4280,4902,2024-02-08 04:39:24.519172,Web,Medium,False,0
1265,1119,2294,2025-01-15 22:50:58.005675,App,Informational,True,0
1266,4962,1154,2025-03-07 16:06:01.130440,Web,Low,True,15
1267,1970,2367,2024-10-18 15:44:16.299002,Store,Medium,True,0
1268,4588,3663,2025-03-16 18:02:56.352413,Web,High,True,0
1269,420,340,2024-10-12 21:59:12.496254,Phone,Medium,True,0
1270,4430,1225,2025-04-03 06:58:34.884417,Phone,Informational,False,0
1271,4291,4747,2024-02-07 21:23:41.053452,Social Media,Low,True,0
1272,4690,1792,2024-10-18 15:34:58.356558,Phone,High,True,0
1273,1649,3073,2025-07-26 22:25:03.029130,Phone,High,True,15
1274,2249,4103,2025-11-21 10:31:14.650494,Store,Informational,False,0
1275,4647,3964,2024-09-27 12:54:01.089562,Social Media,Informational,True,0
1276,1133,4569,2025-06-18 17:22:38.960344,App,Informational,True,0
1277,409,52,2025-10-26 18:58:55.492342,Store,Medium,False,0
1278,541,2490,2024-11-16 17:32:06.686398,Phone,Low,True,0
1279,3635,4239,2024-01-10 13:17:17.976010,Web,Medium,True,0
1280,1143,4558,2025-02-20 01:02:37.349917,Store,Low,False,0
1281,1274,4641,2025-02-13 01:33:01.204058,Phone,High,True,0
1282,2932,4079,2025-10-20 09:06:23.364662,Phone,Informational,True,0
1283,2538,2577,2025-04-19 15:44:54.743207,Store,Low,True,0
1284,2430,4309,2025-03-03 14:52:14.367195,Social Media,High,True,0
1285,3154,4854,2025-03-26 03:52:00.150585,Social Media,High,True,0
1286,690,3415,2024-10-15 14:06:44.594943,App,Low,True,0
1287,2078,305,2024-12-26 16:45:56.479445,App,High,True,0
1288,1112,2513,2024-05-19 17:11:32.915931,Phone,Low,True,0
1289,576,2262,2024-03-06 22:36:47.283034,Web,Informational,True,0
1290,982,4740,2024-08-26 15:53:58.708368,Phone,Low,True,0
1291,2839,2786,2025-08-01 15:37:55.787070,App,Medium,True,0
1292,4425,2268,2025-10-14 17:02:23.609801,App,Low,True,0
1293,4381,2631,2024-08-10 17:34:44.386703,Store,High,True,0
1294,3861,1714,2024-06-11 18:39:29.633758,Social Media,Informational,True,0
1295,876,2428,2024-11-02 20:50:39.761979,App,Informational,True,0
1296,3138,2713,2025-11-05 12:57:55.466991,Store,Low,False,0
1297,36,350,2024-04-27 11:07:07.554755,App,Low,True,20
1298,3095,191,2024-07-25 09:01:51.398743,Social Media,Low,True,0
1299,3434,3509,2025-02-02 00:35:55.060438,Phone,High,True,0
1300,1858,515,2025-01-17 12:16:32.263929,Social Media,Medium,True,0
1301,710,1507,2024-07-16 10:45:39.259197,Phone,Low,True,0
1302,3426,4309,2025-08-25 11:56:18.611364,Store,Medium,True,0
1303,1104,389,2024-05-07 13:53:51.107726,Web,High,True,15
1304,3660,317,2024-04-28 06:41:33.971944,Web,High,True,0
1305,4942,1665,2024-10-30 12:33:19.403406,App,Medium,True,0
1306,3340,1672,2025-12-23 23:09:23.802555,App,Low,True,0
1307,4160,4538,2025-04-05 13:54:14.106318,Store,High,True,25
1308,1392,3988,2025-06-18 15:54:40.088813,Phone,Medium,True,0
1309,1241,3155,2025-09-18 18:19:49.650617,Web,High,True,0
1310,165,1998,2025-09-16 22:41:59.467358,Web,Low,True,5
1311,4992,1102,2025-02-25 16:51:21.313762,App,Medium,True,0
1312,367,4660,2024-12-15 13:33:25.125505,App,Medium,True,20
1313,3579,3402,2025-12-31 15:10:53.453488,App,Informational,True,0
1314,3571,2564,2025-04-14 06:26:19.684781,App,Medium,True,10
1315,2386,4747,2025-05-12 23:02:25.877335,Phone,Medium,False,0
1316,2498,3360,2025-05-07 08:05:55.672767,App,Informational,True,25
1317,1668,262,2024-06-15 17:22:21.457176,Web,Informational,True,0
1318,1481,4656,2024-12-29 09:41:50.029327,Phone,Medium,True,0
1319,783,1038,2024-02-25 14:41:55.300974,Store,Informational,True,0
1320,2941,1113,2025-05-25 08:54:02.034033,Phone,Medium,True,5
1321,3321,3402,2024-02-09 17:26:27.478032,App,Low,True,0
1322,4369,2541,2025-04-07 17:28:26.670095,Social Media,High,True,0
1323,1505,4014,2025-11-23 04:43:30.133498,App,Low,True,10
1324,4973,1999,2025-08-08 01:30:27.081312,Web,Informational,True,0
1325,861,2067,2025-06-27 11:25:31.682488,Web,High,False,0
1326,1978,1778,2025-06-14 19:43:16.463984,Social Media,Low,False,0
1327,933,3635,2024-05-13 03:44:08.213264,Phone,Medium,True,0
1328,210,945,2025-04-11 22:14:43.470973,Web,Low,True,0
1329,1595,2589,2024-10-27 19:08:32.233500,Phone,Low,True,0
1330,910,4985,2025-08-06 13:59:49.049337,Store,High,True,0
1331,1762,3083,2024-03-13 00:06:10.394544,Phone,Medium,False,0
1332,1827,1174,2024-07-21 12:24:21.884994,Social Media,Low,True,0
1333,85,3089,2024-04-29 16:50:54.300032,App,Medium,True,5
1334,3140,4712,2024-10-21 09:54:15.788968,Phone,High,True,0
1335,694,3045,2024-03-25 22:05:39.395400,Phone,High,True,0
1336,2165,368,2024-11-22 04:28:33.126264,Web,Informational,True,0
1337,2571,3852,2025-12-24 12:49:01.815572,Web,Informational,True,0
1338,825,2572,2024-09-19 09:04:44.523056,Social Media,High,True,0
1339,3285,4212,2024-11-05 11:51:00.661702,Phone,Informational,False,0
1340,3429,648,2024-08-12 14:42:18.459015,Web,High,True,0
1341,843,704,2024-02-29 15:01:27.884152,App,Medium,True,0
1342,1922,1054,2024-04-18 07:38:44.967786,Phone,Medium,True,0
1343,2593,4616,2025-11-21 05:31:49.678133,Store,Medium,True,0
1344,799,4328,2025-04-08 18:08:21.939335,Web,Low,True,0
1345,670,4022,2025-06-15 11:23:57.230677,Web,Low,True,5
1346,864,3789,2025-05-29 12:22:06.381345,App,High,True,0
1347,2803,2867,2024-09-17 16:51:18.446628,Social Media,Low,False,0
1348,2025,4508,2025-11-27 14:44:45.939570,Social Media,Low,False,0
1349,2064,88,2024-04-30 13:46:58.508813,Store,High,True,0
1350,3541,845,2025-07-18 14:22:35.146734,App,Low,True,0
1351,936,4007,2025-09-30 12:29:39.580399,Social Media,Informational,True,0
1352,72,1942,2024-11-13 22:26:32.303016,Phone,Informational,True,50
1353,4928,2321,2024-11-19 06:01:03.899995,Phone,Informational,True,0
1354,1724,353,2025-03-03 12:05:01.878100,App,Low,True,0
1355,4491,4319,2025-09-24 22:02:30.796959,Phone,Informational,True,0
1356,3664,619,2024-11-17 06:50:27.995190,Phone,Low,True,0
1357,2826,2305,2024-07-27 12:53:33.096419,Phone,High,True,50
1358,4945,1985,2025-02-08 15:58:02.012961,App,Informational,True,0
1359,873,39,2024-02-10 16:35:24.897906,Phone,Informational,True,20
1360,3496,1563,2024-07-21 17:48:08.193233,Web,Low,True,20
1361,1985,117,2025-04-26 04:06:16.843607,Web,Informational,True,0
1362,4578,1623,2025-08-17 12:16:31.795725,Phone,Informational,True,0
1363,1721,1576,2024-10-14 04:07:50.932858,App,Medium,True,5
1364,4765,2631,2024-08-12 12:39:24.194844,Store,High,True,0
1365,3017,355,2024-06-18 04:23:20.743463,App,Medium,True,0
1366,2146,4610,2024-10-03 13:44:52.264119,Store,Informational,False,0
1367,4421,704,2024-12-19 22:35:39.096858,Store,Medium,True,0
1368,3029,160,2025-06-24 15:38:00.859175,Social Media,Low,False,0
1369,3958,2163,2025-10-03 06:13:51.859626,App,Medium,False,15
1370,1827,4310,2024-07-21 14:38:58.035905,Web,Informational,True,0
1371,4469,3226,2025-06-27 14:27:03.219001,Phone,Medium,True,0
1372,243,1275,2026-01-01 12:04:18.922319,Web,Low,True,50
1373,2263,4916,2025-06-16 13:28:45.650433,Phone,Medium,True,0
1374,1374,1145,2025-03-06 08:14:00.180706,Store,Low,True,15
1375,918,1229,2025-08-21 11:20:55.694893,Social Media,Medium,True,0
1376,518,950,2025-01-20 12:27:15.941844,App,High,True,0
1377,3657,20,2025-05-30 19:57:49.098297,App,Informational,True,0
1378,3697,4543,2024-10-07 22:01:22.740821,Social Media,Informational,True,0
1379,6,414,2024-10-15 16:39:49.823810,Web,High,True,50
1380,2467,2634,2025-01-24 04:30:46.256954,Social Media,High,True,30
1381,1426,1611,2025-03-17 18:00:00.110154,App,High,True,0
1382,363,3411,2024-11-08 12:14:32.001723,App,Informational,True,0
1383,3756,4871,2024-09-29 23:22:31.713486,Web,Medium,False,0
1384,507,1103,2024-09-28 09:16:13.043346,Phone,Low,False,0
1385,3270,4319,2025-08-04 16:30:28.885835,Web,Medium,False,15
1386,4331,3868,2025-09-08 17:44:14.290980,App,Low,True,0
1387,231,1902,2024-04-24 08:49:02.958332,Web,High,True,10
1388,256,3426,2025-10-15 09:56:38.889100,App,High,True,5
1389,2578,4499,2025-07-19 16:27:31.744360,Store,Informational,True,50
1390,4774,917,2024-11-29 12:17:49.130331,Phone,Low,False,0
1391,670,3975,2025-06-15 09:58:32.453061,Store,Informational,True,0
1392,1652,897,2025-01-15 18:07:26.095084,Phone,Low,True,0
1393,4532,2429,2025-04-29 11:00:36.645178,Web,High,True,0
1394,320,4100,2024-11-01 17:00:34.632467,Store,High,True,50
1395,2401,4072,2024-01-24 09:28:44.250985,Social Media,Informational,False,0
1396,2157,2142,2024-11-13 12:10:44.828318,Web,Low,True,0
1397,3643,559,2025-07-07 21:04:39.025762,Store,Informational,True,0
1398,4983,2959,2025-07-04 11:15:12.541334,App,Low,True,0
1399,3053,784,2025-09-01 03:17:37.833321,Social Media,Low,True,0
1400,749,842,2025-05-12 13:20:03.288053,Phone,High,True,50
1401,1672,1009,2024-05-09 05:49:44.655167,App,Low,False,0
1402,3271,1121,2025-06-23 16:13:49.486986,Store,Medium,True,0
1403,2147,4444,2025-04-06 08:30:20.912679,App,Medium,True,5
1404,3046,1954,2024-03-26 15:35:14.908723,Store,Low,True,0
1405,4097,3948,2025-01-12 12:18:38.698637,Social Media,Medium,True,0
1406,4371,2157,2024-09-20 09:33:31.574304,Phone,Medium,True,0
1407,3460,2219,2025-08-23 08:39:27.112765,Phone,High,True,0
1408,496,499,2025-03-20 13:58:23.959682,App,High,True,0
1409,575,3020,2025-06-27 11:44:26.322820,Web,Informational,True,0
1410,4793,2709,2025-11-18 18:14:24.475808,Social Media,Informational,True,0
1411,1801,1018,2025-10-24 12:27:38.072918,Social Media,Low,True,25
1412,897,144,2024-04-05 16:48:08.433477,Phone,High,False,0
1413,4469,2611,2025-06-27 13:16:07.179289,Store,Low,True,0
1414,2617,4831,2025-02-15 11:13:19.271302,Social Media,Medium,True,0
1415,4252,2033,2024-09-28 18:36:46.963754,Web,Informational,False,0
1416,950,1386,2024-06-03 08:41:41.442271,Web,Low,True,0
1417,2948,2795,2024-09-21 13:57:12.468390,Phone,Medium,True,15
1418,4096,2272,2024-12-30 17:39:49.026060,Social Media,Low,True,5
1419,2949,3463,2024-01-24 13:34:01.504141,Social Media,Medium,True,0
1420,2760,4875,2025-11-14 11:18:53.098227,Social Media,Informational,True,0
1421,3620,245,2025-08-17 15:47:32.635574,Web,High,True,0
1422,3046,2526,2024-03-26 13:43:49.477728,App,Medium,True,0
1423,2727,4818,2025-04-11 11:34:06.752259,Store,Informational,True,0
1424,3823,4102,2024-02-06 15:05:17.535436,Social Media,High,True,50
1425,3513,2013,2024-05-27 17:39:15.145536,Web,Low,True,15
1426,3296,4943,2025-09-19 10:35:08.672877,Social Media,Informational,True,0
1427,479,124,2025-04-12 05:19:25.686589,Store,Low,True,20
1428,1724,3850,2025-03-03 08:53:58.972014,Social Media,Low,True,0
1429,375,224,2024-03-05 03:43:33.481942,Phone,Low,True,0
1430,2016,2427,2024-01-18 13:26:01.688623,Phone,Informational,False,5
1431,2437,2285,2025-02-16 13:14:18.562194,Social Media,Medium,True,0
1432,4842,1869,2025-01-20 14:30:06.621434,Phone,Informational,True,0
1433,3083,3102,2024-08-06 21:10:18.183034,App,Low,True,0
1434,4187,3991,2024-04-06 19:30:06.943585,Social Media,High,True,0
1435,625,1085,2024-09-09 07:33:25.169498,Store,Medium,True,5
1436,4842,2785,2025-01-20 13:41:41.377978,Web,Medium,True,0
1437,336,59,2025-11-13 11:12:56.867279,Web,Medium,True,10
1438,4613,3645,2025-04-26 19:41:44.908267,Web,Low,True,0
1439,2685,4285,2025-11-22 15:00:51.584605,Phone,Medium,True,0
1440,4555,3735,2024-03-10 14:15:59.051300,App,Medium,True,5
1441,3530,568,2024-07-31 06:22:37.903848,Store,Informational,False,5
1442,4781,744,2024-02-22 17:38:27.305521,Phone,Informational,True,0
1443,849,1781,2024-10-23 05:56:57.202295,Social Media,High,True,0
1444,3346,84,2024-06-01 21:59:55.088616,Store,High,True,5
1445,1275,4397,2025-11-17 16:20:24.063251,Store,Low,True,5
1446,3544,1887,2025-01-22 15:19:01.844680,Social Media,Low,True,0
1447,1447,2452,2025-01-16 18:16:07.774635,Store,Low,True,0
1448,1851,3019,2025-04-21 18:27:00.902161,Phone,High,True,0
1449,742,8,2025-09-24 21:32:50.828694,Social Media,Medium,True,0
1450,4122,1720,2025-05-23 12:15:22.197305,Store,Low,True,0
1451,3095,3231,2024-07-25 09:27:42.843587,Phone,Low,True,0
1452,4355,1601,2025-09-08 00:37:39.485800,Web,Informational,True,0
1453,1137,729,2025-01-21 12:14:44.038983,Web,High,True,0
1454,3620,4410,2025-08-17 14:13:02.255581,Store,High,True,10
1455,154,3410,2024-06-26 05:19:43.647970,Store,Low,False,0
1456,1938,3595,2024-06-29 09:38:40.342089,Web,Informational,False,0
1457,1631,3887,2024-01-27 17:58:37.910757,Phone,Medium,False,0
1458,4824,1933,2024-10-30 14:19:36.379433,Store,Medium,True,0
1459,2186,4741,2025-01-07 15:18:03.737621,Social Media,High,True,0
1460,4449,3283,2024-10-30 22:17:31.799635,Social Media,Medium,False,0
1461,4004,559,2025-02-04 15:17:36.895732,Social Media,Low,True,0
1462,3900,3344,2024-05-09 15:57:59.442522,Web,Medium,False,5
1463,1871,4258,2024-11-20 18:38:53.807936,Store,Medium,True,10
1464,2699,2147,2025-08-07 23:16:03.872512,Phone,Low,True,0
1465,342,2351,2024-01-31 11:00:07.707101,Store,Informational,True,5
1466,3916,453,2024-04-03 17:05:51.041299,Phone,Medium,True,0
1467,3695,460,2025-01-24 09:25:37.486449,App,Medium,True,15
1468,3798,1706,2025-10-03 05:09:09.356306,Phone,Medium,True,5
1469,1998,2942,2025-07-23 02:53:21.565361,App,Low,False,0
1470,4401,3826,2025-03-19 16:31:56.214764,Social Media,Informational,True,0
1471,788,289,2025-08-08 15:39:06.312595,Social Media,Informational,True,0
1472,244,4018,2024-02-23 12:31:29.757106,Store,High,True,0
1473,1822,1067,2024-12-13 15:02:10.087951,Web,Low,True,50
1474,2105,3497,2024-11-21 15:16:56.861061,Store,Informational,True,0
1475,1154,1283,2025-02-27 06:36:14.969930,App,Medium,True,15
1476,207,3797,2025-07-28 00:30:34.814965,Social Media,Informational,True,0
1477,2762,4132,2025-09-04 17:02:42.855264,Web,Informational,True,0
1478,4187,446,2024-04-06 15:37:36.638591,Phone,Medium,True,0
1479,552,3374,2025-02-16 09:09:08.083824,Web,Low,True,0
1480,3890,3450,2024-05-19 20:40:09.376506,Store,Medium,True,0
1481,2266,2493,2024-04-11 10:51:32.899173,Social Media,Medium,True,5
1482,1436,4336,2025-10-08 03:34:20.375170,Social Media,Low,True,0
1483,2484,305,2025-04-11 02:19:28.604690,Phone,High,True,0
1484,1334,2145,2024-04-20 14:57:52.520673,Social Media,High,True,0
1485,1898,2307,2025-04-23 07:57:19.061928,Store,Informational,False,0
1486,209,3438,2024-11-02 10:07:17.662839,Store,Informational,True,0
1487,4688,3284,2024-06-30 10:00:04.963447,Store,Medium,True,10
1488,2396,3146,2024-08-04 21:56:48.744669,Store,High,True,15
1489,4050,2190,2025-08-20 09:25:51.083165,Social Media,High,False,0
1490,3895,590,2024-07-30 09:26:11.393073,App,Informational,True,0
1491,124,3512,2024-07-25 08:59:16.209513,Web,Informational,True,0
1492,1966,556,2024-12-08 19:26:39.434098,App,Medium,False,0
1493,2972,934,2025-04-24 14:39:21.375982,Store,High,True,0
1494,4644,4915,2025-02-17 14:19:07.974155,Store,Medium,True,5
1495,2130,1742,2025-02-14 15:58:29.385903,Social Media,Low,True,50
1496,3275,2329,2024-12-20 11:47:51.627769,Phone,Low,True,0
1497,566,4933,2025-10-09 14:53:19.530015,Phone,Low,True,0
1498,2846,812,2025-05-25 19:20:09.338660,Phone,Low,True,0
1499,4665,2873,2024-10-03 00:35:36.757880,Phone,Low,True,0
1500,4000,1189,2025-05-20 16:00:26.883861,Social Media,High,True,0
1501,41,4171,2024-05-16 04:20:18.638914,Phone,Medium,True,0
1502,2637,4974,2024-04-24 00:57:32.633669,Phone,High,True,30
1503,4628,4564,2025-02-17 15:26:03.258217,Social Media,High,True,0
1504,4278,3315,2024-11-11 09:27:33.459641,Web,Medium,True,0
1505,896,2653,2024-03-17 09:22:10.896746,App,Informational,True,0
1506,1631,4733,2024-01-27 17:38:09.342003,Web,Low,True,0
1507,56,3143,2025-08-03 15:03:24.709007,App,High,True,0
1508,3519,3908,2024-02-04 12:32:15.097303,Web,Medium,True,0
1509,830,258,2024-08-03 05:40:58.777714,Phone,High,True,0
1510,3048,119,2025-06-06 15:02:13.327829,App,Medium,True,0
1511,1668,95,2024-06-15 16:53:26.682912,Web,Medium,True,10
1512,2214,750,2025-10-11 16:49:18.735620,Store,High,True,50
1513,2531,2256,2024-12-07 16:32:56.525443,Phone,High,True,0
1514,3040,2960,2025-11-04 16:20:54.230448,Social Media,Medium,True,0
1515,3916,1687,2024-04-03 17:45:46.647042,Web,Medium,True,0
1516,4288,2069,2024-01-17 16:02:43.478230,Store,High,True,0
1517,335,2171,2025-02-28 12:35:20.879625,Web,Low,True,0
1518,2424,1144,2024-08-13 08:56:04.395712,Store,Informational,True,0
1519,3889,3803,2025-02-26 16:08:46.887278,Web,Medium,True,0
1520,2445,47,2025-08-24 18:16:57.404691,Social Media,Low,True,0
1521,2933,502,2025-05-10 00:21:59.481367,Store,Medium,False,0
1522,1636,265,2025-06-03 17:48:34.499356,App,Medium,True,0
1523,3620,3562,2025-08-17 13:56:26.920482,Store,High,True,0
1524,3806,2377,2024-07-12 16:01:14.408780,Social Media,Medium,True,0
1525,526,691,2025-08-29 08:55:30.769425,App,Low,True,0
1526,1618,290,2024-04-25 21:20:27.990216,Store,High,True,0
1527,482,1179,2025-05-03 04:05:14.969111,App,Informational,True,0
1528,2976,2498,2024-10-20 18:48:28.587329,Social Media,Informational,False,0
1529,1323,179,2025-03-06 17:46:36.503262,Store,Medium,True,0
1530,1700,4536,2025-05-11 12:55:01.412151,Phone,Medium,True,0
1531,2173,2485,2025-08-11 20:58:46.548504,App,Medium,False,0
1532,3487,1696,2025-08-21 22:28:41.992250,Phone,Low,True,0
1533,1383,2984,2025-12-26 12:07:23.446298,Store,High,True,0
1534,113,507,2025-12-31 10:16:46.465682,Store,Informational,True,0
1535,1578,713,2025-04-03 12:30:26.275324,Web,Medium,False,10
1536,2296,384,2024-08-01 11:02:21.745556,Phone,Low,True,50
1537,1919,1905,2024-08-22 13:39:25.139435,App,Medium,True,5
1538,1657,2122,2025-03-20 19:57:55.113535,Web,Medium,True,0
1539,912,587,2025-09-17 17:51:09.400908,Social Media,High,True,0
1540,2104,490,2024-03-29 21:15:41.277389,App,Informational,True,0
1541,3737,99,2025-09-25 15:26:36.643154,App,Medium,True,15
1542,4907,2970,2025-09-06 13:33:07.693654,Web,Medium,True,0
1543,1594,3851,2025-11-03 13:39:52.272515,Phone,Medium,True,0
1544,3107,2285,2024-10-23 13:03:40.259365,Social Media,High,True,0
1545,1713,4966,2024-11-13 19:55:05.510861,Social Media,Low,True,0
1546,649,2206,2024-07-03 10:57:41.777441,Social Media,High,True,0
1547,1670,1411,2025-08-04 16:08:51.452040,Phone,Informational,True,0
1548,843,4027,2024-02-29 14:56:40.548956,App,Low,True,0
1549,3548,338,2024-11-20 11:13:26.627188,App,Low,True,0
1550,232,3666,2024-07-17 01:58:50.603163,App,Low,True,0
1551,2638,1760,2025-04-04 21:45:13.577821,App,Low,True,50
1552,4520,3369,2024-11-10 13:32:38.059943,Social Media,Medium,True,0
1553,108,3937,2025-12-03 08:27:47.985165,Web,Informational,True,0
1554,2378,2410,2025-08-12 23:57:29.025071,Web,High,True,0
1555,371,1204,2025-03-07 15:55:53.740860,Social Media,Low,False,50
1556,463,648,2024-11-22 14:12:20.008981,Web,Medium,True,0
1557,905,3910,2025-03-12 15:00:23.778233,Web,Medium,True,0
1558,828,4268,2024-01-20 09:59:54.485429,Phone,Informational,False,0
1559,2984,697,2024-05-21 13:34:13.951801,Store,Informational,True,0
1560,3162,1696,2024-02-21 16:01:01.115529,Phone,Informational,True,15
1561,1597,4054,2025-07-21 19:07:33.999112,Web,Medium,True,0
1562,4757,1541,2025-01-29 11:04:54.362084,Phone,Low,True,0
1563,4223,2603,2024-12-29 12:36:45.316252,Web,Medium,True,0
1564,3001,3699,2025-06-06 13:37:15.130975,Web,Low,True,0
1565,834,897,2024-01-31 11:45:03.329621,Store,High,True,0
1566,3739,4137,2025-05-09 11:57:09.432578,Social Media,Medium,False,30
1567,3553,741,2024-03-04 18:10:59.962405,Social Media,Low,True,0
1568,2930,555,2024-12-22 18:32:50.210056,Web,Medium,True,0
1569,3035,2035,2025-09-19 08:11:47.671462,Social Media,Medium,True,15
1570,1231,1263,2024-10-30 19:05:04.457218,Social Media,Low,False,0
1571,698,709,2025-02-14 21:09:00.274518,Phone,Informational,True,0
1572,1276,4381,2024-09-19 09:25:27.567017,Social Media,High,True,0
1573,2143,3388,2024-08-21 10:33:17.077484,Social Media,Informational,True,0
1574,4588,1204,2025-03-16 17:06:41.985433,Phone,Medium,True,0
1575,2882,4314,2024-05-01 20:38:58.601503,Phone,High,True,0
1576,2487,3163,2024-04-12 23:29:18.007327,Store,Informational,False,0
1577,3765,3085,2025-08-28 11:30:17.117801,Store,High,True,20
1578,1567,1644,2024-10-16 02:09:18.692058,Social Media,High,True,0
1579,3485,4650,2025-06-03 10:36:02.246771,Phone,Low,True,0
1580,1679,3319,2025-12-14 15:53:28.872177,Phone,Informational,False,0
1581,2219,1279,2025-02-23 11:01:07.532412,Store,Informational,True,0
1582,2669,754,2025-07-19 12:46:12.606955,Phone,High,True,0
1583,2182,3143,2024-08-13 04:48:16.895020,Social Media,Low,True,10
1584,4028,657,2024-03-10 11:02:10.648400,Web,High,False,30
1585,2142,3014,2025-03-04 18:50:54.428707,App,Low,True,10
1586,3444,3263,2025-05-16 22:37:31.457393,Social Media,Medium,True,0
1587,4402,2103,2025-08-22 00:13:55.001952,Social Media,Informational,True,0
1588,3818,3416,2025-10-28 17:26:41.059600,Social Media,Medium,True,0
1589,3095,3923,2024-07-25 08:20:16.109122,Store,Informational,True,0
1590,3199,1,2024-10-14 21:05:39.827375,Phone,Low,True,25
1591,3294,4620,2024-08-02 07:16:20.461025,Social Media,Medium,True,0
1592,3476,3566,2024-05-13 09:02:41.501002,Store,Informational,True,5
1593,4016,4773,2025-12-17 17:28:01.613494,Web,Low,True,0
1594,3084,1383,2024-03-28 02:39:52.813381,Phone,Low,True,0
1595,1082,1519,2024-02-01 12:27:45.644895,Social Media,Medium,True,0
1596,3595,4627,2025-11-16 08:16:33.866926,Social Media,Medium,True,0
1597,560,4531,2025-03-15 06:09:58.376350,Web,Medium,True,0
1598,746,3963,2025-10-27 15:28:43.477885,Social Media,Informational,True,10
1599,4121,4031,2025-03-12 19:18:03.808298,Web,Low,True,0
1600,3374,1713,2024-06-05 09:31:53.065532,Phone,Low,True,0
1601,923,3510,2025-10-29 04:00:34.318662,Social Media,Low,True,15
1602,744,747,2025-12-29 01:25:17.084514,App,Medium,True,0
1603,1328,964,2024-08-29 14:29:55.119924,Social Media,Medium,True,0
1604,2844,1985,2025-07-22 19:15:18.151565,Store,High,True,0
1605,3638,3862,2024-12-03 16:50:16.856349,Phone,High,True,0
1606,670,1154,2025-06-15 10:12:06.449841,Store,Medium,True,25
1607,2757,3093,2025-08-02 13:38:06.610173,Store,Informational,True,0
1608,114,99,2024-07-24 04:38:58.485128,App,Informational,True,10
1609,4508,1785,2024-01-17 13:04:30.559336,Store,Medium,True,0
1610,1820,4548,2024-04-27 11:50:53.114805,Social Media,Medium,True,5
1611,3562,1661,2025-02-09 21:23:53.792564,App,Low,True,0
1612,1000,1282,2024-07-16 22:38:29.498479,Web,Medium,True,0
1613,2744,2084,2025-09-28 08:11:07.858266,Social Media,Informational,True,20
1614,2728,4438,2025-07-28 18:48:37.103399,Phone,Medium,True,0
1615,1551,355,2024-08-07 05:47:26.610038,Store,Low,True,10
1616,4015,1322,2024-01-07 12:42:24.473848,Phone,High,True,5
1617,1915,1369,2025-08-08 15:30:35.195571,Web,Medium,True,0
1618,4160,2232,2025-04-05 12:44:27.598333,Social Media,Informational,True,0
1619,825,3285,2024-09-19 10:14:32.023385,Phone,High,False,0
1620,719,246,2025-12-16 17:56:44.400261,App,Informational,True,0
1621,667,4320,2024-12-09 02:56:06.359168,App,High,True,0
1622,4450,2077,2024-11-17 12:53:42.874282,Social Media,Medium,True,0
1623,1355,1512,2024-03-01 15:28:00.230175,Web,Medium,True,10
1624,3796,1222,2025-11-30 23:13:33.199658,Store,Low,True,0
1625,191,4507,2025-08-22 12:07:37.369055,Social Media,Low,True,0
1626,1790,4434,2024-05-30 18:33:10.130381,Store,High,True,0
1627,4854,2321,2025-10-29 16:05:04.436726,Phone,Medium,True,0
1628,203,2540,2025-08-19 19:37:43.696504,Store,Medium,True,0
1629,4748,3649,2025-02-03 09:21:13.279061,Web,Medium,True,0
1630,1648,3069,2025-06-19 10:10:27.448703,Phone,Low,False,15
1631,3401,3769,2025-08-11 12:59:42.536625,Store,Informational,True,0
1632,4891,4075,2024-01-02 23:33:51.692404,Web,High,False,0
1633,2062,4122,2025-07-27 21:56:09.676554,Store,Low,True,0
1634,4705,1982,2024-03-02 01:19:56.385176,App,Informational,True,0
1635,3140,3652,2024-10-21 10:48:42.323472,Web,Low,True,0
1636,2263,1496,2025-06-16 13:25:14.837547,Social Media,Medium,True,15
1637,3721,1575,2024-02-16 02:31:41.965374,Phone,Medium,False,0
1638,2843,949,2025-10-10 17:30:25.010669,Phone,Medium,True,0
1639,3509,2405,2024-10-10 09:30:11.663073,Social Media,High,True,0
1640,1074,170,2025-12-26 15:50:13.150121,Store,Medium,False,0
1641,3815,3802,2025-10-11 12:55:16.341293,Social Media,Medium,True,0
1642,1664,3013,2025-01-02 00:19:56.422022,Store,High,True,0
1643,436,2232,2024-04-14 14:09:45.083673,Web,High,False,0
1644,3605,4278,2024-12-09 16:22:16.540284,Phone,Medium,True,0
1645,3893,1012,2024-04-18 18:02:56.553346,Web,High,True,5
1646,2242,1341,2025-11-14 13:55:11.297462,Social Media,Informational,True,10
1647,4467,2762,2024-06-20 00:07:26.220796,Phone,Low,True,0
1648,1368,2172,2025-06-09 18:10:01.121139,Web,Low,True,10
1649,2892,4899,2024-01-13 17:46:15.759495,Social Media,High,True,0
1650,108,4199,2025-12-03 08:11:54.982345,App,Low,True,50
1651,3285,4346,2024-11-05 11:49:26.627752,App,Informational,True,0
1652,44,2511,2025-12-20 14:47:40.760847,Social Media,Informational,True,0
1653,4202,2017,2024-08-05 15:29:26.784014,Store,Low,True,0
1654,2604,2350,2024-03-18 19:48:37.925167,Phone,Medium,True,0
1655,2930,1430,2024-12-22 17:49:41.045038,Phone,Medium,True,0
1656,1855,4985,2024-12-23 10:13:08.135145,Phone,High,True,0
1657,3422,4736,2025-10-05 14:52:22.446117,Store,Low,True,20
1658,4418,2318,2025-03-13 08:13:54.748469,Web,Informational,True,0
1659,1850,219,2025-05-13 17:08:15.751748,App,Medium,False,0
1660,4928,715,2024-11-19 06:26:55.792035,Web,High,True,0
1661,3605,739,2024-12-09 17:06:44.219212,Phone,High,True,0
1662,144,823,2024-12-22 09:14:34.540762,App,Medium,True,0
1663,1725,3026,2025-08-19 04:32:09.694654,Store,Medium,True,0
1664,2659,2067,2025-06-08 06:44:39.132564,Social Media,Informational,False,0
1665,237,4336,2024-10-29 21:57:13.057324,App,Low,True,0
1666,1863,3104,2025-03-23 12:50:37.577099,Social Media,Medium,True,0
1667,1680,1358,2025-07-10 10:42:34.473101,App,High,True,0
1668,780,3819,2025-08-11 09:45:35.306473,Store,Low,True,0
1669,100,2384,2025-09-14 18:25:49.820118,Web,High,True,50
1670,1137,1668,2025-01-21 12:13:45.968246,App,Medium,True,0
1671,1403,3573,2025-05-26 17:30:22.532875,Social Media,Informational,True,0
1672,3837,1764,2024-08-07 10:31:58.273255,App,Medium,True,0
1673,4160,3841,2025-04-05 14:22:55.613241,Social Media,Low,True,0
1674,1058,1189,2025-09-23 17:59:01.029700,Social Media,Low,True,50
1675,2421,2778,2024-05-06 15:09:35.488802,Social Media,Low,True,0
1676,4084,1808,2025-05-28 11:45:45.132952,App,Medium,True,0
1677,3649,3545,2024-01-27 13:23:12.160747,Web,Informational,True,0
1678,916,2742,2025-01-25 11:49:34.485811,Social Media,Informational,True,0
1679,3299,2250,2024-05-20 17:39:25.036982,Web,Informational,True,0
1680,2949,1315,2024-01-24 14:38:38.346251,Social Media,High,True,0
1681,3714,4766,2025-02-20 17:42:11.902036,Web,Informational,True,0
1682,920,4074,2024-05-08 06:16:55.310412,Store,High,True,0
1683,1986,4909,2025-05-05 16:06:10.688451,Web,Informational,True,0
1684,352,329,2025-11-18 15:26:43.506324,Store,Medium,True,0
1685,271,1711,2025-01-23 14:06:08.692526,App,Informational,True,0
1686,4363,2117,2025-05-18 02:37:44.780278,Store,Low,True,20
1687,3026,1365,2025-09-07 07:40:32.083210,App,Informational,True,0
1688,191,4608,2025-08-22 09:47:57.109413,Web,High,True,0
1689,3164,2372,2024-11-16 10:45:03.549633,Store,Informational,True,0
1690,2824,1979,2025-10-14 10:30:34.368150,Phone,Medium,False,0
1691,1704,2516,2025-11-13 11:06:13.036484,Web,Informational,True,0
1692,3730,3616,2025-12-06 11:24:53.156432,Phone,High,True,0
1693,4236,4966,2024-10-14 18:11:37.103824,Phone,Informational,True,0
1694,2193,2465,2025-04-05 12:21:46.822634,Phone,Medium,True,10
1695,3645,150,2024-11-29 18:01:59.998005,Store,Low,False,0
1696,3794,2688,2024-01-22 11:20:49.182009,Social Media,Low,True,0
1697,86,3964,2025-04-15 17:49:39.088047,Web,Medium,True,0
1698,4083,3612,2025-08-06 12:04:44.172382,App,Low,False,0
1699,4891,4498,2024-01-03 01:42:37.926040,Phone,High,True,0
1700,1277,109,2024-08-09 12:36:27.383587,Social Media,High,True,15
1701,1947,2896,2024-01-13 18:04:39.262897,Store,Low,True,0
1702,1496,2913,2025-07-05 11:11:48.211259,Phone,Low,True,0
1703,1498,164,2025-04-29 06:59:27.205793,Web,Medium,True,0
1704,680,4933,2024-06-04 15:05:53.665860,Phone,Informational,True,0
1705,2755,2336,2025-01-16 04:47:18.132843,Phone,Low,True,0
1706,3418,1353,2024-09-22 01:47:35.845774,Web,High,False,0
1707,2211,1717,2024-05-20 02:05:04.741973,Phone,Medium,True,0
1708,2555,4516,2024-08-06 11:04:30.695389,Phone,Low,False,0
1709,2613,3328,2024-03-05 16:05:09.260018,App,High,True,50
1710,4722,3028,2025-02-05 16:31:06.266279,Web,Medium,True,0
1711,1395,2370,2024-09-20 11:04:37.203983,Store,Low,False,0
1712,3344,988,2025-11-08 01:33:40.068623,App,Low,True,0
1713,613,4487,2025-09-04 06:04:05.249459,Web,Informational,True,0
1714,2153,3032,2025-08-13 17:50:12.417510,Store,Informational,True,0
1715,1993,1534,2025-11-16 17:24:13.572992,Web,Informational,True,0
1716,2231,1081,2025-12-19 09:17:50.176322,App,High,True,50
1717,2835,1097,2024-06-22 18:37:58.408358,Web,High,False,0
1718,1245,4599,2025-12-14 11:24:37.561162,Phone,Medium,True,15
1719,4785,4408,2025-10-25 06:35:11.165140,App,High,True,0
1720,4758,4362,2025-12-31 13:05:11.167319,Phone,High,True,0
1721,3485,4881,2025-06-03 09:44:30.941901,App,High,True,0
1722,3651,2957,2025-09-05 18:40:36.526259,App,High,True,0
1723,3409,2557,2024-04-24 13:23:43.587655,Web,Low,True,0
1724,3222,475,2025-03-10 19:26:35.105162,Phone,High,True,0
1725,1412,3313,2025-12-16 11:27:30.486296,Social Media,Informational,True,0
1726,4209,711,2025-09-09 10:05:30.931162,Web,Low,True,0
1727,700,4176,2024-01-05 15:21:55.492114,Web,Low,True,0
1728,178,4911,2025-07-30 23:13:58.272973,Phone,Informational,True,30
1729,2882,1838,2024-05-01 18:59:39.757229,Social Media,Medium,True,30
1730,4789,2596,2024-09-02 02:40:43.431036,Web,Informational,True,5
1731,1943,3961,2024-05-16 10:29:04.375825,Social Media,High,True,0
1732,1322,86,2024-01-05 19:24:15.854530,Web,Medium,True,0
1733,1847,4694,2025-06-12 23:49:54.940361,Web,Medium,True,0
1734,247,2718,2024-11-01 19:46:47.365704,Phone,Informational,True,0
1735,465,2698,2024-07-04 18:44:08.804773,Social Media,Low,True,0
1736,4690,4824,2024-10-18 15:59:36.415293,Store,Informational,True,0
1737,3209,3626,2025-02-28 11:26:00.604275,Store,Medium,True,0
1738,594,29,2025-08-12 11:39:28.774168,Social Media,Informational,True,0
1739,1228,851,2024-06-05 17:03:50.411562,Store,Medium,True,0
1740,1795,1623,2025-01-29 12:22:26.096067,Social Media,Informational,False,25
1741,3095,1916,2024-07-25 08:30:55.466991,Social Media,High,False,0
1742,3406,2270,2025-08-25 08:55:03.196235,Social Media,Medium,True,0
1743,1841,391,2024-06-18 12:24:58.598245,Social Media,High,False,0
1744,2949,2952,2024-01-24 13:59:25.799981,Web,Medium,True,0
1745,1328,3999,2024-08-29 15:30:59.940420,Social Media,Low,True,0
1746,4377,3790,2024-01-20 13:41:10.950155,Social Media,High,True,0
1747,1809,4729,2025-09-18 14:03:50.835271,Phone,Low,True,0
1748,3208,160,2024-03-05 08:31:59.744821,Store,Medium,True,0
1749,859,1395,2024-11-17 20:09:25.503250,App,Low,True,0
1750,4994,1484,2024-12-07 17:36:17.990962,App,Medium,True,5
1751,147,3275,2025-05-11 21:25:41.752975,Social Media,High,True,0
1752,3003,2921,2024-01-16 14:26:56.654955,App,Low,True,15
1753,1654,4074,2025-03-29 15:44:25.162599,Social Media,High,True,0
1754,4707,4964,2024-09-25 16:40:14.051821,Social Media,Medium,True,0
1755,3665,2450,2024-01-29 05:01:42.690763,Social Media,Medium,True,0
1756,3752,586,2025-09-29 17:40:40.630023,Social Media,High,True,0
1757,1495,4200,2024-10-23 09:38:39.368554,Store,Low,True,5
1758,1492,3487,2024-12-07 16:55:16.913488,Phone,Medium,True,0
1759,3762,4489,2025-04-02 13:14:27.440999,Phone,Informational,True,0
1760,1745,3447,2025-10-17 10:07:47.868622,Phone,Low,True,0
1761,2465,881,2025-08-03 18:06:50.709681,App,High,True,0
1762,4149,1699,2025-04-02 18:24:07.268719,Store,Medium,True,10
1763,3889,3868,2025-02-26 16:49:26.378852,App,Informational,False,0
1764,2478,2417,2024-06-28 20:33:28.750588,Phone,Low,False,0
1765,4512,324,2024-03-18 11:57:35.138935,App,High,True,0
1766,1235,322,2025-05-31 16:39:37.276659,App,Low,True,0
1767,1221,115,2025-09-06 01:47:17.127138,Phone,Informational,False,0
1768,2972,2478,2025-04-24 14:12:57.691066,Web,Medium,True,0
1769,1790,4113,2024-05-30 19:56:38.017235,Phone,High,False,0
1770,743,3862,2025-03-05 17:08:29.358053,Phone,Medium,True,25
1771,4379,4132,2024-04-02 09:07:56.078502,Phone,Low,False,0
1772,3716,253,2024-08-06 21:01:02.900517,Social Media,Low,True,10
1773,1983,1442,2024-03-13 13:30:41.314901,App,Medium,False,0
1774,1684,917,2024-10-16 19:56:14.023812,Store,Informational,False,0
1775,4712,1294,2025-08-28 12:55:16.439097,Social Media,Informational,False,0
1776,4181,2569,2025-05-25 14:16:00.392736,App,Low,True,0
1777,1148,2518,2024-08-21 11:21:22.555724,Phone,Medium,False,0
1778,4509,575,2025-10-26 20:01:23.426153,Social Media,Medium,False,0
1779,978,2993,2025-02-14 20:27:03.101153,Store,Medium,True,0
1780,1444,2189,2025-07-10 13:57:42.149329,App,Low,True,0
1781,2361,2346,2024-01-17 12:20:27.364753,Web,Medium,False,0
1782,694,273,2024-03-26 02:19:02.273329,Store,Medium,True,0
1783,2910,670,2025-04-17 14:42:39.003849,Store,Medium,True,0
1784,3403,3848,2024-06-15 18:26:20.510428,App,Medium,False,0
1785,377,2234,2025-07-23 14:46:53.494014,App,Informational,True,0
1786,1218,150,2024-04-28 15:44:25.939212,Phone,High,True,0
1787,3436,4973,2025-06-17 15:42:05.100733,Web,Informational,True,0
1788,3640,4572,2024-05-11 04:27:54.235726,Store,Low,True,0
1789,605,2085,2024-02-02 10:59:45.380620,Store,Informational,True,0
1790,4961,4555,2024-09-28 21:25:57.629908,Web,Medium,True,0
1791,2158,2232,2024-10-04 17:15:54.485905,App,Low,True,0
1792,278,4599,2025-10-22 16:20:54.541025,Web,Informational,True,0
1793,896,3526,2024-03-17 09:31:10.867352,App,Low,True,0
1794,1975,1019,2025-11-24 13:19:32.269756,Social Media,High,True,0
1795,743,2703,2025-03-05 17:00:00.927318,Social Media,Informational,True,10
1796,2450,12,2025-03-13 11:50:58.399055,Web,High,True,0
1797,1171,1961,2024-02-21 15:02:22.749112,Store,High,True,5
1798,4372,944,2024-12-22 10:04:25.196694,Store,High,True,0
1799,3293,4690,2025-12-17 21:53:44.110676,Phone,Medium,True,0
1800,968,3329,2024-12-26 05:03:50.671269,Web,High,True,0
1801,4939,1172,2025-04-29 14:22:57.960415,Social Media,Informational,True,0
1802,3455,3249,2025-04-17 14:57:02.696454,Web,Low,True,0
1803,3500,2871,2025-03-28 13:22:47.549258,Store,Low,False,20
1804,2413,914,2025-10-19 15:01:06.682600,App,Medium,True,10
1805,3770,4114,2024-02-04 20:28:03.652878,App,High,False,0
1806,3912,4788,2025-02-11 14:59:39.030250,App,Informational,True,0
1807,4842,3721,2025-01-20 13:58:23.773984,Social Media,Low,True,0
1808,3961,1344,2025-12-25 03:48:18.802539,Social Media,High,True,0
1809,2420,3773,2025-02-10 15:07:58.202520,Store,High,True,0
1810,1514,2421,2025-06-26 00:28:06.453230,Web,High,True,0
1811,343,4093,2025-09-02 01:59:53.518409,App,Medium,True,5
1812,3595,1752,2025-11-16 09:25:38.950452,App,Low,True,0
1813,3823,873,2024-02-06 14:50:17.961779,Phone,Medium,True,0
1814,3983,3095,2025-05-04 19:50:10.439956,Store,Informational,True,0
1815,4549,172,2024-02-20 14:54:32.623902,App,High,True,50
1816,1413,3602,2025-05-15 07:12:58.201188,Social Media,Medium,True,15
1817,4043,4466,2025-05-18 13:33:46.954054,Store,Low,True,0
1818,4450,3936,2024-11-17 12:47:15.612440,Social Media,High,True,0
1819,1804,4423,2025-05-13 09:55:50.599574,App,Low,True,0
1820,582,3156,2024-07-22 11:18:15.410714,Web,High,False,0
1821,2319,2645,2025-10-05 12:44:56.245212,Social Media,Informational,True,10
1822,1018,4921,2024-11-09 10:44:39.219167,Store,Informational,True,0
1823,871,4294,2024-04-24 01:40:50.815202,Phone,Medium,True,0
1824,4254,866,2024-01-27 12:49:31.121798,Web,High,True,0
1825,4577,2763,2024-09-17 11:15:13.002858,Social Media,High,True,30
1826,1996,235,2024-03-15 19:59:36.273148,Phone,Informational,True,30
1827,3954,4684,2025-04-21 10:10:33.444874,Phone,High,True,0
1828,2065,4509,2024-08-14 18:28:31.027383,Store,High,True,0
1829,2394,301,2024-05-23 12:24:28.080115,App,High,True,0
1830,43,60,2024-09-21 15:06:32.195403,Phone,Medium,False,0
1831,3256,4544,2024-09-14 17:18:07.584868,Phone,Low,True,0
1832,1355,421,2024-03-01 14:20:41.669521,Web,Informational,True,0
1833,759,3224,2024-09-26 14:09:56.426833,Store,Informational,True,25
1834,1912,961,2024-04-30 18:21:36.541366,Social Media,Low,True,0
1835,2683,867,2025-01-15 19:33:02.945333,App,Informational,False,10
1836,1479,1084,2025-08-22 15:01:20.646641,Web,Low,True,0
1837,948,2360,2024-07-07 14:01:06.125574,Store,Informational,True,0
1838,132,4630,2024-12-16 16:03:18.739768,App,Informational,True,25
1839,3198,4514,2024-01-12 21:29:12.267386,Store,Low,True,0
1840,2609,1431,2024-12-25 10:12:36.736970,Store,High,True,0
1841,92,3202,2025-02-27 11:10:02.256396,App,High,True,5
1842,1440,4601,2025-08-24 01:06:50.507441,Store,Informational,True,0
1843,3301,4226,2025-06-17 04:18:46.736253,Social Media,High,True,0
1844,3527,4883,2024-04-23 14:18:41.611895,App,Low,True,0
1845,4414,2561,2024-07-07 12:01:11.607718,Web,Low,True,0
1846,4113,164,2024-01-06 10:30:57.473088,Social Media,Medium,True,0
1847,141,1250,2024-05-24 12:12:48.834001,Social Media,High,True,0
1848,1516,2245,2025-04-09 21:30:21.546647,Social Media,Low,True,0
1849,2386,3978,2025-05-13 00:29:31.086775,App,Medium,True,0
1850,976,3,2024-08-19 13:38:58.977623,Store,Low,True,0
1851,4847,4989,2025-05-02 16:40:46.750392,Store,Low,True,0
1852,3894,3265,2025-08-05 23:09:08.321536,App,Medium,True,0
1853,4606,3241,2025-04-11 03:53:02.030561,Web,High,True,0
1854,1312,1740,2024-09-15 18:55:33.910993,Social Media,Low,True,0
1855,3814,3343,2024-02-13 13:05:51.228037,App,Low,True,0
1856,672,2026,2024-03-17 12:29:48.656862,Web,Medium,True,0
1857,2430,4089,2025-03-03 14:04:11.091137,Phone,Low,True,10
1858,3836,3725,2024-05-21 12:58:30.177770,Web,Low,True,0
1859,3691,3769,2025-11-04 09:24:31.451292,Store,High,False,0
1860,2361,3039,2024-01-17 12:28:59.666621,Social Media,High,True,0
1861,232,2253,2024-07-17 02:08:56.828720,Web,Low,False,0
1862,979,3489,2025-01-21 14:52:42.090525,Social Media,Low,True,0
1863,2507,2414,2025-06-24 18:51:34.675941,Store,Informational,True,0
1864,2223,1892,2025-04-26 16:44:46.468039,Web,Medium,True,0
1865,1463,4491,2024-02-19 18:23:25.891637,Store,Medium,True,0
1866,1438,1245,2024-02-08 04:35:37.661560,Store,Medium,True,0
1867,2040,760,2025-11-02 19:51:16.184213,App,Low,True,0
1868,415,2757,2025-10-07 14:44:01.669311,Social Media,Low,False,0
1869,2394,3770,2024-05-23 11:59:40.591518,Store,Medium,True,0
1870,4207,426,2025-06-11 08:48:50.955273,App,Informational,False,30
1871,1865,1674,2024-03-02 17:25:47.902400,Web,Medium,True,0
1872,4476,4841,2025-03-10 22:23:29.170556,Social Media,Informational,True,0
1873,799,3689,2025-04-08 17:47:51.387669,App,Medium,True,0
1874,468,4105,2024-12-02 17:08:19.985134,Web,Informational,True,0
1875,3689,991,2024-12-17 22:16:19.828580,App,Informational,True,0
1876,2428,2798,2025-07-15 02:56:55.176569,Social Media,Informational,True,30
1877,2080,3109,2024-11-04 18:06:09.800201,Store,Informational,True,0
1878,1384,3769,2024-10-16 11:30:20.216618,Social Media,Medium,True,0
1879,249,165,2024-11-04 13:35:55.913760,Social Media,High,True,0
1880,2941,1626,2025-05-25 10:32:08.673452,Phone,Informational,False,5
1881,922,841,2025-05-31 02:52:17.139637,App,High,True,0
1882,4512,3609,2024-03-18 13:28:28.751779,Phone,High,True,0
1883,1099,1759,2024-02-01 15:08:17.889197,App,Low,True,0
1884,2782,3379,2024-04-29 05:53:01.801885,Social Media,Informational,True,10
1885,1693,201,2025-08-06 12:44:10.689954,Social Media,Medium,False,0
1886,3614,644,2024-11-17 13:52:45.502096,Social Media,Low,False,5
1887,4267,2705,2024-01-06 12:25:34.138825,Phone,Low,True,0
1888,479,2201,2025-04-12 03:15:41.737647,Phone,High,False,10
1889,1192,2535,2024-07-09 08:34:43.663883,Phone,Informational,True,0
1890,1801,2681,2025-10-24 13:37:47.214626,App,Low,True,5
1891,2162,503,2025-05-21 04:34:44.008225,Web,Informational,True,0
1892,4250,4007,2025-03-10 05:43:55.159687,Phone,Medium,True,0
1893,1060,2578,2025-10-09 14:11:16.771684,App,Medium,True,25
1894,232,4935,2024-07-17 02:00:17.442666,App,Informational,True,0
1895,589,4392,2024-07-03 13:01:58.870174,Phone,Medium,True,0
1896,2869,4461,2024-11-29 13:03:39.159985,Web,Low,True,0
1897,1082,2320,2024-02-01 09:21:48.367663,Web,High,True,0
1898,144,4700,2024-12-22 09:32:25.986340,Store,High,True,0
1899,320,3802,2024-11-01 20:11:16.651772,Social Media,Low,True,0
1900,3159,4266,2024-10-26 15:03:35.519856,Web,Low,True,0
1901,3286,4935,2024-10-16 08:46:28.164450,Store,High,True,0
1902,850,1173,2025-02-26 06:27:32.862913,App,Low,True,0
1903,2212,2146,2024-03-04 09:51:25.422959,Social Media,Medium,True,0
1904,1451,963,2024-03-01 15:49:04.849290,Store,Medium,False,5
1905,412,718,2024-12-17 08:00:29.811253,Phone,High,True,0
1906,2513,1704,2024-09-08 13:35:35.074215,Phone,Low,True,0
1907,1472,3602,2025-09-01 17:23:26.303901,Phone,Low,True,0
1908,3981,280,2024-07-08 09:12:47.960161,Store,Informational,True,10
1909,2718,192,2025-08-26 17:30:13.367587,Store,Informational,True,0
1910,2315,4400,2025-03-08 14:29:04.947420,Store,Medium,True,0
1911,3090,2975,2025-04-21 18:56:07.651181,App,High,True,5
1912,1031,2816,2024-03-27 13:02:09.312610,Web,Informational,True,0
1913,4286,2976,2024-11-24 23:36:51.778446,Phone,Informational,True,5
1914,4312,4910,2024-11-25 19:08:32.865982,Store,High,True,5
1915,935,1430,2025-01-06 09:23:50.612088,Social Media,Low,True,0
1916,2691,1000,2024-10-25 21:24:31.918269,Web,Low,True,0
1917,3314,1249,2025-03-09 05:24:52.215723,App,Informational,True,0
1918,2424,2533,2024-08-13 08:14:50.549765,Store,Informational,True,30
1919,4528,2701,2025-01-22 01:37:02.069996,Social Media,Informational,True,0
1920,2421,4464,2024-05-06 14:29:37.801797,App,High,False,0
1921,1709,4271,2025-09-04 12:31:00.089995,Store,High,True,0
1922,3780,1032,2025-07-25 12:55:50.187451,Phone,Informational,True,0
1923,1937,3981,2024-06-05 10:41:32.260328,Phone,Medium,True,0
1924,1937,1683,2024-06-05 10:49:00.793104,Phone,Low,False,0
1925,4475,2347,2024-05-09 15:18:16.226640,App,Medium,True,0
1926,3065,3505,2024-09-21 14:50:47.388055,Social Media,Medium,True,0
1927,229,450,2025-03-04 07:29:53.240484,Phone,Low,True,0
1928,2297,3973,2025-07-22 03:42:31.139074,App,Medium,False,0
1929,2183,2814,2025-02-24 08:00:43.954211,App,Informational,False,0
1930,832,697,2024-07-13 21:11:11.311164,App,Medium,True,0
1931,2301,809,2025-07-29 10:03:27.831127,Phone,Low,True,0
1932,2876,4609,2024-01-09 14:54:20.745546,Web,High,True,0
1933,3512,1339,2025-01-13 02:49:55.520052,Web,High,True,0
1934,788,4078,2025-08-08 15:29:18.831356,Social Media,Low,True,0
1935,4030,4788,2025-09-13 21:08:05.377840,Social Media,Informational,True,50
1936,3040,2448,2025-11-04 16:22:45.867084,Web,Low,True,5
1937,2030,935,2025-02-04 06:44:11.844592,Social Media,Medium,True,25
1938,4133,4702,2024-12-25 10:48:51.729908,Social Media,High,True,0
1939,4843,2267,2024-07-15 12:23:23.669248,App,Informational,True,0
1940,409,4154,2025-10-26 18:10:45.792061,Web,High,True,5
1941,4100,639,2025-04-20 14:36:40.307190,Social Media,Low,True,0
1942,1138,3081,2024-12-01 14:43:53.723269,Web,Medium,True,0
1943,4427,3277,2025-07-27 05:46:20.481535,Store,Low,True,0
1944,3823,3157,2024-02-06 14:47:54.232851,Phone,Low,True,0
1945,2594,2857,2025-06-27 20:16:18.209707,Phone,Informational,True,0
1946,1149,1473,2024-03-07 02:42:22.178646,Phone,Medium,True,0
1947,3259,1598,2025-10-29 18:57:10.732059,Web,Medium,True,15
1948,89,2729,2024-12-19 00:37:42.574453,Phone,Medium,True,0
1949,3541,4379,2025-07-18 14:24:11.960640,Web,High,True,0
1950,3970,3740,2025-12-11 17:21:51.572879,Phone,Low,True,0
1951,2883,250,2025-04-15 13:28:09.373115,Social Media,Low,True,0
1952,1999,1322,2024-10-20 09:04:53.358180,Store,Medium,False,0
1953,1258,1390,2025-04-29 16:54:55.602474,Social Media,Low,True,0
1954,524,1228,2024-05-14 01:32:43.952760,Store,High,True,0
1955,1355,348,2024-03-01 14:35:29.068616,Social Media,High,True,0
1956,1155,2583,2025-06-24 14:54:24.008777,App,Informational,False,0
1957,302,1249,2024-08-30 15:58:43.427143,Web,Low,True,0
1958,1137,4561,2025-01-21 12:16:20.698896,Web,Low,True,0
1959,954,2007,2024-12-07 11:31:27.802392,Social Media,High,True,0
1960,3139,3087,2025-08-24 00:55:29.024941,Social Media,Medium,False,0
1961,2602,4444,2024-09-05 17:34:20.469654,Web,Informational,False,0
1962,231,1290,2024-04-24 08:12:32.578346,App,Medium,True,0
1963,2846,2365,2025-05-25 20:52:42.629501,Store,High,True,0
1964,1767,3399,2024-02-20 18:09:49.701850,Web,Low,True,0
1965,3102,4301,2025-07-19 13:21:46.989439,Web,Informational,True,0
1966,1594,90,2025-11-03 13:23:43.860743,Web,Medium,True,0
1967,1609,2726,2025-01-01 09:56:47.349199,Store,Low,True,0
1968,3694,50,2024-07-17 22:13:21.991285,Web,Low,True,30
1969,524,2007,2024-05-14 04:55:21.423793,Social Media,Medium,True,50
1970,231,2623,2024-04-24 11:17:38.977110,App,Medium,True,0
1971,3147,4251,2025-10-24 11:56:28.560227,Store,Medium,True,0
1972,3924,4850,2025-07-18 04:19:39.971564,Social Media,High,True,0
1973,2881,2358,2024-08-28 23:17:06.433564,Phone,Medium,True,0
1974,77,852,2025-03-04 17:46:06.694174,Store,Low,True,0
1975,4976,1982,2024-07-20 07:24:34.854538,Web,High,True,0
1976,4303,3241,2025-12-25 21:49:09.290000,Web,Medium,True,0
1977,2932,2420,2025-10-20 08:59:08.926878,Web,Low,True,0
1978,221,3770,2024-03-03 07:29:38.365833,App,High,False,10
1979,1693,843,2025-08-06 13:27:49.778988,App,Low,True,0
1980,3529,3291,2025-04-21 10:19:01.786578,Web,Medium,True,0
1981,3719,3801,2024-02-08 23:47:38.458923,Social Media,Informational,False,0
1982,1965,3085,2025-05-17 17:10:50.621586,Phone,High,False,0
1983,4791,102,2024-01-08 23:30:30.624536,Social Media,Informational,False,0
1984,533,1304,2025-12-18 16:34:08.234399,Web,Medium,True,0
1985,918,3768,2025-08-21 11:56:10.030066,Store,Low,False,50
1986,2274,20,2025-06-15 18:25:10.821091,Phone,Informational,True,10
1987,4582,373,2025-02-22 11:21:50.575772,Store,Low,True,0
1988,3415,1541,2024-10-20 10:29:54.618386,Store,Medium,True,0
1989,2806,126,2024-06-15 04:33:18.699292,Social Media,High,True,20
1990,4170,4245,2025-11-22 19:19:27.891597,Social Media,Medium,True,0
1991,4221,1895,2024-01-30 00:27:34.156135,Store,Informational,False,0
1992,1678,3421,2024-01-27 21:13:29.635376,Phone,Informational,True,0
1993,4473,3750,2024-02-19 15:42:33.623438,App,Informational,True,0
1994,1375,3340,2025-05-01 14:32:56.075285,Web,Low,True,0
1995,783,4963,2024-02-25 16:13:18.371172,App,Medium,True,30
1996,3176,1265,2025-03-20 20:38:51.556011,Web,Informational,True,0
1997,4659,2891,2024-03-02 09:16:56.009379,Store,Medium,True,20
1998,3689,2187,2024-12-17 23:06:52.875909,Phone,High,True,0
1999,2230,953,2025-11-08 01:34:53.183775,Store,Medium,True,0
2000,2907,2564,2025-01-12 13:49:57.905315,Social Media,Low,True,15
