SLA_ID,Incident_ID,SLA_Type,SLA_Target_Minutes,Actual_Response_Time,Actual_Resolution_Time,SLA_Complied,Performance_Score,Violation_Reason
1,1,Minor_Outage,120,3.0,19,True,0.81,None
2,2,Minor_Outage,120,10.6,30,True,0.8,None
4,4,Warning_Outage,240,2.0,4,True,0.9,None
5,5,Major_Outage,60,5.7,66,False,0.37,None
6,6,Critical_Outage,30,21.8,145,False,0.55,Vendor Delay
7,7,Minor_Outage,120,5.0,10,True,0.83,None
11,11,Major_Outage,60,5.0,10,True,0.82,None
12,12,Minor_Outage,120,1.0,2,True,0.85,None
13,13,Minor_Outage,120,20.0,40,True,0.99,None
16,16,Major_Outage,60,9.0,18,True,0.82,None
17,17,Critical_Outage,30,3.4,58,False,0.71,Vendor Delay
18,18,Major_Outage,60,1.7,13,True,0.83,None
19,19,Major_Outage,60,12.7,30,True,0.95,None
20,20,Minor_Outage,120,4.0,8,True,0.97,None
21,21,Minor_Outage,120,7.2,17,True,0.95,None
23,23,Warning_Outage,240,6.0,16,True,0.94,None
24,24,Major_Outage,60,8.1,45,True,0.89,None
25,25,Major_Outage,60,23.1,72,False,0.61,None
26,26,Minor_Outage,120,2.0,4,True,0.95,None
27,27,Warning_Outage,240,4.0,8,True,0.83,None
29,29,Minor_Outage,120,10.1,46,True,0.98,None
32,32,Critical_Outage,30,10.5,73,False,0.41,Vendor Delay
35,35,Minor_Outage,120,0.3,30,True,0.82,None
37,37,Major_Outage,60,10.8,48,True,0.94,None
40,40,Minor_Outage,120,1.1,6,True,0.81,None
41,41,Major_Outage,60,8.2,106,False,0.44,Complex Issue
42,42,Minor_Outage,120,8.1,32,True,0.85,None
44,44,Minor_Outage,120,2.8,12,True,0.87,None
45,45,Major_Outage,60,3.8,39,True,0.86,None
46,46,Warning_Outage,240,2.5,5,True,0.94,None
47,47,Warning_Outage,240,5.5,11,True,0.94,None
49,49,Major_Outage,60,2.7,46,True,0.82,None
51,51,Warning_Outage,240,4.0,8,True,0.91,None
52,52,Minor_Outage,120,12.2,33,True,0.98,None
53,53,Critical_Outage,30,19.8,86,False,0.73,Resource Unavailable
54,54,Major_Outage,60,3.9,39,True,0.83,None
55,55,Minor_Outage,120,5.0,10,True,0.93,None
57,57,Major_Outage,60,2.7,18,True,0.95,None
59,59,Minor_Outage,120,3.5,7,True,0.85,None
61,61,Major_Outage,60,9.3,59,True,0.93,None
62,62,Critical_Outage,30,6.7,52,False,0.65,None
63,63,Major_Outage,60,38.0,76,False,0.39,Part Availability
66,66,Minor_Outage,120,0.5,1,True,0.97,None
67,67,Major_Outage,60,7.9,73,False,0.46,None
68,68,Major_Outage,60,9.5,67,False,0.35,Vendor Delay
70,70,Minor_Outage,120,8.0,16,True,0.98,None
71,71,Minor_Outage,120,3.5,15,True,0.96,None
74,74,Major_Outage,60,20.8,103,False,0.69,Vendor Delay
78,78,Major_Outage,60,4.3,14,True,0.81,None
79,79,Warning_Outage,240,2.5,5,True,0.92,None
80,80,Critical_Outage,30,5.6,159,False,0.56,Resource Unavailable
81,81,Critical_Outage,30,17.5,93,False,0.34,None
82,82,Minor_Outage,120,26.0,52,True,1.0,None
83,83,Major_Outage,60,13.1,56,True,0.85,None
84,84,Minor_Outage,120,8.0,16,True,0.83,None
85,85,Critical_Outage,30,15.3,49,False,0.65,Vendor Delay
86,86,Minor_Outage,120,3.5,7,True,0.85,None
88,88,Warning_Outage,240,9.5,19,True,0.81,None
91,91,Major_Outage,60,8.2,114,False,0.38,Vendor Delay
92,92,Major_Outage,60,3.6,32,True,0.93,None
93,93,Major_Outage,60,8.7,51,True,0.93,None
94,94,Critical_Outage,30,34.5,97,False,0.31,Vendor Delay
96,96,Minor_Outage,120,1.5,3,True,0.91,None
97,97,Warning_Outage,240,2.6,13,True,0.98,None
98,98,Critical_Outage,30,10.3,166,False,0.46,Complex Issue
99,99,Critical_Outage,30,4.0,8,True,0.86,None
100,100,Major_Outage,60,8.0,16,True,0.96,None
101,101,Major_Outage,60,10.5,29,True,0.96,None
102,102,Minor_Outage,120,19.6,40,True,0.99,None
103,103,Warning_Outage,240,3.0,6,True,0.95,None
105,105,Minor_Outage,120,5.4,17,True,0.88,None
107,107,Major_Outage,60,16.1,50,True,0.99,None
108,108,Critical_Outage,30,4.1,141,False,0.46,Resource Unavailable
112,112,Minor_Outage,120,3.0,6,True,0.81,None
113,113,Minor_Outage,120,2.5,5,True,0.83,None
114,114,Warning_Outage,240,2.0,4,True,0.82,None
115,115,Minor_Outage,120,11.5,23,True,0.82,None
116,116,Major_Outage,60,15.3,43,True,0.96,None
119,119,Minor_Outage,120,3.0,6,True,0.9,None
120,120,Minor_Outage,120,10.6,24,True,0.92,None
121,121,Major_Outage,60,4.1,33,True,0.97,None
123,123,Major_Outage,60,8.8,29,True,0.81,None
125,125,Major_Outage,60,16.4,97,False,0.64,Vendor Delay
126,126,Critical_Outage,30,15.3,198,False,0.44,Part Availability
128,128,Minor_Outage,120,9.6,49,True,0.86,None
129,129,Major_Outage,60,16.9,63,False,0.78,Part Availability
130,130,Warning_Outage,240,1.3,9,True,0.86,None
131,131,Minor_Outage,120,6.0,12,True,0.99,None
132,132,Minor_Outage,120,9.5,19,True,0.88,None
134,134,Minor_Outage,120,6.5,13,True,0.97,None
135,135,Warning_Outage,240,2.5,5,True,0.96,None
137,137,Major_Outage,60,8.0,24,True,0.99,None
138,138,Critical_Outage,30,3.2,79,False,0.6,None
139,139,Major_Outage,60,7.4,54,True,0.87,None
140,140,Minor_Outage,120,11.0,22,True,0.97,None
141,141,Critical_Outage,30,9.1,141,False,0.5,None
142,142,Warning_Outage,240,2.5,5,True,0.84,None
143,143,Minor_Outage,120,6.0,12,True,0.92,None
144,144,Critical_Outage,30,6.7,40,False,0.68,Vendor Delay
145,145,Major_Outage,60,5.5,11,True,0.99,None
147,147,Major_Outage,60,6.6,46,True,0.9,None
148,148,Major_Outage,60,1.5,16,True,0.82,None
149,149,Minor_Outage,120,3.1,25,True,0.98,None
150,150,Minor_Outage,120,11.9,37,True,0.84,None
151,151,Major_Outage,60,4.1,67,False,0.36,Vendor Delay
152,152,Critical_Outage,30,5.2,241,False,0.55,Resource Unavailable
153,153,Major_Outage,60,11.0,22,True,0.97,None
154,154,Minor_Outage,120,1.5,3,True,0.96,None
155,155,Major_Outage,60,5.3,31,True,0.92,None
156,156,Major_Outage,60,2.7,71,False,0.32,None
159,159,Critical_Outage,30,3.5,235,False,0.56,None
160,160,Major_Outage,60,8.9,41,True,0.8,None
161,161,Minor_Outage,120,4.3,19,True,0.92,None
163,163,Major_Outage,60,1.0,2,True,0.91,None
165,165,Major_Outage,60,6.1,55,True,0.93,None
166,166,Warning_Outage,240,4.7,20,True,0.92,None
167,167,Minor_Outage,120,5.7,29,True,0.84,None
168,168,Major_Outage,60,4.9,36,True,0.82,None
169,169,Minor_Outage,120,11.1,78,True,0.96,None
170,170,Warning_Outage,240,2.5,5,True,0.99,None
171,171,Warning_Outage,240,2.5,5,True,0.86,None
172,172,Major_Outage,60,4.3,20,True,0.82,None
173,173,Minor_Outage,120,2.9,24,True,0.91,None
174,174,Minor_Outage,120,3.0,6,True,0.81,None
175,175,Major_Outage,60,5.0,20,True,0.95,None
176,176,Minor_Outage,120,4.5,9,True,0.87,None
179,179,Minor_Outage,120,9.5,21,True,0.81,None
180,180,Major_Outage,60,8.9,51,True,0.83,None
181,181,Major_Outage,60,6.4,35,True,0.93,None
182,182,Minor_Outage,120,6.4,15,True,0.88,None
183,183,Minor_Outage,120,4.7,10,True,0.95,None
184,184,Major_Outage,60,5.5,11,True,0.92,None
186,186,Minor_Outage,120,0.7,17,True,0.83,None
187,187,Major_Outage,60,8.0,16,True,0.83,None
188,188,Minor_Outage,120,4.0,8,True,0.81,None
191,191,Critical_Outage,30,19.7,69,False,0.41,Resource Unavailable
193,193,Critical_Outage,30,5.8,39,False,0.57,None
194,194,Minor_Outage,120,1.3,10,True,0.99,None
195,195,Minor_Outage,120,17.5,35,True,0.92,None
198,198,Critical_Outage,30,11.8,60,False,0.37,Vendor Delay
199,199,Minor_Outage,120,9.9,27,True,0.95,None
201,201,Minor_Outage,120,9.0,18,True,0.81,None
203,203,Major_Outage,60,12.2,66,False,0.5,Vendor Delay
205,205,Warning_Outage,240,1.0,2,True,0.84,None
206,206,Warning_Outage,240,0.5,1,True,0.9,None
208,208,Minor_Outage,120,7.5,15,True,0.93,None
210,210,Major_Outage,60,17.9,55,True,0.82,None
211,211,Minor_Outage,120,4.7,68,True,0.84,None
212,212,Warning_Outage,240,1.5,3,True,0.81,None
213,213,Major_Outage,60,20.9,86,False,0.5,Vendor Delay
214,214,Major_Outage,60,0.3,77,False,0.72,Part Availability
215,215,Critical_Outage,30,15.0,158,False,0.31,None
217,217,Minor_Outage,120,2.4,16,True,0.84,None
218,218,Warning_Outage,240,5.4,13,True,0.85,None
219,219,Minor_Outage,120,6.5,13,True,0.97,None
220,220,Critical_Outage,30,3.1,108,False,0.74,None
221,221,Minor_Outage,120,5.0,10,True,0.81,None
222,222,Minor_Outage,120,13.5,27,True,0.87,None
223,223,Major_Outage,60,7.2,53,True,0.85,None
224,224,Minor_Outage,120,0.8,12,True,0.99,None
225,225,Minor_Outage,120,12.5,25,True,0.9,None
227,227,Minor_Outage,120,7.0,14,True,0.83,None
229,229,Major_Outage,60,13.5,64,False,0.43,None
231,231,Critical_Outage,30,1.6,118,False,0.62,Resource Unavailable
232,232,Major_Outage,60,6.0,12,True,0.83,None
234,234,Warning_Outage,240,1.5,3,True,0.98,None
235,235,Minor_Outage,120,3.5,7,True,0.81,None
237,237,Major_Outage,60,2.1,11,True,0.86,None
239,239,Minor_Outage,120,12.7,36,True,0.9,None
242,242,Minor_Outage,120,5.1,30,True,0.92,None
244,244,Critical_Outage,30,9.1,76,False,0.66,Vendor Delay
245,245,Warning_Outage,240,1.8,6,True,0.96,None
246,246,Minor_Outage,120,6.0,18,True,0.87,None
248,248,Warning_Outage,240,3.5,7,True,0.91,None
251,251,Minor_Outage,120,7.0,14,True,0.97,None
252,252,Critical_Outage,30,11.4,82,False,0.58,Complex Issue
253,253,Major_Outage,60,9.7,30,True,0.86,None
256,256,Critical_Outage,30,8.5,49,False,0.71,None
257,257,Minor_Outage,120,8.5,34,True,0.82,None
258,258,Warning_Outage,240,5.5,11,True,0.86,None
260,260,Minor_Outage,120,3.8,28,True,0.98,None
261,261,Minor_Outage,120,13.8,47,True,1.0,None
263,263,Minor_Outage,120,8.6,32,True,0.93,None
266,266,Minor_Outage,120,0.5,1,True,0.82,None
267,267,Warning_Outage,240,2.5,5,True,0.85,None
268,268,Minor_Outage,120,8.1,42,True,0.94,None
271,271,Minor_Outage,120,9.9,37,True,0.98,None
272,272,Warning_Outage,240,8.5,17,True,0.99,None
273,273,Minor_Outage,120,1.8,36,True,0.84,None
275,275,Major_Outage,60,2.5,5,True,0.99,None
278,278,Major_Outage,60,21.3,51,True,0.83,None
279,279,Critical_Outage,30,5.2,153,False,0.56,Vendor Delay
280,280,Major_Outage,60,5.0,44,True,0.99,None
282,282,Major_Outage,60,6.1,56,True,0.82,None
283,283,Minor_Outage,120,15.4,47,True,0.82,None
284,284,Warning_Outage,240,3.6,25,True,0.97,None
285,285,Major_Outage,60,14.5,29,True,0.94,None
286,286,Major_Outage,60,10.8,31,True,0.96,None
291,291,Critical_Outage,30,16.7,75,False,0.38,Complex Issue
293,293,Minor_Outage,120,7.0,14,True,0.83,None
295,295,Critical_Outage,30,11.3,288,False,0.3,None
296,296,Minor_Outage,120,6.5,13,True,0.93,None
297,297,Minor_Outage,120,2.5,5,True,0.95,None
299,299,Minor_Outage,120,3.5,7,True,0.99,None
301,301,Minor_Outage,120,7.2,26,True,0.81,None
302,302,Minor_Outage,120,6.0,21,True,0.81,None
306,306,Minor_Outage,120,5.0,10,True,0.89,None
308,308,Major_Outage,60,6.5,13,True,0.83,None
309,309,Minor_Outage,120,17.9,39,True,0.99,None
310,310,Minor_Outage,120,2.5,5,True,0.88,None
311,311,Major_Outage,60,15.6,57,True,0.84,None
312,312,Minor_Outage,120,7.1,24,True,0.97,None
314,314,Warning_Outage,240,3.5,7,True,0.97,None
315,315,Major_Outage,60,11.6,57,True,0.81,None
316,316,Warning_Outage,240,4.5,9,True,0.83,None
317,317,Warning_Outage,240,1.0,2,True,0.9,None
318,318,Critical_Outage,30,15.0,101,False,0.52,None
319,319,Critical_Outage,30,4.8,143,False,0.54,Vendor Delay
320,320,Major_Outage,60,14.5,51,True,0.81,None
321,321,Minor_Outage,120,4.5,9,True,1.0,None
322,322,Minor_Outage,120,4.5,9,True,0.8,None
323,323,Minor_Outage,120,15.4,38,True,0.87,None
324,324,Minor_Outage,120,3.4,20,True,0.94,None
325,325,Minor_Outage,120,6.6,47,True,0.82,None
327,327,Minor_Outage,120,18.0,36,True,0.94,None
328,328,Minor_Outage,120,10.9,36,True,0.82,None
329,329,Major_Outage,60,5.5,11,True,0.91,None
330,330,Warning_Outage,240,6.0,12,True,0.85,None
332,332,Minor_Outage,120,3.0,6,True,0.9,None
334,334,Minor_Outage,120,5.2,22,True,0.99,None
335,335,Minor_Outage,120,5.5,11,True,0.85,None
339,339,Warning_Outage,240,4.0,8,True,0.87,None
340,340,Major_Outage,60,7.0,14,True,0.95,None
343,343,Minor_Outage,120,12.0,24,True,0.92,None
344,344,Warning_Outage,240,8.0,16,True,0.83,None
346,346,Major_Outage,60,1.5,3,True,0.99,None
348,348,Major_Outage,60,12.4,88,False,0.55,Vendor Delay
349,349,Minor_Outage,120,6.2,34,True,0.88,None
350,350,Major_Outage,60,2.5,50,True,0.83,None
351,351,Minor_Outage,120,15.5,31,True,0.81,None
352,352,Minor_Outage,120,9.0,18,True,0.85,None
354,354,Warning_Outage,240,1.0,2,True,0.81,None
355,355,Critical_Outage,30,17.0,34,False,0.59,Complex Issue
356,356,Major_Outage,60,7.8,21,True,0.85,None
357,357,Minor_Outage,120,4.0,8,True,0.86,None
358,358,Warning_Outage,240,3.3,7,True,1.0,None
359,359,Warning_Outage,240,2.0,4,True,0.89,None
360,360,Major_Outage,60,3.5,7,True,0.83,None
361,361,Minor_Outage,120,3.6,31,True,0.99,None
362,362,Minor_Outage,120,7.0,14,True,0.97,None
363,363,Minor_Outage,120,8.1,63,True,0.97,None
364,364,Major_Outage,60,10.0,20,True,0.94,None
365,365,Minor_Outage,120,3.1,23,True,0.82,None
367,367,Major_Outage,60,7.0,14,True,0.91,None
369,369,Minor_Outage,120,6.8,17,True,0.93,None
372,372,Major_Outage,60,7.4,28,True,0.8,None
373,373,Minor_Outage,120,4.0,8,True,0.94,None
374,374,Minor_Outage,120,4.9,17,True,0.81,None
375,375,Critical_Outage,30,2.4,136,False,0.53,Vendor Delay
377,377,Minor_Outage,120,5.7,12,True,0.88,None
378,378,Minor_Outage,120,3.0,6,True,0.92,None
382,382,Minor_Outage,120,2.0,4,True,0.99,None
384,384,Minor_Outage,120,10.3,33,True,0.9,None
385,385,Minor_Outage,120,5.0,10,True,0.86,None
387,387,Critical_Outage,30,4.9,21,True,0.82,None
388,388,Major_Outage,60,9.0,36,True,0.82,None
389,389,Critical_Outage,30,2.3,69,False,0.54,Resource Unavailable
390,390,Major_Outage,60,8.5,17,True,0.92,None
392,392,Minor_Outage,120,1.5,3,True,0.92,None
395,395,Minor_Outage,120,0.5,1,True,0.96,None
396,396,Minor_Outage,120,1.5,3,True,0.92,None
397,397,Minor_Outage,120,9.0,18,True,0.84,None
398,398,Warning_Outage,240,3.0,6,True,0.92,None
399,399,Minor_Outage,120,15.5,31,True,1.0,None
400,400,Major_Outage,60,1.5,31,True,0.89,None
401,401,Warning_Outage,240,6.0,12,True,0.85,None
402,402,Warning_Outage,240,1.5,3,True,0.84,None
403,403,Minor_Outage,120,5.1,42,True,0.81,None
404,404,Critical_Outage,30,7.1,103,False,0.73,Vendor Delay
405,405,Minor_Outage,120,2.8,41,True,1.0,None
406,406,Minor_Outage,120,2.6,50,True,0.89,None
407,407,Major_Outage,60,3.4,64,False,0.35,Vendor Delay
409,409,Critical_Outage,30,13.1,47,False,0.69,Part Availability
410,410,Minor_Outage,120,6.5,50,True,0.91,None
411,411,Minor_Outage,120,4.4,26,True,0.83,None
414,414,Critical_Outage,30,9.9,88,False,0.43,Vendor Delay
415,415,Major_Outage,60,8.9,54,True,0.88,None
416,416,Major_Outage,60,13.8,39,True,0.98,None
419,419,Major_Outage,60,5.8,34,True,0.97,None
421,421,Minor_Outage,120,2.0,4,True,0.88,None
422,422,Major_Outage,60,8.5,39,True,0.96,None
425,425,Minor_Outage,120,8.3,20,True,0.95,None
426,426,Minor_Outage,120,3.2,38,True,0.81,None
427,427,Warning_Outage,240,2.5,5,True,0.91,None
428,428,Minor_Outage,120,8.8,31,True,0.82,None
429,429,Critical_Outage,30,1.0,24,True,0.93,None
430,430,Minor_Outage,120,7.0,16,True,1.0,None
431,431,Warning_Outage,240,3.0,6,True,0.86,None
432,432,Warning_Outage,240,6.0,17,True,0.9,None
434,434,Minor_Outage,120,16.1,39,True,0.89,None
436,436,Major_Outage,60,2.0,21,True,0.87,None
440,440,Minor_Outage,120,2.0,4,True,0.85,None
441,441,Minor_Outage,120,0.3,75,True,0.84,None
442,442,Major_Outage,60,8.2,78,False,0.57,Vendor Delay
444,444,Minor_Outage,120,7.0,14,True,0.83,None
446,446,Minor_Outage,120,2.2,19,True,0.96,None
449,449,Minor_Outage,120,1.7,35,True,0.89,None
451,451,Minor_Outage,120,7.8,35,True,0.93,None
452,452,Major_Outage,60,15.8,134,False,0.33,Vendor Delay
453,453,Minor_Outage,120,8.9,36,True,0.81,None
455,455,Critical_Outage,30,25.1,112,False,0.31,Part Availability
457,457,Major_Outage,60,3.5,77,False,0.62,None
458,458,Critical_Outage,30,2.4,130,False,0.62,Resource Unavailable
459,459,Major_Outage,60,9.0,18,True,0.84,None
460,460,Minor_Outage,120,7.0,14,True,0.93,None
461,461,Major_Outage,60,18.0,36,True,0.96,None
462,462,Critical_Outage,30,26.2,133,False,0.75,None
463,463,Critical_Outage,30,1.4,11,True,0.99,None
464,464,Critical_Outage,30,1.0,150,False,0.73,Vendor Delay
465,465,Minor_Outage,120,10.5,21,True,0.98,None
467,467,Major_Outage,60,10.2,42,True,0.95,None
468,468,Critical_Outage,30,9.6,75,False,0.76,None
469,469,Major_Outage,60,2.5,26,True,0.95,None
470,470,Major_Outage,60,1.0,2,True,0.91,None
471,471,Minor_Outage,120,8.5,32,True,0.91,None
473,473,Minor_Outage,120,4.9,22,True,0.8,None
476,476,Major_Outage,60,11.8,32,True,0.96,None
477,477,Critical_Outage,30,13.9,56,False,0.47,Resource Unavailable
478,478,Minor_Outage,120,12.0,24,True,0.95,None
480,480,Major_Outage,60,7.6,53,True,0.83,None
483,483,Major_Outage,60,10.0,20,True,0.94,None
484,484,Critical_Outage,30,2.1,58,False,0.3,Vendor Delay
485,485,Major_Outage,60,1.4,189,False,0.35,Vendor Delay
486,486,Warning_Outage,240,0.5,1,True,0.91,None
487,487,Minor_Outage,120,9.6,28,True,0.96,None
489,489,Warning_Outage,240,11.0,22,True,0.96,None
490,490,Minor_Outage,120,4.8,14,True,0.87,None
491,491,Minor_Outage,120,3.5,7,True,1.0,None
492,492,Minor_Outage,120,2.3,55,True,0.93,None
493,493,Minor_Outage,120,3.5,7,True,0.91,None
494,494,Major_Outage,60,2.5,5,True,0.87,None
495,495,Warning_Outage,240,5.4,15,True,0.86,None
496,496,Critical_Outage,30,14.4,106,False,0.73,Complex Issue
497,497,Major_Outage,60,7.2,69,False,0.37,None
499,499,Major_Outage,60,2.5,5,True,0.95,None
500,500,Critical_Outage,30,3.4,67,False,0.62,Part Availability
501,501,Major_Outage,60,3.0,6,True,0.86,None
502,502,Warning_Outage,240,2.0,4,True,0.95,None
504,504,Major_Outage,60,10.9,42,True,0.81,None
506,506,Minor_Outage,120,0.4,22,True,0.98,None
507,507,Minor_Outage,120,10.5,21,True,0.91,None
508,508,Major_Outage,60,1.8,30,True,1.0,None
509,509,Minor_Outage,120,5.4,19,True,0.91,None
511,511,Warning_Outage,240,3.5,7,True,0.85,None
513,513,Minor_Outage,120,4.5,9,True,0.82,None
515,515,Warning_Outage,240,2.0,4,True,0.89,None
516,516,Major_Outage,60,24.0,48,True,0.97,None
517,517,Warning_Outage,240,0.5,1,True,0.81,None
519,519,Warning_Outage,240,3.0,6,True,0.96,None
520,520,Critical_Outage,30,5.6,86,False,0.55,None
524,524,Critical_Outage,30,3.6,149,False,0.78,Resource Unavailable
525,525,Major_Outage,60,7.9,35,True,0.91,None
526,526,Major_Outage,60,4.4,59,True,0.96,None
529,529,Major_Outage,60,1.2,22,True,0.92,None
531,531,Critical_Outage,30,9.7,99,False,0.56,None
532,532,Minor_Outage,120,4.8,102,True,0.98,None
534,534,Minor_Outage,120,14.5,29,True,0.84,None
535,535,Minor_Outage,120,7.1,39,True,0.82,None
537,537,Minor_Outage,120,2.9,20,True,0.88,None
538,538,Major_Outage,60,3.2,149,False,0.51,None
539,539,Warning_Outage,240,5.0,10,True,0.91,None
541,541,Warning_Outage,240,2.5,5,True,0.96,None
543,543,Major_Outage,60,12.8,29,True,0.96,None
544,544,Major_Outage,60,19.8,96,False,0.39,Resource Unavailable
546,546,Minor_Outage,120,8.2,42,True,0.83,None
547,547,Major_Outage,60,14.3,63,False,0.47,Complex Issue
548,548,Minor_Outage,120,7.5,15,True,0.93,None
549,549,Critical_Outage,30,18.7,91,False,0.39,Complex Issue
550,550,Minor_Outage,120,2.0,4,True,0.86,None
551,551,Minor_Outage,120,1.0,15,True,0.81,None
552,552,Major_Outage,60,9.2,26,True,0.97,None
554,554,Warning_Outage,240,3.5,7,True,0.91,None
555,555,Major_Outage,60,6.9,29,True,0.97,None
556,556,Critical_Outage,30,5.3,17,True,0.98,None
558,558,Critical_Outage,30,7.8,24,True,0.95,None
559,559,Minor_Outage,120,11.5,23,True,0.97,None
561,561,Warning_Outage,240,1.0,2,True,0.85,None
562,562,Warning_Outage,240,2.5,5,True,0.86,None
563,563,Minor_Outage,120,1.6,42,True,0.97,None
564,564,Minor_Outage,120,7.7,27,True,0.81,None
567,567,Major_Outage,60,7.3,121,False,0.71,Vendor Delay
568,568,Minor_Outage,120,16.3,47,True,0.91,None
569,569,Critical_Outage,30,12.0,55,False,0.51,Resource Unavailable
570,570,Warning_Outage,240,1.5,3,True,0.93,None
572,572,Minor_Outage,120,7.0,14,True,0.82,None
573,573,Warning_Outage,240,1.0,2,True,0.95,None
574,574,Minor_Outage,120,9.3,42,True,0.85,None
575,575,Minor_Outage,120,7.0,41,True,0.92,None
576,576,Major_Outage,60,0.8,55,True,0.8,None
577,577,Critical_Outage,30,17.5,53,False,0.55,None
579,579,Minor_Outage,120,5.1,36,True,0.92,None
580,580,Major_Outage,60,6.0,12,True,0.94,None
581,581,Critical_Outage,30,8.5,197,False,0.49,Vendor Delay
582,582,Critical_Outage,30,10.2,35,False,0.45,Resource Unavailable
585,585,Critical_Outage,30,12.1,70,False,0.33,None
586,586,Minor_Outage,120,12.5,25,True,0.88,None
587,587,Warning_Outage,240,5.0,10,True,0.88,None
588,588,Major_Outage,60,7.0,31,True,0.93,None
589,589,Major_Outage,60,4.8,53,True,0.8,None
591,591,Major_Outage,60,8.5,17,True,0.98,None
592,592,Major_Outage,60,6.5,13,True,0.8,None
593,593,Minor_Outage,120,8.0,16,True,0.82,None
594,594,Critical_Outage,30,5.6,61,False,0.62,Complex Issue
595,595,Minor_Outage,120,15.5,31,True,0.86,None
596,596,Warning_Outage,240,1.5,3,True,0.96,None
598,598,Minor_Outage,120,14.0,28,True,0.92,None
599,599,Minor_Outage,120,1.4,16,True,0.83,None
600,600,Critical_Outage,30,6.5,52,False,0.31,Vendor Delay
601,601,Major_Outage,60,6.5,13,True,0.81,None
602,602,Minor_Outage,120,5.0,10,True,0.84,None
603,603,Major_Outage,60,19.5,39,True,0.83,None
604,604,Major_Outage,60,12.4,52,True,0.81,None
605,605,Minor_Outage,120,8.4,24,True,0.8,None
606,606,Minor_Outage,120,0.5,1,True,0.99,None
608,608,Minor_Outage,120,5.5,11,True,1.0,None
610,610,Critical_Outage,30,1.8,137,False,0.38,Vendor Delay
611,611,Critical_Outage,30,3.0,116,False,0.71,Vendor Delay
612,612,Warning_Outage,240,4.2,17,True,0.87,None
614,614,Minor_Outage,120,4.9,35,True,0.92,None
615,615,Warning_Outage,240,3.5,7,True,1.0,None
616,616,Minor_Outage,120,24.0,48,True,0.92,None
617,617,Minor_Outage,120,2.0,4,True,0.85,None
620,620,Major_Outage,60,5.2,30,True,0.83,None
621,621,Minor_Outage,120,4.7,32,True,0.99,None
622,622,Minor_Outage,120,7.5,15,True,0.9,None
623,623,Warning_Outage,240,2.0,37,True,0.95,None
624,624,Major_Outage,60,4.0,69,False,0.58,Complex Issue
626,626,Major_Outage,60,12.2,168,False,0.77,None
627,627,Major_Outage,60,13.2,46,True,0.89,None
629,629,Minor_Outage,120,7.5,41,True,0.93,None
630,630,Major_Outage,60,16.6,64,False,0.64,Resource Unavailable
631,631,Minor_Outage,120,6.0,15,True,0.96,None
632,632,Minor_Outage,120,4.4,14,True,0.8,None
633,633,Critical_Outage,30,5.3,41,False,0.66,Complex Issue
635,635,Major_Outage,60,15.2,36,True,0.95,None
638,638,Minor_Outage,120,2.5,5,True,0.88,None
639,639,Minor_Outage,120,3.8,16,True,0.82,None
641,641,Minor_Outage,120,8.5,23,True,0.82,None
644,644,Major_Outage,60,12.9,38,True,0.88,None
645,645,Warning_Outage,240,4.0,8,True,0.88,None
646,646,Minor_Outage,120,4.9,22,True,0.85,None
648,648,Major_Outage,60,8.5,17,True,0.98,None
649,649,Major_Outage,60,2.4,17,True,0.92,None
650,650,Minor_Outage,120,3.5,7,True,0.96,None
651,651,Minor_Outage,120,2.5,5,True,0.96,None
652,652,Minor_Outage,120,4.0,8,True,0.81,None
653,653,Minor_Outage,120,6.0,18,True,0.9,None
654,654,Major_Outage,60,6.4,18,True,0.8,None
656,656,Major_Outage,60,9.4,80,False,0.48,None
658,658,Minor_Outage,120,10.1,30,True,0.98,None
660,660,Minor_Outage,120,0.5,1,True,0.9,None
661,661,Major_Outage,60,6.0,12,True,0.99,None
664,664,Major_Outage,60,4.1,9,True,0.96,None
665,665,Minor_Outage,120,9.0,18,True,0.89,None
666,666,Critical_Outage,30,7.6,40,False,0.48,None
668,668,Major_Outage,60,6.5,13,True,0.93,None
670,670,Critical_Outage,30,10.4,154,False,0.6,None
671,671,Minor_Outage,120,5.5,11,True,0.93,None
673,673,Critical_Outage,30,14.7,41,False,0.44,Vendor Delay
674,674,Major_Outage,60,8.5,17,True,0.97,None
675,675,Major_Outage,60,3.4,19,True,0.8,None
676,676,Warning_Outage,240,0.3,2,True,0.92,None
677,677,Major_Outage,60,7.2,27,True,0.9,None
678,678,Major_Outage,60,13.0,26,True,1.0,None
679,679,Critical_Outage,30,13.9,197,False,0.7,None
680,680,Minor_Outage,120,9.0,48,True,0.87,None
681,681,Minor_Outage,120,11.5,23,True,0.99,None
682,682,Minor_Outage,120,8.5,17,True,0.89,None
683,683,Major_Outage,60,10.0,90,False,0.41,None
684,684,Minor_Outage,120,7.2,28,True,0.99,None
687,687,Major_Outage,60,5.5,11,True,0.82,None
688,688,Minor_Outage,120,6.1,17,True,0.96,None
689,689,Warning_Outage,240,2.5,5,True,0.93,None
690,690,Critical_Outage,30,4.1,11,True,0.86,None
693,693,Minor_Outage,120,2.6,21,True,0.8,None
694,694,Critical_Outage,30,1.7,36,False,0.63,None
695,695,Major_Outage,60,9.6,88,False,0.53,Vendor Delay
696,696,Major_Outage,60,2.1,5,True,0.97,None
699,699,Major_Outage,60,6.7,19,True,0.84,None
703,703,Minor_Outage,120,5.9,20,True,0.81,None
705,705,Major_Outage,60,1.6,18,True,0.98,None
707,707,Warning_Outage,240,2.5,5,True,0.85,None
708,708,Major_Outage,60,2.6,57,True,0.91,None
709,709,Warning_Outage,240,2.5,5,True,0.93,None
710,710,Major_Outage,60,7.1,33,True,0.95,None
711,711,Critical_Outage,30,8.2,89,False,0.36,None
712,712,Minor_Outage,120,5.6,26,True,1.0,None
714,714,Minor_Outage,120,14.5,29,True,0.99,None
715,715,Minor_Outage,120,5.0,19,True,0.85,None
716,716,Minor_Outage,120,2.7,12,True,0.98,None
717,717,Minor_Outage,120,2.0,4,True,0.81,None
718,718,Minor_Outage,120,2.5,5,True,0.92,None
719,719,Minor_Outage,120,13.0,26,True,0.95,None
720,720,Minor_Outage,120,7.2,18,True,0.9,None
721,721,Warning_Outage,240,2.5,5,True,0.84,None
723,723,Critical_Outage,30,8.4,105,False,0.7,Complex Issue
724,724,Critical_Outage,30,13.8,206,False,0.68,Vendor Delay
725,725,Critical_Outage,30,9.1,92,False,0.51,None
726,726,Minor_Outage,120,10.0,20,True,0.8,None
727,727,Minor_Outage,120,4.4,13,True,0.85,None
730,730,Warning_Outage,240,3.3,9,True,0.95,None
731,731,Minor_Outage,120,3.2,15,True,0.96,None
732,732,Minor_Outage,120,2.7,22,True,0.96,None
734,734,Major_Outage,60,10.5,21,True,0.91,None
735,735,Warning_Outage,240,0.5,1,True,0.92,None
736,736,Minor_Outage,120,13.3,35,True,0.94,None
737,737,Minor_Outage,120,1.9,18,True,0.9,None
740,740,Major_Outage,60,6.4,132,False,0.64,Resource Unavailable
742,742,Warning_Outage,240,5.0,10,True,0.84,None
743,743,Major_Outage,60,17.2,43,True,0.99,None
744,744,Major_Outage,60,9.5,19,True,0.96,None
745,745,Critical_Outage,30,8.0,23,True,0.94,None
746,746,Minor_Outage,120,1.0,2,True,0.81,None
749,749,Critical_Outage,30,10.0,54,False,0.36,Complex Issue
750,750,Minor_Outage,120,6.5,13,True,0.86,None
751,751,Minor_Outage,120,4.8,14,True,0.91,None
753,753,Critical_Outage,30,14.4,226,False,0.33,Vendor Delay
754,754,Major_Outage,60,3.3,93,False,0.46,Resource Unavailable
755,755,Major_Outage,60,2.3,20,True,0.96,None
756,756,Major_Outage,60,3.0,119,False,0.48,Part Availability
757,757,Warning_Outage,240,2.0,4,True,0.93,None
758,758,Major_Outage,60,5.9,103,False,0.44,Vendor Delay
760,760,Minor_Outage,120,10.1,36,True,0.84,None
761,761,Minor_Outage,120,6.5,13,True,0.88,None
762,762,Minor_Outage,120,5.0,35,True,0.84,None
763,763,Major_Outage,60,16.1,55,True,0.92,None
764,764,Warning_Outage,240,2.5,12,True,0.86,None
765,765,Minor_Outage,120,10.5,21,True,0.8,None
766,766,Major_Outage,60,4.0,8,True,0.94,None
767,767,Warning_Outage,240,0.5,1,True,0.99,None
768,768,Major_Outage,60,1.8,19,True,0.95,None
769,769,Warning_Outage,240,4.0,8,True,0.88,None
770,770,Warning_Outage,240,1.5,3,True,0.89,None
771,771,Critical_Outage,30,6.1,91,False,0.78,None
772,772,Minor_Outage,120,11.4,24,True,0.82,None
774,774,Minor_Outage,120,5.8,16,True,0.8,None
775,775,Major_Outage,60,1.0,2,True,0.85,None
776,776,Minor_Outage,120,10.0,20,True,0.8,None
777,777,Major_Outage,60,6.9,54,True,0.85,None
778,778,Minor_Outage,120,13.5,27,True,0.82,None
783,783,Minor_Outage,120,22.1,50,True,0.92,None
785,785,Minor_Outage,120,7.2,70,True,0.92,None
786,786,Minor_Outage,120,4.9,18,True,0.98,None
788,788,Warning_Outage,240,2.3,5,True,0.89,None
789,789,Warning_Outage,240,4.5,9,True,0.81,None
790,790,Minor_Outage,120,0.5,1,True,0.9,None
791,791,Minor_Outage,120,8.0,28,True,0.82,None
792,792,Minor_Outage,120,2.6,44,True,0.83,None
793,793,Major_Outage,60,12.5,25,True,0.98,None
794,794,Minor_Outage,120,6.0,12,True,0.85,None
795,795,Minor_Outage,120,5.0,16,True,0.87,None
797,797,Minor_Outage,120,2.9,40,True,0.99,None
798,798,Major_Outage,60,2.3,38,True,0.91,None
799,799,Major_Outage,60,11.3,31,True,0.97,None
800,800,Minor_Outage,120,8.5,17,True,0.83,None
801,801,Critical_Outage,30,3.3,33,False,0.38,None
804,804,Minor_Outage,120,11.0,22,True,0.82,None
805,805,Major_Outage,60,6.6,76,False,0.35,None
806,806,Minor_Outage,120,1.5,3,True,0.85,None
807,807,Warning_Outage,240,4.4,17,True,0.92,None
808,808,Warning_Outage,240,4.6,29,True,0.91,None
810,810,Critical_Outage,30,8.4,47,False,0.56,None
811,811,Warning_Outage,240,6.3,15,True,0.94,None
812,812,Minor_Outage,120,2.5,5,True,0.84,None
813,813,Minor_Outage,120,8.0,33,True,0.93,None
814,814,Minor_Outage,120,4.3,25,True,0.94,None
818,818,Minor_Outage,120,17.6,64,True,0.84,None
820,820,Critical_Outage,30,4.9,127,False,0.49,Resource Unavailable
822,822,Major_Outage,60,15.1,81,False,0.33,Vendor Delay
823,823,Major_Outage,60,0.6,35,True,0.96,None
825,825,Critical_Outage,30,3.1,17,True,0.87,None
826,826,Minor_Outage,120,4.6,50,True,0.94,None
828,828,Major_Outage,60,11.0,22,True,0.8,None
830,830,Major_Outage,60,2.9,16,True,0.95,None
834,834,Critical_Outage,30,11.3,46,False,0.66,None
835,835,Major_Outage,60,3.9,52,True,0.95,None
837,837,Warning_Outage,240,4.5,9,True,0.93,None
838,838,Major_Outage,60,7.0,14,True,0.85,None
839,839,Minor_Outage,120,4.3,14,True,0.98,None
840,840,Warning_Outage,240,3.5,7,True,0.94,None
842,842,Minor_Outage,120,4.8,24,True,0.85,None
843,843,Critical_Outage,30,15.2,144,False,0.43,None
844,844,Critical_Outage,30,11.7,87,False,0.62,Resource Unavailable
847,847,Warning_Outage,240,2.0,4,True,0.94,None
848,848,Major_Outage,60,10.8,63,False,0.63,None
851,851,Minor_Outage,120,1.8,14,True,1.0,None
853,853,Minor_Outage,120,4.6,15,True,1.0,None
858,858,Critical_Outage,30,9.2,259,False,0.5,None
859,859,Major_Outage,60,18.9,192,False,0.45,Vendor Delay
860,860,Minor_Outage,120,5.0,45,True,0.95,None
862,862,Warning_Outage,240,0.5,1,True,0.92,None
863,863,Major_Outage,60,4.5,9,True,1.0,None
864,864,Critical_Outage,30,4.1,95,False,0.59,Part Availability
866,866,Major_Outage,60,5.0,10,True,0.84,None
868,868,Critical_Outage,30,13.1,90,False,0.33,Vendor Delay
869,869,Major_Outage,60,15.5,42,True,0.87,None
870,870,Major_Outage,60,6.0,12,True,0.93,None
871,871,Major_Outage,60,4.5,9,True,0.92,None
873,873,Minor_Outage,120,16.1,47,True,0.8,None
874,874,Warning_Outage,240,5.5,11,True,0.97,None
876,876,Minor_Outage,120,0.3,26,True,0.91,None
878,878,Minor_Outage,120,6.6,17,True,0.87,None
879,879,Minor_Outage,120,4.1,49,True,0.98,None
880,880,Minor_Outage,120,7.4,57,True,0.97,None
881,881,Warning_Outage,240,3.0,6,True,1.0,None
883,883,Major_Outage,60,16.6,107,False,0.53,Complex Issue
884,884,Minor_Outage,120,5.4,15,True,0.96,None
886,886,Major_Outage,60,7.1,130,False,0.33,None
887,887,Warning_Outage,240,0.5,1,True,0.83,None
891,891,Warning_Outage,240,0.5,1,True,0.96,None
892,892,Major_Outage,60,5.6,209,False,0.47,Resource Unavailable
893,893,Minor_Outage,120,4.0,8,True,0.96,None
894,894,Minor_Outage,120,7.5,15,True,0.91,None
895,895,Minor_Outage,120,4.0,10,True,0.9,None
896,896,Major_Outage,60,7.7,49,True,0.89,None
898,898,Minor_Outage,120,1.3,24,True,0.89,None
899,899,Minor_Outage,120,2.5,5,True,0.86,None
903,903,Minor_Outage,120,1.5,3,True,0.9,None
904,904,Critical_Outage,30,19.3,154,False,0.72,Vendor Delay
905,905,Critical_Outage,30,7.9,23,True,0.95,None
906,906,Minor_Outage,120,14.0,28,True,0.93,None
907,907,Minor_Outage,120,13.5,27,True,0.93,None
908,908,Major_Outage,60,5.1,55,True,0.84,None
909,909,Warning_Outage,240,0.5,1,True,0.99,None
910,910,Critical_Outage,30,18.9,73,False,0.34,Vendor Delay
913,913,Minor_Outage,120,5.4,15,True,0.84,None
915,915,Minor_Outage,120,3.0,6,True,0.95,None
916,916,Minor_Outage,120,11.0,25,True,0.82,None
918,918,Critical_Outage,30,3.6,179,False,0.75,Vendor Delay
919,919,Minor_Outage,120,4.7,14,True,0.83,None
920,920,Critical_Outage,30,5.4,200,False,0.38,None
921,921,Minor_Outage,120,4.5,9,True,0.9,None
923,923,Critical_Outage,30,4.8,136,False,0.57,Vendor Delay
925,925,Minor_Outage,120,8.3,34,True,0.89,None
926,926,Minor_Outage,120,5.2,18,True,0.86,None
927,927,Critical_Outage,30,10.6,175,False,0.49,Resource Unavailable
928,928,Major_Outage,60,4.4,96,False,0.58,Part Availability
929,929,Warning_Outage,240,13.0,26,True,0.8,None
930,930,Warning_Outage,240,4.5,9,True,0.81,None
931,931,Minor_Outage,120,7.5,15,True,0.85,None
932,932,Minor_Outage,120,15.3,38,True,0.98,None
933,933,Major_Outage,60,5.7,45,True,0.99,None
936,936,Minor_Outage,120,5.0,44,True,0.85,None
939,939,Warning_Outage,240,0.5,1,True,0.99,None
940,940,Minor_Outage,120,10.6,29,True,0.99,None
941,941,Minor_Outage,120,2.9,19,True,0.89,None
944,944,Minor_Outage,120,2.5,5,True,0.98,None
946,946,Major_Outage,60,25.5,51,True,0.85,None
947,947,Minor_Outage,120,4.0,11,True,0.82,None
948,948,Major_Outage,60,1.1,40,True,0.9,None
949,949,Major_Outage,60,2.7,23,True,0.91,None
950,950,Critical_Outage,30,6.9,93,False,0.62,Part Availability
952,952,Critical_Outage,30,14.0,125,False,0.46,None
955,955,Warning_Outage,240,0.5,1,True,0.89,None
957,957,Critical_Outage,30,9.3,124,False,0.32,Vendor Delay
958,958,Warning_Outage,240,4.7,13,True,0.83,None
959,959,Major_Outage,60,7.9,44,True,0.81,None
960,960,Major_Outage,60,11.6,42,True,0.85,None
961,961,Critical_Outage,30,1.2,71,False,0.7,Vendor Delay
962,962,Minor_Outage,120,6.0,12,True,0.96,None
963,963,Minor_Outage,120,3.0,6,True,0.97,None
964,964,Minor_Outage,120,4.0,66,True,0.96,None
965,965,Minor_Outage,120,2.0,4,True,0.99,None
966,966,Minor_Outage,120,7.2,21,True,0.9,None
967,967,Warning_Outage,240,9.4,21,True,0.94,None
968,968,Major_Outage,60,8.7,66,False,0.6,Part Availability
969,969,Minor_Outage,120,7.0,48,True,0.88,None
971,971,Minor_Outage,120,4.9,44,True,0.85,None
972,972,Warning_Outage,240,5.0,10,True,0.81,None
973,973,Minor_Outage,120,3.9,28,True,0.97,None
974,974,Critical_Outage,30,1.9,77,False,0.66,Part Availability
975,975,Minor_Outage,120,10.6,35,True,0.99,None
976,976,Major_Outage,60,2.5,56,True,0.91,None
977,977,Major_Outage,60,10.5,21,True,0.96,None
979,979,Minor_Outage,120,3.0,6,True,0.98,None
981,981,Critical_Outage,30,18.3,37,False,0.45,Vendor Delay
982,982,Minor_Outage,120,5.0,10,True,0.87,None
985,985,Major_Outage,60,9.0,18,True,0.85,None
986,986,Major_Outage,60,24.2,72,False,0.36,Part Availability
987,987,Major_Outage,60,17.3,49,True,0.84,None
988,988,Minor_Outage,120,2.9,10,True,0.88,None
990,990,Minor_Outage,120,6.6,23,True,0.82,None
991,991,Major_Outage,60,3.0,6,True,0.8,None
993,993,Warning_Outage,240,7.5,15,True,0.97,None
994,994,Warning_Outage,240,1.1,4,True,0.92,None
996,996,Major_Outage,60,20.1,48,True,0.92,None
998,998,Critical_Outage,30,9.0,18,True,0.98,None
999,999,Major_Outage,60,3.3,93,False,0.51,Resource Unavailable
1001,1001,Major_Outage,60,4.0,8,True,0.82,None
1002,1002,Critical_Outage,30,5.3,133,False,0.34,None
1004,1004,Critical_Outage,30,0.1,125,False,0.49,Vendor Delay
1005,1005,Minor_Outage,120,6.1,18,True,0.96,None
1006,1006,Minor_Outage,120,5.7,54,True,0.88,None
1007,1007,Minor_Outage,120,4.6,23,True,0.88,None
1008,1008,Critical_Outage,30,2.4,238,False,0.74,None
1009,1009,Minor_Outage,120,13.0,26,True,0.85,None
1011,1011,Critical_Outage,30,6.1,118,False,0.66,Vendor Delay
1012,1012,Critical_Outage,30,18.5,161,False,0.34,Part Availability
1013,1013,Minor_Outage,120,12.9,40,True,0.97,None
1014,1014,Minor_Outage,120,17.8,45,True,0.88,None
1015,1015,Minor_Outage,120,7.0,14,True,0.99,None
1017,1017,Minor_Outage,120,4.5,9,True,0.8,None
1018,1018,Minor_Outage,120,3.6,23,True,0.85,None
1019,1019,Major_Outage,60,4.7,55,True,1.0,None
1021,1021,Major_Outage,60,15.6,46,True,0.94,None
1022,1022,Minor_Outage,120,3.5,7,True,0.95,None
1023,1023,Major_Outage,60,8.0,16,True,0.84,None
1024,1024,Minor_Outage,120,2.4,17,True,0.97,None
1026,1026,Warning_Outage,240,5.5,11,True,0.89,None
1027,1027,Minor_Outage,120,8.1,26,True,0.81,None
1028,1028,Major_Outage,60,2.5,14,True,0.93,None
1029,1029,Minor_Outage,120,9.6,37,True,0.92,None
1030,1030,Major_Outage,60,1.5,158,False,0.5,None
1032,1032,Warning_Outage,240,0.5,1,True,0.94,None
1034,1034,Major_Outage,60,10.9,115,False,0.3,None
1035,1035,Minor_Outage,120,9.3,39,True,0.93,None
1036,1036,Critical_Outage,30,3.8,160,False,0.57,Vendor Delay
1037,1037,Major_Outage,60,18.4,56,True,0.97,None
1038,1038,Minor_Outage,120,7.0,36,True,0.96,None
1039,1039,Minor_Outage,120,3.9,28,True,0.87,None
1040,1040,Warning_Outage,240,3.5,7,True,0.91,None
1041,1041,Major_Outage,60,9.2,56,True,0.88,None
1042,1042,Major_Outage,60,6.0,12,True,0.82,None
1044,1044,Warning_Outage,240,4.5,9,True,0.97,None
1045,1045,Warning_Outage,240,2.5,5,True,0.88,None
1046,1046,Minor_Outage,120,3.5,7,True,0.83,None
1047,1047,Minor_Outage,120,12.5,25,True,0.95,None
1048,1048,Warning_Outage,240,1.0,2,True,0.92,None
1049,1049,Warning_Outage,240,3.5,7,True,0.97,None
1050,1050,Minor_Outage,120,6.5,13,True,0.91,None
1051,1051,Minor_Outage,120,3.5,12,True,0.92,None
1052,1052,Minor_Outage,120,17.7,70,True,0.9,None
1053,1053,Minor_Outage,120,11.8,72,True,0.92,None
1055,1055,Critical_Outage,30,4.2,39,False,0.53,None
1057,1057,Minor_Outage,120,10.0,20,True,0.98,None
1058,1058,Major_Outage,60,3.3,98,False,0.49,Resource Unavailable
1059,1059,Warning_Outage,240,5.0,10,True,0.99,None
1060,1060,Major_Outage,60,11.4,27,True,0.81,None
1061,1061,Critical_Outage,30,8.8,104,False,0.62,Part Availability
1062,1062,Minor_Outage,120,2.9,15,True,0.98,None
1063,1063,Major_Outage,60,1.5,21,True,0.89,None
1064,1064,Major_Outage,60,8.5,17,True,0.9,None
1065,1065,Minor_Outage,120,5.5,11,True,0.87,None
1066,1066,Major_Outage,60,12.0,43,True,0.81,None
1067,1067,Minor_Outage,120,4.5,11,True,0.92,None
1069,1069,Warning_Outage,240,9.2,19,True,0.88,None
1070,1070,Minor_Outage,120,3.0,6,True,0.89,None
1071,1071,Major_Outage,60,18.8,55,True,0.9,None
1074,1074,Critical_Outage,30,10.0,20,True,0.82,None
1076,1076,Minor_Outage,120,9.0,18,True,0.99,None
1077,1077,Major_Outage,60,5.1,48,True,0.89,None
1078,1078,Minor_Outage,120,13.0,26,True,0.92,None
1079,1079,Minor_Outage,120,2.5,5,True,0.96,None
1080,1080,Minor_Outage,120,2.0,11,True,0.96,None
1082,1082,Critical_Outage,30,11.7,240,False,0.77,Vendor Delay
1083,1083,Minor_Outage,120,2.0,4,True,0.93,None
1084,1084,Minor_Outage,120,3.5,7,True,0.9,None
1085,1085,Minor_Outage,120,5.0,48,True,0.89,None
1086,1086,Major_Outage,60,5.6,41,True,0.88,None
1087,1087,Major_Outage,60,1.0,2,True,0.97,None
1088,1088,Minor_Outage,120,6.0,12,True,0.91,None
1089,1089,Major_Outage,60,20.5,41,True,0.81,None
1090,1090,Minor_Outage,120,2.5,5,True,0.97,None
1091,1091,Major_Outage,60,9.2,33,True,0.83,None
1092,1092,Major_Outage,60,4.5,27,True,0.94,None
1093,1093,Major_Outage,60,2.5,19,True,0.91,None
1094,1094,Warning_Outage,240,1.5,3,True,0.9,None
1095,1095,Major_Outage,60,4.5,9,True,0.84,None
1097,1097,Major_Outage,60,3.7,30,True,0.85,None
1098,1098,Minor_Outage,120,3.0,6,True,0.94,None
1099,1099,Major_Outage,60,3.8,16,True,1.0,None
1102,1102,Major_Outage,60,2.4,116,False,0.5,Part Availability
1103,1103,Critical_Outage,30,5.0,40,False,0.51,Vendor Delay
1107,1107,Major_Outage,60,14.5,29,True,0.83,None
1108,1108,Major_Outage,60,12.0,65,False,0.37,Resource Unavailable
1109,1109,Minor_Outage,120,0.4,31,True,0.83,None
1113,1113,Warning_Outage,240,0.5,1,True,0.88,None
1114,1114,Minor_Outage,120,2.8,76,True,0.83,None
1115,1115,Major_Outage,60,2.2,25,True,0.81,None
1117,1117,Major_Outage,60,10.7,36,True,0.94,None
1120,1120,Critical_Outage,30,3.0,53,False,0.51,Vendor Delay
1121,1121,Major_Outage,60,8.1,102,False,0.3,Vendor Delay
1122,1122,Minor_Outage,120,12.5,25,True,0.89,None
1123,1123,Critical_Outage,30,9.2,89,False,0.5,Vendor Delay
1125,1125,Major_Outage,60,16.0,39,True,0.96,None
1128,1128,Minor_Outage,120,6.0,12,True,0.85,None
1129,1129,Major_Outage,60,4.0,8,True,0.89,None
1130,1130,Critical_Outage,30,1.2,42,False,0.38,Vendor Delay
1131,1131,Minor_Outage,120,3.0,6,True,0.8,None
1132,1132,Minor_Outage,120,1.8,14,True,0.99,None
1133,1133,Minor_Outage,120,3.5,7,True,0.93,None
1137,1137,Critical_Outage,30,11.0,22,True,0.81,None
1139,1139,Warning_Outage,240,1.5,3,True,0.9,None
1140,1140,Warning_Outage,240,0.5,1,True,0.95,None
1141,1141,Warning_Outage,240,1.0,2,True,0.96,None
1142,1142,Warning_Outage,240,9.6,24,True,0.88,None
1143,1143,Major_Outage,60,12.3,37,True,0.9,None
1144,1144,Warning_Outage,240,3.5,7,True,0.95,None
1145,1145,Minor_Outage,120,4.0,46,True,0.98,None
1149,1149,Minor_Outage,120,4.0,8,True,0.88,None
1150,1150,Minor_Outage,120,3.4,19,True,0.86,None
1152,1152,Major_Outage,60,8.1,86,False,0.72,Resource Unavailable
1153,1153,Warning_Outage,240,3.0,6,True,0.87,None
1154,1154,Major_Outage,60,9.3,32,True,0.82,None
1157,1157,Minor_Outage,120,2.0,4,True,0.95,None
1159,1159,Major_Outage,60,10.7,39,True,0.83,None
1161,1161,Major_Outage,60,12.4,51,True,0.81,None
1162,1162,Minor_Outage,120,6.2,15,True,0.88,None
1164,1164,Minor_Outage,120,12.9,55,True,0.92,None
1168,1168,Critical_Outage,30,4.0,39,False,0.63,Resource Unavailable
1169,1169,Major_Outage,60,10.9,31,True,0.88,None
1170,1170,Critical_Outage,30,12.9,149,False,0.63,Vendor Delay
1171,1171,Critical_Outage,30,16.6,39,False,0.37,None
1172,1172,Major_Outage,60,4.5,14,True,0.87,None
1173,1173,Major_Outage,60,9.0,18,True,0.9,None
1175,1175,Critical_Outage,30,9.8,34,False,0.5,Vendor Delay
1177,1177,Minor_Outage,120,5.2,16,True,0.93,None
1178,1178,Minor_Outage,120,15.2,38,True,0.86,None
1180,1180,Major_Outage,60,4.0,60,True,0.87,None
1181,1181,Major_Outage,60,2.1,11,True,0.98,None
1183,1183,Minor_Outage,120,6.0,44,True,0.81,None
1185,1185,Minor_Outage,120,8.6,32,True,0.87,None
1187,1187,Minor_Outage,120,3.3,19,True,1.0,None
1188,1188,Warning_Outage,240,3.5,7,True,0.89,None
1189,1189,Critical_Outage,30,5.8,35,False,0.72,None
1191,1191,Major_Outage,60,8.3,77,False,0.67,None
1192,1192,Major_Outage,60,10.4,87,False,0.72,None
1194,1194,Minor_Outage,120,8.0,16,True,0.97,None
1195,1195,Major_Outage,60,5.2,28,True,0.85,None
1196,1196,Warning_Outage,240,1.3,18,True,0.88,None
1198,1198,Warning_Outage,240,11.0,22,True,0.82,None
1199,1199,Major_Outage,60,3.2,10,True,0.83,None
1200,1200,Major_Outage,60,1.5,3,True,0.82,None
1202,1202,Warning_Outage,240,3.0,6,True,0.99,None
1204,1204,Major_Outage,60,19.9,48,True,0.8,None
1210,1210,Warning_Outage,240,3.4,13,True,0.88,None
1211,1211,Minor_Outage,120,3.3,28,True,0.83,None
1212,1212,Critical_Outage,30,9.0,18,True,0.83,None
1213,1213,Minor_Outage,120,9.0,18,True,0.88,None
1214,1214,Warning_Outage,240,6.1,23,True,0.88,None
1215,1215,Major_Outage,60,5.5,11,True,0.82,None
1216,1216,Major_Outage,60,4.7,56,True,0.84,None
1220,1220,Warning_Outage,240,8.0,16,True,0.81,None
1221,1221,Major_Outage,60,2.2,20,True,0.92,None
1222,1222,Minor_Outage,120,18.5,37,True,0.84,None
1223,1223,Major_Outage,60,5.0,10,True,0.87,None
1224,1224,Minor_Outage,120,5.5,11,True,0.96,None
1225,1225,Minor_Outage,120,6.4,18,True,0.81,None
1226,1226,Minor_Outage,120,6.5,13,True,0.92,None
1227,1227,Minor_Outage,120,5.3,56,True,0.8,None
1228,1228,Major_Outage,60,6.7,18,True,0.99,None
1230,1230,Major_Outage,60,10.6,39,True,0.91,None
1231,1231,Critical_Outage,30,24.2,98,False,0.75,None
1232,1232,Major_Outage,60,4.4,32,True,0.95,None
1234,1234,Major_Outage,60,18.6,49,True,0.89,None
1237,1237,Major_Outage,60,6.0,12,True,0.9,None
1239,1239,Critical_Outage,30,7.7,45,False,0.7,Vendor Delay
1240,1240,Critical_Outage,30,6.0,89,False,0.76,Vendor Delay
1244,1244,Major_Outage,60,16.6,79,False,0.5,Resource Unavailable
1245,1245,Critical_Outage,30,4.4,151,False,0.39,Resource Unavailable
1246,1246,Minor_Outage,120,11.0,22,True,0.86,None
1247,1247,Minor_Outage,120,3.8,23,True,0.91,None
1248,1248,Warning_Outage,240,0.3,7,True,0.82,None
1249,1249,Major_Outage,60,4.0,8,True,0.91,None
1251,1251,Critical_Outage,30,2.8,137,False,0.68,Part Availability
1252,1252,Minor_Outage,120,19.3,45,True,0.98,None
1253,1253,Critical_Outage,30,2.4,154,False,0.59,Vendor Delay
1254,1254,Warning_Outage,240,3.0,6,True,0.82,None
1256,1256,Minor_Outage,120,0.5,1,True,0.83,None
1257,1257,Minor_Outage,120,2.8,63,True,0.81,None
1258,1258,Major_Outage,60,12.2,44,True,0.93,None
1262,1262,Major_Outage,60,5.0,22,True,0.91,None
1263,1263,Major_Outage,60,10.0,20,True,0.88,None
1268,1268,Minor_Outage,120,8.0,16,True,0.92,None
1269,1269,Critical_Outage,30,3.2,217,False,0.55,None
1271,1271,Major_Outage,60,7.5,79,False,0.51,None
1272,1272,Minor_Outage,120,4.1,34,True,0.99,None
1273,1273,Warning_Outage,240,2.0,4,True,0.89,None
1275,1275,Warning_Outage,240,3.0,6,True,0.95,None
1276,1276,Major_Outage,60,8.5,94,False,0.42,Vendor Delay
1277,1277,Critical_Outage,30,11.8,171,False,0.35,Complex Issue
1278,1278,Critical_Outage,30,8.5,18,True,0.81,None
1279,1279,Major_Outage,60,2.2,99,False,0.33,Complex Issue
1280,1280,Critical_Outage,30,7.8,33,False,0.43,Vendor Delay
1281,1281,Minor_Outage,120,5.1,23,True,0.92,None
1282,1282,Major_Outage,60,4.7,113,False,0.35,Resource Unavailable
1286,1286,Minor_Outage,120,6.4,56,True,0.86,None
1287,1287,Warning_Outage,240,2.5,5,True,0.86,None
1288,1288,Major_Outage,60,7.6,39,True,0.98,None
1289,1289,Minor_Outage,120,4.3,16,True,0.91,None
1290,1290,Minor_Outage,120,2.6,26,True,0.99,None
1291,1291,Minor_Outage,120,9.9,22,True,0.92,None
1292,1292,Critical_Outage,30,5.3,11,True,0.88,None
1293,1293,Minor_Outage,120,9.5,19,True,0.86,None
1296,1296,Critical_Outage,30,2.0,4,True,0.84,None
1297,1297,Minor_Outage,120,11.5,23,True,0.87,None
1298,1298,Major_Outage,60,6.0,12,True,0.95,None
1299,1299,Major_Outage,60,6.5,60,True,0.81,None
1302,1302,Major_Outage,60,9.5,19,True,0.97,None
1306,1306,Warning_Outage,240,2.5,5,True,0.99,None
1307,1307,Minor_Outage,120,2.5,5,True,0.84,None
1309,1309,Minor_Outage,120,14.4,55,True,0.86,None
1311,1311,Minor_Outage,120,10.0,20,True,0.97,None
1313,1313,Major_Outage,60,5.5,58,True,0.95,None
1314,1314,Minor_Outage,120,9.0,18,True,0.81,None
1315,1315,Warning_Outage,240,2.5,5,True,0.87,None
1316,1316,Major_Outage,60,7.0,14,True,0.92,None
1317,1317,Major_Outage,60,0.5,1,True,0.88,None
1318,1318,Warning_Outage,240,3.5,7,True,0.87,None
1319,1319,Critical_Outage,30,19.5,84,False,0.75,Resource Unavailable
1320,1320,Minor_Outage,120,1.5,3,True,0.9,None
1322,1322,Critical_Outage,30,7.0,14,True,0.97,None
1323,1323,Minor_Outage,120,8.0,16,True,0.97,None
1324,1324,Major_Outage,60,7.5,15,True,0.89,None
1325,1325,Warning_Outage,240,2.0,4,True,0.83,None
1327,1327,Major_Outage,60,5.0,16,True,0.99,None
1329,1329,Minor_Outage,120,5.6,25,True,0.98,None
1332,1332,Major_Outage,60,4.5,9,True,0.84,None
1333,1333,Minor_Outage,120,5.5,13,True,0.83,None
1334,1334,Major_Outage,60,5.9,33,True,0.8,None
1336,1336,Minor_Outage,120,7.9,49,True,0.9,None
1339,1339,Minor_Outage,120,6.5,13,True,0.9,None
1340,1340,Minor_Outage,120,3.0,6,True,0.83,None
1341,1341,Minor_Outage,120,1.7,18,True,0.92,None
1342,1342,Minor_Outage,120,8.0,16,True,0.86,None
1343,1343,Major_Outage,60,7.3,15,True,0.98,None
1346,1346,Warning_Outage,240,6.0,12,True,0.99,None
1347,1347,Minor_Outage,120,4.5,9,True,0.95,None
1348,1348,Critical_Outage,30,1.6,32,False,0.56,Vendor Delay
1349,1349,Warning_Outage,240,7.0,14,True,0.91,None
1350,1350,Minor_Outage,120,3.0,6,True,0.92,None
1352,1352,Major_Outage,60,1.8,43,True,0.96,None
1354,1354,Critical_Outage,30,2.8,128,False,0.7,None
1355,1355,Critical_Outage,30,1.4,169,False,0.62,Vendor Delay
1356,1356,Minor_Outage,120,6.5,13,True,0.91,None
1357,1357,Minor_Outage,120,2.5,5,True,0.94,None
1358,1358,Warning_Outage,240,1.5,3,True,0.88,None
1359,1359,Critical_Outage,30,4.4,108,False,0.77,Vendor Delay
1360,1360,Major_Outage,60,2.6,45,True,0.94,None
1362,1362,Minor_Outage,120,3.5,7,True,0.86,None
1363,1363,Critical_Outage,30,5.4,18,True,0.86,None
1364,1364,Warning_Outage,240,1.9,4,True,0.94,None
1365,1365,Minor_Outage,120,10.1,33,True,0.92,None
1366,1366,Minor_Outage,120,5.0,19,True,0.81,None
1367,1367,Warning_Outage,240,3.0,6,True,0.81,None
1368,1368,Critical_Outage,30,6.3,93,False,0.57,None
1369,1369,Warning_Outage,240,4.4,20,True,0.94,None
1370,1370,Major_Outage,60,4.7,57,True,1.0,None
1372,1372,Minor_Outage,120,6.0,12,True,0.9,None
1375,1375,Major_Outage,60,5.7,56,True,0.86,None
1377,1377,Minor_Outage,120,1.4,20,True,0.95,None
1379,1379,Major_Outage,60,2.0,4,True,0.95,None
1381,1381,Critical_Outage,30,17.5,201,False,0.38,Resource Unavailable
1382,1382,Critical_Outage,30,23.6,80,False,0.53,Vendor Delay
1383,1383,Critical_Outage,30,9.5,25,True,0.9,None
1384,1384,Major_Outage,60,16.1,33,True,0.86,None
1385,1385,Minor_Outage,120,2.9,30,True,0.83,None
1388,1388,Major_Outage,60,4.0,23,True,0.96,None
1389,1389,Major_Outage,60,17.0,79,False,0.62,Vendor Delay
1390,1390,Minor_Outage,120,11.6,25,True,0.93,None
1391,1391,Minor_Outage,120,6.0,12,True,0.94,None
1392,1392,Critical_Outage,30,1.3,222,False,0.37,Complex Issue
1393,1393,Minor_Outage,120,1.5,3,True,0.97,None
1394,1394,Warning_Outage,240,7.8,16,True,0.82,None
1395,1395,Major_Outage,60,6.0,15,True,0.99,None
1398,1398,Minor_Outage,120,2.0,4,True,0.86,None
1399,1399,Minor_Outage,120,10.6,56,True,0.94,None
1403,1403,Major_Outage,60,7.3,23,True,0.93,None
1404,1404,Warning_Outage,240,5.5,11,True,0.87,None
1406,1406,Minor_Outage,120,6.5,13,True,0.89,None
1408,1408,Minor_Outage,120,10.1,80,True,0.99,None
1409,1409,Major_Outage,60,1.0,20,True,0.94,None
1411,1411,Warning_Outage,240,4.3,9,True,0.81,None
1414,1414,Minor_Outage,120,6.1,16,True,0.82,None
1416,1416,Minor_Outage,120,9.5,19,True,0.85,None
1417,1417,Major_Outage,60,6.7,62,False,0.75,Resource Unavailable
1419,1419,Major_Outage,60,7.0,27,True,0.91,None
1421,1421,Major_Outage,60,18.5,65,False,0.39,None
1422,1422,Minor_Outage,120,18.2,55,True,0.81,None
1424,1424,Major_Outage,60,10.4,74,False,0.59,None
1425,1425,Major_Outage,60,14.1,71,False,0.66,Resource Unavailable
1426,1426,Critical_Outage,30,21.0,94,False,0.36,None
1427,1427,Minor_Outage,120,2.9,39,True,0.96,None
1428,1428,Minor_Outage,120,11.7,41,True,0.94,None
1429,1429,Minor_Outage,120,2.5,5,True,0.93,None
1431,1431,Warning_Outage,240,6.0,12,True,0.83,None
1432,1432,Warning_Outage,240,1.0,2,True,0.84,None
1434,1434,Major_Outage,60,1.7,52,True,0.83,None
1435,1435,Minor_Outage,120,9.0,18,True,0.95,None
1436,1436,Critical_Outage,30,3.8,96,False,0.78,None
1437,1437,Major_Outage,60,15.3,45,True,0.98,None
1439,1439,Minor_Outage,120,1.0,2,True,0.98,None
1441,1441,Warning_Outage,240,9.3,20,True,0.84,None
1442,1442,Major_Outage,60,11.0,32,True,0.82,None
1444,1444,Minor_Outage,120,4.5,9,True,0.82,None
1447,1447,Major_Outage,60,3.8,38,True,0.91,None
1448,1448,Major_Outage,60,2.2,71,False,0.52,Complex Issue
1449,1449,Minor_Outage,120,4.5,9,True,1.0,None
1450,1450,Minor_Outage,120,14.1,53,True,0.96,None
1451,1451,Major_Outage,60,4.5,9,True,0.89,None
1452,1452,Minor_Outage,120,8.0,16,True,0.81,None
1454,1454,Minor_Outage,120,12.7,41,True,0.85,None
1455,1455,Minor_Outage,120,15.0,30,True,0.96,None
1456,1456,Minor_Outage,120,2.1,11,True,0.92,None
1457,1457,Major_Outage,60,6.9,46,True,1.0,None
1458,1458,Minor_Outage,120,10.5,21,True,0.99,None
1459,1459,Warning_Outage,240,2.5,5,True,0.99,None
1460,1460,Minor_Outage,120,10.6,49,True,0.85,None
1461,1461,Minor_Outage,120,5.0,10,True,0.93,None
1462,1462,Minor_Outage,120,4.7,20,True,0.96,None
1463,1463,Critical_Outage,30,13.9,43,False,0.71,Vendor Delay
1466,1466,Minor_Outage,120,5.5,11,True,0.93,None
1467,1467,Minor_Outage,120,7.0,14,True,0.96,None
1469,1469,Minor_Outage,120,8.4,19,True,0.88,None
1470,1470,Major_Outage,60,3.1,130,False,0.31,Complex Issue
1471,1471,Minor_Outage,120,6.8,32,True,0.95,None
1472,1472,Minor_Outage,120,7.5,15,True,0.8,None
1473,1473,Minor_Outage,120,5.4,28,True,0.9,None
1474,1474,Minor_Outage,120,5.7,68,True,0.85,None
1475,1475,Minor_Outage,120,4.5,9,True,0.85,None
1477,1477,Warning_Outage,240,0.5,1,True,0.89,None
1478,1478,Warning_Outage,240,1.0,2,True,0.87,None
1479,1479,Critical_Outage,30,5.1,31,False,0.52,Resource Unavailable
1480,1480,Warning_Outage,240,2.2,11,True,0.85,None
1481,1481,Minor_Outage,120,4.5,9,True,0.91,None
1482,1482,Major_Outage,60,6.5,38,True,0.92,None
1484,1484,Major_Outage,60,3.6,30,True,0.88,None
1486,1486,Minor_Outage,120,3.9,44,True,0.93,None
1487,1487,Warning_Outage,240,1.0,2,True,0.99,None
1488,1488,Major_Outage,60,14.9,34,True,0.93,None
1490,1490,Warning_Outage,240,3.5,9,True,0.85,None
1491,1491,Minor_Outage,120,3.0,6,True,0.85,None
1492,1492,Minor_Outage,120,13.5,27,True,0.8,None
1494,1494,Minor_Outage,120,13.0,26,True,0.83,None
1495,1495,Minor_Outage,120,12.0,24,True,0.92,None
1496,1496,Major_Outage,60,13.0,26,True,0.99,None
1498,1498,Minor_Outage,120,7.0,14,True,0.98,None
1502,1502,Minor_Outage,120,8.0,16,True,0.99,None
1503,1503,Warning_Outage,240,2.5,5,True,0.92,None
1504,1504,Major_Outage,60,7.0,14,True,0.96,None
1505,1505,Major_Outage,60,9.1,56,True,0.9,None
1506,1506,Minor_Outage,120,3.5,7,True,0.83,None
1507,1507,Warning_Outage,240,1.0,2,True,0.92,None
1509,1509,Major_Outage,60,9.6,58,True,0.96,None
1511,1511,Minor_Outage,120,0.5,1,True,0.95,None
1512,1512,Minor_Outage,120,3.9,21,True,0.97,None
1513,1513,Warning_Outage,240,1.5,3,True,0.85,None
1514,1514,Major_Outage,60,5.3,66,False,0.47,Resource Unavailable
1515,1515,Major_Outage,60,10.4,29,True,0.85,None
1517,1517,Major_Outage,60,10.0,20,True,0.89,None
1520,1520,Major_Outage,60,2.5,5,True,0.96,None
1521,1521,Major_Outage,60,8.7,24,True,0.97,None
1522,1522,Warning_Outage,240,1.5,3,True,0.97,None
1523,1523,Minor_Outage,120,7.7,20,True,0.85,None
1524,1524,Minor_Outage,120,0.8,38,True,0.82,None
1526,1526,Warning_Outage,240,6.5,13,True,0.81,None
1527,1527,Minor_Outage,120,2.5,13,True,0.87,None
1529,1529,Minor_Outage,120,3.9,46,True,0.95,None
1531,1531,Minor_Outage,120,4.1,15,True,0.96,None
1532,1532,Major_Outage,60,11.5,23,True,0.97,None
1534,1534,Warning_Outage,240,4.1,11,True,0.86,None
1535,1535,Minor_Outage,120,8.1,34,True,0.84,None
1537,1537,Critical_Outage,30,2.4,70,False,0.57,None
1539,1539,Minor_Outage,120,6.1,21,True,0.8,None
1542,1542,Minor_Outage,120,2.5,5,True,0.83,None
1543,1543,Critical_Outage,30,10.0,64,False,0.31,None
1544,1544,Critical_Outage,30,23.5,102,False,0.61,Resource Unavailable
1545,1545,Major_Outage,60,4.1,43,True,0.96,None
1546,1546,Major_Outage,60,6.6,41,True,0.93,None
1547,1547,Minor_Outage,120,4.9,15,True,0.84,None
1550,1550,Warning_Outage,240,2.5,5,True,0.83,None
1551,1551,Minor_Outage,120,2.3,12,True,0.88,None
1552,1552,Minor_Outage,120,4.5,11,True,0.81,None
1553,1553,Critical_Outage,30,8.0,16,True,0.91,None
1554,1554,Warning_Outage,240,13.0,26,True,0.92,None
1555,1555,Minor_Outage,120,12.7,51,True,0.83,None
1556,1556,Major_Outage,60,13.0,31,True,0.96,None
1557,1557,Minor_Outage,120,5.7,21,True,0.84,None
1559,1559,Minor_Outage,120,4.9,19,True,0.93,None
1561,1561,Major_Outage,60,3.4,38,True,0.9,None
1562,1562,Minor_Outage,120,1.5,46,True,0.95,None
1563,1563,Warning_Outage,240,2.2,18,True,0.96,None
1564,1564,Major_Outage,60,2.0,56,True,0.82,None
1565,1565,Warning_Outage,240,7.0,14,True,0.91,None
1566,1566,Minor_Outage,120,1.2,7,True,0.93,None
1570,1570,Minor_Outage,120,14.0,28,True,0.92,None
1573,1573,Minor_Outage,120,3.0,6,True,0.83,None
1574,1574,Minor_Outage,120,2.5,5,True,0.93,None
1575,1575,Warning_Outage,240,0.7,6,True,0.97,None
1578,1578,Critical_Outage,30,12.5,25,True,0.99,None
1579,1579,Major_Outage,60,2.2,91,False,0.62,None
1580,1580,Critical_Outage,30,6.1,76,False,0.58,Resource Unavailable
1582,1582,Major_Outage,60,9.0,18,True,0.97,None
1584,1584,Critical_Outage,30,6.4,66,False,0.46,Complex Issue
1586,1586,Minor_Outage,120,3.3,74,True,0.94,None
1588,1588,Minor_Outage,120,6.5,13,True,0.89,None
1589,1589,Major_Outage,60,7.8,48,True,0.96,None
1590,1590,Minor_Outage,120,2.7,12,True,0.99,None
1591,1591,Critical_Outage,30,12.0,24,True,0.81,None
1592,1592,Minor_Outage,120,0.8,37,True,0.84,None
1593,1593,Minor_Outage,120,7.0,14,True,0.81,None
1595,1595,Minor_Outage,120,1.6,11,True,0.83,None
1596,1596,Warning_Outage,240,1.5,3,True,0.85,None
1597,1597,Critical_Outage,30,6.5,80,False,0.43,Part Availability
1598,1598,Warning_Outage,240,6.0,12,True,0.8,None
1599,1599,Major_Outage,60,13.5,27,True,0.91,None
1601,1601,Major_Outage,60,8.5,17,True,0.89,None
1602,1602,Major_Outage,60,27.0,54,True,0.83,None
1604,1604,Warning_Outage,240,2.6,8,True,0.99,None
1605,1605,Minor_Outage,120,3.5,7,True,0.81,None
1606,1606,Major_Outage,60,9.5,19,True,0.91,None
1607,1607,Minor_Outage,120,4.0,41,True,0.95,None
1609,1609,Minor_Outage,120,7.5,15,True,0.87,None
1611,1611,Minor_Outage,120,7.0,19,True,0.81,None
1612,1612,Minor_Outage,120,9.0,18,True,0.9,None
1613,1613,Critical_Outage,30,16.0,63,False,0.4,Vendor Delay
1614,1614,Warning_Outage,240,6.1,16,True,0.95,None
1616,1616,Warning_Outage,240,2.0,4,True,0.95,None
1617,1617,Minor_Outage,120,4.0,8,True,0.99,None
1618,1618,Major_Outage,60,7.0,14,True,0.82,None
1619,1619,Critical_Outage,30,22.0,260,False,0.31,Resource Unavailable
1620,1620,Minor_Outage,120,10.0,20,True,0.9,None
1621,1621,Warning_Outage,240,9.0,18,True,1.0,None
1622,1622,Major_Outage,60,2.2,18,True,0.87,None
1623,1623,Minor_Outage,120,6.0,12,True,0.85,None
1624,1624,Critical_Outage,30,4.3,115,False,0.68,Vendor Delay
1626,1626,Minor_Outage,120,8.8,40,True,0.94,None
1627,1627,Major_Outage,60,8.8,36,True,0.92,None
1628,1628,Critical_Outage,30,3.3,49,False,0.4,Vendor Delay
1630,1630,Warning_Outage,240,1.5,3,True,0.86,None
1631,1631,Major_Outage,60,5.1,40,True,0.83,None
1632,1632,Minor_Outage,120,13.6,32,True,0.82,None
1633,1633,Warning_Outage,240,1.0,2,True,0.96,None
1636,1636,Major_Outage,60,11.1,57,True,0.85,None
1639,1639,Critical_Outage,30,11.6,134,False,0.4,Resource Unavailable
1640,1640,Critical_Outage,30,16.9,172,False,0.74,Part Availability
1641,1641,Major_Outage,60,6.0,12,True,0.85,None
1643,1643,Major_Outage,60,2.7,17,True,0.99,None
1644,1644,Minor_Outage,120,11.3,24,True,0.91,None
1645,1645,Minor_Outage,120,1.1,22,True,0.92,None
1648,1648,Major_Outage,60,4.7,79,False,0.67,Part Availability
1649,1649,Major_Outage,60,3.4,71,False,0.38,Vendor Delay
1650,1650,Major_Outage,60,5.2,16,True,0.88,None
1651,1651,Critical_Outage,30,11.7,52,False,0.48,Vendor Delay
1655,1655,Warning_Outage,240,3.5,7,True,0.88,None
1656,1656,Minor_Outage,120,10.0,20,True,0.86,None
1659,1659,Minor_Outage,120,5.1,47,True,0.85,None
1660,1660,Major_Outage,60,35.1,195,False,0.7,Vendor Delay
1661,1661,Critical_Outage,30,14.9,66,False,0.56,Part Availability
1662,1662,Minor_Outage,120,10.9,33,True,0.81,None
1664,1664,Critical_Outage,30,12.0,60,False,0.55,Resource Unavailable
1665,1665,Warning_Outage,240,1.0,2,True,0.96,None
1667,1667,Major_Outage,60,0.3,79,False,0.64,Vendor Delay
1668,1668,Major_Outage,60,10.5,34,True,0.87,None
1669,1669,Critical_Outage,30,30.1,371,False,0.52,Resource Unavailable
1671,1671,Minor_Outage,120,6.5,15,True,0.98,None
1672,1672,Major_Outage,60,12.1,96,False,0.34,Complex Issue
1673,1673,Critical_Outage,30,5.0,10,True,0.85,None
1674,1674,Minor_Outage,120,4.7,15,True,0.91,None
1675,1675,Major_Outage,60,11.7,108,False,0.46,Resource Unavailable
1676,1676,Minor_Outage,120,10.3,44,True,0.87,None
1677,1677,Minor_Outage,120,4.5,9,True,0.91,None
1678,1678,Major_Outage,60,5.5,11,True,0.97,None
1679,1679,Minor_Outage,120,7.0,14,True,0.96,None
1680,1680,Critical_Outage,30,0.8,19,True,0.91,None
1681,1681,Minor_Outage,120,2.0,4,True,0.91,None
1682,1682,Minor_Outage,120,5.4,15,True,0.89,None
1684,1684,Minor_Outage,120,13.7,39,True,0.85,None
1687,1687,Major_Outage,60,10.3,51,True,0.89,None
1688,1688,Minor_Outage,120,6.7,21,True,0.82,None
1689,1689,Minor_Outage,120,18.0,36,True,0.96,None
1690,1690,Critical_Outage,30,7.1,111,False,0.58,Part Availability
1691,1691,Warning_Outage,240,2.0,4,True,0.99,None
1692,1692,Major_Outage,60,17.5,57,True,1.0,None
1693,1693,Major_Outage,60,9.8,85,False,0.5,None
1694,1694,Critical_Outage,30,5.3,49,False,0.52,Complex Issue
1695,1695,Minor_Outage,120,6.8,45,True,0.86,None
1696,1696,Warning_Outage,240,5.4,14,True,0.98,None
1697,1697,Warning_Outage,240,4.2,11,True,0.87,None
1699,1699,Minor_Outage,120,6.8,17,True,0.95,None
1701,1701,Minor_Outage,120,2.7,13,True,0.9,None
1702,1702,Critical_Outage,30,13.0,180,False,0.69,Complex Issue
1703,1703,Major_Outage,60,11.0,66,False,0.45,Vendor Delay
1704,1704,Minor_Outage,120,6.7,18,True,0.82,None
1705,1705,Minor_Outage,120,6.9,14,True,0.89,None
1707,1707,Minor_Outage,120,6.4,13,True,0.86,None
1708,1708,Major_Outage,60,3.1,75,False,0.76,Complex Issue
1710,1710,Major_Outage,60,7.9,85,False,0.78,Part Availability
1711,1711,Warning_Outage,240,4.5,9,True,0.94,None
1713,1713,Major_Outage,60,12.3,26,True,0.98,None
1714,1714,Minor_Outage,120,3.5,7,True,0.99,None
1715,1715,Major_Outage,60,1.9,56,True,0.82,None
1716,1716,Major_Outage,60,2.4,14,True,0.81,None
1720,1720,Warning_Outage,240,0.7,7,True,0.93,None
1722,1722,Minor_Outage,120,1.1,14,True,0.84,None
1724,1724,Major_Outage,60,10.5,63,False,0.6,Vendor Delay
1726,1726,Major_Outage,60,5.4,110,False,0.43,Resource Unavailable
1727,1727,Minor_Outage,120,5.4,15,True,0.89,None
1729,1729,Minor_Outage,120,3.5,40,True,0.89,None
1731,1731,Minor_Outage,120,6.0,31,True,0.98,None
1732,1732,Warning_Outage,240,4.0,8,True,0.84,None
1733,1733,Minor_Outage,120,1.3,36,True,0.81,None
1736,1736,Minor_Outage,120,10.7,36,True,0.84,None
1737,1737,Major_Outage,60,8.0,63,False,0.75,Vendor Delay
1738,1738,Warning_Outage,240,1.0,2,True,0.81,None
1739,1739,Warning_Outage,240,2.0,4,True,0.93,None
1740,1740,Minor_Outage,120,3.3,18,True,0.9,None
1742,1742,Minor_Outage,120,3.5,7,True,0.96,None
1743,1743,Minor_Outage,120,8.5,17,True,0.83,None
1745,1745,Major_Outage,60,5.1,53,True,0.89,None
1746,1746,Warning_Outage,240,5.5,11,True,0.94,None
1748,1748,Major_Outage,60,12.0,24,True,0.99,None
1749,1749,Minor_Outage,120,5.0,10,True,0.84,None
1750,1750,Minor_Outage,120,2.7,14,True,0.91,None
1754,1754,Minor_Outage,120,9.4,30,True,0.97,None
1755,1755,Minor_Outage,120,2.2,32,True,0.89,None
1756,1756,Minor_Outage,120,7.0,31,True,0.92,None
1758,1758,Minor_Outage,120,7.5,20,True,0.81,None
1761,1761,Minor_Outage,120,3.5,7,True,0.85,None
1762,1762,Critical_Outage,30,3.9,74,False,0.72,None
1763,1763,Critical_Outage,30,5.0,138,False,0.67,Vendor Delay
1767,1767,Critical_Outage,30,5.1,41,False,0.49,None
1768,1768,Warning_Outage,240,0.5,1,True,0.92,None
1769,1769,Critical_Outage,30,5.5,113,False,0.56,Vendor Delay
1771,1771,Minor_Outage,120,11.5,23,True,0.83,None
1772,1772,Major_Outage,60,7.9,23,True,0.91,None
1773,1773,Minor_Outage,120,2.0,6,True,0.82,None
1774,1774,Major_Outage,60,8.5,21,True,0.96,None
1775,1775,Major_Outage,60,13.6,58,True,0.9,None
1776,1776,Minor_Outage,120,3.5,39,True,0.81,None
1777,1777,Minor_Outage,120,1.0,53,True,0.93,None
1779,1779,Major_Outage,60,6.1,26,True,0.93,None
1780,1780,Critical_Outage,30,22.3,96,False,0.45,None
1781,1781,Major_Outage,60,4.0,8,True,0.87,None
1783,1783,Minor_Outage,120,4.5,9,True,0.98,None
1784,1784,Major_Outage,60,9.1,84,False,0.33,None
1785,1785,Warning_Outage,240,4.5,9,True,0.88,None
1787,1787,Major_Outage,60,8.8,40,True,0.96,None
1788,1788,Minor_Outage,120,2.2,5,True,0.98,None
1789,1789,Minor_Outage,120,6.9,38,True,0.81,None
1790,1790,Critical_Outage,30,16.3,102,False,0.44,Vendor Delay
1791,1791,Major_Outage,60,8.0,31,True,0.97,None
1792,1792,Minor_Outage,120,2.6,11,True,0.99,None
1794,1794,Critical_Outage,30,9.3,167,False,0.41,Vendor Delay
1795,1795,Minor_Outage,120,9.5,19,True,0.82,None
1797,1797,Major_Outage,60,8.0,16,True,0.86,None
1799,1799,Major_Outage,60,7.5,15,True,0.94,None
1800,1800,Minor_Outage,120,5.5,11,True,0.85,None
1802,1802,Major_Outage,60,13.0,26,True,0.82,None
1805,1805,Minor_Outage,120,1.7,33,True,0.96,None
1806,1806,Major_Outage,60,8.4,56,True,0.92,None
1807,1807,Critical_Outage,30,18.5,51,False,0.55,None
1809,1809,Critical_Outage,30,10.5,21,True,0.95,None
1811,1811,Major_Outage,60,8.7,104,False,0.76,None
1812,1812,Minor_Outage,120,3.0,27,True,0.88,None
1813,1813,Warning_Outage,240,3.5,7,True,0.83,None
1814,1814,Minor_Outage,120,4.3,10,True,0.99,None
1816,1816,Major_Outage,60,6.0,15,True,0.99,None
1817,1817,Minor_Outage,120,4.4,20,True,0.88,None
1818,1818,Warning_Outage,240,6.5,13,True,0.89,None
1820,1820,Major_Outage,60,5.0,28,True,0.96,None
1821,1821,Minor_Outage,120,1.3,8,True,0.93,None
1822,1822,Major_Outage,60,5.5,11,True,0.97,None
1823,1823,Minor_Outage,120,6.6,52,True,0.81,None
1825,1825,Minor_Outage,120,13.2,34,True,0.84,None
1826,1826,Minor_Outage,120,5.8,101,True,0.87,None
1828,1828,Minor_Outage,120,2.7,32,True,0.89,None
1829,1829,Warning_Outage,240,3.5,7,True,0.91,None
1830,1830,Minor_Outage,120,6.4,19,True,0.84,None
1831,1831,Minor_Outage,120,9.1,31,True,0.94,None
1832,1832,Major_Outage,60,4.5,9,True,0.83,None
1833,1833,Warning_Outage,240,0.6,5,True,0.83,None
1834,1834,Major_Outage,60,5.0,10,True,0.81,None
1836,1836,Major_Outage,60,8.5,42,True,0.87,None
1838,1838,Major_Outage,60,12.1,34,True,0.89,None
1839,1839,Minor_Outage,120,1.8,14,True,0.81,None
1840,1840,Minor_Outage,120,6.0,12,True,0.84,None
1841,1841,Critical_Outage,30,0.7,31,False,0.32,None
1842,1842,Minor_Outage,120,2.0,4,True,0.99,None
1843,1843,Major_Outage,60,23.0,46,True,0.89,None
1846,1846,Minor_Outage,120,0.5,30,True,0.9,None
1847,1847,Critical_Outage,30,11.0,128,False,0.56,Complex Issue
1848,1848,Warning_Outage,240,2.0,4,True,0.9,None
1849,1849,Minor_Outage,120,9.5,19,True,0.82,None
1850,1850,Major_Outage,60,12.0,24,True,0.91,None
1851,1851,Critical_Outage,30,7.5,44,False,0.78,Vendor Delay
1852,1852,Minor_Outage,120,4.0,30,True,0.82,None
1853,1853,Major_Outage,60,3.0,6,True,0.96,None
1854,1854,Warning_Outage,240,3.6,24,True,0.83,None
1855,1855,Minor_Outage,120,8.5,17,True,0.87,None
1856,1856,Warning_Outage,240,6.5,13,True,0.89,None
1858,1858,Major_Outage,60,2.8,35,True,0.86,None
1859,1859,Critical_Outage,30,3.8,39,False,0.49,Vendor Delay
1860,1860,Major_Outage,60,7.0,14,True,0.82,None
1861,1861,Minor_Outage,120,2.6,23,True,0.84,None
1862,1862,Minor_Outage,120,5.5,11,True,0.84,None
1863,1863,Critical_Outage,30,10.7,28,True,0.83,None
1864,1864,Minor_Outage,120,3.8,25,True,0.91,None
1865,1865,Major_Outage,60,9.0,21,True,0.85,None
1868,1868,Minor_Outage,120,3.3,13,True,0.85,None
1869,1869,Major_Outage,60,13.8,38,True,0.87,None
1871,1871,Major_Outage,60,6.9,16,True,0.87,None
1872,1872,Minor_Outage,120,2.0,4,True,0.9,None
1873,1873,Major_Outage,60,11.5,23,True,0.89,None
1874,1874,Minor_Outage,120,7.2,28,True,0.94,None
1876,1876,Major_Outage,60,6.9,40,True,0.91,None
1877,1877,Warning_Outage,240,3.8,16,True,0.97,None
1878,1878,Minor_Outage,120,14.0,28,True,0.83,None
1880,1880,Minor_Outage,120,2.5,5,True,0.92,None
1883,1883,Minor_Outage,120,2.5,5,True,0.86,None
1885,1885,Major_Outage,60,3.8,58,True,0.9,None
1887,1887,Minor_Outage,120,3.0,6,True,0.93,None
1888,1888,Major_Outage,60,26.1,175,False,0.41,Vendor Delay
1892,1892,Minor_Outage,120,1.5,40,True,0.81,None
1894,1894,Minor_Outage,120,1.9,40,True,0.96,None
1898,1898,Minor_Outage,120,5.8,33,True,0.89,None
1899,1899,Minor_Outage,120,4.0,8,True,0.96,None
1900,1900,Major_Outage,60,10.7,213,False,0.74,Part Availability
1901,1901,Minor_Outage,120,5.1,22,True,0.81,None
1902,1902,Minor_Outage,120,7.0,14,True,0.83,None
1906,1906,Major_Outage,60,4.9,16,True,0.8,None
1907,1907,Minor_Outage,120,4.0,43,True,0.9,None
1908,1908,Major_Outage,60,21.5,43,True,0.94,None
1909,1909,Minor_Outage,120,16.0,79,True,0.92,None
1910,1910,Major_Outage,60,2.7,19,True,0.84,None
1911,1911,Minor_Outage,120,2.5,5,True,0.98,None
1912,1912,Minor_Outage,120,3.3,27,True,0.86,None
1914,1914,Critical_Outage,30,9.7,47,False,0.64,Vendor Delay
1915,1915,Critical_Outage,30,14.0,28,True,0.89,None
1917,1917,Warning_Outage,240,2.0,4,True,0.81,None
1918,1918,Minor_Outage,120,1.0,36,True,0.85,None
1919,1919,Major_Outage,60,5.1,74,False,0.4,None
1920,1920,Minor_Outage,120,14.8,34,True,0.93,None
1921,1921,Minor_Outage,120,11.0,22,True,0.92,None
1922,1922,Critical_Outage,30,2.3,43,False,0.64,Complex Issue
1923,1923,Minor_Outage,120,3.9,8,True,0.91,None
1924,1924,Critical_Outage,30,26.5,53,False,0.77,None
1925,1925,Minor_Outage,120,12.8,32,True,0.91,None
1926,1926,Major_Outage,60,9.6,46,True,0.86,None
1928,1928,Major_Outage,60,6.7,16,True,0.85,None
1930,1930,Warning_Outage,240,9.5,19,True,0.86,None
1932,1932,Major_Outage,60,4.3,77,False,0.32,None
1933,1933,Major_Outage,60,9.9,76,False,0.32,Vendor Delay
1934,1934,Major_Outage,60,23.0,46,True,0.81,None
1935,1935,Critical_Outage,30,7.5,66,False,0.57,Part Availability
1936,1936,Warning_Outage,240,5.5,11,True,0.98,None
1937,1937,Critical_Outage,30,13.7,204,False,0.56,None
1938,1938,Major_Outage,60,7.6,36,True,0.82,None
1940,1940,Warning_Outage,240,5.1,19,True,0.83,None
1941,1941,Minor_Outage,120,9.9,25,True,0.92,None
1943,1943,Critical_Outage,30,3.6,93,False,0.36,Vendor Delay
1944,1944,Minor_Outage,120,9.0,18,True,0.85,None
1946,1946,Warning_Outage,240,1.0,2,True,0.94,None
1947,1947,Minor_Outage,120,9.8,35,True,0.88,None
1949,1949,Minor_Outage,120,1.0,2,True,0.87,None
1950,1950,Warning_Outage,240,4.0,8,True,0.98,None
1951,1951,Critical_Outage,30,7.4,64,False,0.58,Vendor Delay
1952,1952,Minor_Outage,120,8.5,17,True,0.8,None
1953,1953,Minor_Outage,120,3.8,35,True,0.85,None
1954,1954,Major_Outage,60,12.0,24,True,0.8,None
1955,1955,Minor_Outage,120,11.6,54,True,0.89,None
1956,1956,Critical_Outage,30,9.3,57,False,0.49,Vendor Delay
1958,1958,Warning_Outage,240,5.5,11,True,0.99,None
1959,1959,Minor_Outage,120,2.3,38,True,0.83,None
1960,1960,Warning_Outage,240,6.0,14,True,0.88,None
1961,1961,Major_Outage,60,4.0,8,True,0.96,None
1963,1963,Minor_Outage,120,2.5,5,True,0.8,None
1964,1964,Major_Outage,60,4.7,37,True,0.88,None
1965,1965,Minor_Outage,120,16.2,63,True,0.84,None
1966,1966,Major_Outage,60,5.3,36,True,0.8,None
1967,1967,Minor_Outage,120,3.1,33,True,0.98,None
1968,1968,Minor_Outage,120,2.9,30,True,0.81,None
1969,1969,Minor_Outage,120,13.5,27,True,0.98,None
1971,1971,Critical_Outage,30,1.7,23,True,0.83,None
1973,1973,Minor_Outage,120,2.0,4,True,0.97,None
1974,1974,Critical_Outage,30,12.2,80,False,0.41,None
1976,1976,Warning_Outage,240,1.0,2,True,0.83,None
1977,1977,Major_Outage,60,6.0,12,True,0.91,None
1978,1978,Major_Outage,60,8.2,65,False,0.63,None
1979,1979,Minor_Outage,120,8.0,16,True,0.84,None
1981,1981,Minor_Outage,120,3.2,21,True,0.97,None
1982,1982,Minor_Outage,120,12.3,51,True,0.87,None
1983,1983,Major_Outage,60,8.0,16,True,0.92,None
1984,1984,Warning_Outage,240,2.0,4,True,0.83,None
1985,1985,Minor_Outage,120,2.3,28,True,0.95,None
1986,1986,Minor_Outage,120,5.0,36,True,0.91,None
1988,1988,Major_Outage,60,9.3,63,False,0.73,None
1989,1989,Minor_Outage,120,6.5,13,True,0.85,None
1990,1990,Warning_Outage,240,4.0,8,True,1.0,None
1991,1991,Minor_Outage,120,8.6,22,True,0.98,None
1994,1994,Major_Outage,60,12.5,25,True,0.94,None
1995,1995,Warning_Outage,240,2.0,4,True,0.96,None
1996,1996,Critical_Outage,30,13.4,97,False,0.43,None
1997,1997,Minor_Outage,120,3.9,13,True,0.98,None
1999,1999,Critical_Outage,30,4.7,24,True,0.98,None
2000,2000,Minor_Outage,120,4.1,31,True,0.81,None
2001,2001,Minor_Outage,120,13.0,26,True,0.84,None
2003,2003,Critical_Outage,30,4.1,95,False,0.54,Complex Issue
2005,2005,Major_Outage,60,32.2,66,False,0.5,Resource Unavailable
2006,2006,Major_Outage,60,10.5,21,True,0.93,None
2007,2007,Major_Outage,60,9.1,55,True,0.82,None
2009,2009,Critical_Outage,30,5.8,192,False,0.65,None
2011,2011,Major_Outage,60,26.3,156,False,0.39,Part Availability
2012,2012,Minor_Outage,120,5.8,39,True,0.85,None
2013,2013,Critical_Outage,30,19.5,81,False,0.43,Part Availability
2014,2014,Minor_Outage,120,0.8,19,True,0.91,None
2015,2015,Warning_Outage,240,6.9,16,True,0.94,None
2016,2016,Major_Outage,60,16.0,32,True,0.9,None
2017,2017,Critical_Outage,30,26.0,126,False,0.35,Resource Unavailable
2018,2018,Minor_Outage,120,4.5,9,True,1.0,None
2020,2020,Warning_Outage,240,0.5,1,True,0.89,None
2023,2023,Warning_Outage,240,2.5,27,True,0.95,None
2024,2024,Major_Outage,60,11.5,62,False,0.78,Vendor Delay
2025,2025,Major_Outage,60,2.5,5,True,0.83,None
2026,2026,Minor_Outage,120,2.5,5,True,0.82,None
2027,2027,Minor_Outage,120,11.0,22,True,0.99,None
2028,2028,Major_Outage,60,4.6,34,True,0.88,None
2029,2029,Minor_Outage,120,4.0,8,True,0.93,None
2031,2031,Warning_Outage,240,0.5,1,True,0.98,None
2032,2032,Minor_Outage,120,7.0,14,True,0.99,None
2033,2033,Major_Outage,60,8.0,16,True,0.88,None
2036,2036,Critical_Outage,30,4.9,140,False,0.48,None
2037,2037,Minor_Outage,120,0.3,37,True,0.84,None
2039,2039,Warning_Outage,240,2.5,5,True,0.85,None
2040,2040,Major_Outage,60,2.2,28,True,0.8,None
2041,2041,Minor_Outage,120,5.8,24,True,0.9,None
2043,2043,Minor_Outage,120,4.0,8,True,0.84,None
2044,2044,Minor_Outage,120,2.5,5,True,0.81,None
2045,2045,Warning_Outage,240,10.0,20,True,0.88,None
2046,2046,Major_Outage,60,4.0,30,True,0.95,None
2047,2047,Minor_Outage,120,3.5,7,True,0.9,None
2048,2048,Major_Outage,60,17.0,60,True,0.84,None
2050,2050,Warning_Outage,240,3.7,8,True,0.87,None
2051,2051,Major_Outage,60,2.1,106,False,0.69,Vendor Delay
2052,2052,Warning_Outage,240,2.0,4,True,0.94,None
2053,2053,Minor_Outage,120,2.0,4,True,0.8,None
2054,2054,Warning_Outage,240,1.0,2,True,0.84,None
2059,2059,Warning_Outage,240,2.5,22,True,0.85,None
2060,2060,Minor_Outage,120,14.0,28,True,0.82,None
2062,2062,Minor_Outage,120,2.5,5,True,0.94,None
2063,2063,Critical_Outage,30,21.3,85,False,0.59,Vendor Delay
2065,2065,Major_Outage,60,1.2,25,True,0.87,None
2067,2067,Minor_Outage,120,2.1,23,True,0.97,None
2068,2068,Major_Outage,60,2.5,5,True,0.94,None
2069,2069,Major_Outage,60,4.2,28,True,0.97,None
2070,2070,Minor_Outage,120,0.5,1,True,0.84,None
2071,2071,Major_Outage,60,13.5,27,True,0.87,None
2072,2072,Critical_Outage,30,1.4,216,False,0.6,Vendor Delay
2073,2073,Minor_Outage,120,7.2,29,True,0.95,None
2074,2074,Minor_Outage,120,3.5,7,True,0.89,None
2076,2076,Critical_Outage,30,4.4,28,True,0.97,None
2078,2078,Critical_Outage,30,6.5,25,True,0.89,None
2079,2079,Critical_Outage,30,17.5,35,False,0.68,Resource Unavailable
2080,2080,Warning_Outage,240,7.5,16,True,0.95,None
2081,2081,Minor_Outage,120,2.4,19,True,0.93,None
2082,2082,Major_Outage,60,9.4,21,True,0.86,None
2083,2083,Minor_Outage,120,4.0,8,True,0.83,None
2084,2084,Minor_Outage,120,3.5,7,True,0.95,None
2086,2086,Minor_Outage,120,1.8,26,True,0.83,None
2087,2087,Major_Outage,60,8.0,16,True,0.83,None
2088,2088,Minor_Outage,120,10.0,20,True,0.9,None
2089,2089,Major_Outage,60,5.8,41,True,1.0,None
2090,2090,Major_Outage,60,13.3,36,True,0.92,None
2095,2095,Minor_Outage,120,6.5,13,True,0.9,None
2096,2096,Minor_Outage,120,7.4,90,True,0.89,None
2097,2097,Critical_Outage,30,8.7,279,False,0.52,Part Availability
2098,2098,Major_Outage,60,1.6,12,True,0.83,None
2100,2100,Warning_Outage,240,5.1,13,True,0.85,None
2101,2101,Minor_Outage,120,11.5,37,True,0.86,None
2103,2103,Minor_Outage,120,3.0,6,True,0.81,None
2105,2105,Minor_Outage,120,6.3,27,True,0.8,None
2106,2106,Minor_Outage,120,3.9,20,True,0.88,None
2107,2107,Major_Outage,60,4.7,79,False,0.72,None
2109,2109,Minor_Outage,120,3.5,7,True,0.99,None
2110,2110,Minor_Outage,120,3.0,6,True,0.99,None
2113,2113,Major_Outage,60,5.5,11,True,0.86,None
2114,2114,Minor_Outage,120,1.7,18,True,0.89,None
2117,2117,Minor_Outage,120,20.0,43,True,0.8,None
2122,2122,Major_Outage,60,19.7,72,False,0.41,None
2124,2124,Critical_Outage,30,13.9,171,False,0.78,Part Availability
2125,2125,Warning_Outage,240,8.0,16,True,0.86,None
2126,2126,Warning_Outage,240,6.0,12,True,0.92,None
2127,2127,Warning_Outage,240,4.6,15,True,0.93,None
2128,2128,Minor_Outage,120,3.0,16,True,0.98,None
2130,2130,Critical_Outage,30,4.1,141,False,0.38,Vendor Delay
2131,2131,Critical_Outage,30,8.0,65,False,0.63,Vendor Delay
2133,2133,Warning_Outage,240,6.0,15,True,0.96,None
2134,2134,Warning_Outage,240,9.0,18,True,0.93,None
2135,2135,Minor_Outage,120,0.5,1,True,0.9,None
2136,2136,Major_Outage,60,4.1,34,True,0.82,None
2137,2137,Minor_Outage,120,7.0,76,True,0.94,None
2138,2138,Warning_Outage,240,1.0,2,True,0.98,None
2140,2140,Major_Outage,60,5.5,11,True,0.98,None
2141,2141,Minor_Outage,120,4.5,19,True,0.86,None
2143,2143,Minor_Outage,120,1.9,18,True,0.83,None
2144,2144,Warning_Outage,240,2.5,5,True,0.84,None
2145,2145,Major_Outage,60,1.5,3,True,0.95,None
2146,2146,Major_Outage,60,5.0,10,True,0.91,None
2147,2147,Major_Outage,60,7.1,66,False,0.62,Vendor Delay
2150,2150,Minor_Outage,120,0.7,7,True,0.85,None
2152,2152,Warning_Outage,240,2.8,14,True,1.0,None
2153,2153,Major_Outage,60,8.4,37,True,0.8,None
2154,2154,Major_Outage,60,2.3,88,False,0.44,Resource Unavailable
2155,2155,Minor_Outage,120,1.6,14,True,0.96,None
2156,2156,Minor_Outage,120,4.6,12,True,0.97,None
2157,2157,Critical_Outage,30,10.1,145,False,0.52,None
2159,2159,Warning_Outage,240,1.0,2,True,0.88,None
2160,2160,Minor_Outage,120,4.0,13,True,0.84,None
2162,2162,Minor_Outage,120,0.8,16,True,0.81,None
2163,2163,Minor_Outage,120,4.5,9,True,0.85,None
2165,2165,Minor_Outage,120,12.0,27,True,0.84,None
2166,2166,Critical_Outage,30,11.5,47,False,0.37,None
2168,2168,Critical_Outage,30,4.4,20,True,0.87,None
2169,2169,Warning_Outage,240,2.5,5,True,0.89,None
2170,2170,Minor_Outage,120,7.6,31,True,0.9,None
2172,2172,Minor_Outage,120,3.4,30,True,0.86,None
2173,2173,Critical_Outage,30,19.0,38,False,0.33,Resource Unavailable
2175,2175,Major_Outage,60,8.5,55,True,0.89,None
2177,2177,Major_Outage,60,13.7,36,True,0.86,None
2178,2178,Major_Outage,60,3.5,7,True,0.97,None
2179,2179,Warning_Outage,240,3.0,6,True,0.84,None
2180,2180,Warning_Outage,240,2.0,4,True,0.88,None
2181,2181,Minor_Outage,120,3.0,6,True,0.89,None
2182,2182,Minor_Outage,120,3.0,6,True,0.83,None
2183,2183,Minor_Outage,120,9.9,40,True,0.85,None
2186,2186,Major_Outage,60,4.0,13,True,0.84,None
2187,2187,Warning_Outage,240,4.0,8,True,0.83,None
2189,2189,Critical_Outage,30,28.0,56,False,0.38,None
2190,2190,Critical_Outage,30,20.3,158,False,0.78,None
2192,2192,Critical_Outage,30,17.3,102,False,0.53,Vendor Delay
2194,2194,Critical_Outage,30,2.5,131,False,0.74,None
2195,2195,Minor_Outage,120,5.5,62,True,0.83,None
2196,2196,Major_Outage,60,18.5,37,True,0.95,None
2197,2197,Minor_Outage,120,6.6,14,True,0.81,None
2198,2198,Major_Outage,60,18.2,67,False,0.71,Vendor Delay
2199,2199,Warning_Outage,240,5.5,11,True,0.92,None
2200,2200,Major_Outage,60,6.2,27,True,0.87,None
2201,2201,Minor_Outage,120,13.0,26,True,0.88,None
2202,2202,Minor_Outage,120,7.0,14,True,0.91,None
2203,2203,Minor_Outage,120,8.5,17,True,0.89,None
2205,2205,Warning_Outage,240,9.2,31,True,0.94,None
2206,2206,Minor_Outage,120,11.0,22,True,0.96,None
2207,2207,Minor_Outage,120,5.5,11,True,0.94,None
2208,2208,Warning_Outage,240,2.4,8,True,0.83,None
2209,2209,Minor_Outage,120,15.5,31,True,0.82,None
2210,2210,Minor_Outage,120,2.6,24,True,0.89,None
2211,2211,Major_Outage,60,5.2,13,True,0.94,None
2212,2212,Critical_Outage,30,4.9,125,False,0.71,Part Availability
2213,2213,Major_Outage,60,6.6,53,True,0.83,None
2214,2214,Minor_Outage,120,4.0,8,True,0.95,None
2215,2215,Minor_Outage,120,3.5,7,True,0.93,None
2220,2220,Minor_Outage,120,8.1,45,True,0.97,None
2221,2221,Major_Outage,60,3.9,49,True,0.81,None
2223,2223,Minor_Outage,120,9.5,19,True,0.82,None
2224,2224,Critical_Outage,30,24.0,85,False,0.38,Resource Unavailable
2225,2225,Critical_Outage,30,4.6,24,True,0.88,None
2226,2226,Minor_Outage,120,2.0,4,True,0.97,None
2227,2227,Minor_Outage,120,10.8,51,True,0.85,None
2228,2228,Minor_Outage,120,8.0,16,True,0.8,None
2229,2229,Warning_Outage,240,8.5,17,True,0.92,None
2230,2230,Major_Outage,60,2.3,57,True,0.89,None
2231,2231,Major_Outage,60,7.0,14,True,0.91,None
2232,2232,Critical_Outage,30,25.2,114,False,0.43,None
2233,2233,Major_Outage,60,1.1,8,True,0.93,None
2235,2235,Major_Outage,60,12.9,49,True,0.91,None
2236,2236,Major_Outage,60,12.5,57,True,0.92,None
2237,2237,Warning_Outage,240,6.5,13,True,0.9,None
2238,2238,Major_Outage,60,8.7,36,True,0.89,None
2239,2239,Major_Outage,60,15.3,49,True,0.92,None
2240,2240,Warning_Outage,240,0.5,1,True,0.81,None
2241,2241,Minor_Outage,120,2.2,13,True,0.96,None
2242,2242,Minor_Outage,120,10.5,21,True,0.86,None
2243,2243,Minor_Outage,120,6.1,74,True,0.82,None
2244,2244,Minor_Outage,120,11.0,22,True,0.97,None
2246,2246,Major_Outage,60,3.6,31,True,0.95,None
2247,2247,Warning_Outage,240,6.6,15,True,0.88,None
2249,2249,Major_Outage,60,1.6,64,False,0.57,None
2250,2250,Critical_Outage,30,12.8,79,False,0.41,None
2251,2251,Minor_Outage,120,8.0,16,True,0.97,None
2252,2252,Minor_Outage,120,1.5,3,True,0.81,None
2255,2255,Critical_Outage,30,10.4,47,False,0.67,Resource Unavailable
2256,2256,Critical_Outage,30,6.1,36,False,0.67,None
2257,2257,Major_Outage,60,0.8,87,False,0.78,None
2258,2258,Warning_Outage,240,0.5,1,True,0.94,None
2260,2260,Warning_Outage,240,3.0,6,True,0.99,None
2261,2261,Major_Outage,60,4.9,114,False,0.37,None
2262,2262,Minor_Outage,120,16.5,33,True,0.84,None
2264,2264,Warning_Outage,240,0.8,10,True,0.9,None
2269,2269,Minor_Outage,120,4.0,8,True,0.98,None
2271,2271,Critical_Outage,30,18.0,36,False,0.42,Resource Unavailable
2272,2272,Minor_Outage,120,2.0,4,True,0.96,None
2273,2273,Major_Outage,60,7.0,70,False,0.5,None
2275,2275,Minor_Outage,120,0.9,8,True,0.88,None
2276,2276,Major_Outage,60,14.5,29,True,0.9,None
2277,2277,Minor_Outage,120,0.6,60,True,0.83,None
2278,2278,Minor_Outage,120,3.3,18,True,0.93,None
2279,2279,Major_Outage,60,5.0,10,True,0.96,None
2280,2280,Minor_Outage,120,3.6,31,True,0.97,None
2281,2281,Major_Outage,60,1.0,2,True,0.84,None
2283,2283,Warning_Outage,240,2.5,5,True,0.82,None
2287,2287,Minor_Outage,120,5.0,10,True,0.96,None
2288,2288,Major_Outage,60,13.9,117,False,0.52,Vendor Delay
2289,2289,Minor_Outage,120,26.0,52,True,0.82,None
2290,2290,Minor_Outage,120,11.1,28,True,0.99,None
2291,2291,Minor_Outage,120,0.5,1,True,0.87,None
2294,2294,Critical_Outage,30,7.0,14,True,0.85,None
2296,2296,Critical_Outage,30,4.0,138,False,0.49,Resource Unavailable
2297,2297,Critical_Outage,30,24.6,64,False,0.31,None
2298,2298,Minor_Outage,120,6.4,22,True,0.87,None
2299,2299,Minor_Outage,120,5.5,11,True,0.9,None
2300,2300,Major_Outage,60,16.0,32,True,0.81,None
2301,2301,Minor_Outage,120,16.9,41,True,0.85,None
2303,2303,Warning_Outage,240,4.4,41,True,0.9,None
2304,2304,Minor_Outage,120,3.2,27,True,0.86,None
2305,2305,Minor_Outage,120,3.5,18,True,0.88,None
2306,2306,Major_Outage,60,9.5,19,True,0.82,None
2309,2309,Minor_Outage,120,1.3,21,True,0.95,None
2311,2311,Warning_Outage,240,6.5,13,True,0.91,None
2317,2317,Warning_Outage,240,1.9,5,True,0.9,None
2318,2318,Major_Outage,60,2.5,5,True,0.95,None
2319,2319,Minor_Outage,120,11.3,39,True,0.87,None
2320,2320,Major_Outage,60,3.7,15,True,0.87,None
2322,2322,Minor_Outage,120,9.2,43,True,0.92,None
2323,2323,Minor_Outage,120,2.0,4,True,0.94,None
2324,2324,Minor_Outage,120,3.0,21,True,0.88,None
2325,2325,Major_Outage,60,20.5,41,True,0.97,None
2326,2326,Major_Outage,60,5.8,31,True,0.95,None
2327,2327,Minor_Outage,120,8.0,16,True,0.82,None
2329,2329,Critical_Outage,30,6.3,20,True,0.94,None
2331,2331,Major_Outage,60,0.5,1,True,0.91,None
2333,2333,Minor_Outage,120,3.8,31,True,0.84,None
2335,2335,Major_Outage,60,14.8,83,False,0.73,None
2336,2336,Major_Outage,60,3.2,18,True,0.92,None
2337,2337,Minor_Outage,120,6.7,26,True,0.99,None
2338,2338,Warning_Outage,240,1.5,8,True,0.88,None
2339,2339,Minor_Outage,120,3.8,9,True,0.94,None
2340,2340,Major_Outage,60,0.5,1,True,0.91,None
2341,2341,Major_Outage,60,2.8,7,True,0.93,None
2342,2342,Critical_Outage,30,4.3,50,False,0.43,Vendor Delay
2343,2343,Minor_Outage,120,1.5,3,True,0.91,None
2344,2344,Minor_Outage,120,14.4,37,True,0.97,None
2345,2345,Major_Outage,60,5.6,22,True,0.86,None
2346,2346,Major_Outage,60,3.7,29,True,0.94,None
2347,2347,Major_Outage,60,14.3,142,False,0.49,Vendor Delay
2348,2348,Minor_Outage,120,1.5,3,True,0.93,None
2349,2349,Critical_Outage,30,2.9,106,False,0.43,Vendor Delay
2351,2351,Minor_Outage,120,4.0,8,True,0.95,None
2356,2356,Minor_Outage,120,3.0,21,True,0.89,None
2358,2358,Major_Outage,60,5.2,96,False,0.44,Vendor Delay
2361,2361,Critical_Outage,30,6.5,100,False,0.39,None
2362,2362,Minor_Outage,120,5.0,42,True,0.84,None
2363,2363,Major_Outage,60,8.3,208,False,0.51,Part Availability
2364,2364,Minor_Outage,120,25.2,69,True,0.99,None
2365,2365,Critical_Outage,30,9.1,213,False,0.6,None
2366,2366,Minor_Outage,120,8.5,17,True,0.94,None
2367,2367,Major_Outage,60,35.5,198,False,0.65,Vendor Delay
2368,2368,Minor_Outage,120,16.4,49,True,0.93,None
2369,2369,Minor_Outage,120,1.7,12,True,0.82,None
2371,2371,Critical_Outage,30,7.2,102,False,0.51,Vendor Delay
2372,2372,Minor_Outage,120,7.5,15,True,0.81,None
2373,2373,Minor_Outage,120,1.0,2,True,0.87,None
2374,2374,Critical_Outage,30,2.4,67,False,0.53,Part Availability
2375,2375,Major_Outage,60,3.0,6,True,0.82,None
2376,2376,Minor_Outage,120,2.5,5,True,0.97,None
2377,2377,Critical_Outage,30,0.6,209,False,0.6,Complex Issue
2378,2378,Critical_Outage,30,13.2,88,False,0.5,None
2379,2379,Minor_Outage,120,7.0,14,True,0.94,None
2380,2380,Minor_Outage,120,4.0,8,True,0.85,None
2381,2381,Minor_Outage,120,3.0,6,True,0.87,None
2382,2382,Minor_Outage,120,11.9,25,True,0.95,None
2383,2383,Minor_Outage,120,6.0,12,True,0.85,None
2384,2384,Major_Outage,60,18.6,71,False,0.54,None
2386,2386,Critical_Outage,30,8.0,16,True,0.98,None
2389,2389,Warning_Outage,240,1.0,2,True,0.89,None
2390,2390,Minor_Outage,120,1.0,2,True,0.88,None
2391,2391,Minor_Outage,120,3.1,9,True,0.82,None
2392,2392,Minor_Outage,120,5.0,10,True,0.99,None
2393,2393,Major_Outage,60,2.5,5,True,0.86,None
2394,2394,Major_Outage,60,5.9,58,True,0.96,None
2395,2395,Critical_Outage,30,4.8,21,True,0.85,None
2396,2396,Critical_Outage,30,3.7,67,False,0.76,None
2397,2397,Major_Outage,60,10.0,33,True,0.85,None
2398,2398,Warning_Outage,240,4.0,8,True,0.81,None
2401,2401,Major_Outage,60,3.9,70,False,0.5,Vendor Delay
2403,2403,Warning_Outage,240,4.0,8,True,0.87,None
2404,2404,Major_Outage,60,16.0,35,True,0.89,None
2405,2405,Major_Outage,60,5.3,66,False,0.71,Part Availability
2406,2406,Major_Outage,60,10.5,21,True,0.91,None
2408,2408,Critical_Outage,30,6.4,17,True,0.96,None
2411,2411,Critical_Outage,30,0.9,11,True,0.84,None
2412,2412,Warning_Outage,240,4.7,15,True,0.9,None
2413,2413,Critical_Outage,30,4.3,192,False,0.68,Vendor Delay
2416,2416,Major_Outage,60,5.3,92,False,0.7,None
2417,2417,Critical_Outage,30,7.1,171,False,0.67,Vendor Delay
2418,2418,Major_Outage,60,6.5,13,True,0.86,None
2419,2419,Minor_Outage,120,3.0,15,True,0.96,None
2420,2420,Major_Outage,60,15.5,31,True,0.87,None
2421,2421,Critical_Outage,30,4.5,116,False,0.42,Part Availability
2422,2422,Major_Outage,60,13.8,45,True,0.99,None
2426,2426,Minor_Outage,120,9.5,19,True,0.84,None
2427,2427,Warning_Outage,240,2.0,4,True,0.88,None
2428,2428,Major_Outage,60,9.4,23,True,0.92,None
2429,2429,Minor_Outage,120,8.4,20,True,0.99,None
2431,2431,Minor_Outage,120,1.5,3,True,0.85,None
2432,2432,Minor_Outage,120,2.0,20,True,0.9,None
2434,2434,Minor_Outage,120,6.0,12,True,0.84,None
2435,2435,Warning_Outage,240,5.5,11,True,0.96,None
2436,2436,Minor_Outage,120,8.5,36,True,0.97,None
2439,2439,Minor_Outage,120,10.6,22,True,0.89,None
2440,2440,Minor_Outage,120,10.0,20,True,0.84,None
2442,2442,Major_Outage,60,13.8,30,True,0.95,None
2443,2443,Major_Outage,60,7.0,14,True,0.97,None
2444,2444,Warning_Outage,240,2.5,5,True,0.82,None
2446,2446,Critical_Outage,30,9.0,67,False,0.78,None
2447,2447,Minor_Outage,120,4.1,27,True,0.87,None
2449,2449,Major_Outage,60,8.1,52,True,0.96,None
2450,2450,Critical_Outage,30,2.3,56,False,0.39,None
2451,2451,Major_Outage,60,6.4,34,True,0.84,None
2452,2452,Major_Outage,60,5.5,11,True,0.91,None
2453,2453,Warning_Outage,240,0.5,1,True,0.99,None
2454,2454,Major_Outage,60,9.1,131,False,0.45,Resource Unavailable
2455,2455,Major_Outage,60,9.3,67,False,0.65,Resource Unavailable
2456,2456,Minor_Outage,120,7.0,14,True,0.81,None
2457,2457,Critical_Outage,30,2.0,4,True,0.91,None
2458,2458,Warning_Outage,240,3.0,6,True,0.92,None
2460,2460,Major_Outage,60,6.7,14,True,0.81,None
2461,2461,Minor_Outage,120,8.0,16,True,0.91,None
2462,2462,Major_Outage,60,4.8,92,False,0.63,Complex Issue
2465,2465,Critical_Outage,30,6.4,69,False,0.62,None
2466,2466,Major_Outage,60,2.7,98,False,0.52,Vendor Delay
2467,2467,Critical_Outage,30,3.8,96,False,0.42,None
2468,2468,Minor_Outage,120,10.0,20,True,0.85,None
2469,2469,Warning_Outage,240,3.5,7,True,0.91,None
2470,2470,Minor_Outage,120,5.1,16,True,0.83,None
2473,2473,Minor_Outage,120,10.6,22,True,0.84,None
2476,2476,Minor_Outage,120,17.0,34,True,0.98,None
2477,2477,Minor_Outage,120,1.6,8,True,0.86,None
2479,2479,Critical_Outage,30,6.4,250,False,0.36,Complex Issue
2482,2482,Major_Outage,60,0.9,122,False,0.48,None
2483,2483,Minor_Outage,120,0.5,1,True,0.81,None
2489,2489,Warning_Outage,240,17.5,35,True,0.8,None
2490,2490,Major_Outage,60,6.7,121,False,0.31,Complex Issue
2491,2491,Warning_Outage,240,0.5,1,True,0.83,None
2493,2493,Warning_Outage,240,6.0,12,True,0.98,None
2494,2494,Minor_Outage,120,14.1,41,True,0.98,None
2495,2495,Minor_Outage,120,14.0,28,True,0.85,None
2499,2499,Major_Outage,60,2.5,5,True,0.88,None
2500,2500,Major_Outage,60,22.2,52,True,0.86,None
2501,2501,Minor_Outage,120,6.6,23,True,0.85,None
2502,2502,Minor_Outage,120,11.5,23,True,0.98,None
2504,2504,Minor_Outage,120,14.7,40,True,1.0,None
2505,2505,Minor_Outage,120,4.7,16,True,0.92,None
2506,2506,Major_Outage,60,7.8,21,True,0.81,None
2508,2508,Minor_Outage,120,4.0,8,True,0.83,None
2511,2511,Major_Outage,60,0.5,1,True,0.94,None
2512,2512,Minor_Outage,120,8.9,28,True,0.87,None
2513,2513,Minor_Outage,120,10.6,32,True,0.9,None
2514,2514,Warning_Outage,240,3.0,6,True,0.83,None
2515,2515,Critical_Outage,30,6.5,13,True,0.95,None
2516,2516,Minor_Outage,120,6.0,12,True,0.96,None
2518,2518,Minor_Outage,120,12.7,71,True,1.0,None
2519,2519,Minor_Outage,120,5.2,24,True,0.82,None
2520,2520,Minor_Outage,120,8.0,52,True,0.81,None
2522,2522,Minor_Outage,120,19.6,72,True,0.9,None
2523,2523,Minor_Outage,120,7.5,15,True,0.85,None
2524,2524,Minor_Outage,120,6.1,15,True,0.85,None
2526,2526,Minor_Outage,120,6.0,12,True,0.89,None
2528,2528,Minor_Outage,120,1.3,14,True,0.89,None
2529,2529,Major_Outage,60,3.6,35,True,0.85,None
2530,2530,Warning_Outage,240,5.0,10,True,0.95,None
2531,2531,Major_Outage,60,11.5,23,True,0.88,None
2532,2532,Warning_Outage,240,4.0,8,True,0.86,None
2534,2534,Minor_Outage,120,2.5,5,True,0.94,None
2535,2535,Minor_Outage,120,9.2,43,True,0.86,None
2536,2536,Major_Outage,60,1.7,10,True,0.96,None
2537,2537,Minor_Outage,120,1.5,3,True,0.82,None
2540,2540,Warning_Outage,240,0.5,1,True,0.91,None
2541,2541,Major_Outage,60,10.0,20,True,0.84,None
2542,2542,Warning_Outage,240,1.0,2,True,0.97,None
2544,2544,Major_Outage,60,4.6,84,False,0.43,Vendor Delay
2545,2545,Warning_Outage,240,2.5,5,True,0.86,None
2547,2547,Minor_Outage,120,13.4,40,True,0.92,None
2549,2549,Warning_Outage,240,7.4,21,True,0.94,None
2552,2552,Minor_Outage,120,0.5,21,True,0.89,None
2553,2553,Minor_Outage,120,4.0,8,True,0.82,None
2554,2554,Warning_Outage,240,1.5,3,True,0.89,None
2555,2555,Critical_Outage,30,11.3,62,False,0.71,None
2556,2556,Critical_Outage,30,3.8,109,False,0.37,Vendor Delay
2557,2557,Major_Outage,60,7.3,70,False,0.63,Vendor Delay
2560,2560,Minor_Outage,120,12.5,25,True,0.85,None
2561,2561,Critical_Outage,30,3.6,28,True,0.86,None
2562,2562,Critical_Outage,30,10.3,77,False,0.41,Resource Unavailable
2563,2563,Minor_Outage,120,16.5,33,True,0.85,None
2564,2564,Minor_Outage,120,4.9,31,True,0.85,None
2567,2567,Minor_Outage,120,4.4,49,True,0.94,None
2569,2569,Major_Outage,60,1.3,80,False,0.36,Vendor Delay
2570,2570,Warning_Outage,240,3.4,8,True,0.98,None
2571,2571,Minor_Outage,120,1.5,3,True,0.92,None
2572,2572,Warning_Outage,240,3.0,6,True,0.89,None
2574,2574,Warning_Outage,240,1.5,3,True,0.98,None
2576,2576,Minor_Outage,120,3.5,7,True,0.96,None
2577,2577,Major_Outage,60,1.6,45,True,0.9,None
2579,2579,Major_Outage,60,12.5,25,True,0.9,None
2583,2583,Minor_Outage,120,6.5,15,True,0.97,None
2585,2585,Minor_Outage,120,6.8,55,True,0.91,None
2587,2587,Critical_Outage,30,8.6,229,False,0.38,None
2588,2588,Critical_Outage,30,31.5,63,False,0.78,None
2589,2589,Minor_Outage,120,22.5,45,True,0.96,None
2590,2590,Critical_Outage,30,21.3,45,False,0.76,Resource Unavailable
2591,2591,Major_Outage,60,7.4,36,True,0.84,None
2592,2592,Warning_Outage,240,4.2,11,True,0.96,None
2593,2593,Critical_Outage,30,6.8,56,False,0.61,Vendor Delay
2595,2595,Minor_Outage,120,8.0,16,True,0.9,None
2596,2596,Warning_Outage,240,5.5,11,True,0.99,None
2598,2598,Major_Outage,60,5.5,11,True,0.9,None
2604,2604,Critical_Outage,30,4.6,76,False,0.56,Vendor Delay
2605,2605,Major_Outage,60,2.3,96,False,0.75,None
2606,2606,Warning_Outage,240,1.1,9,True,0.9,None
2609,2609,Critical_Outage,30,3.3,48,False,0.51,None
2610,2610,Major_Outage,60,0.7,17,True,0.94,None
2611,2611,Critical_Outage,30,7.1,127,False,0.72,None
2613,2613,Critical_Outage,30,3.0,74,False,0.42,None
2614,2614,Minor_Outage,120,4.2,11,True,0.91,None
2615,2615,Major_Outage,60,7.0,14,True,0.89,None
2617,2617,Critical_Outage,30,4.9,75,False,0.57,None
2618,2618,Minor_Outage,120,1.5,3,True,0.91,None
2620,2620,Major_Outage,60,4.0,8,True,0.97,None
2621,2621,Warning_Outage,240,1.0,2,True,0.98,None
2625,2625,Major_Outage,60,21.9,76,False,0.51,None
2626,2626,Minor_Outage,120,3.8,24,True,0.92,None
2629,2629,Minor_Outage,120,6.0,14,True,0.89,None
2630,2630,Critical_Outage,30,14.1,117,False,0.67,Vendor Delay
2631,2631,Minor_Outage,120,5.9,25,True,0.82,None
2632,2632,Minor_Outage,120,9.0,18,True,0.81,None
2634,2634,Warning_Outage,240,7.5,15,True,0.97,None
2635,2635,Minor_Outage,120,9.5,19,True,0.98,None
2637,2637,Critical_Outage,30,6.3,190,False,0.53,Vendor Delay
2638,2638,Major_Outage,60,5.0,10,True,0.82,None
2640,2640,Critical_Outage,30,12.7,130,False,0.42,Complex Issue
2642,2642,Major_Outage,60,14.0,28,True,0.82,None
2643,2643,Minor_Outage,120,5.5,11,True,0.88,None
2644,2644,Major_Outage,60,3.0,29,True,0.95,None
2645,2645,Major_Outage,60,5.1,17,True,0.88,None
2648,2648,Warning_Outage,240,3.5,7,True,0.87,None
2649,2649,Warning_Outage,240,6.5,13,True,0.84,None
2650,2650,Major_Outage,60,11.6,39,True,0.84,None
2651,2651,Minor_Outage,120,7.0,14,True,0.95,None
2652,2652,Warning_Outage,240,10.0,20,True,0.9,None
2653,2653,Minor_Outage,120,5.0,10,True,0.97,None
2654,2654,Warning_Outage,240,1.0,2,True,0.89,None
2655,2655,Major_Outage,60,2.9,32,True,0.98,None
2656,2656,Minor_Outage,120,32.0,64,True,0.8,None
2658,2658,Critical_Outage,30,7.9,87,False,0.39,None
2661,2661,Minor_Outage,120,8.9,53,True,0.86,None
2663,2663,Critical_Outage,30,5.8,67,False,0.52,None
2665,2665,Major_Outage,60,24.3,59,True,0.81,None
2666,2666,Minor_Outage,120,8.0,16,True,0.9,None
2667,2667,Minor_Outage,120,9.7,45,True,0.89,None
2669,2669,Critical_Outage,30,25.8,115,False,0.62,None
2670,2670,Minor_Outage,120,9.0,18,True,0.99,None
2672,2672,Warning_Outage,240,3.8,8,True,0.85,None
2673,2673,Major_Outage,60,4.9,49,True,0.98,None
2674,2674,Minor_Outage,120,4.4,13,True,0.93,None
2677,2677,Major_Outage,60,0.7,27,True,0.84,None
2678,2678,Major_Outage,60,4.8,17,True,0.96,None
2679,2679,Warning_Outage,240,2.5,5,True,0.92,None
2681,2681,Major_Outage,60,8.1,18,True,0.91,None
2682,2682,Minor_Outage,120,6.7,18,True,0.84,None
2683,2683,Minor_Outage,120,7.0,14,True,0.94,None
2685,2685,Warning_Outage,240,1.5,3,True,0.87,None
2686,2686,Minor_Outage,120,5.0,10,True,0.84,None
2687,2687,Minor_Outage,120,6.7,36,True,0.95,None
2688,2688,Major_Outage,60,8.4,60,True,0.94,None
2689,2689,Minor_Outage,120,12.7,69,True,0.8,None
2690,2690,Critical_Outage,30,4.9,145,False,0.36,None
2691,2691,Warning_Outage,240,8.0,16,True,0.87,None
2692,2692,Minor_Outage,120,16.7,39,True,0.99,None
2693,2693,Critical_Outage,30,5.8,38,False,0.48,Resource Unavailable
2694,2694,Major_Outage,60,5.5,11,True,0.97,None
2695,2695,Minor_Outage,120,13.8,43,True,0.94,None
2696,2696,Critical_Outage,30,4.7,163,False,0.36,Resource Unavailable
2697,2697,Critical_Outage,30,2.5,5,True,0.98,None
2698,2698,Minor_Outage,120,1.0,2,True,0.85,None
2700,2700,Minor_Outage,120,4.0,8,True,0.93,None
2702,2702,Warning_Outage,240,4.0,8,True,0.97,None
2705,2705,Critical_Outage,30,6.5,13,True,0.87,None
2707,2707,Major_Outage,60,14.5,29,True,0.96,None
2709,2709,Minor_Outage,120,11.8,42,True,0.9,None
2711,2711,Major_Outage,60,9.4,25,True,0.81,None
2712,2712,Minor_Outage,120,5.5,11,True,0.98,None
2713,2713,Minor_Outage,120,2.0,4,True,0.87,None
2714,2714,Warning_Outage,240,5.0,10,True,0.9,None
2715,2715,Minor_Outage,120,2.0,4,True,0.97,None
2717,2717,Minor_Outage,120,5.2,16,True,0.83,None
2718,2718,Warning_Outage,240,3.5,7,True,0.92,None
2719,2719,Minor_Outage,120,4.3,14,True,0.88,None
2720,2720,Major_Outage,60,5.7,51,True,0.93,None
2723,2723,Minor_Outage,120,9.5,19,True,0.9,None
2724,2724,Warning_Outage,240,1.0,2,True,0.81,None
2725,2725,Minor_Outage,120,15.0,30,True,0.88,None
2728,2728,Critical_Outage,30,13.2,53,False,0.39,Complex Issue
2729,2729,Minor_Outage,120,3.0,6,True,0.8,None
2730,2730,Minor_Outage,120,2.5,5,True,0.94,None
2732,2732,Major_Outage,60,10.0,20,True,0.82,None
2734,2734,Minor_Outage,120,5.0,50,True,0.91,None
2735,2735,Minor_Outage,120,1.3,12,True,0.98,None
2736,2736,Warning_Outage,240,16.0,32,True,0.93,None
2737,2737,Major_Outage,60,18.7,95,False,0.76,Resource Unavailable
2738,2738,Major_Outage,60,15.0,45,True,0.94,None
2740,2740,Minor_Outage,120,3.5,7,True,0.81,None
2741,2741,Warning_Outage,240,3.0,6,True,0.92,None
2742,2742,Major_Outage,60,6.3,88,False,0.64,None
2743,2743,Minor_Outage,120,4.5,9,True,0.83,None
2744,2744,Major_Outage,60,12.0,24,True,0.87,None
2745,2745,Warning_Outage,240,5.0,10,True,0.85,None
2747,2747,Warning_Outage,240,3.5,7,True,0.94,None
2749,2749,Minor_Outage,120,2.0,4,True,0.91,None
2750,2750,Warning_Outage,240,2.5,5,True,0.99,None
2751,2751,Warning_Outage,240,1.5,3,True,0.96,None
2752,2752,Minor_Outage,120,4.5,9,True,0.94,None
2753,2753,Minor_Outage,120,11.3,55,True,0.83,None
2754,2754,Major_Outage,60,17.0,34,True,0.87,None
2756,2756,Critical_Outage,30,12.6,40,False,0.67,None
2759,2759,Major_Outage,60,9.1,28,True,0.85,None
2760,2760,Critical_Outage,30,0.8,117,False,0.45,Vendor Delay
2761,2761,Minor_Outage,120,4.8,18,True,1.0,None
2762,2762,Major_Outage,60,4.5,9,True,0.94,None
2764,2764,Warning_Outage,240,1.5,3,True,0.81,None
2765,2765,Critical_Outage,30,18.1,65,False,0.66,Part Availability
2766,2766,Major_Outage,60,3.2,35,True,0.95,None
2768,2768,Major_Outage,60,9.4,57,True,0.93,None
2769,2769,Major_Outage,60,20.5,41,True,0.89,None
2772,2772,Major_Outage,60,6.1,18,True,0.84,None
2773,2773,Major_Outage,60,20.5,41,True,0.94,None
2774,2774,Major_Outage,60,18.3,54,True,0.86,None
2775,2775,Minor_Outage,120,2.0,4,True,0.83,None
2777,2777,Critical_Outage,30,6.2,44,False,0.72,Complex Issue
2778,2778,Major_Outage,60,2.5,5,True,0.87,None
2780,2780,Critical_Outage,30,19.4,117,False,0.46,Complex Issue
2782,2782,Minor_Outage,120,9.0,18,True,0.81,None
2783,2783,Minor_Outage,120,6.5,13,True,0.99,None
2784,2784,Critical_Outage,30,9.0,47,False,0.61,None
2788,2788,Critical_Outage,30,10.2,108,False,0.61,Vendor Delay
2789,2789,Major_Outage,60,4.8,44,True,0.92,None
2790,2790,Critical_Outage,30,5.6,76,False,0.76,None
2791,2791,Major_Outage,60,16.0,172,False,0.67,Complex Issue
2794,2794,Major_Outage,60,7.9,27,True,0.94,None
2795,2795,Major_Outage,60,6.6,34,True,0.85,None
2796,2796,Warning_Outage,240,1.5,15,True,0.88,None
2798,2798,Minor_Outage,120,0.9,53,True,0.94,None
2799,2799,Minor_Outage,120,4.5,9,True,0.82,None
2800,2800,Minor_Outage,120,6.6,26,True,0.91,None
2801,2801,Warning_Outage,240,3.5,7,True,0.83,None
2802,2802,Minor_Outage,120,4.3,17,True,0.89,None
2803,2803,Critical_Outage,30,9.5,46,False,0.74,Complex Issue
2804,2804,Minor_Outage,120,9.5,19,True,0.8,None
2806,2806,Major_Outage,60,3.6,29,True,0.89,None
2808,2808,Minor_Outage,120,3.1,43,True,0.99,None
2809,2809,Major_Outage,60,4.5,9,True,0.83,None
2810,2810,Major_Outage,60,3.9,89,False,0.7,Resource Unavailable
2811,2811,Major_Outage,60,4.4,22,True,0.92,None
2812,2812,Major_Outage,60,1.0,28,True,0.81,None
2813,2813,Minor_Outage,120,9.5,19,True,0.89,None
2814,2814,Major_Outage,60,4.0,86,False,0.31,None
2816,2816,Warning_Outage,240,2.0,4,True,0.9,None
2820,2820,Major_Outage,60,9.5,45,True,0.87,None
2821,2821,Critical_Outage,30,2.0,138,False,0.76,None
2822,2822,Major_Outage,60,11.4,40,True,0.97,None
2824,2824,Minor_Outage,120,10.7,34,True,0.91,None
2825,2825,Minor_Outage,120,12.5,46,True,0.88,None
2826,2826,Major_Outage,60,9.5,19,True,0.99,None
2827,2827,Warning_Outage,240,0.5,1,True,0.97,None
2828,2828,Warning_Outage,240,3.0,6,True,0.83,None
2831,2831,Warning_Outage,240,1.8,9,True,0.89,None
2832,2832,Major_Outage,60,13.0,26,True,1.0,None
2835,2835,Critical_Outage,30,3.7,148,False,0.51,Part Availability
2836,2836,Warning_Outage,240,3.0,6,True,0.84,None
2838,2838,Minor_Outage,120,14.0,28,True,0.86,None
2839,2839,Major_Outage,60,7.5,40,True,0.93,None
2841,2841,Critical_Outage,30,8.2,30,True,0.94,None
2842,2842,Warning_Outage,240,7.4,23,True,0.88,None
2843,2843,Major_Outage,60,2.9,53,True,0.92,None
2844,2844,Critical_Outage,30,7.0,29,True,0.82,None
2845,2845,Minor_Outage,120,3.5,13,True,0.88,None
2846,2846,Critical_Outage,30,3.3,111,False,0.56,Resource Unavailable
2847,2847,Warning_Outage,240,8.5,17,True,0.93,None
2848,2848,Minor_Outage,120,11.9,33,True,0.89,None
2849,2849,Major_Outage,60,2.8,20,True,0.99,None
2851,2851,Warning_Outage,240,1.9,6,True,0.9,None
2853,2853,Major_Outage,60,6.0,12,True,0.97,None
2854,2854,Major_Outage,60,6.0,12,True,0.82,None
2855,2855,Major_Outage,60,6.4,40,True,0.97,None
2856,2856,Major_Outage,60,2.0,33,True,0.81,None
2857,2857,Minor_Outage,120,18.2,46,True,0.97,None
2858,2858,Minor_Outage,120,3.8,57,True,0.95,None
2860,2860,Minor_Outage,120,12.6,64,True,0.91,None
2861,2861,Major_Outage,60,1.5,8,True,0.95,None
2863,2863,Critical_Outage,30,3.2,129,False,0.69,Vendor Delay
2864,2864,Minor_Outage,120,5.0,10,True,1.0,None
2866,2866,Critical_Outage,30,5.1,66,False,0.57,Complex Issue
2868,2868,Minor_Outage,120,2.6,48,True,0.92,None
2869,2869,Major_Outage,60,2.6,11,True,0.93,None
2870,2870,Major_Outage,60,14.3,98,False,0.31,None
2871,2871,Major_Outage,60,1.5,3,True,0.95,None
2873,2873,Major_Outage,60,6.7,31,True,0.98,None
2874,2874,Warning_Outage,240,2.0,4,True,0.97,None
2876,2876,Major_Outage,60,0.7,45,True,0.99,None
2878,2878,Minor_Outage,120,2.1,31,True,0.96,None
2879,2879,Minor_Outage,120,12.0,24,True,0.82,None
2880,2880,Critical_Outage,30,9.7,337,False,0.73,Vendor Delay
2882,2882,Critical_Outage,30,8.3,22,True,0.95,None
2883,2883,Major_Outage,60,7.2,62,False,0.44,Resource Unavailable
2884,2884,Minor_Outage,120,8.0,16,True,0.96,None
2885,2885,Critical_Outage,30,9.9,60,False,0.65,Vendor Delay
2886,2886,Minor_Outage,120,5.3,38,True,0.94,None
2888,2888,Major_Outage,60,7.7,50,True,0.97,None
2889,2889,Critical_Outage,30,6.4,45,False,0.49,Complex Issue
2892,2892,Critical_Outage,30,5.9,69,False,0.47,None
2893,2893,Minor_Outage,120,8.0,16,True,0.84,None
2894,2894,Minor_Outage,120,6.5,13,True,0.86,None
2896,2896,Warning_Outage,240,1.5,5,True,0.81,None
2897,2897,Warning_Outage,240,2.5,5,True,0.9,None
2898,2898,Minor_Outage,120,5.0,10,True,0.88,None
2899,2899,Minor_Outage,120,2.0,4,True,0.88,None
2901,2901,Major_Outage,60,3.6,20,True,0.87,None
2902,2902,Minor_Outage,120,9.0,18,True,0.87,None
2903,2903,Warning_Outage,240,3.5,7,True,0.87,None
2906,2906,Minor_Outage,120,3.0,6,True,0.96,None
2907,2907,Major_Outage,60,12.1,39,True,0.87,None
2908,2908,Warning_Outage,240,6.0,12,True,0.81,None
2909,2909,Major_Outage,60,13.4,42,True,0.83,None
2910,2910,Critical_Outage,30,33.4,120,False,0.76,Vendor Delay
2911,2911,Minor_Outage,120,2.5,5,True,0.86,None
2914,2914,Major_Outage,60,4.0,8,True,0.89,None
2916,2916,Warning_Outage,240,6.0,12,True,0.87,None
2917,2917,Major_Outage,60,3.0,145,False,0.79,Vendor Delay
2918,2918,Warning_Outage,240,4.1,10,True,0.88,None
2919,2919,Minor_Outage,120,7.0,14,True,0.86,None
2921,2921,Minor_Outage,120,11.5,23,True,0.84,None
2922,2922,Major_Outage,60,22.0,44,True,0.94,None
2923,2923,Major_Outage,60,2.4,39,True,0.93,None
2924,2924,Critical_Outage,30,4.8,193,False,0.78,Resource Unavailable
2925,2925,Critical_Outage,30,1.2,34,False,0.32,None
2926,2926,Minor_Outage,120,12.0,24,True,0.84,None
2927,2927,Minor_Outage,120,9.0,29,True,0.97,None
2928,2928,Major_Outage,60,4.7,90,False,0.42,Vendor Delay
2929,2929,Major_Outage,60,10.7,116,False,0.33,None
2930,2930,Critical_Outage,30,4.3,14,True,0.86,None
2931,2931,Minor_Outage,120,4.5,47,True,0.94,None
2932,2932,Major_Outage,60,16.5,38,True,0.97,None
2933,2933,Major_Outage,60,16.0,48,True,0.93,None
2934,2934,Warning_Outage,240,3.5,7,True,0.9,None
2935,2935,Minor_Outage,120,2.5,5,True,0.87,None
2938,2938,Warning_Outage,240,5.8,17,True,0.9,None
2939,2939,Minor_Outage,120,0.5,1,True,0.86,None
2940,2940,Minor_Outage,120,2.0,4,True,0.86,None
2942,2942,Minor_Outage,120,4.5,9,True,0.89,None
2945,2945,Warning_Outage,240,7.0,14,True,0.82,None
2946,2946,Major_Outage,60,3.9,29,True,0.98,None
2948,2948,Critical_Outage,30,12.9,108,False,0.67,Vendor Delay
2949,2949,Major_Outage,60,6.4,22,True,0.87,None
2952,2952,Minor_Outage,120,6.0,38,True,0.8,None
2953,2953,Minor_Outage,120,2.5,5,True,0.88,None
2954,2954,Minor_Outage,120,6.4,31,True,0.97,None
2955,2955,Warning_Outage,240,6.0,12,True,0.8,None
2956,2956,Major_Outage,60,4.1,49,True,0.88,None
2957,2957,Major_Outage,60,3.3,19,True,0.9,None
2958,2958,Minor_Outage,120,4.5,12,True,0.99,None
2959,2959,Major_Outage,60,10.9,24,True,0.95,None
2960,2960,Minor_Outage,120,0.5,1,True,0.92,None
2966,2966,Major_Outage,60,8.1,29,True,0.96,None
2967,2967,Minor_Outage,120,8.2,38,True,0.94,None
2968,2968,Critical_Outage,30,6.0,51,False,0.49,None
2970,2970,Critical_Outage,30,8.1,91,False,0.36,None
2974,2974,Warning_Outage,240,3.7,19,True,0.91,None
2976,2976,Minor_Outage,120,1.5,3,True,0.97,None
2978,2978,Critical_Outage,30,6.8,396,False,0.77,Complex Issue
2979,2979,Major_Outage,60,6.5,13,True,0.98,None
2980,2980,Minor_Outage,120,2.2,8,True,0.82,None
2981,2981,Warning_Outage,240,3.2,11,True,0.89,None
2982,2982,Minor_Outage,120,6.5,13,True,0.83,None
2983,2983,Warning_Outage,240,0.5,1,True,0.86,None
2986,2986,Critical_Outage,30,3.9,58,False,0.77,None
2988,2988,Major_Outage,60,6.1,88,False,0.46,Vendor Delay
2989,2989,Minor_Outage,120,12.0,24,True,0.95,None
2991,2991,Minor_Outage,120,3.5,7,True,0.99,None
2994,2994,Major_Outage,60,0.5,1,True,0.81,None
2995,2995,Major_Outage,60,5.0,10,True,0.97,None
2996,2996,Warning_Outage,240,3.5,7,True,0.95,None
2997,2997,Warning_Outage,240,0.5,1,True,0.95,None
2999,2999,Minor_Outage,120,1.0,21,True,0.97,None
3000,3000,Minor_Outage,120,1.9,47,True,0.89,None
3001,3001,Minor_Outage,120,19.0,38,True,1.0,None
3002,3002,Minor_Outage,120,3.7,22,True,0.95,None
3003,3003,Minor_Outage,120,2.7,27,True,0.89,None
3004,3004,Warning_Outage,240,1.5,3,True,0.89,None
3007,3007,Minor_Outage,120,16.5,47,True,0.88,None
3009,3009,Major_Outage,60,7.1,144,False,0.31,Resource Unavailable
3010,3010,Warning_Outage,240,0.5,1,True,0.81,None
3011,3011,Major_Outage,60,11.0,22,True,0.92,None
3012,3012,Minor_Outage,120,2.1,38,True,0.83,None
3013,3013,Warning_Outage,240,4.5,9,True,0.95,None
3014,3014,Critical_Outage,30,5.7,118,False,0.78,Resource Unavailable
3015,3015,Major_Outage,60,11.6,48,True,0.89,None
3016,3016,Major_Outage,60,12.9,89,False,0.43,Resource Unavailable
3018,3018,Minor_Outage,120,1.5,3,True,0.95,None
3019,3019,Major_Outage,60,3.0,6,True,0.99,None
3021,3021,Warning_Outage,240,5.0,10,True,0.85,None
3022,3022,Major_Outage,60,4.4,60,True,0.95,None
3023,3023,Minor_Outage,120,5.0,10,True,0.93,None
3024,3024,Minor_Outage,120,10.5,21,True,0.81,None
3025,3025,Major_Outage,60,5.8,102,False,0.37,Resource Unavailable
3026,3026,Major_Outage,60,1.8,21,True,0.8,None
3027,3027,Critical_Outage,30,6.2,74,False,0.57,None
3028,3028,Critical_Outage,30,3.2,23,True,0.97,None
3029,3029,Major_Outage,60,2.3,85,False,0.32,Part Availability
3030,3030,Minor_Outage,120,2.2,34,True,0.81,None
3031,3031,Major_Outage,60,6.5,27,True,0.91,None
3032,3032,Warning_Outage,240,3.5,7,True,0.94,None
3033,3033,Minor_Outage,120,10.0,20,True,0.99,None
3034,3034,Minor_Outage,120,2.2,16,True,0.96,None
3035,3035,Major_Outage,60,2.8,23,True,0.83,None
3036,3036,Minor_Outage,120,4.5,9,True,0.98,None
3037,3037,Minor_Outage,120,6.0,12,True,1.0,None
3038,3038,Minor_Outage,120,2.3,19,True,0.9,None
3039,3039,Minor_Outage,120,5.3,51,True,0.84,None
3041,3041,Minor_Outage,120,7.0,23,True,0.82,None
3042,3042,Minor_Outage,120,10.0,20,True,0.84,None
3046,3046,Major_Outage,60,8.8,51,True,0.82,None
3049,3049,Critical_Outage,30,7.3,120,False,0.63,Resource Unavailable
3051,3051,Critical_Outage,30,7.0,111,False,0.59,None
3052,3052,Minor_Outage,120,10.5,21,True,0.88,None
3053,3053,Critical_Outage,30,9.2,145,False,0.48,None
3054,3054,Minor_Outage,120,3.7,20,True,0.82,None
3056,3056,Minor_Outage,120,3.5,7,True,0.95,None
3057,3057,Warning_Outage,240,5.5,11,True,0.84,None
3058,3058,Major_Outage,60,4.2,22,True,0.8,None
3059,3059,Critical_Outage,30,14.5,29,True,0.89,None
3061,3061,Minor_Outage,120,4.0,23,True,0.99,None
3062,3062,Warning_Outage,240,4.0,8,True,0.98,None
3063,3063,Warning_Outage,240,8.5,17,True,0.87,None
3064,3064,Major_Outage,60,18.0,36,True,0.88,None
3065,3065,Major_Outage,60,6.5,13,True,0.83,None
3066,3066,Minor_Outage,120,11.5,23,True,0.96,None
3068,3068,Minor_Outage,120,9.0,19,True,0.99,None
3069,3069,Major_Outage,60,8.5,123,False,0.55,Resource Unavailable
3070,3070,Warning_Outage,240,2.5,5,True,0.93,None
3072,3072,Warning_Outage,240,3.5,7,True,0.81,None
3073,3073,Minor_Outage,120,5.8,12,True,0.91,None
3076,3076,Critical_Outage,30,13.0,110,False,0.68,Vendor Delay
3077,3077,Warning_Outage,240,1.0,2,True,0.97,None
3078,3078,Warning_Outage,240,5.0,10,True,0.81,None
3079,3079,Warning_Outage,240,3.5,7,True,0.81,None
3080,3080,Critical_Outage,30,3.5,7,True,0.86,None
3081,3081,Major_Outage,60,0.1,67,False,0.67,Vendor Delay
3083,3083,Critical_Outage,30,4.5,71,False,0.76,Vendor Delay
3086,3086,Minor_Outage,120,3.0,10,True,0.85,None
3087,3087,Minor_Outage,120,7.0,14,True,0.85,None
3088,3088,Major_Outage,60,1.5,3,True,0.99,None
3089,3089,Major_Outage,60,10.7,89,False,0.58,Resource Unavailable
3090,3090,Critical_Outage,30,8.0,96,False,0.53,Resource Unavailable
3092,3092,Major_Outage,60,11.0,56,True,0.85,None
3094,3094,Minor_Outage,120,4.5,9,True,0.99,None
3095,3095,Major_Outage,60,16.4,42,True,0.85,None
3096,3096,Major_Outage,60,6.5,13,True,0.8,None
3098,3098,Major_Outage,60,9.7,24,True,0.98,None
3099,3099,Major_Outage,60,5.2,29,True,0.85,None
3100,3100,Major_Outage,60,15.0,30,True,0.83,None
3103,3103,Minor_Outage,120,4.3,9,True,0.91,None
3105,3105,Warning_Outage,240,4.5,9,True,0.87,None
3106,3106,Critical_Outage,30,5.3,23,True,0.82,None
3108,3108,Warning_Outage,240,1.5,3,True,0.95,None
3109,3109,Minor_Outage,120,7.5,15,True,0.87,None
3110,3110,Major_Outage,60,7.0,14,True,0.93,None
3114,3114,Minor_Outage,120,9.5,19,True,1.0,None
3116,3116,Minor_Outage,120,3.1,30,True,0.86,None
3117,3117,Minor_Outage,120,21.7,55,True,0.89,None
3118,3118,Minor_Outage,120,8.9,18,True,0.81,None
3119,3119,Warning_Outage,240,2.5,5,True,0.8,None
3120,3120,Major_Outage,60,8.0,63,False,0.39,Vendor Delay
3121,3121,Major_Outage,60,4.0,65,False,0.62,Resource Unavailable
3122,3122,Major_Outage,60,5.7,19,True,0.82,None
3124,3124,Warning_Outage,240,2.5,5,True,0.94,None
3126,3126,Minor_Outage,120,3.5,7,True,0.86,None
3127,3127,Major_Outage,60,28.5,57,True,0.98,None
3129,3129,Minor_Outage,120,10.7,36,True,0.98,None
3132,3132,Minor_Outage,120,3.3,27,True,0.96,None
3133,3133,Warning_Outage,240,3.0,6,True,0.87,None
3134,3134,Minor_Outage,120,4.0,11,True,0.98,None
3136,3136,Major_Outage,60,6.9,27,True,0.84,None
3140,3140,Critical_Outage,30,2.6,29,True,0.81,None
3141,3141,Major_Outage,60,1.1,29,True,0.91,None
3142,3142,Minor_Outage,120,5.0,11,True,0.92,None
3145,3145,Minor_Outage,120,6.0,12,True,0.82,None
3146,3146,Minor_Outage,120,5.5,11,True,0.95,None
3148,3148,Warning_Outage,240,0.5,1,True,0.98,None
3150,3150,Major_Outage,60,4.2,86,False,0.33,Vendor Delay
3152,3152,Major_Outage,60,15.1,53,True,0.95,None
3153,3153,Critical_Outage,30,12.9,63,False,0.79,Vendor Delay
3154,3154,Critical_Outage,30,5.8,66,False,0.75,Vendor Delay
3155,3155,Critical_Outage,30,5.5,156,False,0.52,None
3156,3156,Critical_Outage,30,21.4,154,False,0.6,Resource Unavailable
3157,3157,Major_Outage,60,9.6,45,True,0.87,None
3159,3159,Critical_Outage,30,9.5,105,False,0.47,Resource Unavailable
3160,3160,Minor_Outage,120,4.0,37,True,0.95,None
3163,3163,Minor_Outage,120,8.0,16,True,0.93,None
3164,3164,Minor_Outage,120,2.0,48,True,0.92,None
3165,3165,Minor_Outage,120,9.5,19,True,0.83,None
3167,3167,Major_Outage,60,8.0,16,True,0.85,None
3169,3169,Major_Outage,60,7.4,54,True,0.89,None
3170,3170,Major_Outage,60,9.5,215,False,0.62,Vendor Delay
3171,3171,Minor_Outage,120,6.0,12,True,0.91,None
3174,3174,Major_Outage,60,16.6,83,False,0.7,Resource Unavailable
3175,3175,Warning_Outage,240,3.4,11,True,0.93,None
3176,3176,Critical_Outage,30,4.6,34,False,0.41,Vendor Delay
3179,3179,Major_Outage,60,6.1,69,False,0.74,None
3180,3180,Minor_Outage,120,13.5,27,True,0.84,None
3181,3181,Critical_Outage,30,7.1,173,False,0.62,Complex Issue
3182,3182,Minor_Outage,120,6.9,23,True,0.84,None
3183,3183,Minor_Outage,120,2.6,54,True,0.95,None
3184,3184,Warning_Outage,240,5.0,10,True,0.86,None
3186,3186,Major_Outage,60,5.8,74,False,0.51,None
3189,3189,Warning_Outage,240,2.9,8,True,0.98,None
3190,3190,Minor_Outage,120,10.0,20,True,1.0,None
3191,3191,Minor_Outage,120,0.5,1,True,0.83,None
3193,3193,Warning_Outage,240,2.5,5,True,0.91,None
3194,3194,Minor_Outage,120,4.5,9,True,0.96,None
3195,3195,Warning_Outage,240,0.5,1,True,0.86,None
3196,3196,Minor_Outage,120,0.9,52,True,0.8,None
3199,3199,Major_Outage,60,2.8,95,False,0.37,Vendor Delay
3201,3201,Minor_Outage,120,8.6,30,True,0.8,None
3202,3202,Major_Outage,60,3.2,35,True,0.88,None
3203,3203,Major_Outage,60,5.6,24,True,0.88,None
3204,3204,Major_Outage,60,9.9,32,True,0.83,None
3205,3205,Minor_Outage,120,17.8,36,True,0.98,None
3206,3206,Minor_Outage,120,4.5,9,True,0.91,None
3207,3207,Minor_Outage,120,2.1,44,True,0.92,None
3208,3208,Critical_Outage,30,10.3,61,False,0.5,Vendor Delay
3210,3210,Minor_Outage,120,7.7,41,True,0.92,None
3213,3213,Minor_Outage,120,10.0,20,True,0.91,None
3216,3216,Major_Outage,60,3.2,35,True,0.82,None
3217,3217,Minor_Outage,120,10.0,45,True,0.93,None
3218,3218,Warning_Outage,240,7.0,14,True,0.88,None
3219,3219,Major_Outage,60,21.7,51,True,0.96,None
3220,3220,Minor_Outage,120,8.3,31,True,0.92,None
3221,3221,Critical_Outage,30,18.7,161,False,0.4,Vendor Delay
3223,3223,Minor_Outage,120,4.0,71,True,0.93,None
3224,3224,Minor_Outage,120,0.9,19,True,0.91,None
3225,3225,Major_Outage,60,11.7,53,True,0.83,None
3226,3226,Major_Outage,60,20.5,41,True,0.8,None
3227,3227,Minor_Outage,120,10.0,20,True,0.98,None
3228,3228,Warning_Outage,240,1.0,11,True,0.92,None
3229,3229,Minor_Outage,120,6.5,21,True,0.8,None
3231,3231,Minor_Outage,120,11.5,23,True,0.85,None
3233,3233,Minor_Outage,120,8.5,42,True,0.96,None
3236,3236,Minor_Outage,120,1.7,24,True,0.83,None
3237,3237,Minor_Outage,120,3.7,9,True,0.87,None
3239,3239,Minor_Outage,120,8.5,43,True,0.8,None
3240,3240,Minor_Outage,120,3.0,6,True,0.97,None
3241,3241,Minor_Outage,120,7.4,22,True,0.8,None
3242,3242,Critical_Outage,30,6.2,126,False,0.61,Resource Unavailable
3243,3243,Minor_Outage,120,2.0,4,True,0.93,None
3244,3244,Critical_Outage,30,10.8,87,False,0.72,Part Availability
3245,3245,Minor_Outage,120,7.9,24,True,0.8,None
3246,3246,Critical_Outage,30,5.1,67,False,0.48,Vendor Delay
3247,3247,Minor_Outage,120,4.4,46,True,0.93,None
3248,3248,Critical_Outage,30,17.5,124,False,0.61,Part Availability
3250,3250,Minor_Outage,120,11.6,53,True,0.84,None
3252,3252,Major_Outage,60,7.4,67,False,0.58,None
3253,3253,Minor_Outage,120,13.8,40,True,0.81,None
3254,3254,Warning_Outage,240,4.8,19,True,0.99,None
3255,3255,Warning_Outage,240,0.5,1,True,0.91,None
3256,3256,Major_Outage,60,17.0,40,True,0.91,None
3257,3257,Minor_Outage,120,6.7,16,True,0.93,None
3259,3259,Critical_Outage,30,7.9,148,False,0.41,None
3260,3260,Minor_Outage,120,2.5,29,True,0.94,None
3261,3261,Minor_Outage,120,3.2,50,True,0.98,None
3262,3262,Minor_Outage,120,5.7,27,True,0.87,None
3263,3263,Minor_Outage,120,3.5,11,True,0.94,None
3264,3264,Minor_Outage,120,4.9,27,True,0.99,None
3265,3265,Major_Outage,60,3.8,21,True,0.92,None
3266,3266,Warning_Outage,240,1.5,3,True,0.99,None
3267,3267,Warning_Outage,240,3.5,7,True,0.83,None
3269,3269,Warning_Outage,240,1.0,2,True,0.84,None
3270,3270,Critical_Outage,30,4.3,28,True,0.95,None
3271,3271,Major_Outage,60,7.0,26,True,0.95,None
3272,3272,Warning_Outage,240,7.3,21,True,0.83,None
3273,3273,Minor_Outage,120,5.5,11,True,0.82,None
3274,3274,Minor_Outage,120,2.6,10,True,0.94,None
3275,3275,Major_Outage,60,5.9,34,True,0.97,None
3278,3278,Major_Outage,60,6.7,81,False,0.32,None
3279,3279,Major_Outage,60,1.2,63,False,0.72,None
3284,3284,Warning_Outage,240,1.0,2,True,0.97,None
3285,3285,Minor_Outage,120,3.0,6,True,0.84,None
3286,3286,Critical_Outage,30,11.5,23,True,0.98,None
3288,3288,Major_Outage,60,9.8,36,True,0.94,None
3289,3289,Critical_Outage,30,1.1,68,False,0.71,Vendor Delay
3290,3290,Minor_Outage,120,6.1,23,True,0.96,None
3291,3291,Minor_Outage,120,1.5,3,True,0.82,None
3292,3292,Major_Outage,60,2.1,27,True,0.97,None
3293,3293,Minor_Outage,120,16.5,33,True,0.87,None
3294,3294,Critical_Outage,30,7.5,15,True,0.95,None
3295,3295,Minor_Outage,120,3.6,29,True,0.82,None
3296,3296,Minor_Outage,120,4.7,18,True,0.95,None
3297,3297,Warning_Outage,240,9.5,19,True,0.8,None
3300,3300,Warning_Outage,240,4.5,9,True,0.83,None
3302,3302,Minor_Outage,120,14.0,28,True,0.97,None
3303,3303,Minor_Outage,120,11.1,23,True,0.85,None
3306,3306,Major_Outage,60,3.5,36,True,0.82,None
3307,3307,Minor_Outage,120,4.3,22,True,0.84,None
3309,3309,Critical_Outage,30,6.0,12,True,0.91,None
3310,3310,Major_Outage,60,3.8,31,True,0.91,None
3312,3312,Major_Outage,60,6.1,48,True,0.93,None
3313,3313,Minor_Outage,120,1.1,94,True,0.9,None
3314,3314,Minor_Outage,120,3.0,11,True,0.89,None
3315,3315,Minor_Outage,120,9.5,19,True,0.86,None
3317,3317,Major_Outage,60,9.0,25,True,0.88,None
3319,3319,Major_Outage,60,1.0,11,True,0.87,None
3320,3320,Minor_Outage,120,8.5,17,True,0.89,None
3321,3321,Critical_Outage,30,2.8,528,False,0.55,Complex Issue
3322,3322,Major_Outage,60,10.8,84,False,0.66,None
3325,3325,Major_Outage,60,4.5,9,True,0.88,None
3326,3326,Major_Outage,60,10.5,21,True,0.97,None
3327,3327,Major_Outage,60,1.9,7,True,0.85,None
3328,3328,Minor_Outage,120,21.0,42,True,0.99,None
3330,3330,Major_Outage,60,2.1,45,True,0.95,None
3331,3331,Minor_Outage,120,15.5,55,True,0.93,None
3332,3332,Minor_Outage,120,1.7,28,True,0.85,None
3333,3333,Minor_Outage,120,2.0,4,True,0.81,None
3335,3335,Minor_Outage,120,2.5,19,True,0.89,None
3336,3336,Warning_Outage,240,13.0,26,True,0.97,None
3337,3337,Minor_Outage,120,10.6,29,True,0.83,None
3338,3338,Major_Outage,60,10.7,26,True,0.84,None
3339,3339,Major_Outage,60,12.0,36,True,0.96,None
3341,3341,Major_Outage,60,4.5,24,True,0.86,None
3342,3342,Minor_Outage,120,6.5,31,True,0.87,None
3344,3344,Major_Outage,60,4.0,8,True,0.95,None
3346,3346,Minor_Outage,120,4.7,17,True,0.97,None
3348,3348,Warning_Outage,240,1.5,3,True,0.82,None
3349,3349,Major_Outage,60,6.6,74,False,0.39,Vendor Delay
3351,3351,Critical_Outage,30,15.8,73,False,0.42,Vendor Delay
3352,3352,Major_Outage,60,24.5,49,True,0.85,None
3353,3353,Minor_Outage,120,4.6,15,True,0.94,None
3354,3354,Minor_Outage,120,7.0,14,True,0.96,None
3355,3355,Major_Outage,60,3.1,66,False,0.72,None
3356,3356,Major_Outage,60,1.5,3,True,0.94,None
3358,3358,Minor_Outage,120,1.5,3,True,0.93,None
3359,3359,Warning_Outage,240,2.5,5,True,0.99,None
3361,3361,Minor_Outage,120,7.5,62,True,0.95,None
3362,3362,Major_Outage,60,29.0,58,True,0.89,None
3363,3363,Major_Outage,60,5.0,34,True,0.83,None
3364,3364,Minor_Outage,120,1.8,31,True,0.97,None
3365,3365,Major_Outage,60,1.5,19,True,0.89,None
3366,3366,Major_Outage,60,1.9,28,True,0.97,None
3367,3367,Minor_Outage,120,6.9,33,True,0.92,None
3369,3369,Minor_Outage,120,10.6,25,True,0.91,None
3370,3370,Major_Outage,60,5.9,59,True,0.95,None
3371,3371,Minor_Outage,120,6.0,12,True,0.87,None
3372,3372,Major_Outage,60,2.1,35,True,0.89,None
3374,3374,Major_Outage,60,1.1,15,True,0.99,None
3375,3375,Warning_Outage,240,3.0,6,True,0.99,None
3376,3376,Minor_Outage,120,4.5,9,True,0.84,None
3377,3377,Minor_Outage,120,4.3,38,True,0.98,None
3378,3378,Minor_Outage,120,2.5,5,True,0.91,None
3379,3379,Minor_Outage,120,7.5,30,True,0.8,None
3380,3380,Major_Outage,60,2.1,28,True,0.85,None
3381,3381,Minor_Outage,120,5.0,10,True,0.9,None
3382,3382,Minor_Outage,120,14.0,46,True,0.8,None
3383,3383,Major_Outage,60,11.5,23,True,0.89,None
3384,3384,Warning_Outage,240,4.0,8,True,0.98,None
3385,3385,Warning_Outage,240,0.5,1,True,0.95,None
3386,3386,Minor_Outage,120,8.0,16,True,0.9,None
3387,3387,Minor_Outage,120,19.0,38,True,0.94,None
3388,3388,Major_Outage,60,14.7,120,False,0.52,None
3389,3389,Major_Outage,60,20.6,76,False,0.49,None
3390,3390,Minor_Outage,120,3.0,6,True,0.94,None
3392,3392,Major_Outage,60,11.0,22,True,0.98,None
3393,3393,Minor_Outage,120,10.5,21,True,0.86,None
3396,3396,Major_Outage,60,5.2,35,True,1.0,None
3398,3398,Critical_Outage,30,12.1,98,False,0.67,None
3399,3399,Major_Outage,60,3.5,44,True,0.99,None
3401,3401,Major_Outage,60,4.4,67,False,0.35,Vendor Delay
3402,3402,Warning_Outage,240,2.0,4,True,0.82,None
3403,3403,Critical_Outage,30,6.7,154,False,0.69,None
3404,3404,Major_Outage,60,24.1,74,False,0.41,Part Availability
3408,3408,Minor_Outage,120,1.5,3,True,0.87,None
3412,3412,Major_Outage,60,6.1,33,True,0.93,None
3413,3413,Minor_Outage,120,7.1,18,True,0.94,None
3414,3414,Warning_Outage,240,6.0,12,True,0.85,None
3415,3415,Critical_Outage,30,6.1,43,False,0.7,None
3416,3416,Critical_Outage,30,8.3,47,False,0.78,Resource Unavailable
3417,3417,Warning_Outage,240,6.4,26,True,0.92,None
3418,3418,Minor_Outage,120,18.0,36,True,0.96,None
3420,3420,Major_Outage,60,1.5,3,True,0.96,None
3422,3422,Critical_Outage,30,2.3,45,False,0.41,Resource Unavailable
3423,3423,Major_Outage,60,3.8,82,False,0.64,None
3424,3424,Warning_Outage,240,2.0,4,True,0.97,None
3425,3425,Minor_Outage,120,7.0,14,True,0.96,None
3426,3426,Minor_Outage,120,8.1,36,True,0.83,None
3427,3427,Minor_Outage,120,9.5,19,True,0.82,None
3428,3428,Warning_Outage,240,3.7,21,True,0.85,None
3429,3429,Critical_Outage,30,5.3,63,False,0.36,None
3430,3430,Major_Outage,60,7.9,18,True,0.85,None
3431,3431,Minor_Outage,120,7.5,15,True,0.89,None
3432,3432,Major_Outage,60,23.8,65,False,0.71,Vendor Delay
3434,3434,Critical_Outage,30,2.3,278,False,0.44,None
3435,3435,Warning_Outage,240,4.0,8,True,0.91,None
3436,3436,Major_Outage,60,4.4,65,False,0.78,None
3437,3437,Minor_Outage,120,8.8,71,True,0.86,None
3438,3438,Major_Outage,60,17.2,82,False,0.65,Resource Unavailable
3440,3440,Major_Outage,60,4.3,64,False,0.45,Vendor Delay
3442,3442,Minor_Outage,120,22.5,45,True,0.9,None
3443,3443,Minor_Outage,120,8.2,19,True,0.93,None
3444,3444,Major_Outage,60,13.2,90,False,0.63,None
3445,3445,Minor_Outage,120,16.0,32,True,0.86,None
3446,3446,Minor_Outage,120,2.5,5,True,0.92,None
3448,3448,Warning_Outage,240,7.0,14,True,0.97,None
3449,3449,Critical_Outage,30,5.1,136,False,0.32,Complex Issue
3450,3450,Minor_Outage,120,10.5,21,True,0.95,None
3453,3453,Critical_Outage,30,9.7,188,False,0.32,None
3454,3454,Warning_Outage,240,2.4,13,True,0.81,None
3455,3455,Major_Outage,60,10.0,41,True,0.98,None
3457,3457,Minor_Outage,120,2.5,5,True,0.89,None
3458,3458,Critical_Outage,30,3.5,27,True,0.82,None
3459,3459,Minor_Outage,120,7.0,14,True,1.0,None
3464,3464,Critical_Outage,30,0.4,97,False,0.62,Vendor Delay
3465,3465,Minor_Outage,120,7.5,15,True,0.95,None
3469,3469,Major_Outage,60,3.0,6,True,0.91,None
3472,3472,Major_Outage,60,1.5,20,True,0.84,None
3474,3474,Minor_Outage,120,3.5,7,True,0.99,None
3475,3475,Minor_Outage,120,4.9,14,True,0.82,None
3476,3476,Major_Outage,60,6.2,56,True,0.97,None
3478,3478,Major_Outage,60,17.5,35,True,0.82,None
3479,3479,Minor_Outage,120,5.1,29,True,0.98,None
3480,3480,Critical_Outage,30,11.1,92,False,0.75,None
3482,3482,Minor_Outage,120,5.5,11,True,0.99,None
3484,3484,Major_Outage,60,5.2,121,False,0.41,Vendor Delay
3485,3485,Critical_Outage,30,14.8,70,False,0.31,None
3486,3486,Minor_Outage,120,19.5,57,True,0.85,None
3488,3488,Major_Outage,60,6.4,25,True,0.9,None
3489,3489,Minor_Outage,120,6.0,12,True,0.84,None
3490,3490,Warning_Outage,240,3.3,13,True,0.98,None
3491,3491,Major_Outage,60,9.0,18,True,0.84,None
3492,3492,Major_Outage,60,3.3,26,True,0.88,None
3495,3495,Major_Outage,60,10.0,20,True,0.99,None
3497,3497,Warning_Outage,240,0.5,1,True,0.84,None
3499,3499,Critical_Outage,30,17.5,35,False,0.46,Vendor Delay
3500,3500,Major_Outage,60,6.5,13,True,0.99,None
3501,3501,Major_Outage,60,6.5,13,True,0.8,None
3503,3503,Major_Outage,60,6.6,38,True,0.99,None
3505,3505,Minor_Outage,120,2.5,5,True,0.86,None
3507,3507,Major_Outage,60,13.0,84,False,0.42,Resource Unavailable
3508,3508,Warning_Outage,240,8.5,17,True,0.91,None
3509,3509,Critical_Outage,30,5.5,11,True,0.81,None
3510,3510,Minor_Outage,120,2.8,11,True,0.87,None
3512,3512,Major_Outage,60,21.5,43,True,0.93,None
3513,3513,Critical_Outage,30,1.9,78,False,0.65,None
3514,3514,Minor_Outage,120,1.0,11,True,0.94,None
3515,3515,Warning_Outage,240,2.5,5,True,0.9,None
3516,3516,Warning_Outage,240,3.5,7,True,0.83,None
3517,3517,Major_Outage,60,3.0,6,True,0.95,None
3519,3519,Major_Outage,60,16.6,68,False,0.31,None
3520,3520,Minor_Outage,120,3.5,7,True,0.89,None
3522,3522,Minor_Outage,120,7.5,15,True,0.95,None
3523,3523,Major_Outage,60,4.0,8,True,0.82,None
3524,3524,Minor_Outage,120,2.5,5,True,0.98,None
3525,3525,Warning_Outage,240,0.5,4,True,0.93,None
3526,3526,Minor_Outage,120,20.6,50,True,0.81,None
3529,3529,Major_Outage,60,8.0,29,True,0.98,None
3532,3532,Warning_Outage,240,5.0,10,True,0.8,None
3534,3534,Minor_Outage,120,7.5,51,True,0.88,None
3535,3535,Major_Outage,60,5.6,24,True,0.94,None
3536,3536,Warning_Outage,240,4.8,16,True,0.9,None
3537,3537,Warning_Outage,240,2.5,5,True,0.99,None
3539,3539,Minor_Outage,120,13.3,28,True,0.84,None
3542,3542,Critical_Outage,30,6.3,109,False,0.67,Vendor Delay
3544,3544,Minor_Outage,120,9.9,57,True,0.9,None
3547,3547,Minor_Outage,120,7.5,35,True,0.89,None
3549,3549,Minor_Outage,120,4.1,9,True,0.81,None
3550,3550,Warning_Outage,240,0.2,1,True,0.87,None
3551,3551,Minor_Outage,120,8.4,44,True,0.9,None
3552,3552,Warning_Outage,240,3.5,7,True,0.93,None
3553,3553,Critical_Outage,30,14.7,51,False,0.72,Resource Unavailable
3554,3554,Minor_Outage,120,10.0,20,True,0.8,None
3556,3556,Minor_Outage,120,12.5,25,True,0.82,None
3557,3557,Minor_Outage,120,3.6,19,True,0.84,None
3558,3558,Major_Outage,60,2.0,4,True,0.93,None
3561,3561,Major_Outage,60,8.7,41,True,1.0,None
3562,3562,Major_Outage,60,7.1,46,True,0.86,None
3563,3563,Major_Outage,60,4.2,33,True,0.92,None
3564,3564,Minor_Outage,120,3.2,15,True,0.86,None
3565,3565,Minor_Outage,120,2.5,96,True,0.83,None
3566,3566,Warning_Outage,240,2.5,5,True,0.82,None
3568,3568,Minor_Outage,120,6.5,13,True,0.89,None
3575,3575,Critical_Outage,30,11.2,61,False,0.7,Complex Issue
3576,3576,Minor_Outage,120,9.2,21,True,0.83,None
3579,3579,Minor_Outage,120,11.0,22,True,0.86,None
3581,3581,Critical_Outage,30,8.8,89,False,0.75,None
3583,3583,Major_Outage,60,20.0,40,True,0.89,None
3585,3585,Minor_Outage,120,15.5,31,True,0.91,None
3586,3586,Major_Outage,60,11.6,80,False,0.6,Vendor Delay
3588,3588,Minor_Outage,120,4.0,8,True,0.82,None
3591,3591,Minor_Outage,120,13.1,33,True,0.82,None
3593,3593,Major_Outage,60,19.0,38,True,0.93,None
3594,3594,Critical_Outage,30,3.8,72,False,0.37,Resource Unavailable
3595,3595,Minor_Outage,120,2.5,5,True,0.91,None
3597,3597,Minor_Outage,120,6.0,12,True,0.99,None
3598,3598,Minor_Outage,120,7.1,39,True,0.95,None
3600,3600,Critical_Outage,30,7.3,75,False,0.78,Vendor Delay
3601,3601,Minor_Outage,120,9.5,21,True,0.98,None
3602,3602,Major_Outage,60,2.0,4,True,0.88,None
3605,3605,Major_Outage,60,6.7,57,True,0.81,None
3606,3606,Minor_Outage,120,8.0,16,True,0.84,None
3609,3609,Minor_Outage,120,5.5,11,True,0.95,None
3610,3610,Critical_Outage,30,6.2,66,False,0.67,Complex Issue
3611,3611,Minor_Outage,120,5.4,16,True,0.98,None
3613,3613,Major_Outage,60,8.5,94,False,0.67,None
3614,3614,Minor_Outage,120,2.9,20,True,0.89,None
3615,3615,Major_Outage,60,6.2,87,False,0.76,Complex Issue
3616,3616,Minor_Outage,120,0.5,1,True,0.87,None
3617,3617,Major_Outage,60,5.0,10,True,1.0,None
3618,3618,Major_Outage,60,5.3,101,False,0.42,Complex Issue
3619,3619,Warning_Outage,240,0.5,1,True,0.92,None
3620,3620,Critical_Outage,30,1.3,28,True,0.92,None
3621,3621,Critical_Outage,30,3.3,177,False,0.36,Resource Unavailable
3623,3623,Minor_Outage,120,2.5,5,True,0.93,None
3625,3625,Major_Outage,60,0.3,45,True,0.97,None
3626,3626,Warning_Outage,240,2.5,5,True,0.99,None
3628,3628,Major_Outage,60,21.3,47,True,1.0,None
3629,3629,Minor_Outage,120,7.7,36,True,0.89,None
3631,3631,Major_Outage,60,10.8,46,True,0.95,None
3633,3633,Minor_Outage,120,2.6,31,True,0.97,None
3635,3635,Warning_Outage,240,4.0,8,True,0.95,None
3637,3637,Major_Outage,60,7.0,54,True,0.94,None
3639,3639,Minor_Outage,120,1.0,2,True,0.85,None
3641,3641,Warning_Outage,240,2.5,5,True,0.87,None
3643,3643,Major_Outage,60,0.8,37,True,0.93,None
3646,3646,Major_Outage,60,9.7,33,True,0.92,None
3647,3647,Major_Outage,60,21.0,42,True,0.91,None
3649,3649,Critical_Outage,30,4.3,29,True,0.87,None
3650,3650,Warning_Outage,240,5.0,10,True,0.91,None
3651,3651,Critical_Outage,30,19.8,83,False,0.71,Resource Unavailable
3652,3652,Minor_Outage,120,11.4,27,True,0.91,None
3653,3653,Minor_Outage,120,10.5,21,True,0.91,None
3654,3654,Warning_Outage,240,4.0,8,True,0.96,None
3655,3655,Critical_Outage,30,8.3,101,False,0.67,Vendor Delay
3657,3657,Minor_Outage,120,8.0,16,True,0.87,None
3659,3659,Critical_Outage,30,6.7,18,True,0.84,None
3660,3660,Critical_Outage,30,5.0,120,False,0.49,None
3661,3661,Major_Outage,60,3.6,86,False,0.31,Vendor Delay
3662,3662,Major_Outage,60,8.4,38,True,0.89,None
3663,3663,Minor_Outage,120,15.3,40,True,0.81,None
3664,3664,Critical_Outage,30,3.0,233,False,0.74,None
3665,3665,Major_Outage,60,9.0,22,True,0.82,None
3666,3666,Minor_Outage,120,13.4,44,True,0.99,None
3667,3667,Major_Outage,60,2.5,5,True,0.94,None
3668,3668,Major_Outage,60,6.3,76,False,0.59,Resource Unavailable
3669,3669,Minor_Outage,120,15.6,72,True,0.89,None
3670,3670,Warning_Outage,240,2.5,5,True,0.91,None
3672,3672,Critical_Outage,30,4.9,36,False,0.65,None
3673,3673,Major_Outage,60,13.9,54,True,0.89,None
3674,3674,Warning_Outage,240,7.3,25,True,0.97,None
3675,3675,Minor_Outage,120,6.0,12,True,0.85,None
3676,3676,Minor_Outage,120,6.5,13,True,0.98,None
3678,3678,Major_Outage,60,22.1,53,True,0.91,None
3680,3680,Minor_Outage,120,6.5,50,True,0.93,None
3681,3681,Major_Outage,60,5.5,17,True,0.88,None
3685,3685,Critical_Outage,30,14.0,28,True,0.91,None
3687,3687,Minor_Outage,120,10.6,29,True,0.92,None
3688,3688,Minor_Outage,120,8.4,19,True,0.8,None
3689,3689,Critical_Outage,30,6.2,32,False,0.36,Vendor Delay
3690,3690,Major_Outage,60,18.5,41,True,0.9,None
3691,3691,Critical_Outage,30,9.0,18,True,0.89,None
3693,3693,Warning_Outage,240,1.0,2,True,0.85,None
3696,3696,Major_Outage,60,4.7,19,True,0.92,None
3700,3700,Minor_Outage,120,16.5,33,True,0.94,None
3702,3702,Major_Outage,60,2.5,5,True,0.82,None
3704,3704,Critical_Outage,30,4.0,70,False,0.51,None
3705,3705,Major_Outage,60,25.4,96,False,0.66,Resource Unavailable
3706,3706,Warning_Outage,240,5.5,24,True,0.89,None
3708,3708,Minor_Outage,120,12.3,30,True,0.99,None
3709,3709,Warning_Outage,240,3.8,21,True,0.82,None
3710,3710,Major_Outage,60,7.9,40,True,0.8,None
3711,3711,Minor_Outage,120,13.4,54,True,0.89,None
3712,3712,Major_Outage,60,3.8,24,True,0.85,None
3714,3714,Minor_Outage,120,3.7,11,True,0.87,None
3715,3715,Minor_Outage,120,3.5,7,True,0.98,None
3716,3716,Major_Outage,60,8.9,38,True,0.83,None
3717,3717,Warning_Outage,240,4.5,9,True,0.81,None
3720,3720,Minor_Outage,120,8.0,16,True,0.9,None
3721,3721,Minor_Outage,120,6.1,15,True,0.89,None
3722,3722,Major_Outage,60,2.9,25,True,0.87,None
3726,3726,Major_Outage,60,9.9,34,True,0.9,None
3728,3728,Warning_Outage,240,1.0,2,True,0.87,None
3729,3729,Major_Outage,60,2.0,35,True,0.81,None
3730,3730,Warning_Outage,240,4.5,9,True,0.94,None
3731,3731,Major_Outage,60,20.2,63,False,0.69,Resource Unavailable
3732,3732,Minor_Outage,120,4.8,12,True,0.99,None
3733,3733,Minor_Outage,120,14.0,28,True,0.84,None
3734,3734,Minor_Outage,120,5.2,15,True,0.9,None
3735,3735,Major_Outage,60,4.5,21,True,0.9,None
3736,3736,Critical_Outage,30,4.0,16,True,1.0,None
3739,3739,Critical_Outage,30,3.7,255,False,0.43,Resource Unavailable
3740,3740,Major_Outage,60,10.0,20,True,0.82,None
3741,3741,Major_Outage,60,7.3,88,False,0.62,Part Availability
3742,3742,Critical_Outage,30,9.0,18,True,0.92,None
3743,3743,Minor_Outage,120,13.0,26,True,0.91,None
3744,3744,Minor_Outage,120,7.8,50,True,0.94,None
3745,3745,Warning_Outage,240,0.9,2,True,0.97,None
3746,3746,Warning_Outage,240,4.0,8,True,0.89,None
3747,3747,Minor_Outage,120,2.9,18,True,0.8,None
3748,3748,Minor_Outage,120,14.1,33,True,0.82,None
3749,3749,Major_Outage,60,3.4,14,True,0.99,None
3750,3750,Minor_Outage,120,10.6,61,True,0.99,None
3751,3751,Minor_Outage,120,5.0,81,True,0.93,None
3752,3752,Major_Outage,60,7.0,62,False,0.42,None
3754,3754,Minor_Outage,120,1.5,28,True,0.93,None
3755,3755,Warning_Outage,240,4.5,9,True,0.9,None
3756,3756,Major_Outage,60,4.6,163,False,0.57,Complex Issue
3758,3758,Minor_Outage,120,4.0,8,True,0.92,None
3762,3762,Minor_Outage,120,9.0,18,True,0.98,None
3763,3763,Major_Outage,60,5.5,55,True,0.81,None
3764,3764,Major_Outage,60,5.0,109,False,0.53,Complex Issue
3765,3765,Critical_Outage,30,4.0,62,False,0.78,Complex Issue
3766,3766,Minor_Outage,120,4.5,9,True,0.85,None
3771,3771,Warning_Outage,240,10.1,22,True,1.0,None
3774,3774,Minor_Outage,120,7.0,14,True,0.84,None
3775,3775,Major_Outage,60,7.5,15,True,0.92,None
3776,3776,Major_Outage,60,19.6,64,False,0.54,None
3777,3777,Minor_Outage,120,0.3,5,True,0.84,None
3779,3779,Minor_Outage,120,10.4,41,True,0.99,None
3780,3780,Minor_Outage,120,5.7,15,True,0.9,None
3781,3781,Major_Outage,60,12.2,28,True,0.8,None
3782,3782,Warning_Outage,240,5.0,18,True,0.84,None
3784,3784,Warning_Outage,240,3.5,7,True,0.88,None
3786,3786,Major_Outage,60,4.1,67,False,0.61,Vendor Delay
3787,3787,Warning_Outage,240,3.0,6,True,0.96,None
3788,3788,Minor_Outage,120,2.2,45,True,0.98,None
3790,3790,Critical_Outage,30,25.0,161,False,0.42,Vendor Delay
3795,3795,Minor_Outage,120,14.0,28,True,0.84,None
3797,3797,Major_Outage,60,5.6,31,True,0.89,None
3798,3798,Major_Outage,60,6.4,42,True,0.91,None
3800,3800,Warning_Outage,240,7.5,15,True,0.96,None
3802,3802,Minor_Outage,120,8.5,34,True,0.95,None
3805,3805,Major_Outage,60,5.4,73,False,0.61,Resource Unavailable
3807,3807,Minor_Outage,120,20.5,41,True,0.84,None
3808,3808,Minor_Outage,120,5.3,11,True,0.8,None
3809,3809,Warning_Outage,240,1.0,2,True,0.88,None
3810,3810,Minor_Outage,120,12.5,25,True,0.99,None
3812,3812,Critical_Outage,30,24.4,66,False,0.74,Resource Unavailable
3814,3814,Critical_Outage,30,9.5,19,True,0.94,None
3815,3815,Major_Outage,60,9.8,41,True,0.93,None
3817,3817,Minor_Outage,120,3.0,6,True,0.88,None
3818,3818,Minor_Outage,120,11.0,22,True,0.81,None
3819,3819,Warning_Outage,240,7.5,15,True,0.8,None
3821,3821,Warning_Outage,240,1.5,3,True,0.96,None
3822,3822,Major_Outage,60,4.2,42,True,0.85,None
3823,3823,Critical_Outage,30,4.6,62,False,0.59,Resource Unavailable
3824,3824,Major_Outage,60,8.2,46,True,0.81,None
3825,3825,Minor_Outage,120,9.8,23,True,0.85,None
3828,3828,Critical_Outage,30,5.8,39,False,0.41,Vendor Delay
3829,3829,Minor_Outage,120,7.3,32,True,0.95,None
3831,3831,Critical_Outage,30,13.9,54,False,0.37,None
3833,3833,Minor_Outage,120,6.3,22,True,0.89,None
3834,3834,Warning_Outage,240,4.5,9,True,0.9,None
3835,3835,Warning_Outage,240,2.8,8,True,0.94,None
3836,3836,Major_Outage,60,6.4,33,True,0.97,None
3837,3837,Critical_Outage,30,13.9,78,False,0.42,Vendor Delay
3839,3839,Minor_Outage,120,1.0,2,True,0.98,None
3840,3840,Major_Outage,60,10.5,21,True,0.91,None
3841,3841,Minor_Outage,120,9.7,35,True,0.99,None
3843,3843,Minor_Outage,120,7.1,24,True,0.86,None
3844,3844,Major_Outage,60,6.3,13,True,0.95,None
3845,3845,Minor_Outage,120,6.0,12,True,0.87,None
3846,3846,Minor_Outage,120,5.5,11,True,0.91,None
3847,3847,Critical_Outage,30,3.6,13,True,0.86,None
3849,3849,Minor_Outage,120,5.9,25,True,0.96,None
3851,3851,Minor_Outage,120,16.0,32,True,0.83,None
3852,3852,Major_Outage,60,0.9,68,False,0.45,Vendor Delay
3853,3853,Warning_Outage,240,3.0,6,True,0.85,None
3854,3854,Warning_Outage,240,6.5,13,True,0.8,None
3855,3855,Minor_Outage,120,2.2,9,True,0.96,None
3856,3856,Major_Outage,60,11.6,51,True,0.93,None
3858,3858,Major_Outage,60,17.4,39,True,0.92,None
3859,3859,Major_Outage,60,4.0,8,True,0.99,None
3860,3860,Minor_Outage,120,4.5,9,True,0.92,None
3864,3864,Major_Outage,60,19.8,44,True,0.84,None
3865,3865,Major_Outage,60,3.1,7,True,0.96,None
3866,3866,Warning_Outage,240,4.0,8,True,0.99,None
3869,3869,Major_Outage,60,9.2,50,True,0.84,None
3873,3873,Warning_Outage,240,4.8,25,True,0.8,None
3874,3874,Minor_Outage,120,3.1,18,True,0.94,None
3875,3875,Warning_Outage,240,1.0,2,True,0.93,None
3876,3876,Minor_Outage,120,9.0,18,True,0.93,None
3877,3877,Minor_Outage,120,6.7,45,True,0.86,None
3880,3880,Major_Outage,60,2.5,33,True,0.96,None
3881,3881,Minor_Outage,120,13.8,92,True,0.81,None
3887,3887,Major_Outage,60,13.0,26,True,0.85,None
3888,3888,Minor_Outage,120,5.0,29,True,0.83,None
3890,3890,Minor_Outage,120,7.0,25,True,0.92,None
3891,3891,Major_Outage,60,10.2,66,False,0.67,Part Availability
3892,3892,Major_Outage,60,10.0,26,True,0.86,None
3893,3893,Major_Outage,60,2.1,16,True,0.81,None
3894,3894,Critical_Outage,30,16.4,131,False,0.44,None
3897,3897,Minor_Outage,120,8.5,17,True,0.99,None
3899,3899,Warning_Outage,240,1.5,3,True,0.94,None
3900,3900,Major_Outage,60,4.8,25,True,0.85,None
3902,3902,Major_Outage,60,11.3,48,True,0.89,None
3905,3905,Minor_Outage,120,9.0,18,True,0.98,None
3906,3906,Warning_Outage,240,1.7,11,True,1.0,None
3907,3907,Minor_Outage,120,8.7,33,True,0.97,None
3908,3908,Major_Outage,60,2.0,4,True,0.98,None
3909,3909,Warning_Outage,240,4.5,9,True,0.81,None
3911,3911,Major_Outage,60,12.1,60,True,0.85,None
3913,3913,Major_Outage,60,2.0,83,False,0.54,Vendor Delay
3914,3914,Warning_Outage,240,0.5,1,True,0.91,None
3915,3915,Minor_Outage,120,9.3,63,True,0.84,None
3918,3918,Minor_Outage,120,5.2,23,True,0.98,None
3920,3920,Minor_Outage,120,13.5,27,True,0.82,None
3922,3922,Critical_Outage,30,8.0,16,True,0.91,None
3923,3923,Minor_Outage,120,5.0,10,True,0.92,None
3924,3924,Critical_Outage,30,8.8,39,False,0.5,None
3925,3925,Major_Outage,60,0.5,1,True,0.92,None
3926,3926,Minor_Outage,120,1.7,57,True,0.82,None
3927,3927,Minor_Outage,120,4.6,32,True,0.88,None
3929,3929,Warning_Outage,240,3.5,7,True,0.81,None
3931,3931,Minor_Outage,120,13.7,29,True,0.98,None
3932,3932,Minor_Outage,120,4.3,10,True,0.85,None
3933,3933,Major_Outage,60,1.1,54,True,0.98,None
3934,3934,Major_Outage,60,2.1,35,True,0.93,None
3935,3935,Minor_Outage,120,6.5,13,True,0.86,None
3938,3938,Critical_Outage,30,5.3,14,True,0.82,None
3939,3939,Minor_Outage,120,8.0,16,True,0.83,None
3940,3940,Minor_Outage,120,1.3,76,True,0.91,None
3941,3941,Minor_Outage,120,7.2,27,True,1.0,None
3943,3943,Warning_Outage,240,1.5,3,True,1.0,None
3944,3944,Critical_Outage,30,4.9,72,False,0.51,None
3945,3945,Minor_Outage,120,2.1,19,True,0.99,None
3946,3946,Critical_Outage,30,12.4,42,False,0.4,Vendor Delay
3948,3948,Minor_Outage,120,5.4,23,True,0.9,None
3949,3949,Minor_Outage,120,0.7,12,True,0.83,None
3951,3951,Major_Outage,60,1.7,25,True,0.81,None
3953,3953,Minor_Outage,120,1.0,2,True,0.81,None
3954,3954,Critical_Outage,30,16.5,52,False,0.69,Vendor Delay
3955,3955,Warning_Outage,240,1.5,3,True,0.85,None
3957,3957,Warning_Outage,240,2.5,5,True,0.83,None
3958,3958,Major_Outage,60,8.3,29,True,0.98,None
3960,3960,Minor_Outage,120,16.0,50,True,0.81,None
3963,3963,Minor_Outage,120,2.5,54,True,0.83,None
3964,3964,Minor_Outage,120,3.0,6,True,0.97,None
3965,3965,Minor_Outage,120,3.9,33,True,0.92,None
3966,3966,Critical_Outage,30,8.3,87,False,0.69,Part Availability
3968,3968,Critical_Outage,30,7.4,32,False,0.56,Vendor Delay
3970,3970,Critical_Outage,30,8.0,86,False,0.34,None
3971,3971,Critical_Outage,30,1.0,16,True,0.95,None
3972,3972,Warning_Outage,240,3.5,7,True,0.9,None
3973,3973,Minor_Outage,120,1.5,3,True,0.86,None
3974,3974,Minor_Outage,120,6.5,13,True,0.81,None
3975,3975,Minor_Outage,120,4.3,15,True,0.84,None
3977,3977,Minor_Outage,120,3.9,12,True,0.85,None
3980,3980,Major_Outage,60,6.5,32,True,0.92,None
3984,3984,Critical_Outage,30,18.3,230,False,0.31,Complex Issue
3985,3985,Minor_Outage,120,6.0,12,True,0.81,None
3987,3987,Critical_Outage,30,15.2,170,False,0.32,Vendor Delay
3988,3988,Minor_Outage,120,12.3,84,True,0.85,None
3989,3989,Major_Outage,60,5.5,11,True,0.91,None
3990,3990,Major_Outage,60,23.0,50,True,0.82,None
3991,3991,Warning_Outage,240,8.0,18,True,0.96,None
3992,3992,Critical_Outage,30,4.6,73,False,0.69,Vendor Delay
3993,3993,Warning_Outage,240,4.5,9,True,0.87,None
3994,3994,Warning_Outage,240,0.5,1,True,0.8,None
3995,3995,Minor_Outage,120,1.0,2,True,0.97,None
3997,3997,Minor_Outage,120,11.5,23,True,0.98,None
3998,3998,Major_Outage,60,3.5,7,True,1.0,None
4000,4000,Critical_Outage,30,16.5,33,False,0.76,None
4001,4001,Minor_Outage,120,11.5,23,True,0.8,None
4002,4002,Major_Outage,60,15.2,36,True,0.99,None
4003,4003,Major_Outage,60,8.6,82,False,0.32,Vendor Delay
4004,4004,Major_Outage,60,4.5,32,True,0.84,None
4009,4009,Minor_Outage,120,4.8,33,True,0.96,None
4012,4012,Major_Outage,60,10.7,161,False,0.53,None
4014,4014,Major_Outage,60,10.5,83,False,0.7,Vendor Delay
4015,4015,Critical_Outage,30,5.5,11,True,0.98,None
4017,4017,Major_Outage,60,11.5,23,True,0.91,None
4019,4019,Major_Outage,60,9.8,29,True,0.95,None
4021,4021,Critical_Outage,30,8.0,46,False,0.36,None
4022,4022,Minor_Outage,120,1.0,2,True,0.81,None
4023,4023,Major_Outage,60,7.7,28,True,0.99,None
4025,4025,Critical_Outage,30,7.2,52,False,0.34,Resource Unavailable
4026,4026,Minor_Outage,120,1.7,32,True,1.0,None
4028,4028,Critical_Outage,30,10.9,80,False,0.62,Part Availability
4029,4029,Minor_Outage,120,12.5,25,True,0.98,None
4030,4030,Major_Outage,60,2.5,5,True,0.89,None
4031,4031,Minor_Outage,120,3.5,7,True,0.96,None
4032,4032,Warning_Outage,240,5.0,14,True,0.81,None
4033,4033,Major_Outage,60,2.5,5,True,0.97,None
4035,4035,Minor_Outage,120,2.8,11,True,0.85,None
4036,4036,Minor_Outage,120,4.0,8,True,0.91,None
4037,4037,Minor_Outage,120,2.3,32,True,0.89,None
4040,4040,Major_Outage,60,7.6,26,True,0.93,None
4041,4041,Major_Outage,60,2.0,54,True,0.84,None
4043,4043,Major_Outage,60,9.6,105,False,0.47,Complex Issue
4045,4045,Major_Outage,60,6.8,20,True,0.86,None
4046,4046,Minor_Outage,120,6.0,20,True,0.84,None
4047,4047,Minor_Outage,120,7.2,23,True,0.88,None
4049,4049,Major_Outage,60,8.1,19,True,0.81,None
4053,4053,Minor_Outage,120,10.1,37,True,0.89,None
4054,4054,Major_Outage,60,1.4,69,False,0.64,None
4056,4056,Minor_Outage,120,6.0,40,True,0.91,None
4058,4058,Minor_Outage,120,5.5,11,True,0.81,None
4062,4062,Major_Outage,60,9.6,43,True,1.0,None
4064,4064,Warning_Outage,240,2.0,4,True,0.82,None
4065,4065,Warning_Outage,240,2.5,5,True,0.93,None
4070,4070,Minor_Outage,120,9.7,33,True,0.99,None
4072,4072,Minor_Outage,120,0.9,54,True,0.83,None
4074,4074,Major_Outage,60,7.0,14,True,0.99,None
4076,4076,Minor_Outage,120,2.0,4,True,0.86,None
4077,4077,Minor_Outage,120,0.8,20,True,0.94,None
4078,4078,Minor_Outage,120,3.0,21,True,0.82,None
4079,4079,Major_Outage,60,5.6,19,True,0.98,None
4080,4080,Minor_Outage,120,15.0,30,True,0.99,None
4081,4081,Warning_Outage,240,3.0,9,True,0.99,None
4083,4083,Major_Outage,60,1.8,27,True,0.91,None
4084,4084,Critical_Outage,30,16.0,161,False,0.53,None
4085,4085,Minor_Outage,120,4.7,28,True,0.92,None
4086,4086,Minor_Outage,120,3.3,18,True,0.97,None
4087,4087,Minor_Outage,120,5.0,90,True,0.98,None
4088,4088,Minor_Outage,120,12.5,25,True,0.87,None
4089,4089,Minor_Outage,120,2.8,18,True,0.83,None
4090,4090,Major_Outage,60,13.9,67,False,0.42,None
4091,4091,Major_Outage,60,5.5,11,True,0.95,None
4092,4092,Warning_Outage,240,4.5,9,True,0.8,None
4094,4094,Minor_Outage,120,7.0,14,True,0.95,None
4095,4095,Major_Outage,60,7.9,31,True,0.91,None
4096,4096,Critical_Outage,30,9.6,20,True,0.95,None
4097,4097,Major_Outage,60,0.7,51,True,0.91,None
4098,4098,Minor_Outage,120,10.8,22,True,0.8,None
4099,4099,Minor_Outage,120,1.3,46,True,0.87,None
4101,4101,Minor_Outage,120,3.0,6,True,0.88,None
4102,4102,Major_Outage,60,3.5,7,True,0.95,None
4103,4103,Minor_Outage,120,7.7,34,True,0.84,None
4104,4104,Minor_Outage,120,13.3,46,True,0.92,None
4105,4105,Critical_Outage,30,8.6,124,False,0.4,None
4106,4106,Minor_Outage,120,4.0,107,True,0.83,None
4107,4107,Warning_Outage,240,3.1,7,True,0.99,None
4109,4109,Minor_Outage,120,6.4,46,True,0.98,None
4110,4110,Major_Outage,60,15.0,30,True,0.9,None
4111,4111,Major_Outage,60,20.0,70,False,0.58,Vendor Delay
4113,4113,Critical_Outage,30,16.2,40,False,0.47,Resource Unavailable
4114,4114,Major_Outage,60,14.8,38,True,0.94,None
4115,4115,Minor_Outage,120,3.5,31,True,0.92,None
4118,4118,Minor_Outage,120,13.5,27,True,0.94,None
4119,4119,Major_Outage,60,2.5,57,True,0.85,None
4120,4120,Critical_Outage,30,10.2,33,False,0.5,Complex Issue
4121,4121,Major_Outage,60,10.0,69,False,0.68,None
4123,4123,Major_Outage,60,4.1,44,True,0.81,None
4124,4124,Minor_Outage,120,2.5,5,True,0.84,None
4125,4125,Major_Outage,60,7.0,14,True,0.87,None
4126,4126,Minor_Outage,120,4.3,9,True,0.96,None
4127,4127,Major_Outage,60,4.2,58,True,0.87,None
4128,4128,Minor_Outage,120,1.3,15,True,0.88,None
4130,4130,Warning_Outage,240,1.7,10,True,0.89,None
4131,4131,Minor_Outage,120,3.7,26,True,0.98,None
4133,4133,Major_Outage,60,1.9,59,True,0.92,None
4134,4134,Major_Outage,60,1.5,3,True,0.98,None
4135,4135,Major_Outage,60,17.5,48,True,0.9,None
4137,4137,Critical_Outage,30,8.2,135,False,0.69,Complex Issue
4138,4138,Minor_Outage,120,6.5,13,True,0.94,None
4141,4141,Minor_Outage,120,15.2,36,True,0.83,None
4142,4142,Critical_Outage,30,2.3,43,False,0.7,None
4143,4143,Minor_Outage,120,10.5,21,True,0.91,None
4144,4144,Major_Outage,60,3.8,16,True,0.88,None
4147,4147,Minor_Outage,120,7.0,14,True,0.91,None
4148,4148,Major_Outage,60,8.8,40,True,0.98,None
4149,4149,Major_Outage,60,3.3,52,True,0.98,None
4150,4150,Major_Outage,60,2.8,30,True,0.95,None
4151,4151,Minor_Outage,120,25.0,50,True,0.93,None
4152,4152,Critical_Outage,30,8.6,66,False,0.38,None
4153,4153,Minor_Outage,120,2.3,42,True,0.93,None
4154,4154,Minor_Outage,120,1.9,4,True,0.84,None
4155,4155,Minor_Outage,120,5.5,14,True,0.94,None
4156,4156,Critical_Outage,30,10.0,20,True,0.92,None
4157,4157,Major_Outage,60,0.8,12,True,0.85,None
4158,4158,Major_Outage,60,10.6,58,True,0.84,None
4159,4159,Minor_Outage,120,5.0,10,True,0.88,None
4160,4160,Major_Outage,60,12.7,45,True,0.9,None
4161,4161,Minor_Outage,120,4.6,15,True,0.9,None
4162,4162,Minor_Outage,120,5.8,23,True,0.97,None
4163,4163,Major_Outage,60,9.0,18,True,0.97,None
4164,4164,Critical_Outage,30,17.2,46,False,0.76,Vendor Delay
4165,4165,Minor_Outage,120,8.0,20,True,0.97,None
4166,4166,Major_Outage,60,4.0,8,True,0.84,None
4168,4168,Minor_Outage,120,8.5,17,True,0.83,None
4171,4171,Warning_Outage,240,1.5,3,True,0.86,None
4173,4173,Major_Outage,60,17.0,34,True,0.81,None
4175,4175,Critical_Outage,30,2.7,115,False,0.73,None
4176,4176,Critical_Outage,30,13.3,130,False,0.54,Resource Unavailable
4177,4177,Major_Outage,60,1.5,25,True,0.84,None
4178,4178,Minor_Outage,120,7.1,36,True,0.82,None
4179,4179,Minor_Outage,120,28.9,63,True,0.92,None
4180,4180,Minor_Outage,120,5.8,34,True,0.87,None
4184,4184,Critical_Outage,30,28.0,56,False,0.45,Vendor Delay
4185,4185,Minor_Outage,120,7.5,15,True,0.95,None
4186,4186,Minor_Outage,120,2.0,7,True,0.96,None
4187,4187,Major_Outage,60,8.0,16,True,0.9,None
4189,4189,Major_Outage,60,10.9,52,True,0.98,None
4191,4191,Critical_Outage,30,19.0,118,False,0.69,None
4193,4193,Major_Outage,60,8.9,48,True,0.89,None
4194,4194,Critical_Outage,30,15.6,157,False,0.55,None
4196,4196,Minor_Outage,120,7.3,22,True,0.96,None
4197,4197,Major_Outage,60,13.5,27,True,0.97,None
4198,4198,Minor_Outage,120,1.0,2,True,0.91,None
4199,4199,Minor_Outage,120,3.0,6,True,0.88,None
4200,4200,Minor_Outage,120,7.0,14,True,0.9,None
4201,4201,Critical_Outage,30,15.9,60,False,0.59,None
4204,4204,Minor_Outage,120,5.5,11,True,0.83,None
4205,4205,Critical_Outage,30,8.9,86,False,0.71,Resource Unavailable
4208,4208,Warning_Outage,240,2.5,5,True,0.94,None
4209,4209,Minor_Outage,120,12.9,28,True,0.92,None
4210,4210,Minor_Outage,120,10.3,35,True,0.9,None
4211,4211,Minor_Outage,120,2.1,17,True,0.9,None
4212,4212,Major_Outage,60,6.5,13,True,0.82,None
4213,4213,Critical_Outage,30,8.8,217,False,0.65,None
4214,4214,Warning_Outage,240,1.5,3,True,0.81,None
4219,4219,Critical_Outage,30,16.7,119,False,0.46,Vendor Delay
4221,4221,Major_Outage,60,12.8,47,True,0.99,None
4223,4223,Critical_Outage,30,5.8,34,False,0.43,Vendor Delay
4224,4224,Minor_Outage,120,1.4,19,True,0.96,None
4225,4225,Minor_Outage,120,10.0,20,True,0.8,None
4226,4226,Critical_Outage,30,18.8,47,False,0.34,Vendor Delay
4227,4227,Major_Outage,60,8.5,18,True,0.95,None
4228,4228,Major_Outage,60,1.5,38,True,0.99,None
4229,4229,Critical_Outage,30,8.0,16,True,0.8,None
4231,4231,Major_Outage,60,2.3,43,True,0.87,None
4233,4233,Major_Outage,60,7.2,19,True,0.94,None
4234,4234,Warning_Outage,240,2.0,4,True,0.98,None
4236,4236,Minor_Outage,120,8.2,26,True,0.87,None
4238,4238,Major_Outage,60,5.1,31,True,0.95,None
4239,4239,Minor_Outage,120,7.2,30,True,0.92,None
4240,4240,Minor_Outage,120,5.5,11,True,0.83,None
4241,4241,Minor_Outage,120,8.0,16,True,0.95,None
4242,4242,Warning_Outage,240,2.5,5,True,0.84,None
4245,4245,Warning_Outage,240,3.0,6,True,0.93,None
4247,4247,Major_Outage,60,4.0,8,True,0.84,None
4249,4249,Major_Outage,60,14.4,29,True,0.97,None
4250,4250,Major_Outage,60,2.0,4,True,0.95,None
4251,4251,Warning_Outage,240,6.0,12,True,0.83,None
4252,4252,Minor_Outage,120,16.2,41,True,0.82,None
4254,4254,Major_Outage,60,3.2,17,True,0.99,None
4255,4255,Major_Outage,60,3.5,66,False,0.35,Vendor Delay
4256,4256,Critical_Outage,30,26.5,53,False,0.37,Resource Unavailable
4257,4257,Major_Outage,60,11.7,29,True,0.89,None
4259,4259,Major_Outage,60,13.1,157,False,0.75,Resource Unavailable
4260,4260,Major_Outage,60,7.3,57,True,0.86,None
4261,4261,Major_Outage,60,3.5,7,True,0.86,None
4262,4262,Major_Outage,60,5.3,90,False,0.69,None
4265,4265,Major_Outage,60,3.0,6,True,0.87,None
4266,4266,Warning_Outage,240,0.9,2,True,0.82,None
4268,4268,Major_Outage,60,20.0,40,True,0.94,None
4269,4269,Minor_Outage,120,3.5,7,True,0.98,None
4270,4270,Warning_Outage,240,3.5,7,True,0.81,None
4271,4271,Major_Outage,60,9.3,85,False,0.76,Resource Unavailable
4272,4272,Major_Outage,60,11.0,22,True,0.81,None
4273,4273,Minor_Outage,120,3.0,8,True,0.99,None
4275,4275,Minor_Outage,120,4.5,9,True,0.91,None
4276,4276,Warning_Outage,240,4.5,9,True,0.95,None
4277,4277,Minor_Outage,120,4.3,13,True,0.91,None
4279,4279,Major_Outage,60,10.3,26,True,0.99,None
4280,4280,Major_Outage,60,4.1,16,True,0.81,None
4282,4282,Minor_Outage,120,14.3,71,True,0.82,None
4288,4288,Major_Outage,60,15.4,99,False,0.5,None
4289,4289,Warning_Outage,240,7.3,16,True,0.86,None
4290,4290,Minor_Outage,120,7.0,14,True,0.91,None
4291,4291,Major_Outage,60,5.5,26,True,0.96,None
4292,4292,Warning_Outage,240,9.5,19,True,0.91,None
4295,4295,Major_Outage,60,9.0,36,True,0.97,None
4297,4297,Minor_Outage,120,4.5,9,True,0.83,None
4298,4298,Minor_Outage,120,4.8,15,True,0.92,None
4299,4299,Minor_Outage,120,5.0,10,True,0.93,None
4303,4303,Critical_Outage,30,5.4,96,False,0.3,None
4304,4304,Minor_Outage,120,1.6,5,True,0.89,None
4308,4308,Minor_Outage,120,1.1,20,True,0.84,None
4310,4310,Warning_Outage,240,2.5,5,True,0.84,None
4311,4311,Major_Outage,60,2.8,22,True,0.82,None
4312,4312,Critical_Outage,30,7.5,121,False,0.58,Resource Unavailable
4313,4313,Warning_Outage,240,1.5,3,True,0.9,None
4317,4317,Minor_Outage,120,6.9,32,True,0.82,None
4318,4318,Major_Outage,60,1.8,38,True,0.91,None
4319,4319,Major_Outage,60,19.1,69,False,0.37,Vendor Delay
4321,4321,Minor_Outage,120,9.5,40,True,0.95,None
4323,4323,Minor_Outage,120,4.0,42,True,0.88,None
4325,4325,Warning_Outage,240,1.1,26,True,0.9,None
4326,4326,Minor_Outage,120,5.0,10,True,0.96,None
4327,4327,Minor_Outage,120,2.0,24,True,0.91,None
4328,4328,Minor_Outage,120,5.0,10,True,0.88,None
4329,4329,Minor_Outage,120,14.1,30,True,0.84,None
4330,4330,Minor_Outage,120,4.4,12,True,0.97,None
4331,4331,Major_Outage,60,1.3,27,True,0.88,None
4333,4333,Warning_Outage,240,3.5,7,True,0.88,None
4334,4334,Minor_Outage,120,1.5,3,True,0.92,None
4336,4336,Major_Outage,60,5.0,10,True,0.98,None
4337,4337,Major_Outage,60,6.9,127,False,0.7,Vendor Delay
4339,4339,Critical_Outage,30,4.5,22,True,0.97,None
4340,4340,Minor_Outage,120,7.0,14,True,0.8,None
4341,4341,Minor_Outage,120,20.8,64,True,0.9,None
4342,4342,Major_Outage,60,11.8,28,True,0.98,None
4343,4343,Minor_Outage,120,2.5,5,True,0.91,None
4345,4345,Major_Outage,60,5.5,29,True,0.92,None
4347,4347,Major_Outage,60,4.1,53,True,0.95,None
4349,4349,Warning_Outage,240,2.5,5,True,0.93,None
4350,4350,Warning_Outage,240,1.5,3,True,0.94,None
4351,4351,Minor_Outage,120,10.4,27,True,0.88,None
4352,4352,Minor_Outage,120,11.5,23,True,0.85,None
4353,4353,Major_Outage,60,10.0,20,True,0.99,None
4355,4355,Minor_Outage,120,4.8,43,True,0.8,None
4356,4356,Major_Outage,60,4.9,18,True,0.87,None
4358,4358,Critical_Outage,30,16.1,79,False,0.55,Vendor Delay
4360,4360,Warning_Outage,240,1.0,2,True,0.96,None
4365,4365,Major_Outage,60,8.1,126,False,0.38,Part Availability
4368,4368,Critical_Outage,30,9.4,48,False,0.68,Resource Unavailable
4369,4369,Major_Outage,60,3.4,55,True,0.85,None
4370,4370,Critical_Outage,30,8.2,110,False,0.34,Part Availability
4371,4371,Critical_Outage,30,8.5,17,True,0.98,None
4372,4372,Critical_Outage,30,7.1,140,False,0.31,Part Availability
4373,4373,Minor_Outage,120,6.5,13,True,1.0,None
4374,4374,Critical_Outage,30,8.1,47,False,0.6,Vendor Delay
4376,4376,Warning_Outage,240,4.0,8,True,0.98,None
4377,4377,Critical_Outage,30,0.9,66,False,0.78,None
4378,4378,Major_Outage,60,9.3,60,True,0.86,None
4380,4380,Major_Outage,60,7.3,67,False,0.41,Vendor Delay
4381,4381,Critical_Outage,30,4.9,246,False,0.6,Vendor Delay
4382,4382,Minor_Outage,120,4.6,86,True,0.88,None
4383,4383,Minor_Outage,120,15.5,31,True,0.98,None
4384,4384,Major_Outage,60,8.5,17,True,0.83,None
4385,4385,Minor_Outage,120,9.5,19,True,0.91,None
4388,4388,Critical_Outage,30,9.1,60,False,0.6,Vendor Delay
4390,4390,Major_Outage,60,1.4,19,True,0.98,None
4391,4391,Minor_Outage,120,8.7,19,True,0.83,None
4392,4392,Major_Outage,60,8.0,16,True,0.82,None
4393,4393,Minor_Outage,120,14.1,43,True,0.91,None
4394,4394,Minor_Outage,120,8.8,20,True,0.84,None
4398,4398,Critical_Outage,30,2.7,68,False,0.74,Part Availability
4400,4400,Minor_Outage,120,10.0,20,True,0.99,None
4401,4401,Minor_Outage,120,10.6,50,True,0.89,None
4403,4403,Minor_Outage,120,17.0,34,True,0.91,None
4404,4404,Critical_Outage,30,22.1,226,False,0.42,Vendor Delay
4405,4405,Major_Outage,60,4.7,21,True,0.99,None
4406,4406,Warning_Outage,240,3.0,6,True,0.92,None
4412,4412,Warning_Outage,240,1.0,2,True,0.89,None
4413,4413,Minor_Outage,120,8.4,38,True,0.82,None
4414,4414,Major_Outage,60,14.0,28,True,0.93,None
4415,4415,Major_Outage,60,2.3,58,True,0.85,None
4418,4418,Minor_Outage,120,4.0,8,True,0.97,None
4419,4419,Minor_Outage,120,1.0,2,True,0.8,None
4420,4420,Minor_Outage,120,1.0,2,True,0.88,None
4421,4421,Major_Outage,60,19.8,58,True,0.94,None
4422,4422,Major_Outage,60,4.6,106,False,0.77,None
4423,4423,Critical_Outage,30,11.0,22,True,0.9,None
4424,4424,Minor_Outage,120,9.2,26,True,0.93,None
4426,4426,Minor_Outage,120,7.0,14,True,0.89,None
4427,4427,Minor_Outage,120,5.1,17,True,0.96,None
4428,4428,Major_Outage,60,4.4,27,True,0.97,None
4430,4430,Major_Outage,60,6.6,19,True,0.86,None
4431,4431,Major_Outage,60,5.9,56,True,0.81,None
4432,4432,Minor_Outage,120,9.0,18,True,0.9,None
4435,4435,Critical_Outage,30,6.5,13,True,0.9,None
4436,4436,Major_Outage,60,3.1,102,False,0.65,None
4437,4437,Warning_Outage,240,5.0,10,True,0.93,None
4438,4438,Minor_Outage,120,10.0,20,True,0.94,None
4439,4439,Major_Outage,60,11.6,73,False,0.44,None
4441,4441,Minor_Outage,120,14.5,31,True,0.92,None
4443,4443,Major_Outage,60,10.4,29,True,0.88,None
4444,4444,Minor_Outage,120,9.0,18,True,0.95,None
4446,4446,Critical_Outage,30,11.4,35,False,0.56,None
4447,4447,Major_Outage,60,4.8,13,True,0.87,None
4448,4448,Warning_Outage,240,2.5,5,True,0.97,None
4450,4450,Critical_Outage,30,13.0,182,False,0.57,Vendor Delay
4451,4451,Major_Outage,60,2.7,20,True,0.93,None
4452,4452,Minor_Outage,120,11.0,28,True,0.87,None
4453,4453,Minor_Outage,120,5.0,10,True,1.0,None
4454,4454,Minor_Outage,120,2.0,4,True,0.95,None
4455,4455,Minor_Outage,120,3.5,65,True,0.94,None
4456,4456,Minor_Outage,120,7.0,22,True,0.93,None
4457,4457,Minor_Outage,120,2.5,5,True,0.8,None
4458,4458,Minor_Outage,120,10.7,23,True,0.94,None
4459,4459,Minor_Outage,120,5.0,10,True,0.87,None
4460,4460,Warning_Outage,240,0.5,1,True,0.89,None
4461,4461,Minor_Outage,120,5.0,16,True,0.85,None
4463,4463,Major_Outage,60,6.4,14,True,0.94,None
4464,4464,Minor_Outage,120,17.5,35,True,0.95,None
4466,4466,Major_Outage,60,3.4,78,False,0.77,Vendor Delay
4467,4467,Critical_Outage,30,3.3,106,False,0.73,None
4468,4468,Minor_Outage,120,3.0,6,True,0.92,None
4469,4469,Minor_Outage,120,0.5,1,True,0.96,None
4470,4470,Major_Outage,60,11.0,29,True,0.82,None
4471,4471,Warning_Outage,240,3.0,6,True,0.85,None
4472,4472,Major_Outage,60,3.1,48,True,0.89,None
4473,4473,Critical_Outage,30,21.1,111,False,0.72,None
4475,4475,Minor_Outage,120,6.3,23,True,0.85,None
4476,4476,Major_Outage,60,3.5,7,True,1.0,None
4477,4477,Minor_Outage,120,5.9,33,True,1.0,None
4479,4479,Warning_Outage,240,1.5,3,True,0.86,None
4481,4481,Critical_Outage,30,8.8,20,True,0.86,None
4482,4482,Major_Outage,60,12.4,156,False,0.43,Vendor Delay
4483,4483,Minor_Outage,120,5.5,11,True,0.96,None
4484,4484,Major_Outage,60,2.5,5,True,0.91,None
4486,4486,Major_Outage,60,2.3,91,False,0.76,Vendor Delay
4487,4487,Minor_Outage,120,2.5,5,True,0.9,None
4488,4488,Critical_Outage,30,10.5,139,False,0.74,None
4489,4489,Major_Outage,60,7.3,42,True,0.92,None
4490,4490,Minor_Outage,120,13.5,28,True,0.92,None
4491,4491,Major_Outage,60,5.2,93,False,0.43,Complex Issue
4492,4492,Major_Outage,60,2.6,14,True,0.91,None
4493,4493,Major_Outage,60,5.2,76,False,0.49,Complex Issue
4495,4495,Minor_Outage,120,10.0,20,True,0.83,None
4497,4497,Major_Outage,60,8.0,16,True,0.93,None
4498,4498,Major_Outage,60,8.1,51,True,0.88,None
4499,4499,Minor_Outage,120,1.4,17,True,0.95,None
4500,4500,Minor_Outage,120,17.0,34,True,0.98,None
4501,4501,Major_Outage,60,8.2,26,True,0.91,None
4503,4503,Major_Outage,60,7.2,51,True,0.83,None
4504,4504,Minor_Outage,120,4.0,8,True,0.84,None
4505,4505,Warning_Outage,240,4.5,9,True,0.96,None
4506,4506,Minor_Outage,120,4.0,17,True,0.9,None
4509,4509,Critical_Outage,30,12.8,48,False,0.73,None
4510,4510,Minor_Outage,120,14.3,39,True,0.95,None
4512,4512,Critical_Outage,30,21.4,131,False,0.53,Resource Unavailable
4514,4514,Major_Outage,60,12.4,87,False,0.39,Vendor Delay
4518,4518,Warning_Outage,240,3.0,6,True,0.91,None
4519,4519,Warning_Outage,240,6.0,12,True,0.94,None
4520,4520,Critical_Outage,30,4.5,236,False,0.52,Resource Unavailable
4523,4523,Warning_Outage,240,4.5,9,True,0.96,None
4524,4524,Warning_Outage,240,0.5,1,True,0.95,None
4525,4525,Major_Outage,60,7.5,61,False,0.71,Resource Unavailable
4527,4527,Minor_Outage,120,4.0,8,True,0.99,None
4531,4531,Major_Outage,60,14.2,57,True,0.88,None
4532,4532,Major_Outage,60,10.6,51,True,0.97,None
4533,4533,Major_Outage,60,4.3,112,False,0.62,Complex Issue
4538,4538,Minor_Outage,120,4.0,8,True,0.92,None
4539,4539,Warning_Outage,240,1.5,3,True,0.94,None
4541,4541,Critical_Outage,30,15.5,31,False,0.42,Vendor Delay
4542,4542,Major_Outage,60,8.8,83,False,0.47,Vendor Delay
4543,4543,Minor_Outage,120,11.4,58,True,0.99,None
4544,4544,Major_Outage,60,3.5,7,True,0.81,None
4545,4545,Minor_Outage,120,4.0,8,True,0.86,None
4546,4546,Critical_Outage,30,3.9,34,False,0.55,None
4547,4547,Major_Outage,60,8.4,17,True,0.98,None
4552,4552,Warning_Outage,240,1.5,3,True,1.0,None
4554,4554,Warning_Outage,240,5.5,11,True,0.88,None
4555,4555,Critical_Outage,30,5.5,11,True,0.85,None
4556,4556,Warning_Outage,240,8.5,17,True,0.95,None
4557,4557,Major_Outage,60,8.5,17,True,0.93,None
4560,4560,Minor_Outage,120,4.0,8,True,0.86,None
4562,4562,Major_Outage,60,17.2,48,True,0.95,None
4564,4564,Minor_Outage,120,4.0,8,True,1.0,None
4565,4565,Minor_Outage,120,16.9,45,True,0.84,None
4568,4568,Critical_Outage,30,3.1,14,True,0.93,None
4570,4570,Minor_Outage,120,5.0,22,True,0.95,None
4572,4572,Warning_Outage,240,0.5,1,True,0.85,None
4573,4573,Minor_Outage,120,22.3,74,True,0.93,None
4575,4575,Major_Outage,60,0.5,1,True,0.96,None
4576,4576,Minor_Outage,120,14.5,29,True,0.96,None
4577,4577,Minor_Outage,120,12.3,34,True,0.91,None
4578,4578,Major_Outage,60,5.3,27,True,0.94,None
4579,4579,Minor_Outage,120,7.5,15,True,0.97,None
4580,4580,Warning_Outage,240,6.5,13,True,0.85,None
4581,4581,Minor_Outage,120,14.1,33,True,0.86,None
4583,4583,Warning_Outage,240,3.5,7,True,0.92,None
4584,4584,Major_Outage,60,6.9,86,False,0.44,Vendor Delay
4585,4585,Minor_Outage,120,3.4,29,True,0.83,None
4586,4586,Minor_Outage,120,0.5,1,True,0.97,None
4587,4587,Major_Outage,60,17.1,43,True,0.88,None
4588,4588,Critical_Outage,30,4.3,114,False,0.57,Resource Unavailable
4589,4589,Minor_Outage,120,3.8,14,True,0.83,None
4590,4590,Major_Outage,60,8.5,23,True,0.94,None
4591,4591,Critical_Outage,30,6.2,113,False,0.77,None
4592,4592,Major_Outage,60,7.6,47,True,0.97,None
4593,4593,Critical_Outage,30,0.8,28,True,0.97,None
4594,4594,Minor_Outage,120,4.1,54,True,0.83,None
4595,4595,Minor_Outage,120,0.5,1,True,0.88,None
4596,4596,Minor_Outage,120,5.9,23,True,0.9,None
4597,4597,Critical_Outage,30,7.7,38,False,0.76,Resource Unavailable
4598,4598,Minor_Outage,120,3.9,25,True,0.94,None
4599,4599,Major_Outage,60,11.9,168,False,0.45,Vendor Delay
4600,4600,Major_Outage,60,10.5,24,True,0.9,None
4601,4601,Critical_Outage,30,4.7,113,False,0.77,Resource Unavailable
4602,4602,Major_Outage,60,2.5,5,True,0.89,None
4604,4604,Warning_Outage,240,3.5,7,True,0.85,None
4608,4608,Major_Outage,60,13.9,52,True,0.83,None
4609,4609,Critical_Outage,30,2.1,70,False,0.46,None
4611,4611,Critical_Outage,30,20.2,42,False,0.71,Vendor Delay
4613,4613,Critical_Outage,30,20.0,40,False,0.33,None
4615,4615,Major_Outage,60,16.2,73,False,0.67,Vendor Delay
4616,4616,Minor_Outage,120,3.5,7,True,0.99,None
4617,4617,Minor_Outage,120,15.7,42,True,0.92,None
4618,4618,Minor_Outage,120,7.5,15,True,0.92,None
4619,4619,Minor_Outage,120,20.6,52,True,0.97,None
4620,4620,Minor_Outage,120,9.5,19,True,1.0,None
4622,4622,Minor_Outage,120,3.5,7,True,0.94,None
4623,4623,Major_Outage,60,9.6,99,False,0.41,Vendor Delay
4624,4624,Minor_Outage,120,4.3,31,True,0.87,None
4627,4627,Major_Outage,60,11.5,23,True,0.87,None
4628,4628,Major_Outage,60,15.2,39,True,0.89,None
4630,4630,Warning_Outage,240,1.5,3,True,0.89,None
4631,4631,Critical_Outage,30,11.5,174,False,0.57,Vendor Delay
4632,4632,Minor_Outage,120,6.0,12,True,0.93,None
4633,4633,Minor_Outage,120,10.1,22,True,0.96,None
4634,4634,Minor_Outage,120,1.0,2,True,0.82,None
4635,4635,Major_Outage,60,5.6,44,True,0.97,None
4636,4636,Minor_Outage,120,9.4,26,True,0.85,None
4637,4637,Critical_Outage,30,15.2,99,False,0.79,Complex Issue
4639,4639,Minor_Outage,120,2.3,39,True,0.95,None
4641,4641,Minor_Outage,120,7.3,20,True,0.93,None
4644,4644,Major_Outage,60,3.3,31,True,0.88,None
4646,4646,Major_Outage,60,22.0,79,False,0.34,Vendor Delay
4647,4647,Minor_Outage,120,3.0,6,True,0.96,None
4649,4649,Critical_Outage,30,7.8,71,False,0.47,None
4650,4650,Major_Outage,60,12.8,40,True,0.98,None
4651,4651,Minor_Outage,120,8.0,26,True,0.93,None
4652,4652,Minor_Outage,120,1.0,11,True,0.9,None
4654,4654,Critical_Outage,30,5.4,73,False,0.68,Part Availability
4655,4655,Major_Outage,60,1.8,42,True,0.89,None
4657,4657,Warning_Outage,240,3.0,6,True,0.97,None
4658,4658,Warning_Outage,240,3.5,7,True,0.99,None
4659,4659,Warning_Outage,240,3.7,13,True,0.87,None
4663,4663,Minor_Outage,120,2.8,44,True,0.83,None
4664,4664,Minor_Outage,120,0.5,1,True,0.94,None
4665,4665,Minor_Outage,120,3.0,9,True,0.82,None
4667,4667,Minor_Outage,120,2.8,7,True,0.93,None
4668,4668,Minor_Outage,120,4.5,9,True,0.96,None
4670,4670,Minor_Outage,120,5.0,34,True,0.94,None
4671,4671,Major_Outage,60,3.6,62,False,0.46,Vendor Delay
4673,4673,Warning_Outage,240,9.1,28,True,0.91,None
4674,4674,Major_Outage,60,1.9,20,True,0.92,None
4676,4676,Critical_Outage,30,19.5,39,False,0.6,Vendor Delay
4677,4677,Warning_Outage,240,4.0,8,True,0.82,None
4681,4681,Minor_Outage,120,8.0,16,True,0.94,None
4682,4682,Minor_Outage,120,4.5,9,True,0.97,None
4684,4684,Minor_Outage,120,6.0,12,True,0.97,None
4685,4685,Critical_Outage,30,2.9,43,False,0.46,None
4689,4689,Major_Outage,60,8.5,37,True,0.95,None
4691,4691,Major_Outage,60,7.5,19,True,0.82,None
4692,4692,Critical_Outage,30,12.9,78,False,0.78,Part Availability
4693,4693,Minor_Outage,120,4.0,8,True,0.84,None
4696,4696,Critical_Outage,30,9.9,87,False,0.39,Resource Unavailable
4697,4697,Major_Outage,60,10.6,66,False,0.53,Vendor Delay
4698,4698,Minor_Outage,120,5.2,27,True,0.94,None
4699,4699,Warning_Outage,240,1.0,2,True,0.85,None
4700,4700,Major_Outage,60,6.6,60,True,0.87,None
4701,4701,Minor_Outage,120,1.7,40,True,0.99,None
4703,4703,Minor_Outage,120,2.9,37,True,0.96,None
4705,4705,Minor_Outage,120,7.5,19,True,0.97,None
4706,4706,Minor_Outage,120,5.5,11,True,0.9,None
4707,4707,Critical_Outage,30,11.4,65,False,0.55,None
4708,4708,Warning_Outage,240,6.0,12,True,0.81,None
4709,4709,Warning_Outage,240,3.2,7,True,0.81,None
4710,4710,Minor_Outage,120,5.8,16,True,0.95,None
4711,4711,Minor_Outage,120,8.0,16,True,0.8,None
4712,4712,Major_Outage,60,1.7,59,True,0.98,None
4713,4713,Major_Outage,60,19.5,74,False,0.59,Resource Unavailable
4715,4715,Major_Outage,60,3.3,100,False,0.67,None
4719,4719,Minor_Outage,120,9.0,18,True,0.83,None
4721,4721,Minor_Outage,120,10.6,41,True,0.96,None
4723,4723,Major_Outage,60,2.0,4,True,0.97,None
4724,4724,Major_Outage,60,14.0,110,False,0.51,Vendor Delay
4725,4725,Major_Outage,60,11.6,25,True,0.85,None
4726,4726,Critical_Outage,30,18.4,95,False,0.43,None
4727,4727,Minor_Outage,120,4.0,8,True,0.94,None
4731,4731,Major_Outage,60,1.4,106,False,0.56,None
4733,4733,Minor_Outage,120,7.0,14,True,0.99,None
4735,4735,Major_Outage,60,7.5,18,True,0.97,None
4736,4736,Warning_Outage,240,2.5,5,True,0.96,None
4738,4738,Major_Outage,60,3.0,33,True,0.85,None
4739,4739,Warning_Outage,240,1.5,3,True,0.85,None
4740,4740,Minor_Outage,120,4.8,81,True,0.8,None
4741,4741,Minor_Outage,120,9.5,19,True,0.97,None
4742,4742,Major_Outage,60,2.6,70,False,0.76,None
4743,4743,Major_Outage,60,7.2,26,True,0.86,None
4744,4744,Major_Outage,60,8.0,79,False,0.54,Part Availability
4745,4745,Critical_Outage,30,3.4,55,False,0.52,Resource Unavailable
4747,4747,Major_Outage,60,6.9,43,True,1.0,None
4748,4748,Critical_Outage,30,1.6,89,False,0.47,Resource Unavailable
4749,4749,Critical_Outage,30,8.2,67,False,0.63,None
4750,4750,Major_Outage,60,9.5,36,True,0.95,None
4751,4751,Critical_Outage,30,2.3,116,False,0.54,Resource Unavailable
4752,4752,Minor_Outage,120,13.5,27,True,0.94,None
4753,4753,Critical_Outage,30,26.5,53,False,0.5,Part Availability
4754,4754,Minor_Outage,120,1.0,2,True,0.81,None
4755,4755,Minor_Outage,120,11.0,22,True,0.98,None
4756,4756,Warning_Outage,240,5.5,11,True,0.89,None
4757,4757,Major_Outage,60,2.0,4,True,0.93,None
4758,4758,Major_Outage,60,15.0,30,True,0.8,None
4759,4759,Minor_Outage,120,1.0,2,True,0.94,None
4760,4760,Minor_Outage,120,10.0,20,True,0.8,None
4762,4762,Major_Outage,60,15.7,41,True,0.93,None
4764,4764,Minor_Outage,120,3.8,27,True,0.8,None
4765,4765,Major_Outage,60,7.4,15,True,0.81,None
4766,4766,Minor_Outage,120,12.5,25,True,0.84,None
4767,4767,Warning_Outage,240,5.7,15,True,0.89,None
4768,4768,Minor_Outage,120,14.8,37,True,0.82,None
4769,4769,Major_Outage,60,16.1,37,True,0.85,None
4770,4770,Critical_Outage,30,13.6,81,False,0.63,None
4771,4771,Major_Outage,60,9.2,72,False,0.3,Part Availability
4772,4772,Major_Outage,60,7.0,24,True,0.88,None
4773,4773,Critical_Outage,30,12.4,164,False,0.31,Resource Unavailable
4774,4774,Critical_Outage,30,8.6,89,False,0.37,None
4775,4775,Major_Outage,60,2.3,26,True,0.86,None
4776,4776,Major_Outage,60,9.6,32,True,0.81,None
4778,4778,Major_Outage,60,8.3,38,True,0.98,None
4779,4779,Critical_Outage,30,6.2,313,False,0.38,Vendor Delay
4780,4780,Major_Outage,60,2.5,21,True,0.89,None
4782,4782,Major_Outage,60,21.0,42,True,0.97,None
4783,4783,Major_Outage,60,8.6,25,True,0.98,None
4785,4785,Critical_Outage,30,6.1,13,True,0.92,None
4786,4786,Minor_Outage,120,3.0,6,True,0.82,None
4788,4788,Minor_Outage,120,1.5,35,True,0.86,None
4789,4789,Minor_Outage,120,13.5,27,True,0.92,None
4790,4790,Minor_Outage,120,0.6,12,True,0.89,None
4791,4791,Critical_Outage,30,14.0,59,False,0.71,None
4792,4792,Minor_Outage,120,10.8,34,True,0.89,None
4793,4793,Major_Outage,60,8.0,16,True,0.93,None
4794,4794,Minor_Outage,120,14.5,29,True,0.81,None
4798,4798,Minor_Outage,120,1.9,7,True,0.83,None
4799,4799,Warning_Outage,240,8.6,18,True,0.82,None
4801,4801,Critical_Outage,30,14.8,63,False,0.4,None
4802,4802,Major_Outage,60,4.8,44,True,0.82,None
4804,4804,Major_Outage,60,30.5,109,False,0.33,Resource Unavailable
4807,4807,Critical_Outage,30,2.4,26,True,0.9,None
4809,4809,Critical_Outage,30,7.2,30,True,0.85,None
4814,4814,Major_Outage,60,6.5,13,True,1.0,None
4815,4815,Minor_Outage,120,3.4,34,True,1.0,None
4816,4816,Warning_Outage,240,2.5,30,True,0.87,None
4817,4817,Minor_Outage,120,9.4,24,True,0.95,None
4819,4819,Critical_Outage,30,13.5,27,True,0.9,None
4821,4821,Minor_Outage,120,12.5,25,True,0.83,None
4825,4825,Minor_Outage,120,8.4,46,True,0.83,None
4826,4826,Minor_Outage,120,2.5,26,True,0.87,None
4828,4828,Major_Outage,60,2.9,36,True,0.99,None
4829,4829,Major_Outage,60,8.9,21,True,0.93,None
4832,4832,Warning_Outage,240,0.5,1,True,0.88,None
4833,4833,Warning_Outage,240,11.0,22,True,0.87,None
4834,4834,Minor_Outage,120,6.0,12,True,0.98,None
4836,4836,Warning_Outage,240,0.5,1,True,0.9,None
4837,4837,Warning_Outage,240,5.3,19,True,0.98,None
4838,4838,Major_Outage,60,2.2,5,True,0.88,None
4839,4839,Major_Outage,60,11.5,23,True,0.93,None
4847,4847,Major_Outage,60,13.5,27,True,0.92,None
4852,4852,Major_Outage,60,6.5,13,True,0.83,None
4853,4853,Major_Outage,60,12.5,25,True,0.91,None
4854,4854,Major_Outage,60,10.5,37,True,1.0,None
4856,4856,Major_Outage,60,7.8,67,False,0.49,None
4857,4857,Major_Outage,60,4.2,24,True,0.82,None
4858,4858,Minor_Outage,120,8.9,24,True,0.94,None
4859,4859,Critical_Outage,30,16.9,39,False,0.71,Vendor Delay
4862,4862,Major_Outage,60,27.3,90,False,0.4,Vendor Delay
4863,4863,Minor_Outage,120,18.7,59,True,0.95,None
4864,4864,Minor_Outage,120,6.1,17,True,0.81,None
4866,4866,Minor_Outage,120,2.9,17,True,0.81,None
4867,4867,Minor_Outage,120,1.8,44,True,0.95,None
4870,4870,Minor_Outage,120,10.0,20,True,0.95,None
4871,4871,Minor_Outage,120,3.0,6,True,0.91,None
4873,4873,Major_Outage,60,0.3,32,True,0.98,None
4874,4874,Warning_Outage,240,10.0,29,True,1.0,None
4877,4877,Minor_Outage,120,11.0,22,True,0.91,None
4879,4879,Minor_Outage,120,2.5,5,True,0.86,None
4880,4880,Major_Outage,60,4.9,21,True,0.87,None
4881,4881,Major_Outage,60,3.0,6,True,0.98,None
4882,4882,Minor_Outage,120,6.5,13,True,0.82,None
4883,4883,Major_Outage,60,2.5,5,True,0.89,None
4884,4884,Major_Outage,60,4.9,67,False,0.68,Vendor Delay
4885,4885,Warning_Outage,240,1.1,3,True,0.98,None
4886,4886,Minor_Outage,120,5.7,19,True,0.89,None
4887,4887,Minor_Outage,120,5.2,22,True,0.85,None
4888,4888,Minor_Outage,120,0.8,12,True,0.85,None
4889,4889,Critical_Outage,30,2.9,44,False,0.34,Vendor Delay
4892,4892,Major_Outage,60,5.7,155,False,0.5,Vendor Delay
4893,4893,Minor_Outage,120,14.1,34,True,1.0,None
4894,4894,Major_Outage,60,5.0,10,True,0.81,None
4896,4896,Major_Outage,60,7.0,34,True,0.93,None
4897,4897,Critical_Outage,30,8.6,76,False,0.76,Part Availability
4899,4899,Critical_Outage,30,2.4,145,False,0.42,Complex Issue
4901,4901,Major_Outage,60,3.4,13,True,0.93,None
4902,4902,Major_Outage,60,11.7,37,True,0.96,None
4905,4905,Minor_Outage,120,24.9,89,True,0.97,None
4906,4906,Critical_Outage,30,15.1,47,False,0.74,Resource Unavailable
4907,4907,Major_Outage,60,20.3,94,False,0.6,None
4909,4909,Minor_Outage,120,4.0,8,True,0.84,None
4911,4911,Warning_Outage,240,7.0,14,True,0.84,None
4912,4912,Minor_Outage,120,2.3,20,True,0.95,None
4913,4913,Minor_Outage,120,2.5,5,True,0.89,None
4914,4914,Critical_Outage,30,5.8,76,False,0.47,Vendor Delay
4915,4915,Minor_Outage,120,2.0,4,True,0.84,None
4917,4917,Major_Outage,60,2.5,5,True,0.9,None
4919,4919,Minor_Outage,120,9.8,23,True,0.84,None
4920,4920,Major_Outage,60,2.8,51,True,0.9,None
4921,4921,Minor_Outage,120,4.7,47,True,0.95,None
4923,4923,Critical_Outage,30,10.5,21,True,0.83,None
4924,4924,Warning_Outage,240,10.5,21,True,1.0,None
4926,4926,Major_Outage,60,2.5,5,True,0.98,None
4927,4927,Minor_Outage,120,5.1,15,True,0.8,None
4929,4929,Major_Outage,60,9.2,74,False,0.44,Resource Unavailable
4932,4932,Major_Outage,60,7.5,15,True,0.86,None
4933,4933,Major_Outage,60,5.0,63,False,0.62,Vendor Delay
4934,4934,Minor_Outage,120,8.4,53,True,0.92,None
4935,4935,Major_Outage,60,15.4,34,True,0.85,None
4937,4937,Major_Outage,60,7.3,77,False,0.71,Vendor Delay
4938,4938,Critical_Outage,30,7.3,142,False,0.42,Vendor Delay
4939,4939,Minor_Outage,120,1.1,23,True,0.97,None
4940,4940,Critical_Outage,30,24.3,56,False,0.36,None
4943,4943,Minor_Outage,120,2.5,5,True,0.92,None
4944,4944,Critical_Outage,30,10.9,28,True,0.99,None
4945,4945,Major_Outage,60,7.5,15,True,0.98,None
4946,4946,Warning_Outage,240,0.5,1,True,0.81,None
4947,4947,Critical_Outage,30,23.5,69,False,0.62,Resource Unavailable
4948,4948,Major_Outage,60,4.7,79,False,0.64,Vendor Delay
4949,4949,Minor_Outage,120,4.0,8,True,0.88,None
4950,4950,Minor_Outage,120,8.7,19,True,0.87,None
4951,4951,Minor_Outage,120,7.0,14,True,0.9,None
4952,4952,Major_Outage,60,2.1,74,False,0.36,None
4954,4954,Warning_Outage,240,7.4,19,True,0.88,None
4955,4955,Critical_Outage,30,17.5,35,False,0.5,Vendor Delay
4956,4956,Critical_Outage,30,16.7,71,False,0.74,Resource Unavailable
4960,4960,Minor_Outage,120,9.0,89,True,0.88,None
4961,4961,Critical_Outage,30,5.0,47,False,0.45,Resource Unavailable
4964,4964,Warning_Outage,240,3.1,11,True,0.82,None
4965,4965,Major_Outage,60,2.0,93,False,0.75,None
4968,4968,Major_Outage,60,11.2,44,True,0.92,None
4969,4969,Major_Outage,60,0.4,100,False,0.31,Vendor Delay
4970,4970,Warning_Outage,240,2.0,4,True,0.92,None
4971,4971,Minor_Outage,120,7.5,19,True,0.81,None
4974,4974,Minor_Outage,120,6.1,36,True,0.81,None
4975,4975,Minor_Outage,120,10.5,21,True,0.95,None
4976,4976,Critical_Outage,30,7.1,34,False,0.79,Complex Issue
4977,4977,Warning_Outage,240,1.5,3,True,0.86,None
4979,4979,Major_Outage,60,0.5,1,True,0.99,None
4980,4980,Major_Outage,60,21.1,47,True,0.85,None
4982,4982,Major_Outage,60,5.3,50,True,0.99,None
4983,4983,Minor_Outage,120,9.5,19,True,0.88,None
4986,4986,Minor_Outage,120,11.0,22,True,0.81,None
4987,4987,Minor_Outage,120,11.1,24,True,0.86,None
4988,4988,Minor_Outage,120,6.5,13,True,0.96,None
4994,4994,Major_Outage,60,4.4,154,False,0.68,Resource Unavailable
4995,4995,Warning_Outage,240,2.0,4,True,0.94,None
4996,4996,Minor_Outage,120,5.0,10,True,0.85,None
4997,4997,Major_Outage,60,7.6,55,True,0.99,None
4999,4999,Minor_Outage,120,0.6,9,True,0.91,None
