Alarm_ID,Incident_ID,Site_ID,Element_ID,Alarm_Time,Alarm_Type,Alarm_Severity,Auto_Resolved
1,1502,207,127,2025-08-24 22:30:08,LINK_DOWN,Info,True
2,483,189,691,2025-04-23 03:54:09,SYNC_LOSS,Major,False
3,2843,467,272,2025-10-10 17:23:34,SYNC_LOSS,Major,False
4,2347,121,906,2024-04-21 11:50:19,SIGNAL_DEGRADED,Info,False
5,1181,357,182,2025-02-12 21:09:02,TRANSMISSION_ERROR,Minor,True
6,120,20,583,2024-04-06 02:52:26,RBS_OVER_TEMP,Minor,False
7,1565,190,8,2024-03-28 21:13:33,BATTERY_LOW,Info,False
8,3319,155,525,2024-05-30 13:49:39,POWER_ALARM,Minor,False
9,4920,433,944,2025-11-06 03:12:03,CPU_OVERLOAD,Major,False
10,2696,117,559,2024-10-01 16:42:08,FIBRE_BREAK,Major,False
11,3568,191,573,2024-08-23 11:33:05,LINK_DOWN,Info,False
12,310,257,168,2024-01-12 21:01:46,FIBRE_BREAK,Info,False
13,2634,140,538,2024-10-23 11:31:43,CPU_OVERLOAD,Info,False
14,3888,416,848,2024-06-22 10:17:01,BATTERY_LOW,Info,False
15,1358,377,94,2025-11-07 15:46:55,FIBRE_BREAK,Info,False
16,1676,401,921,2025-07-25 14:08:43,SYNC_LOSS,Critical,False
17,2317,297,527,2024-12-20 08:35:47,SYNC_LOSS,Info,False
18,2884,491,744,2025-03-11 12:12:06,POWER_ALARM,Info,True
19,1764,448,164,2024-11-17 06:45:02,BATTERY_LOW,Major,True
20,2368,231,1,2025-06-05 15:38:10,ANTENNA_FAULT,Info,False
21,946,359,20,2025-06-21 14:56:13,BATTERY_LOW,Minor,False
22,289,240,693,2024-08-08 16:41:49,TRANSMISSION_ERROR,Major,True
23,1959,353,128,2025-06-16 03:11:02,TRANSMISSION_ERROR,Major,False
24,3043,45,574,2024-12-25 16:55:33,SIGNAL_DEGRADED,Minor,False
25,321,286,65,2024-07-02 15:27:19,LINK_DOWN,Minor,True
26,2901,313,39,2025-12-19 13:00:05,LINK_DOWN,Major,False
27,2616,261,281,2025-06-22 16:52:50,SYNC_LOSS,Major,False
28,4409,103,727,2025-12-23 09:27:47,ANTENNA_FAULT,Info,False
29,2784,346,468,2025-07-10 21:39:16,ANTENNA_FAULT,Major,False
30,915,494,2,2024-11-21 14:29:08,LINK_DOWN,Minor,True
31,4752,463,512,2025-12-05 17:40:27,FIBRE_BREAK,Minor,True
32,2246,254,660,2025-04-26 12:16:40,TRANSMISSION_ERROR,Critical,False
33,974,317,480,2024-07-25 13:53:11,RBS_OVER_TEMP,Critical,True
34,1265,4,20,2024-04-27 21:22:20,SOFTWARE_CRASH,Minor,False
35,2590,180,681,2024-09-03 10:14:15,ANTENNA_FAULT,Major,False
36,4969,128,388,2025-04-04 07:43:49,POWER_ALARM,Major,True
37,4967,27,44,2024-08-22 10:49:30,BATTERY_LOW,Minor,False
38,449,381,957,2025-01-22 12:00:06,SIGNAL_DEGRADED,Info,False
39,2522,152,25,2025-05-13 22:54:42,SIGNAL_DEGRADED,Major,False
40,4760,24,180,2025-12-12 11:13:08,ANTENNA_FAULT,Major,False
41,1192,386,299,2024-07-09 09:22:46,POWER_ALARM,Minor,True
42,2577,230,459,2026-01-01 13:00:21,TRANSMISSION_ERROR,Major,False
43,3578,5,479,2025-05-20 17:00:34,RBS_OVER_TEMP,Info,False
44,2910,180,559,2025-04-17 15:16:39,FIBRE_BREAK,Major,False
45,1005,149,992,2024-06-17 06:46:53,BATTERY_LOW,Minor,False
46,2654,456,829,2024-06-22 20:23:10,POWER_ALARM,Info,False
47,4949,363,530,2025-06-02 11:08:39,TRANSMISSION_ERROR,Major,True
48,2350,247,412,2025-09-12 18:33:29,FIBRE_BREAK,Info,True
49,148,112,137,2025-03-21 00:58:39,SYNC_LOSS,Minor,False
50,4240,228,222,2025-05-15 16:01:22,SOFTWARE_CRASH,Info,False
51,3475,176,18,2025-07-22 22:15:10,ANTENNA_FAULT,Major,False
52,2498,453,863,2025-05-07 07:53:38,SYNC_LOSS,Info,False
53,4060,293,326,2025-05-20 11:20:42,CPU_OVERLOAD,Minor,False
54,3955,480,851,2025-02-20 06:54:28,TRANSMISSION_ERROR,Minor,False
55,29,237,871,2025-12-19 14:13:38,CPU_OVERLOAD,Info,True
56,3384,484,523,2025-12-21 15:14:29,BATTERY_LOW,Info,False
57,1903,472,834,2025-01-11 19:02:08,TRANSMISSION_ERROR,Major,False
58,3440,71,968,2024-11-25 16:16:14,SIGNAL_DEGRADED,Minor,False
59,2031,60,674,2025-03-02 08:15:48,LINK_DOWN,Info,False
60,1371,150,951,2024-10-06 07:37:20,CPU_OVERLOAD,Minor,False
61,4272,302,692,2025-10-13 19:10:47,LINK_DOWN,Major,True
62,3969,432,889,2024-09-02 15:06:26,ANTENNA_FAULT,Minor,False
63,2949,139,929,2024-01-24 12:53:59,ANTENNA_FAULT,Info,False
64,33,436,945,2024-03-28 17:04:31,TRANSMISSION_ERROR,Info,True
65,1532,259,760,2025-12-05 16:45:41,FIBRE_BREAK,Critical,False
66,1208,33,766,2025-05-12 05:20:10,MEMORY_HIGH,Info,False
67,4894,378,619,2025-08-30 10:39:59,FIBRE_BREAK,Critical,True
68,4479,420,766,2025-10-08 10:17:46,SIGNAL_DEGRADED,Info,False
69,1455,247,751,2024-07-28 00:39:21,TRANSMISSION_ERROR,Minor,True
70,878,358,582,2025-09-09 14:44:35,SYNC_LOSS,Major,False
71,1257,147,207,2025-09-28 10:39:48,LINK_DOWN,Major,True
72,294,260,208,2025-07-11 00:13:43,SYNC_LOSS,Minor,False
73,1300,283,547,2025-06-07 16:47:55,SOFTWARE_CRASH,Major,False
74,4073,239,363,2024-10-04 12:44:10,SYNC_LOSS,Info,False
75,3105,463,615,2024-08-23 12:18:18,ANTENNA_FAULT,Info,True
76,3835,460,354,2024-08-01 16:30:55,CPU_OVERLOAD,Critical,False
77,2880,334,855,2025-01-11 18:49:14,SYNC_LOSS,Minor,False
78,3942,448,123,2024-06-26 23:30:00,POWER_ALARM,Major,False
79,470,147,585,2024-05-23 16:11:06,TRANSMISSION_ERROR,Minor,False
80,1131,246,436,2025-07-28 09:45:43,SIGNAL_DEGRADED,Major,False
81,370,461,360,2024-03-09 19:40:02,MEMORY_HIGH,Major,True
82,3708,238,181,2025-09-25 15:08:44,RBS_OVER_TEMP,Info,False
83,84,461,175,2025-01-06 14:54:04,SYNC_LOSS,Minor,True
84,3509,322,533,2024-10-10 08:39:33,TRANSMISSION_ERROR,Critical,False
85,4174,101,965,2024-06-28 19:31:25,ANTENNA_FAULT,Critical,False
86,2783,123,596,2025-12-06 12:33:11,SYNC_LOSS,Info,False
87,942,381,183,2025-03-30 05:08:50,ANTENNA_FAULT,Minor,False
88,1471,299,829,2024-03-02 15:34:53,CPU_OVERLOAD,Major,True
89,4073,239,363,2024-10-04 12:45:10,MEMORY_HIGH,Info,False
90,2380,239,187,2024-03-01 14:56:21,FIBRE_BREAK,Minor,False
91,550,359,879,2025-08-02 00:07:33,SOFTWARE_CRASH,Minor,False
92,1330,206,623,2025-06-02 13:06:41,TRANSMISSION_ERROR,Info,False
93,3489,163,2,2025-02-03 10:02:35,ANTENNA_FAULT,Info,True
94,4234,60,713,2024-06-06 11:03:02,MEMORY_HIGH,Major,False
95,2682,25,163,2025-08-21 06:18:09,SOFTWARE_CRASH,Minor,False
96,3015,195,654,2025-04-14 22:38:57,TRANSMISSION_ERROR,Major,False
97,3114,402,291,2024-08-05 16:54:12,TRANSMISSION_ERROR,Info,False
98,2076,60,334,2024-11-23 08:52:19,CPU_OVERLOAD,Info,True
99,3224,308,579,2025-01-16 13:10:18,ANTENNA_FAULT,Major,False
100,1168,22,401,2025-02-21 08:16:23,CPU_OVERLOAD,Critical,False
101,2435,90,616,2024-01-17 13:52:14,FIBRE_BREAK,Critical,False
102,4261,254,921,2024-03-14 00:00:49,BATTERY_LOW,Critical,False
103,2782,168,810,2024-04-29 04:35:11,RBS_OVER_TEMP,Info,True
104,3959,233,683,2024-07-20 09:50:05,MEMORY_HIGH,Info,False
105,3360,276,465,2024-05-21 14:42:32,TRANSMISSION_ERROR,Info,False
106,563,24,380,2025-09-23 17:35:42,LINK_DOWN,Info,False
107,4625,454,609,2024-09-01 22:44:10,RBS_OVER_TEMP,Minor,False
108,4888,44,953,2024-04-26 02:06:18,SIGNAL_DEGRADED,Minor,True
109,3122,363,743,2025-01-29 07:18:01,SIGNAL_DEGRADED,Info,False
110,2475,378,327,2024-08-19 21:34:29,SOFTWARE_CRASH,Minor,False
111,2010,462,910,2024-10-31 12:41:57,SOFTWARE_CRASH,Critical,False
112,4361,378,844,2024-07-11 09:29:26,BATTERY_LOW,Minor,True
113,4812,218,74,2024-02-16 15:44:04,SOFTWARE_CRASH,Major,False
114,4980,99,344,2025-11-23 09:04:47,LINK_DOWN,Major,False
115,1339,32,486,2025-09-28 09:31:09,LINK_DOWN,Critical,True
116,2912,129,777,2024-11-23 09:00:08,FIBRE_BREAK,Minor,False
117,1179,456,952,2025-12-21 23:51:41,FIBRE_BREAK,Info,True
118,2413,139,465,2025-10-19 14:18:16,TRANSMISSION_ERROR,Critical,False
119,651,198,506,2024-10-30 13:35:08,BATTERY_LOW,Minor,True
120,3894,220,307,2025-08-05 23:06:04,SYNC_LOSS,Critical,False
121,2259,473,679,2024-10-14 17:31:29,LINK_DOWN,Info,False
122,4782,78,763,2025-05-19 09:24:24,TRANSMISSION_ERROR,Minor,False
123,508,380,975,2024-03-21 17:15:35,ANTENNA_FAULT,Minor,False
124,425,390,688,2024-03-04 17:14:22,SIGNAL_DEGRADED,Info,True
125,4363,208,50,2025-05-18 02:30:36,TRANSMISSION_ERROR,Info,False
126,2517,185,12,2024-01-01 05:39:06,MEMORY_HIGH,Critical,True
127,2319,94,225,2025-10-05 12:32:00,FIBRE_BREAK,Minor,False
128,1294,270,600,2025-10-14 05:29:37,BATTERY_LOW,Info,False
129,1919,376,431,2024-08-22 11:56:46,POWER_ALARM,Major,True
130,3241,73,755,2024-08-11 06:39:16,FIBRE_BREAK,Info,False
131,2468,349,717,2025-05-08 22:17:55,ANTENNA_FAULT,Major,True
132,2651,398,825,2025-09-03 12:06:49,POWER_ALARM,Minor,True
133,3722,257,769,2024-11-23 15:13:19,SIGNAL_DEGRADED,Major,True
134,4511,218,752,2025-12-21 05:47:42,SIGNAL_DEGRADED,Critical,False
135,275,226,913,2024-01-25 16:28:55,SOFTWARE_CRASH,Info,False
136,4290,209,197,2024-02-06 12:54:58,SOFTWARE_CRASH,Minor,False
137,3702,231,797,2025-11-22 08:16:35,SIGNAL_DEGRADED,Minor,True
138,297,88,150,2025-11-13 20:25:11,BATTERY_LOW,Minor,False
139,767,381,666,2024-12-09 11:24:10,SIGNAL_DEGRADED,Info,False
140,3587,115,16,2025-07-21 21:53:03,FIBRE_BREAK,Minor,False
141,589,208,402,2024-07-03 12:58:00,ANTENNA_FAULT,Major,False
142,707,357,950,2024-12-15 21:27:33,FIBRE_BREAK,Info,True
143,1539,39,281,2024-10-06 14:43:00,POWER_ALARM,Minor,False
144,1453,258,16,2024-09-22 21:32:38,ANTENNA_FAULT,Minor,False
145,4262,424,903,2025-07-24 09:56:22,SYNC_LOSS,Info,False
146,3977,352,584,2025-11-06 11:30:03,BATTERY_LOW,Minor,False
147,56,410,735,2025-08-03 15:43:23,FIBRE_BREAK,Critical,True
148,2479,272,775,2025-01-21 06:07:51,CPU_OVERLOAD,Info,False
149,2137,266,743,2024-03-29 18:01:53,MEMORY_HIGH,Info,True
150,1602,293,911,2024-06-26 08:36:40,BATTERY_LOW,Major,False
151,3554,350,734,2025-02-07 10:38:17,LINK_DOWN,Minor,False
152,4043,466,30,2025-05-18 13:09:26,RBS_OVER_TEMP,Minor,True
153,2448,170,822,2025-08-23 14:45:23,SIGNAL_DEGRADED,Minor,False
154,1501,407,854,2024-06-10 13:19:09,TRANSMISSION_ERROR,Info,False
155,3288,164,845,2024-08-25 14:12:26,ANTENNA_FAULT,Major,False
156,4442,56,70,2024-08-08 12:50:31,BATTERY_LOW,Minor,True
157,2871,114,858,2025-11-13 13:59:02,SYNC_LOSS,Minor,False
158,1340,43,121,2024-06-20 13:44:23,TRANSMISSION_ERROR,Minor,False
159,3251,347,479,2024-10-21 14:34:30,SYNC_LOSS,Critical,True
160,4564,276,344,2024-07-31 20:50:40,BATTERY_LOW,Info,False
161,351,270,276,2025-12-24 18:43:50,SOFTWARE_CRASH,Info,True
162,947,366,345,2024-05-06 23:21:00,MEMORY_HIGH,Minor,False
163,1686,147,514,2025-03-01 00:31:05,ANTENNA_FAULT,Major,True
164,3577,212,236,2025-02-12 00:50:30,SIGNAL_DEGRADED,Info,False
165,4098,167,97,2025-03-12 08:32:00,BATTERY_LOW,Minor,True
166,383,58,555,2025-05-22 14:19:31,ANTENNA_FAULT,Critical,False
167,2638,490,540,2025-04-04 20:03:49,FIBRE_BREAK,Info,False
168,1344,12,550,2024-01-31 18:16:14,POWER_ALARM,Critical,False
169,2341,426,454,2025-08-11 09:27:54,SIGNAL_DEGRADED,Major,False
170,2475,378,327,2024-08-19 21:32:29,POWER_ALARM,Minor,False
171,2996,135,329,2025-09-25 20:10:52,TRANSMISSION_ERROR,Info,False
172,1565,190,8,2024-03-28 21:17:33,POWER_ALARM,Info,True
173,1094,132,570,2025-01-04 20:56:49,SOFTWARE_CRASH,Info,True
174,2954,373,556,2024-05-01 12:45:47,FIBRE_BREAK,Minor,False
175,638,141,531,2025-11-03 21:24:39,RBS_OVER_TEMP,Minor,False
176,4329,356,36,2024-08-29 18:50:47,SYNC_LOSS,Info,False
177,3341,103,776,2025-02-28 08:58:13,POWER_ALARM,Minor,False
178,3276,455,707,2024-01-01 09:45:01,LINK_DOWN,Info,True
179,921,401,395,2024-11-17 12:21:02,BATTERY_LOW,Info,False
180,2635,182,475,2025-09-30 12:08:07,MEMORY_HIGH,Info,False
181,4643,304,342,2025-03-31 14:02:20,SOFTWARE_CRASH,Critical,False
182,1063,301,3,2025-10-10 00:53:52,TRANSMISSION_ERROR,Minor,True
183,1246,100,248,2024-05-31 14:24:59,FIBRE_BREAK,Minor,False
184,1859,492,20,2024-08-14 14:07:03,SIGNAL_DEGRADED,Minor,False
185,1928,327,108,2025-04-30 10:49:54,TRANSMISSION_ERROR,Info,False
186,1572,212,536,2024-06-15 12:44:05,SYNC_LOSS,Minor,False
187,561,237,827,2025-04-10 07:43:04,TRANSMISSION_ERROR,Major,False
188,3144,115,383,2025-08-04 14:11:32,SYNC_LOSS,Minor,True
189,2569,227,925,2024-09-15 08:51:25,CPU_OVERLOAD,Info,False
190,1433,489,135,2025-02-11 21:54:42,SOFTWARE_CRASH,Info,False
191,128,103,364,2024-12-29 09:23:18,POWER_ALARM,Major,False
192,3619,50,543,2024-09-18 17:59:52,CPU_OVERLOAD,Minor,False
193,4991,1,671,2025-12-26 17:06:38,FIBRE_BREAK,Major,False
194,3020,371,877,2024-10-13 08:54:17,FIBRE_BREAK,Minor,False
195,4240,228,222,2025-05-15 15:58:22,TRANSMISSION_ERROR,Minor,False
196,1447,500,757,2025-01-16 16:17:19,LINK_DOWN,Info,False
197,1328,427,691,2024-08-29 15:13:50,POWER_ALARM,Major,True
198,4684,164,852,2024-03-05 12:59:19,ANTENNA_FAULT,Info,True
199,99,225,642,2025-05-12 14:35:44,ANTENNA_FAULT,Info,False
200,2160,462,293,2025-03-29 13:11:27,CPU_OVERLOAD,Major,True
201,4780,127,289,2025-04-13 18:46:54,SOFTWARE_CRASH,Major,False
202,2975,282,188,2024-12-18 22:50:12,BATTERY_LOW,Info,False
203,1059,167,520,2025-02-06 14:13:46,FIBRE_BREAK,Info,False
204,1914,307,583,2024-07-06 02:31:19,BATTERY_LOW,Minor,False
205,1545,129,638,2024-03-20 09:35:22,CPU_OVERLOAD,Critical,False
206,4645,19,90,2025-06-08 04:04:22,ANTENNA_FAULT,Minor,False
207,1605,136,610,2025-05-31 15:55:31,MEMORY_HIGH,Critical,False
208,3097,70,243,2025-12-17 14:10:58,ANTENNA_FAULT,Critical,False
209,2123,252,822,2025-12-04 15:47:19,ANTENNA_FAULT,Minor,False
210,4275,340,85,2025-04-23 09:02:49,MEMORY_HIGH,Critical,False
211,1614,333,137,2025-01-10 14:33:31,BATTERY_LOW,Major,False
212,4055,29,682,2024-06-01 14:13:58,ANTENNA_FAULT,Minor,False
213,1594,370,918,2025-11-03 13:18:06,MEMORY_HIGH,Info,True
214,3983,302,990,2025-05-04 17:14:05,ANTENNA_FAULT,Info,False
215,1237,142,948,2024-12-28 16:44:18,POWER_ALARM,Minor,True
216,660,156,332,2025-08-04 11:06:11,SIGNAL_DEGRADED,Info,False
217,370,461,360,2024-03-09 19:40:02,LINK_DOWN,Minor,True
218,4793,21,467,2025-11-18 17:44:46,LINK_DOWN,Info,True
219,1218,79,698,2024-04-28 16:00:02,SOFTWARE_CRASH,Major,True
220,4219,17,743,2025-11-24 05:34:57,BATTERY_LOW,Critical,False
221,1445,286,29,2025-01-27 17:38:16,LINK_DOWN,Major,False
222,1026,424,569,2025-07-05 08:50:25,ANTENNA_FAULT,Info,False
223,846,104,850,2024-11-23 09:58:02,LINK_DOWN,Major,False
224,2202,241,208,2024-12-28 06:01:57,ANTENNA_FAULT,Info,True
225,1935,429,315,2025-03-14 05:40:19,SIGNAL_DEGRADED,Major,False
226,526,222,926,2025-08-29 08:52:19,POWER_ALARM,Critical,False
227,698,62,763,2025-02-14 19:42:51,TRANSMISSION_ERROR,Minor,True
228,1115,246,112,2024-07-01 12:03:12,CPU_OVERLOAD,Major,False
229,3512,376,245,2025-01-13 03:11:43,TRANSMISSION_ERROR,Critical,False
230,1209,217,775,2024-07-25 22:37:12,SOFTWARE_CRASH,Critical,True
231,4762,13,230,2025-10-16 01:40:35,ANTENNA_FAULT,Major,False
232,2788,275,653,2024-01-13 10:00:22,MEMORY_HIGH,Critical,False
233,846,104,850,2024-11-23 09:56:02,SYNC_LOSS,Minor,False
234,1127,382,937,2025-07-07 06:07:33,ANTENNA_FAULT,Minor,False
235,1645,303,727,2024-06-24 19:40:34,TRANSMISSION_ERROR,Minor,True
236,3031,417,820,2025-11-07 16:51:54,SYNC_LOSS,Minor,False
237,3679,392,226,2024-08-03 12:56:13,MEMORY_HIGH,Major,False
238,970,343,153,2025-04-13 13:54:02,LINK_DOWN,Info,False
239,2340,44,137,2024-12-18 14:42:28,RBS_OVER_TEMP,Major,False
240,2167,87,255,2024-03-10 20:36:59,LINK_DOWN,Major,False
241,4607,29,340,2024-09-29 17:19:09,BATTERY_LOW,Minor,True
242,526,222,926,2025-08-29 08:50:19,MEMORY_HIGH,Minor,True
243,3047,36,583,2024-10-08 17:34:42,SIGNAL_DEGRADED,Major,False
244,990,452,509,2024-01-13 16:47:45,ANTENNA_FAULT,Minor,False
245,4707,105,726,2024-09-25 16:50:41,SOFTWARE_CRASH,Minor,True
246,266,219,828,2025-06-22 14:52:32,FIBRE_BREAK,Info,False
247,715,490,21,2025-01-03 16:58:36,MEMORY_HIGH,Info,False
248,2678,440,608,2025-07-15 13:06:35,BATTERY_LOW,Critical,True
249,3192,127,15,2024-03-01 17:40:50,POWER_ALARM,Critical,False
250,407,76,145,2024-05-18 17:30:43,RBS_OVER_TEMP,Minor,False
251,1697,471,707,2025-05-04 14:28:02,MEMORY_HIGH,Minor,False
252,486,66,722,2025-09-27 16:13:29,MEMORY_HIGH,Info,False
253,910,139,506,2025-08-06 12:46:23,POWER_ALARM,Major,False
254,1393,363,810,2025-06-29 15:35:33,CPU_OVERLOAD,Info,False
255,3646,54,47,2024-07-28 01:28:52,FIBRE_BREAK,Info,False
256,2084,11,551,2025-10-12 09:53:47,RBS_OVER_TEMP,Minor,False
257,96,209,710,2024-12-15 20:19:20,POWER_ALARM,Major,False
258,3401,230,30,2025-08-11 13:07:24,RBS_OVER_TEMP,Info,True
259,1874,489,328,2024-09-27 01:33:08,SIGNAL_DEGRADED,Minor,False
260,1747,146,305,2025-10-05 15:42:23,SYNC_LOSS,Minor,False
261,3964,494,503,2025-11-12 07:52:31,POWER_ALARM,Critical,False
262,1748,212,906,2024-08-20 04:04:16,BATTERY_LOW,Critical,False
263,4033,266,202,2025-11-16 08:41:05,MEMORY_HIGH,Info,False
264,1883,321,383,2024-10-10 10:46:50,TRANSMISSION_ERROR,Major,False
265,3512,376,245,2025-01-13 03:10:43,RBS_OVER_TEMP,Critical,False
266,1646,487,584,2025-02-14 17:53:21,CPU_OVERLOAD,Critical,False
267,1883,321,383,2024-10-10 10:50:50,MEMORY_HIGH,Minor,False
268,923,352,699,2025-10-29 05:41:56,TRANSMISSION_ERROR,Major,False
269,4173,469,690,2024-09-02 18:08:21,SIGNAL_DEGRADED,Minor,False
270,582,25,751,2024-07-22 10:22:58,FIBRE_BREAK,Major,False
271,186,160,924,2025-07-10 09:47:18,FIBRE_BREAK,Info,False
272,3501,448,60,2025-08-02 16:12:03,TRANSMISSION_ERROR,Minor,False
273,3415,361,465,2024-10-20 10:51:33,MEMORY_HIGH,Critical,False
274,4838,207,24,2025-10-30 09:04:17,POWER_ALARM,Minor,False
275,1630,380,83,2025-01-30 20:09:22,SOFTWARE_CRASH,Major,True
276,4424,438,713,2024-01-29 18:23:05,BATTERY_LOW,Info,True
277,220,141,998,2024-02-22 14:15:36,SIGNAL_DEGRADED,Critical,False
278,3435,189,251,2025-06-05 12:10:48,LINK_DOWN,Minor,False
279,1972,50,560,2024-11-07 17:52:45,LINK_DOWN,Minor,False
280,3933,133,234,2024-05-22 13:22:46,SYNC_LOSS,Minor,False
281,3890,459,156,2024-05-19 19:48:36,SOFTWARE_CRASH,Minor,False
282,601,171,628,2025-04-16 09:38:03,SYNC_LOSS,Minor,True
283,765,477,314,2024-05-21 14:49:32,LINK_DOWN,Info,True
284,617,492,480,2025-11-21 18:50:48,SYNC_LOSS,Info,False
285,263,196,294,2025-03-04 06:27:30,BATTERY_LOW,Major,False
286,4781,80,536,2024-02-22 18:53:57,FIBRE_BREAK,Major,False
287,1173,244,656,2025-10-06 12:14:52,SYNC_LOSS,Info,False
288,3577,212,236,2025-02-12 00:48:30,SOFTWARE_CRASH,Minor,False
289,3038,178,242,2025-07-02 07:47:43,SIGNAL_DEGRADED,Minor,False
290,4234,60,713,2024-06-06 11:03:02,LINK_DOWN,Info,False
291,3303,139,693,2025-01-28 14:03:33,FIBRE_BREAK,Minor,False
292,2036,329,552,2025-08-13 17:46:48,ANTENNA_FAULT,Critical,True
293,502,418,190,2025-09-03 03:30:14,TRANSMISSION_ERROR,Minor,False
294,2947,243,20,2024-03-10 12:00:12,ANTENNA_FAULT,Major,False
295,2061,440,156,2024-03-03 17:25:16,ANTENNA_FAULT,Minor,False
296,503,6,550,2025-05-09 14:08:20,FIBRE_BREAK,Critical,True
297,3720,275,307,2024-07-16 18:32:20,LINK_DOWN,Minor,True
298,671,264,785,2024-05-15 22:40:08,RBS_OVER_TEMP,Major,False
299,1587,250,924,2024-06-11 02:30:18,CPU_OVERLOAD,Major,False
300,1162,387,48,2025-07-24 13:46:35,ANTENNA_FAULT,Minor,False
301,3843,272,473,2024-06-24 23:40:57,SOFTWARE_CRASH,Minor,True
302,4857,151,174,2024-07-21 15:03:10,TRANSMISSION_ERROR,Minor,False
303,543,258,784,2025-03-16 14:28:44,BATTERY_LOW,Critical,False
304,3491,83,719,2024-04-23 15:26:27,TRANSMISSION_ERROR,Info,False
305,4163,215,73,2025-12-17 17:30:36,RBS_OVER_TEMP,Major,False
306,4866,21,455,2025-10-28 03:46:32,FIBRE_BREAK,Info,False
307,1331,17,872,2024-02-09 14:27:52,SIGNAL_DEGRADED,Info,False
308,4706,314,647,2025-09-30 04:38:32,SOFTWARE_CRASH,Minor,False
309,4604,43,595,2025-05-20 10:02:17,SIGNAL_DEGRADED,Major,False
310,4166,124,303,2025-09-18 13:56:16,LINK_DOWN,Critical,False
311,2030,337,450,2025-02-04 07:07:14,MEMORY_HIGH,Major,True
312,317,96,995,2024-03-28 23:19:46,CPU_OVERLOAD,Critical,False
313,1603,275,498,2024-12-01 13:04:22,ANTENNA_FAULT,Info,False
314,4670,108,599,2024-01-14 02:50:51,POWER_ALARM,Minor,False
315,3249,205,296,2025-07-01 10:36:02,TRANSMISSION_ERROR,Minor,False
316,2070,110,799,2025-08-02 07:21:44,ANTENNA_FAULT,Info,False
317,4834,9,891,2024-01-12 09:06:16,SYNC_LOSS,Major,False
318,4673,369,803,2024-02-26 02:39:51,BATTERY_LOW,Info,False
319,1716,483,171,2024-11-23 15:31:12,LINK_DOWN,Critical,False
320,3606,462,71,2024-07-27 17:47:18,TRANSMISSION_ERROR,Minor,False
321,2868,466,135,2024-03-16 08:36:00,TRANSMISSION_ERROR,Minor,True
322,4864,281,314,2024-04-06 14:02:57,CPU_OVERLOAD,Minor,True
323,458,266,81,2024-09-30 13:52:35,SYNC_LOSS,Major,False
324,3358,412,1,2025-11-30 12:47:03,LINK_DOWN,Minor,False
325,3483,274,23,2024-03-28 11:34:52,POWER_ALARM,Info,False
326,1875,395,818,2025-08-12 15:23:34,SYNC_LOSS,Minor,True
327,4756,431,954,2025-04-14 22:52:12,SYNC_LOSS,Minor,False
328,2767,246,542,2024-08-03 04:58:53,FIBRE_BREAK,Minor,False
329,2754,392,149,2024-12-25 02:30:06,SOFTWARE_CRASH,Minor,True
330,3225,165,461,2024-11-13 12:46:25,SYNC_LOSS,Minor,False
331,4966,160,884,2024-08-12 02:35:35,ANTENNA_FAULT,Info,True
332,1088,236,395,2024-01-08 10:37:05,MEMORY_HIGH,Critical,False
333,4172,420,121,2025-12-16 08:16:43,SIGNAL_DEGRADED,Major,False
334,3384,484,523,2025-12-21 15:16:29,MEMORY_HIGH,Info,True
335,2916,480,766,2025-04-01 08:21:38,CPU_OVERLOAD,Minor,False
336,2685,334,594,2025-11-22 13:41:17,SYNC_LOSS,Minor,False
337,4485,418,106,2025-05-05 09:26:46,POWER_ALARM,Info,False
338,1944,53,453,2024-12-21 04:07:49,FIBRE_BREAK,Major,False
339,455,331,102,2024-06-15 18:50:21,SYNC_LOSS,Major,False
340,2012,201,182,2024-05-24 17:47:18,ANTENNA_FAULT,Info,False
341,3536,476,273,2025-05-28 13:50:55,SYNC_LOSS,Minor,False
342,997,257,583,2024-06-27 16:06:23,RBS_OVER_TEMP,Minor,False
343,1559,356,737,2025-01-22 04:20:01,LINK_DOWN,Minor,False
344,2732,275,561,2025-11-23 13:07:41,POWER_ALARM,Info,False
345,1032,5,596,2024-12-24 09:09:05,ANTENNA_FAULT,Minor,False
346,3514,369,591,2025-04-16 09:22:06,SIGNAL_DEGRADED,Major,False
347,4125,169,713,2025-02-25 10:44:24,POWER_ALARM,Minor,False
348,3778,271,897,2024-04-08 21:54:21,SIGNAL_DEGRADED,Major,False
349,4619,3,151,2024-05-09 02:41:30,ANTENNA_FAULT,Minor,False
350,522,36,263,2024-12-15 11:13:12,MEMORY_HIGH,Major,True
351,4418,312,301,2025-03-13 07:34:17,BATTERY_LOW,Info,False
352,4253,382,527,2024-08-11 10:30:56,SYNC_LOSS,Critical,False
353,4153,231,798,2024-05-31 09:23:18,SYNC_LOSS,Minor,True
354,3085,247,167,2025-07-17 03:26:38,SYNC_LOSS,Info,False
355,2601,136,508,2024-07-14 12:29:21,RBS_OVER_TEMP,Major,False
356,4224,381,592,2024-11-04 07:36:39,POWER_ALARM,Minor,False
357,2108,461,713,2026-01-01 17:39:00,ANTENNA_FAULT,Critical,True
358,2021,497,520,2024-10-04 06:38:03,POWER_ALARM,Major,False
359,2463,289,801,2024-12-07 04:26:46,CPU_OVERLOAD,Info,False
360,515,27,390,2025-12-13 07:53:21,FIBRE_BREAK,Info,True
361,842,259,770,2025-12-02 11:41:53,BATTERY_LOW,Minor,False
362,2465,367,521,2025-08-03 17:42:15,FIBRE_BREAK,Critical,False
363,4258,372,679,2024-06-24 08:40:55,CPU_OVERLOAD,Major,True
364,1068,177,635,2025-08-20 02:04:59,BATTERY_LOW,Major,False
365,2950,109,28,2025-10-30 02:59:54,SIGNAL_DEGRADED,Minor,True
366,3558,411,690,2024-01-05 06:44:20,SIGNAL_DEGRADED,Info,False
367,2154,244,281,2025-03-23 04:52:24,RBS_OVER_TEMP,Minor,True
368,3133,112,307,2024-07-04 04:58:55,SYNC_LOSS,Minor,True
369,2084,11,551,2025-10-12 09:54:47,POWER_ALARM,Minor,False
370,1214,235,518,2024-01-12 16:49:02,POWER_ALARM,Major,False
371,1882,41,921,2024-03-19 00:11:18,SOFTWARE_CRASH,Info,True
372,2321,113,588,2024-09-12 13:21:11,BATTERY_LOW,Info,True
373,4268,361,135,2025-10-04 01:08:40,MEMORY_HIGH,Info,False
374,1136,251,376,2025-01-18 06:12:43,LINK_DOWN,Minor,False
375,1151,218,873,2024-04-04 00:38:26,ANTENNA_FAULT,Minor,False
376,2973,432,896,2024-09-24 20:30:18,POWER_ALARM,Info,True
377,1779,223,730,2025-02-16 13:23:45,RBS_OVER_TEMP,Info,False
378,761,109,590,2024-01-06 22:00:20,SOFTWARE_CRASH,Minor,False
379,4944,131,559,2024-08-28 17:28:53,SOFTWARE_CRASH,Critical,False
380,575,69,251,2025-06-27 11:15:35,RBS_OVER_TEMP,Minor,False
381,741,34,759,2025-06-15 17:22:58,SOFTWARE_CRASH,Minor,False
382,154,340,593,2024-06-26 04:59:22,SOFTWARE_CRASH,Minor,False
383,1870,397,729,2025-08-07 15:51:15,TRANSMISSION_ERROR,Info,False
384,363,189,427,2024-11-08 10:48:19,LINK_DOWN,Info,True
385,628,378,845,2025-05-16 13:42:30,POWER_ALARM,Minor,True
386,1529,432,179,2024-04-11 15:19:47,BATTERY_LOW,Info,False
387,1862,97,692,2025-04-28 21:42:05,SYNC_LOSS,Major,False
388,1536,157,102,2025-03-19 08:59:24,SIGNAL_DEGRADED,Minor,False
389,2950,109,28,2025-10-30 02:41:54,BATTERY_LOW,Major,True
390,558,400,876,2024-06-08 15:13:40,LINK_DOWN,Major,True
391,3974,428,821,2025-12-19 10:46:20,MEMORY_HIGH,Info,False
392,1003,402,716,2025-10-23 12:12:04,BATTERY_LOW,Info,False
393,4333,355,378,2024-07-06 09:58:05,CPU_OVERLOAD,Minor,True
394,3775,319,380,2025-04-10 08:08:42,ANTENNA_FAULT,Info,False
395,4288,219,848,2024-01-17 16:07:54,SOFTWARE_CRASH,Minor,True
396,906,328,434,2025-05-14 11:26:21,ANTENNA_FAULT,Minor,False
397,2898,370,689,2024-11-24 00:20:40,FIBRE_BREAK,Info,True
398,1799,224,380,2025-03-25 15:06:21,FIBRE_BREAK,Info,True
399,222,499,83,2025-09-18 16:10:18,SOFTWARE_CRASH,Major,True
400,845,400,425,2025-09-09 08:23:11,SIGNAL_DEGRADED,Minor,True
401,2135,296,122,2024-10-22 15:48:06,ANTENNA_FAULT,Minor,False
402,4328,198,221,2025-04-15 16:30:27,POWER_ALARM,Minor,False
403,2279,292,747,2024-09-17 15:26:42,CPU_OVERLOAD,Critical,False
404,4270,438,923,2024-06-10 15:28:23,MEMORY_HIGH,Major,True
405,1725,136,474,2025-08-19 03:38:26,SOFTWARE_CRASH,Major,False
406,718,294,665,2024-03-15 02:56:19,CPU_OVERLOAD,Major,False
407,2570,489,281,2025-08-16 02:45:25,RBS_OVER_TEMP,Info,False
408,1433,489,135,2025-02-11 21:55:42,SOFTWARE_CRASH,Info,False
409,3203,6,843,2024-05-28 18:50:02,CPU_OVERLOAD,Critical,False
410,3304,48,9,2025-07-25 14:59:35,FIBRE_BREAK,Critical,True
411,3082,144,990,2025-08-26 19:56:56,ANTENNA_FAULT,Info,False
412,959,352,715,2025-04-17 02:26:06,TRANSMISSION_ERROR,Minor,False
413,2759,464,326,2025-01-07 04:17:15,BATTERY_LOW,Minor,False
414,2399,163,481,2024-09-16 16:31:34,BATTERY_LOW,Minor,False
415,3191,24,288,2025-01-26 00:40:29,SOFTWARE_CRASH,Minor,False
416,1813,471,522,2025-10-13 13:48:15,FIBRE_BREAK,Info,False
417,1511,6,403,2024-04-01 17:14:34,ANTENNA_FAULT,Critical,False
418,3601,495,609,2024-01-17 10:18:17,CPU_OVERLOAD,Info,False
419,705,418,191,2024-06-11 10:57:18,BATTERY_LOW,Major,False
420,3437,261,681,2025-11-18 18:19:34,MEMORY_HIGH,Critical,True
421,2032,332,187,2025-06-14 14:46:12,SOFTWARE_CRASH,Critical,False
422,3368,102,995,2024-04-09 15:56:17,RBS_OVER_TEMP,Info,False
423,65,441,197,2024-03-20 15:36:48,FIBRE_BREAK,Major,False
424,1494,104,73,2024-06-16 14:26:47,TRANSMISSION_ERROR,Info,False
425,3615,52,5,2024-04-15 09:09:35,CPU_OVERLOAD,Info,False
426,23,339,311,2024-08-29 17:00:02,MEMORY_HIGH,Minor,False
427,607,105,426,2025-01-21 02:01:16,LINK_DOWN,Major,False
428,4104,306,118,2025-03-19 13:45:32,SOFTWARE_CRASH,Major,False
429,2387,100,872,2025-09-15 00:41:57,CPU_OVERLOAD,Critical,False
430,3292,303,913,2024-05-13 08:32:24,RBS_OVER_TEMP,Info,False
431,2707,2,363,2024-10-05 11:46:19,CPU_OVERLOAD,Minor,True
432,4782,78,763,2025-05-19 09:01:24,ANTENNA_FAULT,Critical,False
433,2542,90,727,2025-09-27 08:44:29,FIBRE_BREAK,Minor,False
434,956,22,257,2025-12-26 16:55:38,SIGNAL_DEGRADED,Major,True
435,3494,266,971,2025-06-10 17:10:29,BATTERY_LOW,Minor,True
436,976,280,237,2024-08-19 13:34:22,SOFTWARE_CRASH,Critical,False
437,4254,218,48,2024-01-27 12:53:47,POWER_ALARM,Info,False
438,1899,484,406,2024-10-22 10:38:34,SYNC_LOSS,Info,False
439,3770,50,246,2024-02-04 16:29:38,TRANSMISSION_ERROR,Info,True
440,4242,185,570,2025-04-10 00:42:15,FIBRE_BREAK,Info,False
441,4065,65,258,2025-10-08 09:53:38,MEMORY_HIGH,Minor,True
442,1823,117,340,2025-03-10 10:12:30,TRANSMISSION_ERROR,Major,True
443,4498,483,910,2024-08-18 09:29:05,SOFTWARE_CRASH,Critical,True
444,985,368,958,2024-10-01 09:48:32,POWER_ALARM,Major,False
445,154,340,593,2024-06-26 04:59:22,ANTENNA_FAULT,Minor,False
446,1360,221,980,2024-05-14 08:24:11,BATTERY_LOW,Minor,False
447,1508,34,505,2024-05-24 01:56:33,ANTENNA_FAULT,Info,True
448,1685,36,924,2025-10-04 13:45:32,SOFTWARE_CRASH,Major,False
449,3857,27,384,2025-03-30 17:23:09,BATTERY_LOW,Major,True
450,3812,289,242,2024-07-13 08:54:14,CPU_OVERLOAD,Major,False
451,1440,274,974,2025-08-24 00:27:29,MEMORY_HIGH,Major,True
452,3143,438,387,2024-12-25 09:50:15,POWER_ALARM,Minor,True
453,3412,375,33,2024-04-26 06:05:36,SOFTWARE_CRASH,Info,False
454,4769,203,261,2025-02-25 10:14:30,SYNC_LOSS,Minor,False
455,4041,179,919,2025-09-28 21:33:46,CPU_OVERLOAD,Critical,False
456,1354,65,758,2024-06-28 17:16:56,SYNC_LOSS,Minor,True
457,3727,91,140,2024-05-27 03:57:44,TRANSMISSION_ERROR,Critical,False
458,200,400,281,2025-02-23 21:25:08,RBS_OVER_TEMP,Critical,True
459,1578,182,13,2025-04-03 12:48:20,CPU_OVERLOAD,Major,False
460,2302,164,290,2025-01-27 17:48:44,MEMORY_HIGH,Minor,True
461,2680,270,982,2024-06-02 20:40:55,CPU_OVERLOAD,Critical,False
462,4861,248,232,2025-05-08 14:57:02,POWER_ALARM,Critical,False
463,402,374,961,2024-12-08 13:28:12,FIBRE_BREAK,Info,True
464,3852,263,644,2024-08-24 09:21:25,TRANSMISSION_ERROR,Major,False
465,1166,300,423,2025-07-06 08:28:00,LINK_DOWN,Minor,False
466,3145,259,929,2025-08-02 20:43:52,MEMORY_HIGH,Major,False
467,3840,400,83,2025-11-12 21:48:28,MEMORY_HIGH,Critical,False
468,3786,316,657,2025-05-08 22:47:30,LINK_DOWN,Minor,True
469,4205,462,817,2025-06-09 11:29:47,CPU_OVERLOAD,Major,False
470,1056,100,752,2024-10-18 16:35:18,TRANSMISSION_ERROR,Major,False
471,699,63,289,2025-10-06 05:44:15,SOFTWARE_CRASH,Major,True
472,1319,251,70,2024-09-04 09:51:38,SOFTWARE_CRASH,Major,False
473,3715,343,771,2025-09-29 14:14:12,SIGNAL_DEGRADED,Minor,False
474,1041,189,264,2025-02-18 09:27:15,MEMORY_HIGH,Critical,False
475,1640,19,851,2025-05-13 12:09:32,BATTERY_LOW,Major,False
476,775,92,888,2025-02-28 14:31:33,TRANSMISSION_ERROR,Info,True
477,266,219,828,2025-06-22 14:52:32,SIGNAL_DEGRADED,Major,False
478,2698,355,721,2024-09-28 16:54:43,POWER_ALARM,Major,True
479,2267,374,733,2025-06-17 12:25:31,FIBRE_BREAK,Minor,False
480,4192,184,48,2025-10-09 07:40:44,RBS_OVER_TEMP,Info,False
481,4338,404,315,2025-06-20 08:33:56,MEMORY_HIGH,Minor,False
482,3269,203,67,2025-03-03 12:03:40,RBS_OVER_TEMP,Info,False
483,3387,440,402,2025-08-18 03:45:05,RBS_OVER_TEMP,Minor,True
484,4848,12,638,2025-09-02 02:04:58,CPU_OVERLOAD,Minor,True
485,323,471,915,2024-06-14 14:38:16,LINK_DOWN,Info,True
486,3758,397,461,2024-12-14 15:49:26,SYNC_LOSS,Minor,False
487,3023,267,441,2025-07-14 10:34:56,CPU_OVERLOAD,Minor,False
488,2873,370,982,2025-02-19 13:17:04,FIBRE_BREAK,Major,True
489,2022,131,663,2025-08-04 15:16:59,LINK_DOWN,Minor,False
490,20,461,244,2025-04-25 19:46:39,LINK_DOWN,Minor,True
491,4101,204,801,2025-01-08 01:42:57,SIGNAL_DEGRADED,Minor,False
492,4533,188,588,2024-06-15 23:32:28,MEMORY_HIGH,Minor,False
493,4858,442,827,2025-01-09 16:45:13,ANTENNA_FAULT,Major,False
494,2125,7,641,2025-11-25 00:17:57,SOFTWARE_CRASH,Info,True
495,4932,190,185,2025-04-10 11:13:53,TRANSMISSION_ERROR,Minor,True
496,1638,398,309,2024-01-29 20:42:32,MEMORY_HIGH,Info,True
497,3075,191,244,2024-02-28 12:37:18,POWER_ALARM,Info,False
498,3398,20,918,2024-01-08 17:12:23,ANTENNA_FAULT,Major,False
499,4934,283,922,2024-03-15 06:35:03,BATTERY_LOW,Major,False
500,2148,316,776,2025-03-29 17:46:06,MEMORY_HIGH,Minor,False
501,90,69,141,2024-05-04 12:26:58,FIBRE_BREAK,Minor,False
502,504,4,295,2025-06-23 21:26:41,BATTERY_LOW,Minor,True
503,803,403,379,2024-03-10 02:41:31,SOFTWARE_CRASH,Major,True
504,2328,464,885,2024-09-20 15:42:59,SYNC_LOSS,Major,False
505,366,83,587,2024-03-28 09:04:26,CPU_OVERLOAD,Info,True
506,2698,355,721,2024-09-28 16:54:43,RBS_OVER_TEMP,Minor,False
507,3528,109,96,2024-10-23 12:26:57,SIGNAL_DEGRADED,Info,False
508,3295,281,452,2025-04-06 09:11:06,TRANSMISSION_ERROR,Major,True
509,4057,346,986,2024-12-19 08:49:25,RBS_OVER_TEMP,Minor,True
510,4949,363,530,2025-06-02 11:03:39,CPU_OVERLOAD,Info,False
511,920,270,480,2024-05-08 07:06:57,MEMORY_HIGH,Info,False
512,4340,197,491,2024-05-12 08:49:11,POWER_ALARM,Info,True
513,2357,273,272,2024-05-30 12:18:34,SYNC_LOSS,Minor,True
514,3524,84,870,2025-06-21 08:28:40,FIBRE_BREAK,Major,False
515,3791,262,142,2025-10-17 10:24:44,CPU_OVERLOAD,Major,True
516,3151,44,24,2025-05-15 05:35:37,TRANSMISSION_ERROR,Critical,True
517,1098,99,702,2024-07-23 16:01:25,SIGNAL_DEGRADED,Info,False
518,1769,32,171,2025-08-02 05:35:11,BATTERY_LOW,Critical,False
519,2428,9,622,2025-07-15 02:03:36,ANTENNA_FAULT,Critical,False
520,3220,402,465,2024-03-12 23:12:27,TRANSMISSION_ERROR,Major,False
521,4322,190,519,2024-10-23 09:11:38,CPU_OVERLOAD,Minor,False
522,1789,361,225,2024-12-03 00:14:54,RBS_OVER_TEMP,Info,False
523,2324,420,820,2024-02-20 00:29:54,SOFTWARE_CRASH,Minor,False
524,4701,461,90,2024-07-15 08:41:33,BATTERY_LOW,Critical,False
525,4646,251,730,2025-11-17 17:14:38,SIGNAL_DEGRADED,Minor,False
526,1856,319,55,2025-01-05 21:02:29,RBS_OVER_TEMP,Info,True
527,4683,217,187,2025-06-10 17:44:08,FIBRE_BREAK,Major,False
528,2539,384,621,2025-01-07 22:41:10,MEMORY_HIGH,Major,True
529,4509,327,632,2025-10-26 16:39:19,LINK_DOWN,Minor,False
530,4440,7,919,2025-10-14 16:01:32,MEMORY_HIGH,Major,False
531,729,42,688,2024-02-28 19:14:06,RBS_OVER_TEMP,Critical,True
532,1398,367,95,2025-09-04 19:52:16,CPU_OVERLOAD,Minor,True
533,4471,58,759,2025-10-30 04:23:48,FIBRE_BREAK,Minor,True
534,3682,220,782,2025-09-22 08:05:18,SIGNAL_DEGRADED,Critical,False
535,3742,400,826,2024-07-13 22:58:38,TRANSMISSION_ERROR,Critical,False
536,2185,453,410,2024-06-22 12:11:19,BATTERY_LOW,Minor,True
537,2164,403,411,2024-08-04 12:11:49,POWER_ALARM,Info,False
538,1,362,380,2025-10-20 13:01:04,LINK_DOWN,Critical,True
539,359,105,558,2025-04-07 08:48:41,BATTERY_LOW,Major,True
540,3001,178,495,2025-06-06 13:26:37,FIBRE_BREAK,Minor,False
541,2955,34,936,2025-05-15 06:49:50,SYNC_LOSS,Minor,True
542,4638,179,979,2024-06-12 02:00:50,ANTENNA_FAULT,Minor,False
543,3612,471,362,2025-07-21 12:14:42,TRANSMISSION_ERROR,Minor,False
544,3748,121,837,2025-01-09 15:33:01,SIGNAL_DEGRADED,Minor,False
545,2627,88,762,2024-08-04 12:04:15,FIBRE_BREAK,Major,False
546,4142,400,902,2024-03-30 14:43:54,MEMORY_HIGH,Info,False
547,3400,178,899,2024-09-10 13:25:00,RBS_OVER_TEMP,Info,True
548,3358,412,1,2025-11-30 12:46:03,CPU_OVERLOAD,Minor,True
549,1253,22,967,2025-04-25 19:13:46,BATTERY_LOW,Major,True
550,3127,404,252,2025-07-13 15:25:02,TRANSMISSION_ERROR,Minor,False
551,2898,370,689,2024-11-24 00:16:40,RBS_OVER_TEMP,Major,False
552,4252,222,753,2024-09-28 17:36:16,ANTENNA_FAULT,Critical,True
553,334,317,800,2024-12-13 11:32:55,MEMORY_HIGH,Minor,False
554,2820,290,724,2025-12-03 17:33:41,SYNC_LOSS,Minor,True
555,4033,266,202,2025-11-16 08:43:05,CPU_OVERLOAD,Info,False
556,1709,9,454,2025-09-04 12:42:15,LINK_DOWN,Minor,False
557,51,143,754,2024-07-04 14:38:23,MEMORY_HIGH,Info,True
558,1637,328,533,2024-12-20 09:14:44,LINK_DOWN,Critical,False
559,2329,349,578,2024-11-01 23:21:34,SIGNAL_DEGRADED,Major,False
560,364,33,282,2024-09-24 13:11:39,POWER_ALARM,Info,True
561,3378,11,44,2025-12-01 20:37:15,POWER_ALARM,Major,True
562,1239,496,65,2024-10-20 16:16:42,POWER_ALARM,Major,False
563,633,62,863,2024-08-11 04:06:55,TRANSMISSION_ERROR,Major,True
564,1504,214,952,2024-04-11 12:51:24,SIGNAL_DEGRADED,Major,False
565,609,497,243,2024-09-22 09:33:25,RBS_OVER_TEMP,Info,False
566,4147,25,974,2025-01-19 09:58:58,CPU_OVERLOAD,Major,True
567,937,142,947,2025-03-01 02:51:09,BATTERY_LOW,Major,False
568,3684,222,954,2024-10-19 16:39:42,ANTENNA_FAULT,Minor,False
569,277,25,791,2025-06-05 17:18:45,LINK_DOWN,Major,True
570,1337,340,648,2024-03-10 06:56:22,BATTERY_LOW,Info,False
571,809,142,691,2024-03-19 21:46:34,SYNC_LOSS,Major,False
572,4275,340,85,2025-04-23 08:59:49,CPU_OVERLOAD,Info,False
573,1555,192,704,2024-02-02 19:36:48,POWER_ALARM,Minor,True
574,1186,356,254,2025-01-13 17:01:34,POWER_ALARM,Info,True
575,1672,181,704,2024-05-09 06:38:21,MEMORY_HIGH,Minor,True
576,4310,123,771,2025-10-24 17:58:27,ANTENNA_FAULT,Info,True
577,583,218,950,2025-05-04 00:07:04,POWER_ALARM,Major,False
578,730,191,966,2024-11-08 18:03:38,BATTERY_LOW,Minor,False
579,797,500,53,2025-06-03 16:29:29,POWER_ALARM,Minor,False
580,4564,276,344,2024-07-31 20:54:40,SIGNAL_DEGRADED,Minor,False
581,2930,313,802,2024-12-22 16:21:15,MEMORY_HIGH,Info,False
582,3795,120,251,2025-06-24 08:11:08,ANTENNA_FAULT,Major,True
583,3687,125,754,2024-09-17 03:02:38,MEMORY_HIGH,Info,False
584,3860,413,530,2024-11-22 11:48:22,ANTENNA_FAULT,Critical,False
585,3939,317,104,2025-12-09 02:53:38,RBS_OVER_TEMP,Info,True
586,2559,344,370,2025-01-30 12:13:40,SYNC_LOSS,Minor,False
587,733,340,275,2025-10-10 09:55:23,CPU_OVERLOAD,Minor,True
588,4917,192,920,2024-11-26 20:30:25,BATTERY_LOW,Major,False
589,2432,229,815,2025-03-11 20:57:34,LINK_DOWN,Critical,False
590,4884,436,155,2025-05-26 22:44:22,POWER_ALARM,Info,True
591,161,447,105,2024-10-06 15:51:56,FIBRE_BREAK,Major,False
592,644,300,151,2024-12-25 18:48:02,SIGNAL_DEGRADED,Major,False
593,3484,276,831,2024-09-04 17:32:12,FIBRE_BREAK,Minor,False
594,2768,302,371,2024-12-01 17:49:08,ANTENNA_FAULT,Info,False
595,4836,251,86,2025-08-27 01:46:47,LINK_DOWN,Major,True
596,1894,79,11,2025-03-05 18:27:46,LINK_DOWN,Critical,True
597,211,258,355,2025-12-17 17:32:07,ANTENNA_FAULT,Critical,True
598,713,200,534,2025-09-01 13:08:32,SOFTWARE_CRASH,Info,False
599,1524,10,193,2024-02-14 17:55:41,CPU_OVERLOAD,Info,False
600,670,312,443,2025-06-15 11:27:33,ANTENNA_FAULT,Info,False
601,670,312,443,2025-06-15 11:17:33,SOFTWARE_CRASH,Info,True
602,2822,308,422,2025-07-20 23:48:14,CPU_OVERLOAD,Major,False
603,1110,349,896,2024-06-13 03:13:11,RBS_OVER_TEMP,Major,False
604,2926,292,469,2025-10-08 15:45:48,SYNC_LOSS,Info,True
605,169,262,909,2024-11-30 14:28:33,CPU_OVERLOAD,Major,False
606,1334,79,21,2024-04-20 13:38:54,FIBRE_BREAK,Info,True
607,2939,37,308,2025-11-11 14:31:06,POWER_ALARM,Minor,False
608,3493,276,236,2025-07-16 05:34:21,SOFTWARE_CRASH,Major,True
609,597,433,427,2024-08-25 00:13:08,SIGNAL_DEGRADED,Minor,False
610,4623,112,379,2024-04-16 18:39:28,SIGNAL_DEGRADED,Critical,False
611,3687,125,754,2024-09-17 02:56:38,SYNC_LOSS,Major,False
612,3552,171,671,2024-11-28 20:33:13,SYNC_LOSS,Minor,False
613,4644,418,880,2025-02-17 14:12:18,LINK_DOWN,Major,False
614,2651,398,825,2025-09-03 12:09:49,POWER_ALARM,Info,True
615,724,155,482,2024-07-10 18:14:53,SOFTWARE_CRASH,Minor,True
616,2966,416,987,2024-03-31 09:42:15,RBS_OVER_TEMP,Major,True
617,454,299,729,2024-05-22 17:17:00,SIGNAL_DEGRADED,Info,False
618,4124,212,89,2025-07-03 12:09:49,RBS_OVER_TEMP,Minor,True
619,252,118,211,2024-10-26 04:07:21,SIGNAL_DEGRADED,Minor,False
620,8,2,279,2024-06-12 16:24:41,RBS_OVER_TEMP,Major,False
621,2763,477,376,2025-07-03 14:46:30,SYNC_LOSS,Info,False
622,3957,72,244,2025-01-31 14:34:57,TRANSMISSION_ERROR,Info,False
623,54,112,820,2024-05-01 01:13:55,MEMORY_HIGH,Info,False
624,4954,483,52,2024-06-25 13:13:49,ANTENNA_FAULT,Minor,True
625,896,249,525,2024-03-17 09:00:36,RBS_OVER_TEMP,Critical,True
626,3848,404,849,2025-07-20 10:29:01,SYNC_LOSS,Major,False
627,485,456,214,2024-08-01 18:26:30,SOFTWARE_CRASH,Major,False
628,4304,164,287,2025-12-10 09:29:33,SOFTWARE_CRASH,Minor,False
629,1259,258,645,2024-06-15 02:25:17,SOFTWARE_CRASH,Info,False
630,1916,284,322,2025-01-04 00:52:51,POWER_ALARM,Minor,False
631,613,111,459,2025-09-04 05:43:44,FIBRE_BREAK,Critical,False
632,3661,492,153,2024-02-05 18:22:47,SOFTWARE_CRASH,Critical,False
633,1150,455,657,2025-09-27 10:33:53,CPU_OVERLOAD,Minor,False
634,1478,223,275,2025-10-07 10:45:21,CPU_OVERLOAD,Major,False
635,4782,78,763,2025-05-19 09:10:24,SIGNAL_DEGRADED,Critical,False
636,1124,116,905,2024-05-30 16:03:33,SIGNAL_DEGRADED,Major,False
637,4623,112,379,2024-04-16 17:31:28,BATTERY_LOW,Minor,False
638,3492,14,140,2024-01-22 04:58:31,BATTERY_LOW,Minor,True
639,317,96,995,2024-03-28 23:20:46,SIGNAL_DEGRADED,Info,False
640,4,198,145,2024-12-24 22:49:33,ANTENNA_FAULT,Info,False
641,3234,480,382,2024-05-17 06:05:28,SOFTWARE_CRASH,Info,False
642,4272,302,692,2025-10-13 19:12:47,BATTERY_LOW,Info,False
643,4459,315,722,2025-03-31 01:41:02,SIGNAL_DEGRADED,Critical,False
644,2529,403,91,2024-11-12 14:17:00,CPU_OVERLOAD,Minor,True
645,1577,450,741,2025-07-24 21:42:48,CPU_OVERLOAD,Minor,False
646,4012,462,92,2024-07-12 02:12:01,TRANSMISSION_ERROR,Minor,False
647,3592,389,277,2025-10-29 17:35:45,FIBRE_BREAK,Minor,True
648,3306,268,558,2025-05-22 23:24:56,TRANSMISSION_ERROR,Minor,False
649,4883,169,125,2025-11-18 09:51:41,SYNC_LOSS,Major,False
650,1618,424,234,2024-04-25 21:23:53,TRANSMISSION_ERROR,Critical,False
651,903,332,491,2025-04-24 03:59:10,SOFTWARE_CRASH,Info,False
652,3263,389,517,2025-11-23 19:04:38,SOFTWARE_CRASH,Minor,False
653,1920,271,621,2024-10-03 04:34:34,TRANSMISSION_ERROR,Major,False
654,1324,289,50,2024-10-25 18:53:33,SIGNAL_DEGRADED,Major,True
655,258,308,156,2024-08-04 12:27:16,CPU_OVERLOAD,Major,True
656,1326,36,37,2024-03-11 05:33:59,SYNC_LOSS,Info,False
657,3801,459,353,2024-05-10 09:50:03,MEMORY_HIGH,Info,True
658,3010,346,127,2024-03-30 03:42:25,FIBRE_BREAK,Minor,False
659,1973,137,849,2025-05-16 10:15:49,ANTENNA_FAULT,Info,False
660,4173,469,690,2024-09-02 17:48:21,SYNC_LOSS,Major,True
661,3108,202,158,2024-07-20 13:27:40,FIBRE_BREAK,Minor,False
662,1840,283,372,2024-04-07 15:57:11,RBS_OVER_TEMP,Critical,True
663,3192,127,15,2024-03-01 17:19:50,SOFTWARE_CRASH,Critical,True
664,2771,232,869,2025-07-13 17:08:11,SYNC_LOSS,Info,True
665,1352,353,239,2024-11-10 09:03:30,LINK_DOWN,Critical,False
666,4252,222,753,2024-09-28 18:03:16,ANTENNA_FAULT,Critical,False
667,4718,281,572,2025-01-10 09:39:04,BATTERY_LOW,Minor,False
668,1003,402,716,2025-10-23 12:12:04,TRANSMISSION_ERROR,Info,True
669,3056,272,112,2024-03-14 00:52:39,SOFTWARE_CRASH,Info,False
670,3344,273,140,2025-11-08 01:21:54,SOFTWARE_CRASH,Minor,False
671,3076,136,604,2024-06-04 18:45:30,SYNC_LOSS,Critical,False
672,2696,117,559,2024-10-01 16:16:08,LINK_DOWN,Minor,False
673,111,221,538,2025-12-11 09:46:21,FIBRE_BREAK,Minor,True
674,2051,136,566,2025-09-03 18:58:19,BATTERY_LOW,Minor,True
675,3680,434,384,2025-07-17 10:11:51,SOFTWARE_CRASH,Major,False
676,4715,80,323,2025-06-10 15:29:26,SIGNAL_DEGRADED,Critical,False
677,1339,32,486,2025-09-28 09:25:09,SOFTWARE_CRASH,Minor,False
678,1124,116,905,2024-05-30 16:04:33,ANTENNA_FAULT,Minor,False
679,4785,404,818,2025-10-25 05:57:54,TRANSMISSION_ERROR,Major,False
680,3872,10,440,2025-07-07 08:41:25,CPU_OVERLOAD,Minor,False
681,199,18,603,2024-07-17 10:14:41,BATTERY_LOW,Minor,False
682,1331,17,872,2024-02-09 14:28:52,POWER_ALARM,Major,False
683,4271,99,674,2024-09-16 11:48:43,MEMORY_HIGH,Info,False
684,4300,188,544,2024-10-21 11:08:17,BATTERY_LOW,Info,True
685,4904,481,421,2024-09-05 10:53:24,RBS_OVER_TEMP,Minor,False
686,424,244,734,2025-01-22 16:16:22,RBS_OVER_TEMP,Info,False
687,605,430,77,2024-02-02 10:24:18,RBS_OVER_TEMP,Minor,False
688,1673,420,340,2024-08-02 23:07:28,CPU_OVERLOAD,Critical,False
689,618,456,401,2024-11-25 17:00:47,CPU_OVERLOAD,Info,False
690,1614,333,137,2025-01-10 14:31:31,RBS_OVER_TEMP,Info,False
691,4096,327,242,2024-12-30 15:38:38,BATTERY_LOW,Critical,False
692,701,65,52,2025-01-24 09:52:20,SIGNAL_DEGRADED,Major,False
693,4677,329,958,2024-07-17 14:48:13,POWER_ALARM,Info,True
694,827,212,495,2024-12-22 08:56:24,FIBRE_BREAK,Info,True
695,2149,45,5,2025-08-31 16:57:17,SYNC_LOSS,Minor,False
696,4797,452,423,2024-03-30 10:19:09,BATTERY_LOW,Minor,True
697,4365,383,958,2025-04-29 07:11:52,SOFTWARE_CRASH,Minor,False
698,2779,108,633,2024-11-21 13:05:01,POWER_ALARM,Minor,True
699,3411,46,68,2024-09-27 13:17:38,FIBRE_BREAK,Minor,False
700,2842,56,384,2024-10-04 14:29:04,FIBRE_BREAK,Info,False
701,4084,52,393,2025-05-28 11:07:14,SYNC_LOSS,Critical,False
702,2708,244,191,2024-10-03 16:06:25,FIBRE_BREAK,Info,True
703,3981,170,154,2024-07-08 09:09:07,SYNC_LOSS,Minor,False
704,2444,17,557,2024-06-21 10:45:06,SOFTWARE_CRASH,Info,False
705,4635,39,699,2024-09-13 04:03:38,BATTERY_LOW,Minor,False
706,3752,493,334,2025-09-29 18:04:34,MEMORY_HIGH,Major,False
707,800,36,599,2025-06-30 14:01:44,SIGNAL_DEGRADED,Major,False
708,4467,456,443,2024-06-20 01:35:24,SIGNAL_DEGRADED,Critical,False
709,4006,297,218,2024-09-07 22:23:20,ANTENNA_FAULT,Minor,False
710,155,340,726,2024-07-03 14:31:07,TRANSMISSION_ERROR,Critical,False
711,3405,76,396,2025-10-30 10:57:12,BATTERY_LOW,Info,False
712,775,92,888,2025-02-28 14:30:33,LINK_DOWN,Major,False
713,4951,167,909,2025-07-14 19:08:20,ANTENNA_FAULT,Minor,False
714,4733,394,489,2024-05-07 14:28:00,SYNC_LOSS,Critical,False
715,3633,419,468,2024-02-05 02:40:27,CPU_OVERLOAD,Info,False
716,2977,62,871,2025-04-10 08:52:17,RBS_OVER_TEMP,Minor,False
717,2079,193,915,2024-06-26 05:05:42,POWER_ALARM,Critical,False
718,2346,98,652,2025-04-29 11:16:03,MEMORY_HIGH,Info,False
719,2430,483,919,2025-03-03 14:10:10,MEMORY_HIGH,Critical,False
720,1975,344,738,2025-11-24 10:46:26,LINK_DOWN,Minor,False
721,4678,26,411,2025-03-05 10:19:03,SYNC_LOSS,Major,True
722,1169,20,400,2024-07-30 08:39:33,POWER_ALARM,Major,False
723,1972,50,560,2024-11-07 17:48:45,SOFTWARE_CRASH,Info,False
724,2403,251,95,2025-01-17 10:09:30,LINK_DOWN,Minor,False
725,2115,305,526,2024-07-20 10:09:40,SOFTWARE_CRASH,Info,False
726,3249,205,296,2025-07-01 10:11:02,SIGNAL_DEGRADED,Minor,True
727,4040,336,370,2024-07-15 11:02:46,LINK_DOWN,Major,False
728,2057,496,767,2025-07-02 13:54:38,SOFTWARE_CRASH,Critical,False
729,1576,270,847,2024-05-24 05:38:00,SIGNAL_DEGRADED,Minor,True
730,574,218,633,2024-01-29 13:14:44,SIGNAL_DEGRADED,Minor,False
731,2047,91,903,2024-06-27 22:31:03,SIGNAL_DEGRADED,Minor,False
732,2402,20,259,2025-03-11 21:54:09,LINK_DOWN,Info,False
733,868,476,244,2025-02-02 16:02:12,BATTERY_LOW,Minor,False
734,2717,243,279,2025-04-29 10:47:54,CPU_OVERLOAD,Minor,True
735,4422,119,334,2025-10-15 08:37:29,POWER_ALARM,Critical,False
736,1532,259,760,2025-12-05 16:51:41,MEMORY_HIGH,Minor,False
737,2212,334,148,2024-03-04 09:52:22,MEMORY_HIGH,Info,True
738,3518,69,809,2024-10-03 15:22:49,RBS_OVER_TEMP,Critical,False
739,875,346,795,2024-12-23 21:27:26,SOFTWARE_CRASH,Info,False
740,4296,336,610,2025-04-16 11:19:06,MEMORY_HIGH,Info,False
741,1624,154,19,2024-10-13 09:35:18,SYNC_LOSS,Minor,False
742,3661,492,153,2024-02-05 18:19:47,FIBRE_BREAK,Minor,False
743,2533,219,689,2025-06-06 21:32:19,POWER_ALARM,Major,False
744,4997,101,445,2024-09-12 23:56:19,POWER_ALARM,Info,False
745,3098,93,99,2024-04-04 00:34:29,BATTERY_LOW,Minor,True
746,1013,109,493,2025-08-18 05:15:44,SOFTWARE_CRASH,Critical,False
747,1750,288,402,2025-02-08 11:19:55,SIGNAL_DEGRADED,Critical,False
748,1848,72,143,2024-03-29 23:19:10,ANTENNA_FAULT,Info,False
749,1957,107,90,2024-09-26 11:45:11,RBS_OVER_TEMP,Major,False
750,3929,425,38,2024-04-19 03:39:09,SYNC_LOSS,Critical,False
751,3165,285,93,2024-09-24 12:50:24,SOFTWARE_CRASH,Minor,False
752,1759,119,307,2025-04-05 12:00:40,BATTERY_LOW,Info,False
753,342,21,781,2024-01-31 09:43:20,MEMORY_HIGH,Minor,False
754,4722,376,358,2025-02-05 17:15:52,MEMORY_HIGH,Minor,False
755,3157,438,817,2025-08-04 16:46:28,FIBRE_BREAK,Major,True
756,2605,223,683,2025-01-10 13:49:36,MEMORY_HIGH,Info,False
757,2378,270,256,2025-08-12 23:36:53,SIGNAL_DEGRADED,Major,False
758,1608,395,94,2024-01-11 05:08:38,MEMORY_HIGH,Major,False
759,1126,43,462,2024-10-29 15:36:24,ANTENNA_FAULT,Major,True
760,1931,459,594,2025-04-25 18:03:16,CPU_OVERLOAD,Info,False
761,2855,316,653,2025-06-24 16:03:06,FIBRE_BREAK,Info,True
762,4261,254,921,2024-03-13 23:59:49,CPU_OVERLOAD,Major,False
763,4598,252,730,2025-12-27 09:57:06,SOFTWARE_CRASH,Info,True
764,433,421,126,2024-06-19 14:13:33,SYNC_LOSS,Info,False
765,2994,107,421,2024-07-09 10:42:16,SOFTWARE_CRASH,Critical,False
766,252,118,211,2024-10-26 04:11:21,SYNC_LOSS,Minor,False
767,2207,268,121,2025-02-24 13:17:03,SOFTWARE_CRASH,Major,True
768,897,106,499,2024-04-05 17:09:51,RBS_OVER_TEMP,Major,False
769,982,128,215,2024-08-26 15:29:18,RBS_OVER_TEMP,Major,False
770,4049,374,538,2024-02-23 11:55:10,ANTENNA_FAULT,Major,False
771,781,148,913,2025-12-15 09:42:14,MEMORY_HIGH,Minor,True
772,2062,437,335,2025-07-27 18:19:19,SIGNAL_DEGRADED,Minor,False
773,4078,409,15,2024-04-13 09:33:14,SYNC_LOSS,Major,False
774,1963,414,823,2024-11-02 06:40:28,FIBRE_BREAK,Minor,False
775,2125,7,641,2025-11-25 00:19:57,TRANSMISSION_ERROR,Major,False
776,788,89,693,2025-08-08 15:24:31,ANTENNA_FAULT,Info,False
777,57,321,601,2025-06-19 02:21:36,BATTERY_LOW,Major,True
778,4146,364,811,2024-07-15 11:25:15,POWER_ALARM,Minor,False
779,2004,366,732,2025-12-21 12:10:16,SOFTWARE_CRASH,Minor,False
780,3384,484,523,2025-12-21 15:11:29,FIBRE_BREAK,Info,True
781,1095,100,456,2025-06-29 14:35:26,TRANSMISSION_ERROR,Major,False
782,1497,346,636,2024-02-01 17:04:24,SIGNAL_DEGRADED,Major,True
783,2429,318,399,2025-02-03 17:29:56,CPU_OVERLOAD,Critical,False
784,2081,178,216,2025-10-31 20:22:12,FIBRE_BREAK,Major,False
785,1365,388,516,2024-03-11 09:40:27,SOFTWARE_CRASH,Minor,True
786,217,372,131,2025-11-25 15:57:52,RBS_OVER_TEMP,Major,True
787,1494,104,73,2024-06-16 14:37:47,MEMORY_HIGH,Minor,False
788,4185,471,5,2024-07-15 17:28:32,POWER_ALARM,Minor,False
789,4103,130,329,2024-05-04 16:53:13,POWER_ALARM,Info,False
790,464,471,941,2024-12-30 14:10:57,BATTERY_LOW,Critical,True
791,1933,495,949,2024-05-23 18:04:40,BATTERY_LOW,Minor,False
792,1478,223,275,2025-10-07 10:45:21,RBS_OVER_TEMP,Minor,False
793,4936,35,366,2025-02-04 09:31:39,RBS_OVER_TEMP,Minor,True
794,3359,272,373,2024-10-02 05:09:29,POWER_ALARM,Info,False
795,2160,462,293,2025-03-29 13:17:27,SIGNAL_DEGRADED,Major,False
796,235,284,389,2025-03-15 16:21:50,FIBRE_BREAK,Major,False
797,3207,482,740,2025-02-24 12:44:35,FIBRE_BREAK,Info,True
798,1449,447,679,2025-08-02 08:40:50,MEMORY_HIGH,Info,True
799,2633,202,296,2024-09-07 16:51:53,BATTERY_LOW,Major,False
800,109,189,325,2024-03-06 23:16:37,CPU_OVERLOAD,Minor,False
801,485,456,214,2024-08-01 20:13:30,RBS_OVER_TEMP,Major,False
802,2067,462,642,2025-11-11 13:18:27,SOFTWARE_CRASH,Info,False
803,2161,301,720,2024-04-18 14:10:04,ANTENNA_FAULT,Info,False
804,2506,66,897,2025-03-08 07:41:59,SOFTWARE_CRASH,Major,False
805,85,131,813,2024-04-29 16:15:19,POWER_ALARM,Major,False
806,2092,267,748,2024-08-21 07:36:40,SIGNAL_DEGRADED,Minor,False
807,4875,38,622,2025-10-24 21:50:51,ANTENNA_FAULT,Info,False
808,4660,8,359,2025-12-08 12:56:36,FIBRE_BREAK,Major,False
809,1984,331,928,2025-07-13 10:09:20,SIGNAL_DEGRADED,Critical,True
810,1349,48,580,2024-10-28 14:10:06,SOFTWARE_CRASH,Minor,False
811,4512,279,578,2024-03-18 11:58:20,LINK_DOWN,Minor,True
812,3356,57,165,2025-07-21 11:57:57,RBS_OVER_TEMP,Info,False
813,3423,250,62,2024-01-28 10:05:55,BATTERY_LOW,Critical,False
814,2900,494,55,2025-10-07 18:18:02,CPU_OVERLOAD,Info,False
815,2619,97,467,2024-02-06 16:16:19,POWER_ALARM,Critical,False
816,3412,375,33,2024-04-26 06:24:36,ANTENNA_FAULT,Info,False
817,1996,240,656,2024-03-15 17:18:37,MEMORY_HIGH,Major,False
818,4184,297,182,2024-02-22 08:39:35,SIGNAL_DEGRADED,Critical,False
819,2299,340,607,2024-03-04 12:29:52,POWER_ALARM,Info,True
820,3564,381,56,2025-01-17 00:54:17,SYNC_LOSS,Minor,True
821,2581,329,658,2024-05-19 04:27:19,FIBRE_BREAK,Info,False
822,253,137,364,2024-02-01 11:13:14,SIGNAL_DEGRADED,Major,False
823,1279,405,741,2025-05-25 19:31:50,POWER_ALARM,Major,False
824,356,88,750,2024-07-19 08:37:20,SOFTWARE_CRASH,Major,False
825,1306,489,450,2025-12-10 18:35:12,BATTERY_LOW,Major,True
826,3031,417,820,2025-11-07 17:01:54,POWER_ALARM,Minor,False
827,4286,338,925,2024-11-24 23:39:29,LINK_DOWN,Minor,False
828,2688,407,337,2024-03-23 14:35:29,RBS_OVER_TEMP,Info,True
829,3481,205,761,2024-04-30 12:30:10,TRANSMISSION_ERROR,Info,True
830,952,414,376,2025-06-24 12:44:50,LINK_DOWN,Critical,False
831,989,193,296,2025-10-24 05:14:51,BATTERY_LOW,Major,False
832,3703,401,780,2025-04-05 15:07:13,MEMORY_HIGH,Info,False
833,1424,215,883,2024-02-22 08:11:15,CPU_OVERLOAD,Minor,False
834,4115,332,597,2024-02-29 17:52:17,BATTERY_LOW,Minor,True
835,1710,59,674,2025-01-30 12:29:36,BATTERY_LOW,Major,True
836,1605,136,610,2025-05-31 15:57:31,RBS_OVER_TEMP,Critical,True
837,2785,195,622,2025-10-15 17:22:00,CPU_OVERLOAD,Major,False
838,3436,374,28,2025-06-17 16:35:50,SOFTWARE_CRASH,Info,False
839,803,403,379,2024-03-10 02:36:31,ANTENNA_FAULT,Critical,False
840,4593,390,737,2025-02-28 17:45:11,CPU_OVERLOAD,Minor,False
841,2328,464,885,2024-09-20 15:41:59,SIGNAL_DEGRADED,Major,True
842,962,185,441,2025-03-15 02:04:48,SIGNAL_DEGRADED,Minor,True
843,3526,429,839,2024-04-26 01:10:09,RBS_OVER_TEMP,Info,True
844,1256,176,74,2025-03-27 16:09:00,MEMORY_HIGH,Critical,False
845,90,69,141,2024-05-04 12:35:58,CPU_OVERLOAD,Info,False
846,3984,159,616,2025-06-10 14:47:36,BATTERY_LOW,Info,False
847,3942,448,123,2024-06-26 23:30:00,CPU_OVERLOAD,Info,True
848,1813,471,522,2025-10-13 13:51:15,POWER_ALARM,Info,False
849,1062,133,642,2024-07-29 17:35:34,SOFTWARE_CRASH,Info,True
850,339,447,227,2024-11-23 07:58:59,CPU_OVERLOAD,Info,False
851,2252,315,649,2024-08-18 03:28:36,LINK_DOWN,Major,False
852,692,180,29,2024-02-04 00:08:39,SOFTWARE_CRASH,Info,False
853,1168,22,401,2025-02-21 08:12:23,POWER_ALARM,Minor,False
854,989,193,296,2025-10-24 05:08:51,MEMORY_HIGH,Major,False
855,4533,188,588,2024-06-16 00:12:28,LINK_DOWN,Info,True
856,3819,194,737,2025-11-14 13:13:27,SOFTWARE_CRASH,Minor,False
857,3460,400,390,2025-08-23 08:38:48,TRANSMISSION_ERROR,Major,False
858,3258,1,362,2024-01-04 15:57:37,ANTENNA_FAULT,Critical,True
859,4153,231,798,2024-05-31 08:52:18,CPU_OVERLOAD,Major,False
860,4299,221,286,2024-01-27 15:34:50,LINK_DOWN,Minor,False
861,4557,67,748,2025-12-29 14:58:08,RBS_OVER_TEMP,Major,True
862,676,279,657,2024-08-05 05:59:24,FIBRE_BREAK,Info,True
863,2469,110,703,2024-02-19 14:30:25,SYNC_LOSS,Major,False
864,1933,495,949,2024-05-23 17:34:40,ANTENNA_FAULT,Critical,False
865,327,294,106,2025-08-13 09:26:47,SIGNAL_DEGRADED,Major,False
866,890,354,526,2024-03-18 02:16:33,LINK_DOWN,Minor,False
867,13,307,422,2024-03-09 00:51:40,FIBRE_BREAK,Info,False
868,3795,120,251,2025-06-24 08:03:08,BATTERY_LOW,Minor,False
869,3927,130,70,2024-06-12 16:24:51,CPU_OVERLOAD,Critical,True
870,1319,251,70,2024-09-04 10:41:38,SYNC_LOSS,Minor,True
871,3453,194,815,2025-04-21 12:36:36,LINK_DOWN,Critical,False
872,520,179,123,2025-07-30 14:33:15,SYNC_LOSS,Minor,True
873,3640,308,96,2024-05-11 04:23:45,LINK_DOWN,Major,False
874,2386,57,218,2025-05-12 23:09:47,SIGNAL_DEGRADED,Major,True
875,4583,373,863,2024-01-11 22:31:58,ANTENNA_FAULT,Info,False
876,4798,406,774,2024-07-23 09:06:07,BATTERY_LOW,Info,False
877,4741,139,371,2025-07-10 16:26:09,ANTENNA_FAULT,Info,True
878,4567,131,333,2025-06-28 12:29:03,TRANSMISSION_ERROR,Critical,False
879,1813,471,522,2025-10-13 13:52:15,SIGNAL_DEGRADED,Major,False
880,3534,96,152,2024-10-24 17:42:36,SOFTWARE_CRASH,Minor,True
881,2427,264,623,2025-10-22 16:12:01,SYNC_LOSS,Info,False
882,2632,125,682,2025-07-15 01:50:32,POWER_ALARM,Info,False
883,4475,86,45,2024-05-09 12:39:53,SIGNAL_DEGRADED,Minor,False
884,2117,221,144,2024-02-03 23:00:42,TRANSMISSION_ERROR,Info,False
885,1282,77,658,2024-03-25 20:10:31,SOFTWARE_CRASH,Critical,False
886,2744,313,759,2025-09-28 08:19:54,RBS_OVER_TEMP,Major,False
887,4480,9,242,2024-01-31 04:19:57,RBS_OVER_TEMP,Minor,False
888,4775,489,819,2025-07-11 15:01:45,FIBRE_BREAK,Info,False
889,4366,161,228,2024-10-12 18:17:44,RBS_OVER_TEMP,Info,False
890,1406,467,469,2025-09-30 01:26:39,LINK_DOWN,Minor,False
891,2385,249,535,2025-12-08 14:12:14,SYNC_LOSS,Minor,False
892,3239,316,598,2024-08-11 13:26:16,FIBRE_BREAK,Info,False
893,360,348,511,2025-11-03 05:40:58,LINK_DOWN,Minor,True
894,4051,390,432,2025-04-16 08:24:13,BATTERY_LOW,Info,False
895,517,436,441,2024-10-21 14:00:12,RBS_OVER_TEMP,Info,False
896,2565,44,712,2025-11-09 07:04:35,ANTENNA_FAULT,Critical,True
897,2892,389,704,2024-01-13 17:15:52,BATTERY_LOW,Minor,False
898,4672,235,304,2024-07-09 08:48:31,SYNC_LOSS,Minor,False
899,257,302,366,2025-06-08 02:46:46,SOFTWARE_CRASH,Info,False
900,778,266,997,2024-12-28 15:59:20,TRANSMISSION_ERROR,Major,False
901,4830,285,562,2025-12-11 16:52:37,ANTENNA_FAULT,Info,False
902,1043,226,697,2025-08-31 00:14:02,SIGNAL_DEGRADED,Major,False
903,4609,24,552,2024-08-30 07:14:02,FIBRE_BREAK,Major,False
904,4862,123,394,2024-02-06 14:19:21,RBS_OVER_TEMP,Major,False
905,2189,368,546,2024-12-17 11:04:34,FIBRE_BREAK,Critical,False
906,3549,380,771,2024-04-14 07:44:07,LINK_DOWN,Major,True
907,2930,313,802,2024-12-22 16:29:15,TRANSMISSION_ERROR,Critical,False
908,3434,65,447,2025-02-02 02:57:49,SIGNAL_DEGRADED,Major,False
909,418,52,870,2024-03-18 17:25:31,SIGNAL_DEGRADED,Critical,False
910,2401,54,325,2024-01-24 09:00:34,POWER_ALARM,Critical,False
911,939,169,463,2024-07-07 17:26:29,SYNC_LOSS,Minor,False
912,3437,261,681,2025-11-18 17:29:34,BATTERY_LOW,Info,True
913,3218,270,818,2024-09-05 15:07:18,FIBRE_BREAK,Minor,False
914,4274,373,81,2025-01-13 19:39:15,LINK_DOWN,Major,False
915,4941,186,128,2024-03-02 04:20:08,CPU_OVERLOAD,Info,False
916,4006,297,218,2024-09-07 22:31:20,CPU_OVERLOAD,Minor,False
917,591,464,421,2024-06-29 13:25:06,RBS_OVER_TEMP,Minor,True
918,858,274,989,2025-04-01 05:20:40,TRANSMISSION_ERROR,Critical,False
919,3464,211,91,2025-01-22 08:42:47,ANTENNA_FAULT,Minor,False
920,2933,214,525,2025-05-10 00:42:59,ANTENNA_FAULT,Major,False
921,2139,234,814,2025-09-27 10:35:25,MEMORY_HIGH,Info,False
922,30,362,9,2025-11-20 15:25:19,BATTERY_LOW,Info,False
923,1323,443,824,2025-03-06 16:17:05,ANTENNA_FAULT,Major,False
924,1310,454,74,2024-01-08 15:32:00,FIBRE_BREAK,Info,True
925,4580,367,866,2025-04-26 06:15:55,POWER_ALARM,Major,True
926,694,155,961,2024-03-25 22:00:47,ANTENNA_FAULT,Major,False
927,309,98,853,2025-04-11 12:26:44,LINK_DOWN,Minor,False
928,4843,187,766,2024-07-15 12:05:49,SYNC_LOSS,Major,False
929,504,4,295,2025-06-23 21:26:41,CPU_OVERLOAD,Minor,False
930,4586,455,166,2025-11-04 01:16:35,SOFTWARE_CRASH,Info,False
931,73,90,870,2024-01-20 08:40:44,LINK_DOWN,Major,False
932,4,198,145,2024-12-24 22:48:33,LINK_DOWN,Minor,True
933,4238,138,762,2024-02-19 23:15:07,POWER_ALARM,Critical,False
934,1801,171,485,2025-10-24 11:48:33,POWER_ALARM,Major,False
935,2796,330,636,2024-03-04 05:11:27,ANTENNA_FAULT,Major,False
936,4715,80,323,2025-06-10 15:57:26,TRANSMISSION_ERROR,Major,False
937,996,483,76,2024-04-22 21:30:37,POWER_ALARM,Major,True
938,2293,425,870,2025-08-19 09:29:34,SYNC_LOSS,Critical,True
939,1956,429,505,2024-04-14 04:46:03,ANTENNA_FAULT,Info,False
940,2231,313,362,2025-12-19 09:18:15,LINK_DOWN,Major,False
941,1776,48,14,2024-07-12 21:30:46,ANTENNA_FAULT,Minor,True
942,3558,411,690,2024-01-05 06:45:20,TRANSMISSION_ERROR,Critical,False
943,1023,368,994,2025-01-29 15:26:01,MEMORY_HIGH,Critical,True
944,57,321,601,2025-06-19 02:22:36,POWER_ALARM,Major,False
945,2141,242,817,2024-09-08 16:33:51,POWER_ALARM,Info,True
946,2424,254,632,2024-08-13 06:32:05,SOFTWARE_CRASH,Minor,False
947,2558,115,91,2025-03-08 18:23:05,RBS_OVER_TEMP,Minor,False
948,1744,419,124,2025-03-26 13:05:43,BATTERY_LOW,Critical,False
949,2461,353,906,2024-12-14 14:00:12,CPU_OVERLOAD,Major,False
950,3670,26,543,2024-06-09 14:04:06,FIBRE_BREAK,Info,False
951,1168,22,401,2025-02-21 08:19:23,SOFTWARE_CRASH,Critical,False
952,322,379,585,2024-04-06 10:14:28,ANTENNA_FAULT,Info,False
953,931,125,960,2024-06-26 21:46:07,LINK_DOWN,Major,True
954,1204,115,600,2024-08-24 14:29:25,SOFTWARE_CRASH,Info,False
955,1042,229,943,2025-07-05 17:29:20,LINK_DOWN,Minor,True
956,4157,294,823,2025-03-15 17:51:17,MEMORY_HIGH,Info,False
957,3421,326,878,2024-04-06 12:59:40,POWER_ALARM,Major,False
958,2766,499,965,2025-04-29 03:48:28,RBS_OVER_TEMP,Info,False
959,1599,226,87,2025-05-01 14:42:27,TRANSMISSION_ERROR,Critical,True
960,3266,179,610,2025-09-12 10:54:26,ANTENNA_FAULT,Critical,False
961,3933,133,234,2024-05-22 13:11:46,FIBRE_BREAK,Major,True
962,315,68,973,2025-11-27 02:26:09,CPU_OVERLOAD,Critical,True
963,3369,210,659,2025-05-20 02:10:59,CPU_OVERLOAD,Critical,False
964,1377,372,528,2024-06-11 20:37:22,TRANSMISSION_ERROR,Info,True
965,1941,198,801,2025-07-25 13:43:13,POWER_ALARM,Info,True
966,3179,198,294,2024-09-02 08:59:24,LINK_DOWN,Info,False
967,1620,254,408,2024-02-08 13:39:13,SOFTWARE_CRASH,Major,True
968,3669,84,144,2025-08-01 17:09:51,SOFTWARE_CRASH,Minor,False
969,3253,318,959,2025-07-07 08:18:07,POWER_ALARM,Major,False
970,1639,383,796,2024-12-24 09:01:45,TRANSMISSION_ERROR,Critical,False
971,74,261,329,2024-08-09 19:25:52,SOFTWARE_CRASH,Info,False
972,2304,461,99,2025-07-07 16:52:02,MEMORY_HIGH,Minor,False
973,339,447,227,2024-11-23 08:00:59,CPU_OVERLOAD,Info,True
974,259,414,917,2025-10-09 05:02:28,SIGNAL_DEGRADED,Minor,False
975,2674,175,137,2025-07-25 01:00:27,SIGNAL_DEGRADED,Major,False
976,502,418,190,2025-09-03 03:29:14,SOFTWARE_CRASH,Info,False
977,1729,388,714,2025-02-07 11:07:00,FIBRE_BREAK,Info,False
978,2321,113,588,2024-09-12 12:53:11,TRANSMISSION_ERROR,Minor,False
979,1681,330,562,2024-02-03 11:49:51,POWER_ALARM,Minor,False
980,121,83,61,2024-12-08 23:25:04,ANTENNA_FAULT,Major,True
981,796,293,307,2024-11-21 18:43:52,SOFTWARE_CRASH,Info,False
982,2280,157,888,2025-09-08 11:22:36,SIGNAL_DEGRADED,Minor,False
983,2091,248,259,2024-12-22 09:54:54,FIBRE_BREAK,Minor,True
984,2215,455,62,2025-05-15 05:31:52,LINK_DOWN,Minor,True
985,3100,312,791,2025-11-06 20:50:53,ANTENNA_FAULT,Minor,False
986,836,334,76,2025-01-18 20:52:48,SIGNAL_DEGRADED,Major,True
987,4117,499,888,2024-10-28 15:49:24,BATTERY_LOW,Critical,False
988,638,141,531,2025-11-03 21:23:39,FIBRE_BREAK,Info,False
989,2676,132,436,2024-11-07 19:23:21,SIGNAL_DEGRADED,Info,False
990,889,16,99,2025-09-16 04:43:03,CPU_OVERLOAD,Critical,True
991,1755,123,634,2024-03-25 13:11:58,SIGNAL_DEGRADED,Minor,False
992,2816,7,124,2025-07-08 22:39:51,RBS_OVER_TEMP,Info,False
993,4452,353,368,2024-05-04 09:14:16,ANTENNA_FAULT,Critical,False
994,2850,360,677,2025-03-01 12:16:48,CPU_OVERLOAD,Critical,False
995,2329,349,578,2024-11-01 23:13:34,TRANSMISSION_ERROR,Major,False
996,1717,113,692,2025-12-25 14:40:06,SIGNAL_DEGRADED,Critical,False
997,2259,473,679,2024-10-14 17:31:29,LINK_DOWN,Major,True
998,2116,429,632,2024-12-07 02:39:28,ANTENNA_FAULT,Minor,True
999,2081,178,216,2025-10-31 20:25:12,TRANSMISSION_ERROR,Minor,False
1000,4163,215,73,2025-12-17 17:34:36,SIGNAL_DEGRADED,Major,True
1001,2243,206,699,2024-08-08 11:48:23,BATTERY_LOW,Info,False
1002,4826,276,924,2024-02-18 08:30:55,RBS_OVER_TEMP,Info,False
1003,3741,189,280,2024-06-21 02:49:36,MEMORY_HIGH,Critical,False
1004,807,19,139,2025-01-03 09:17:57,SIGNAL_DEGRADED,Critical,True
1005,1992,207,963,2024-04-22 16:35:57,POWER_ALARM,Critical,False
1006,4923,259,760,2024-02-11 09:51:49,RBS_OVER_TEMP,Major,False
1007,4947,145,84,2025-11-28 08:11:12,LINK_DOWN,Major,False
1008,2262,240,912,2024-03-24 16:02:38,ANTENNA_FAULT,Info,False
1009,184,310,627,2024-04-24 15:05:30,CPU_OVERLOAD,Critical,False
1010,2655,271,37,2024-08-30 08:15:51,MEMORY_HIGH,Critical,True
1011,1855,58,865,2024-12-23 08:24:00,POWER_ALARM,Info,False
1012,4067,431,505,2025-02-05 18:48:41,ANTENNA_FAULT,Minor,False
1013,3726,243,962,2024-11-14 11:40:15,SOFTWARE_CRASH,Minor,False
1014,4575,445,733,2024-10-05 13:01:48,LINK_DOWN,Minor,False
1015,2310,468,561,2025-04-26 20:41:56,ANTENNA_FAULT,Critical,False
1016,1478,223,275,2025-10-07 10:44:21,ANTENNA_FAULT,Major,False
1017,1662,56,193,2025-04-21 13:11:39,MEMORY_HIGH,Minor,True
1018,3438,460,290,2024-05-15 15:14:18,TRANSMISSION_ERROR,Info,False
1019,2690,472,558,2024-03-07 16:52:23,SOFTWARE_CRASH,Critical,True
1020,544,452,280,2025-12-04 16:00:29,SIGNAL_DEGRADED,Major,False
1021,2111,425,808,2025-02-10 08:14:34,SYNC_LOSS,Minor,False
1022,2157,101,766,2024-11-13 13:16:02,TRANSMISSION_ERROR,Critical,True
1023,2478,120,979,2024-06-28 20:14:44,TRANSMISSION_ERROR,Major,False
1024,2754,392,149,2024-12-25 02:30:06,FIBRE_BREAK,Critical,False
1025,4015,445,527,2024-01-07 12:47:57,CPU_OVERLOAD,Critical,True
1026,1683,165,220,2024-12-13 20:18:24,POWER_ALARM,Info,False
1027,3766,285,507,2024-06-06 19:50:51,SIGNAL_DEGRADED,Info,True
1028,3931,376,323,2025-01-04 10:29:21,TRANSMISSION_ERROR,Major,True
1029,1697,471,707,2025-05-04 14:22:02,BATTERY_LOW,Minor,False
1030,3186,492,831,2025-12-10 20:00:20,CPU_OVERLOAD,Critical,True
1031,1054,99,411,2025-05-26 10:02:42,TRANSMISSION_ERROR,Info,False
1032,1977,273,83,2025-11-04 07:32:33,RBS_OVER_TEMP,Major,False
1033,330,373,56,2025-10-31 12:18:22,CPU_OVERLOAD,Minor,False
1034,2316,421,149,2025-10-31 17:42:00,CPU_OVERLOAD,Minor,False
1035,3268,212,71,2025-10-10 12:52:56,RBS_OVER_TEMP,Minor,False
1036,357,386,973,2025-12-13 22:42:46,POWER_ALARM,Minor,False
1037,2111,425,808,2025-02-10 07:58:34,SIGNAL_DEGRADED,Minor,False
1038,1383,144,499,2025-12-26 11:42:41,TRANSMISSION_ERROR,Info,False
1039,451,36,556,2025-01-21 08:53:49,FIBRE_BREAK,Minor,False
1040,4854,130,355,2025-10-29 16:04:44,BATTERY_LOW,Major,False
1041,2314,336,356,2024-01-21 05:04:31,ANTENNA_FAULT,Info,False
1042,1982,194,841,2025-07-02 14:16:11,SIGNAL_DEGRADED,Minor,False
1043,815,13,697,2025-05-23 17:56:55,FIBRE_BREAK,Minor,True
1044,734,35,245,2024-10-24 20:18:16,SIGNAL_DEGRADED,Major,False
1045,3224,308,579,2025-01-16 13:00:18,MEMORY_HIGH,Minor,False
1046,3568,191,573,2024-08-23 11:27:05,BATTERY_LOW,Minor,False
1047,3730,234,758,2025-12-06 10:40:23,TRANSMISSION_ERROR,Info,False
1048,3265,68,189,2025-05-05 20:56:02,TRANSMISSION_ERROR,Critical,False
1049,4639,53,156,2024-11-20 08:47:42,CPU_OVERLOAD,Critical,False
1050,1919,376,431,2024-08-22 11:07:46,SYNC_LOSS,Info,True
1051,2606,257,683,2024-02-23 18:21:50,BATTERY_LOW,Info,False
1052,3534,96,152,2024-10-24 18:03:36,CPU_OVERLOAD,Minor,False
1053,3218,270,818,2024-09-05 15:16:18,RBS_OVER_TEMP,Major,False
1054,1976,381,518,2024-07-28 02:57:54,TRANSMISSION_ERROR,Minor,False
1055,4874,422,344,2024-11-30 11:07:45,RBS_OVER_TEMP,Minor,False
1056,695,189,38,2024-02-14 04:05:36,POWER_ALARM,Critical,False
1057,637,88,896,2025-04-24 13:53:02,POWER_ALARM,Critical,False
1058,4658,72,823,2025-12-26 17:43:42,CPU_OVERLOAD,Info,False
1059,1176,90,522,2025-06-16 12:19:40,POWER_ALARM,Minor,False
1060,3684,222,954,2024-10-19 16:42:42,FIBRE_BREAK,Info,True
1061,1073,230,821,2025-05-01 22:20:09,TRANSMISSION_ERROR,Minor,False
1062,797,500,53,2025-06-03 16:03:29,ANTENNA_FAULT,Minor,False
1063,312,120,85,2025-12-29 15:24:48,FIBRE_BREAK,Critical,True
1064,2369,72,284,2024-05-22 08:09:50,SYNC_LOSS,Major,True
1065,3754,208,474,2025-11-17 10:20:37,TRANSMISSION_ERROR,Major,False
1066,4927,67,582,2025-11-21 10:15:58,BATTERY_LOW,Minor,False
1067,4529,428,782,2024-04-29 14:54:48,FIBRE_BREAK,Minor,False
1068,629,110,802,2025-01-10 04:20:55,ANTENNA_FAULT,Info,True
1069,835,143,590,2024-09-22 08:00:27,SOFTWARE_CRASH,Minor,False
1070,3634,175,118,2024-04-03 14:49:36,BATTERY_LOW,Minor,True
1071,253,137,364,2024-02-01 11:12:14,LINK_DOWN,Major,True
1072,4891,208,22,2024-01-03 02:17:34,SYNC_LOSS,Major,False
1073,131,73,268,2025-05-28 12:45:16,LINK_DOWN,Minor,False
1074,260,404,362,2025-06-21 01:31:41,SOFTWARE_CRASH,Minor,False
1075,555,299,400,2024-05-31 08:37:38,SYNC_LOSS,Critical,True
1076,3162,73,890,2024-02-21 15:41:32,LINK_DOWN,Minor,False
1077,438,263,465,2024-11-12 02:34:28,SYNC_LOSS,Major,True
1078,1761,319,235,2025-10-07 08:17:18,SYNC_LOSS,Major,True
1079,809,142,691,2024-03-19 23:11:34,TRANSMISSION_ERROR,Critical,False
1080,20,461,244,2025-04-25 19:51:39,LINK_DOWN,Critical,False
1081,1613,8,867,2024-04-05 14:56:36,LINK_DOWN,Major,False
1082,518,132,571,2025-01-20 12:12:02,ANTENNA_FAULT,Critical,False
1083,3441,120,346,2024-01-21 19:26:59,BATTERY_LOW,Minor,True
1084,3394,189,591,2024-04-30 02:40:36,SYNC_LOSS,Major,False
1085,3076,136,604,2024-06-04 18:44:30,POWER_ALARM,Info,False
1086,2502,261,769,2024-02-01 13:09:34,RBS_OVER_TEMP,Info,True
1087,808,138,141,2024-08-01 17:03:55,BATTERY_LOW,Major,False
1088,4100,438,32,2025-04-20 13:38:43,LINK_DOWN,Minor,True
1089,2070,110,799,2025-08-02 07:21:44,TRANSMISSION_ERROR,Minor,False
1090,4866,21,455,2025-10-28 03:53:32,ANTENNA_FAULT,Minor,False
1091,3865,374,17,2024-04-07 10:16:32,SIGNAL_DEGRADED,Minor,True
1092,3113,161,724,2024-02-16 15:57:34,SYNC_LOSS,Critical,False
1093,1143,17,971,2025-02-20 00:07:54,ANTENNA_FAULT,Minor,False
1094,858,274,989,2025-04-01 06:44:40,TRANSMISSION_ERROR,Critical,False
1095,351,270,276,2025-12-24 18:38:50,LINK_DOWN,Info,False
1096,183,111,840,2024-03-28 13:50:30,BATTERY_LOW,Minor,True
1097,4095,167,939,2024-04-22 18:19:00,SIGNAL_DEGRADED,Critical,False
1098,2592,260,421,2025-09-10 00:09:10,SYNC_LOSS,Minor,False
1099,4073,239,363,2024-10-04 12:44:10,CPU_OVERLOAD,Info,False
1100,2431,286,358,2024-09-25 14:53:15,MEMORY_HIGH,Minor,False
1101,2638,490,540,2025-04-04 19:56:49,TRANSMISSION_ERROR,Minor,False
1102,4923,259,760,2024-02-11 09:43:49,ANTENNA_FAULT,Major,True
1103,2726,266,783,2025-04-10 01:00:27,SOFTWARE_CRASH,Info,False
1104,3900,200,630,2024-05-09 15:42:22,CPU_OVERLOAD,Minor,True
1105,4782,78,763,2025-05-19 09:12:24,TRANSMISSION_ERROR,Major,True
1106,3966,415,402,2025-07-27 11:44:50,LINK_DOWN,Critical,False
1107,3330,290,421,2025-05-19 22:25:04,LINK_DOWN,Minor,False
1108,2766,499,965,2025-04-29 03:47:28,BATTERY_LOW,Major,False
1109,3597,256,161,2024-02-18 09:26:54,ANTENNA_FAULT,Major,False
1110,4782,78,763,2025-05-19 09:39:24,RBS_OVER_TEMP,Critical,False
1111,163,463,336,2025-01-25 18:59:42,RBS_OVER_TEMP,Major,True
1112,259,414,917,2025-10-09 05:06:28,POWER_ALARM,Info,False
1113,3265,68,189,2025-05-05 21:02:02,SYNC_LOSS,Major,False
1114,3717,329,48,2025-06-06 17:26:41,TRANSMISSION_ERROR,Info,True
1115,92,175,368,2025-02-27 10:11:05,SOFTWARE_CRASH,Major,False
1116,3066,471,655,2025-03-07 13:23:30,TRANSMISSION_ERROR,Major,True
1117,80,321,566,2024-05-07 14:17:21,LINK_DOWN,Info,True
1118,1769,32,171,2025-08-02 06:03:11,POWER_ALARM,Critical,False
1119,1554,31,508,2024-03-04 23:29:51,MEMORY_HIGH,Minor,False
1120,459,489,793,2025-03-16 05:38:50,TRANSMISSION_ERROR,Info,True
1121,705,418,191,2024-06-11 11:01:18,SOFTWARE_CRASH,Info,False
1122,2636,158,616,2025-01-14 18:03:12,SYNC_LOSS,Info,False
1123,755,272,347,2025-02-01 08:26:41,ANTENNA_FAULT,Minor,False
1124,1628,182,852,2025-03-15 05:24:13,TRANSMISSION_ERROR,Major,False
1125,404,88,888,2025-11-08 16:15:29,CPU_OVERLOAD,Major,False
1126,3821,229,135,2025-10-11 20:17:51,FIBRE_BREAK,Info,False
1127,3129,404,156,2025-08-31 17:24:17,SIGNAL_DEGRADED,Info,False
1128,287,173,149,2025-07-11 18:45:14,FIBRE_BREAK,Major,False
1129,4867,241,371,2024-12-10 21:35:52,ANTENNA_FAULT,Info,False
1130,3294,450,759,2024-08-02 07:14:02,FIBRE_BREAK,Major,False
1131,4887,89,669,2025-11-13 09:02:31,TRANSMISSION_ERROR,Minor,True
1132,2853,305,379,2024-01-10 20:12:50,POWER_ALARM,Minor,True
1133,4523,91,574,2024-01-07 17:14:40,MEMORY_HIGH,Info,False
1134,2822,308,422,2025-07-20 23:54:14,FIBRE_BREAK,Info,False
1135,513,276,175,2024-04-03 14:05:17,TRANSMISSION_ERROR,Info,False
1136,2101,408,587,2025-04-26 17:55:39,LINK_DOWN,Info,False
1137,3621,239,600,2025-04-25 14:10:09,SOFTWARE_CRASH,Major,True
1138,287,173,149,2025-07-11 18:51:14,RBS_OVER_TEMP,Major,True
1139,4581,363,426,2025-02-23 10:41:32,SYNC_LOSS,Info,True
1140,1669,348,40,2024-01-25 21:45:25,SOFTWARE_CRASH,Info,False
1141,2162,281,367,2025-05-21 02:49:13,SYNC_LOSS,Minor,False
1142,2740,54,719,2024-06-28 19:35:21,POWER_ALARM,Minor,False
1143,1449,447,679,2025-08-02 08:47:50,BATTERY_LOW,Minor,False
1144,2961,446,109,2025-06-25 21:54:04,BATTERY_LOW,Minor,True
1145,1513,395,731,2024-07-31 11:13:47,LINK_DOWN,Major,False
1146,3429,487,412,2024-08-12 15:08:55,CPU_OVERLOAD,Critical,False
1147,1632,19,497,2024-11-17 17:31:02,TRANSMISSION_ERROR,Info,True
1148,2409,54,422,2024-10-15 14:11:45,SYNC_LOSS,Minor,False
1149,1136,251,376,2025-01-18 06:07:43,LINK_DOWN,Info,True
1150,1451,337,287,2024-03-01 13:53:26,POWER_ALARM,Major,False
1151,624,478,190,2025-08-14 14:03:55,FIBRE_BREAK,Minor,False
1152,2796,330,636,2024-03-04 05:17:27,RBS_OVER_TEMP,Minor,True
1153,2571,278,994,2025-12-24 10:51:14,MEMORY_HIGH,Minor,False
1154,1394,254,234,2024-01-29 11:02:43,RBS_OVER_TEMP,Info,False
1155,2459,182,205,2025-11-26 22:11:34,SOFTWARE_CRASH,Major,True
1156,2784,346,468,2025-07-10 21:02:16,CPU_OVERLOAD,Major,False
1157,2154,244,281,2025-03-23 04:25:24,LINK_DOWN,Info,False
1158,2815,23,841,2024-03-24 15:00:54,RBS_OVER_TEMP,Minor,False
1159,3802,213,899,2024-03-23 10:35:08,CPU_OVERLOAD,Major,True
1160,4477,430,258,2025-07-15 10:26:24,MEMORY_HIGH,Minor,False
1161,2622,79,960,2024-07-12 09:09:18,FIBRE_BREAK,Critical,False
1162,1221,201,348,2025-09-06 01:11:45,ANTENNA_FAULT,Major,True
1163,3615,52,5,2024-04-15 08:35:35,LINK_DOWN,Critical,False
1164,409,405,946,2025-10-26 18:19:16,ANTENNA_FAULT,Critical,False
1165,3092,266,959,2024-12-10 06:35:45,LINK_DOWN,Info,False
1166,1501,407,854,2024-06-10 13:19:09,BATTERY_LOW,Info,False
1167,145,209,980,2024-05-26 05:50:31,FIBRE_BREAK,Major,False
1168,2332,370,72,2025-06-15 08:25:52,SOFTWARE_CRASH,Info,False
1169,4630,86,338,2025-12-12 22:21:56,LINK_DOWN,Info,True
1170,4844,261,244,2024-03-11 15:21:33,SIGNAL_DEGRADED,Info,False
1171,321,286,65,2024-07-02 15:34:19,SYNC_LOSS,Minor,False
1172,2704,485,265,2024-04-19 17:11:17,RBS_OVER_TEMP,Minor,False
1173,402,374,961,2024-12-08 13:27:12,LINK_DOWN,Minor,False
1174,1227,15,536,2025-05-03 23:52:25,RBS_OVER_TEMP,Info,False
1175,4923,259,760,2024-02-11 09:53:49,BATTERY_LOW,Info,False
1176,3961,372,17,2025-12-25 03:50:54,SYNC_LOSS,Critical,True
1177,2363,68,437,2024-11-09 05:31:02,TRANSMISSION_ERROR,Critical,False
1178,1216,387,925,2025-05-30 04:32:14,SOFTWARE_CRASH,Major,True
1179,4606,48,806,2025-04-11 03:44:03,POWER_ALARM,Minor,False
1180,4994,484,371,2024-12-07 19:03:06,ANTENNA_FAULT,Minor,False
1181,2750,172,847,2025-06-05 15:29:55,CPU_OVERLOAD,Major,False
1182,1848,72,143,2024-03-29 23:20:10,RBS_OVER_TEMP,Minor,False
1183,1910,172,632,2024-05-15 19:13:25,SOFTWARE_CRASH,Minor,False
1184,417,271,752,2024-02-09 13:12:13,SYNC_LOSS,Info,True
1185,3694,376,885,2024-07-17 21:55:26,TRANSMISSION_ERROR,Info,False
1186,1401,247,579,2024-05-10 04:15:39,CPU_OVERLOAD,Info,False
1187,726,142,49,2024-10-04 12:09:44,TRANSMISSION_ERROR,Minor,False
1188,4613,244,24,2025-04-26 18:06:36,CPU_OVERLOAD,Major,False
1189,2047,91,903,2024-06-27 22:34:03,FIBRE_BREAK,Info,False
1190,2897,490,342,2024-07-15 07:37:48,POWER_ALARM,Minor,False
1191,3306,268,558,2025-05-22 23:42:56,FIBRE_BREAK,Minor,False
1192,4872,178,304,2025-07-07 22:53:21,RBS_OVER_TEMP,Critical,False
1193,411,469,399,2025-04-08 19:57:32,MEMORY_HIGH,Minor,False
1194,3309,26,467,2025-04-22 11:00:06,SYNC_LOSS,Major,False
1195,1408,40,61,2024-05-22 16:17:58,SIGNAL_DEGRADED,Minor,False
1196,2999,494,716,2024-02-08 18:53:21,BATTERY_LOW,Major,True
1197,2280,157,888,2025-09-08 11:11:36,ANTENNA_FAULT,Minor,False
1198,1826,336,782,2025-07-19 16:51:24,LINK_DOWN,Minor,False
1199,4431,457,463,2024-05-17 21:00:25,SOFTWARE_CRASH,Minor,False
1200,1394,254,234,2024-01-29 11:13:43,BATTERY_LOW,Info,False
1201,152,36,373,2024-04-07 20:35:59,TRANSMISSION_ERROR,Minor,False
1202,3133,112,307,2024-07-04 04:57:55,BATTERY_LOW,Info,False
1203,3514,369,591,2025-04-16 09:28:06,MEMORY_HIGH,Info,False
1204,1614,333,137,2025-01-10 14:32:31,LINK_DOWN,Info,False
1205,3336,367,849,2025-06-13 14:05:10,SIGNAL_DEGRADED,Info,False
1206,1821,266,243,2025-10-26 11:32:46,POWER_ALARM,Info,False
1207,710,335,814,2024-07-16 09:59:14,BATTERY_LOW,Minor,False
1208,2412,152,296,2025-06-05 06:20:57,FIBRE_BREAK,Major,False
1209,895,110,758,2025-08-18 06:18:51,SYNC_LOSS,Minor,False
1210,4571,100,694,2024-12-31 13:54:11,SIGNAL_DEGRADED,Major,False
1211,4809,2,237,2025-10-19 17:02:25,SOFTWARE_CRASH,Major,True
1212,1880,349,841,2024-01-26 23:47:00,POWER_ALARM,Major,False
1213,1525,124,530,2025-07-29 13:44:22,BATTERY_LOW,Minor,False
1214,793,452,321,2024-10-13 11:58:05,RBS_OVER_TEMP,Minor,False
1215,1435,57,114,2025-01-02 14:40:23,FIBRE_BREAK,Minor,False
1216,2219,485,810,2025-02-23 10:17:33,BATTERY_LOW,Major,True
1217,731,9,58,2024-10-13 06:42:31,SYNC_LOSS,Info,False
1218,3829,478,535,2024-10-24 10:42:47,BATTERY_LOW,Minor,False
1219,4320,123,580,2025-07-12 17:15:31,SIGNAL_DEGRADED,Critical,False
1220,4061,231,210,2025-12-04 13:00:58,RBS_OVER_TEMP,Critical,False
1221,1786,201,949,2025-07-26 13:27:47,CPU_OVERLOAD,Minor,False
1222,2090,195,199,2025-02-28 17:04:36,SYNC_LOSS,Minor,False
1223,4234,60,713,2024-06-06 11:01:02,RBS_OVER_TEMP,Info,False
1224,1644,449,525,2024-10-08 15:04:27,MEMORY_HIGH,Minor,False
1225,2897,490,342,2024-07-15 07:40:48,SIGNAL_DEGRADED,Minor,False
1226,1826,336,782,2025-07-19 16:05:24,MEMORY_HIGH,Minor,False
1227,3930,95,29,2024-06-12 16:27:00,ANTENNA_FAULT,Major,False
1228,3356,57,165,2025-07-21 11:57:57,LINK_DOWN,Major,False
1229,1155,155,888,2025-06-24 16:21:28,SOFTWARE_CRASH,Critical,False
1230,3344,273,140,2025-11-08 01:25:54,BATTERY_LOW,Minor,False
1231,1291,392,496,2025-04-21 13:38:54,ANTENNA_FAULT,Minor,False
1232,3920,401,382,2024-02-19 16:15:37,LINK_DOWN,Critical,True
1233,977,300,873,2025-08-19 13:30:07,TRANSMISSION_ERROR,Major,True
1234,676,279,657,2024-08-05 05:59:24,MEMORY_HIGH,Info,True
1235,2523,450,578,2025-11-17 17:55:45,CPU_OVERLOAD,Minor,False
1236,133,61,344,2024-12-05 15:27:21,BATTERY_LOW,Minor,False
1237,4736,178,669,2025-01-09 16:05:24,FIBRE_BREAK,Minor,False
1238,1933,495,949,2024-05-23 17:53:40,FIBRE_BREAK,Minor,False
1239,2985,53,329,2025-03-21 13:23:23,SIGNAL_DEGRADED,Major,True
1240,4436,458,834,2025-08-04 01:40:19,TRANSMISSION_ERROR,Minor,False
1241,3747,250,245,2024-03-05 15:22:45,MEMORY_HIGH,Info,False
1242,1679,20,684,2025-12-14 15:46:19,ANTENNA_FAULT,Minor,False
1243,3079,290,875,2025-06-03 00:44:37,POWER_ALARM,Major,True
1244,4900,40,925,2024-02-27 08:19:34,SIGNAL_DEGRADED,Info,False
1245,4158,372,798,2024-09-01 15:35:04,RBS_OVER_TEMP,Info,False
1246,361,406,137,2025-12-23 04:39:57,SIGNAL_DEGRADED,Minor,True
1247,1595,465,210,2024-10-27 17:21:39,FIBRE_BREAK,Major,False
1248,690,183,587,2024-10-15 14:08:14,SIGNAL_DEGRADED,Major,True
1249,705,418,191,2024-06-11 10:56:18,SYNC_LOSS,Minor,False
1250,4199,458,667,2024-06-13 22:11:47,BATTERY_LOW,Minor,False
1251,770,17,894,2025-09-06 17:23:09,LINK_DOWN,Minor,True
1252,4035,317,830,2025-07-04 08:27:31,SYNC_LOSS,Info,True
1253,1571,32,307,2024-07-24 07:29:41,RBS_OVER_TEMP,Major,True
1254,1438,140,267,2024-02-08 04:37:02,RBS_OVER_TEMP,Critical,True
1255,125,194,809,2024-10-02 10:18:44,ANTENNA_FAULT,Minor,True
1256,4118,41,424,2025-09-21 15:41:18,ANTENNA_FAULT,Major,False
1257,1576,270,847,2024-05-24 05:44:00,TRANSMISSION_ERROR,Major,False
1258,1412,83,667,2025-12-16 09:30:10,LINK_DOWN,Major,False
1259,3573,364,528,2024-08-02 15:20:18,SOFTWARE_CRASH,Minor,False
1260,4168,308,317,2025-11-06 11:40:40,BATTERY_LOW,Minor,True
1261,3940,243,24,2024-06-13 19:50:26,SIGNAL_DEGRADED,Info,True
1262,559,421,206,2024-10-23 09:19:44,FIBRE_BREAK,Info,False
1263,3288,164,845,2024-08-25 14:19:26,BATTERY_LOW,Info,False
1264,464,471,941,2024-12-30 15:25:57,SYNC_LOSS,Critical,False
1265,2885,91,959,2024-10-30 15:05:07,LINK_DOWN,Minor,False
1266,3514,369,591,2025-04-16 09:27:06,BATTERY_LOW,Major,True
1267,3789,266,327,2025-08-27 22:15:38,LINK_DOWN,Info,False
1268,3804,421,577,2024-02-15 00:49:23,SYNC_LOSS,Major,False
1269,2648,450,324,2025-08-15 09:42:26,FIBRE_BREAK,Info,False
1270,4544,96,134,2025-03-26 08:05:41,RBS_OVER_TEMP,Major,False
1271,4314,406,605,2024-12-05 08:19:02,MEMORY_HIGH,Critical,True
1272,3333,369,537,2025-04-08 09:43:18,BATTERY_LOW,Info,False
1273,2879,97,648,2025-02-04 05:25:29,LINK_DOWN,Critical,False
1274,536,205,946,2025-02-15 21:25:38,MEMORY_HIGH,Info,True
1275,2259,473,679,2024-10-14 17:23:29,RBS_OVER_TEMP,Major,False
1276,241,17,601,2025-10-20 05:49:22,LINK_DOWN,Critical,False
1277,3782,100,831,2024-02-09 01:07:48,POWER_ALARM,Info,True
1278,3060,442,342,2024-03-27 10:57:35,BATTERY_LOW,Minor,False
1279,777,268,142,2024-03-07 17:41:02,SIGNAL_DEGRADED,Major,True
1280,4822,130,777,2024-01-17 05:05:06,FIBRE_BREAK,Minor,False
1281,4350,64,468,2025-06-17 13:42:49,TRANSMISSION_ERROR,Minor,False
1282,4132,457,330,2024-09-14 11:01:13,RBS_OVER_TEMP,Info,False
1283,3352,165,336,2025-01-08 04:19:49,ANTENNA_FAULT,Info,False
1284,4912,91,12,2025-08-09 12:48:25,TRANSMISSION_ERROR,Major,True
1285,4026,369,505,2024-07-31 15:17:39,SOFTWARE_CRASH,Minor,False
1286,2160,462,293,2025-03-29 13:16:27,POWER_ALARM,Info,True
1287,1031,76,890,2024-03-27 13:25:51,CPU_OVERLOAD,Info,False
1288,1265,4,20,2024-04-27 21:30:20,SOFTWARE_CRASH,Critical,False
1289,3266,179,610,2025-09-12 10:52:26,POWER_ALARM,Info,False
1290,679,346,966,2024-04-23 17:50:55,FIBRE_BREAK,Minor,True
1291,4807,275,445,2024-02-02 11:00:36,SIGNAL_DEGRADED,Minor,True
1292,3968,21,225,2024-02-28 20:19:09,BATTERY_LOW,Major,False
1293,4570,450,753,2024-09-01 13:57:50,MEMORY_HIGH,Minor,False
1294,4173,469,690,2024-09-02 17:56:21,SOFTWARE_CRASH,Info,True
1295,3501,448,60,2025-08-02 16:19:03,LINK_DOWN,Minor,False
1296,2165,287,670,2024-11-22 03:09:26,FIBRE_BREAK,Minor,True
1297,4361,378,844,2024-07-11 09:23:26,MEMORY_HIGH,Minor,False
1298,4998,186,834,2025-06-02 15:35:53,TRANSMISSION_ERROR,Minor,False
1299,2426,396,914,2025-09-15 16:14:59,RBS_OVER_TEMP,Minor,False
1300,2904,178,736,2024-11-04 13:33:27,TRANSMISSION_ERROR,Minor,False
1301,4052,11,693,2025-12-04 10:55:21,FIBRE_BREAK,Critical,False
1302,3144,115,383,2025-08-04 14:11:32,CPU_OVERLOAD,Minor,False
1303,4745,486,493,2024-04-22 04:35:36,BATTERY_LOW,Major,False
1304,4337,212,580,2024-04-09 11:59:24,POWER_ALARM,Critical,False
1305,1454,318,157,2025-07-26 10:19:35,TRANSMISSION_ERROR,Minor,False
1306,3368,102,995,2024-04-09 15:47:17,SYNC_LOSS,Info,True
1307,3568,191,573,2024-08-23 11:30:05,BATTERY_LOW,Major,False
1308,1967,425,848,2024-08-12 12:59:05,POWER_ALARM,Minor,True
1309,2947,243,20,2024-03-10 12:00:12,FIBRE_BREAK,Minor,False
1310,3955,480,851,2025-02-20 06:54:28,FIBRE_BREAK,Major,False
1311,1669,348,40,2024-01-25 18:45:25,ANTENNA_FAULT,Critical,True
1312,2544,82,183,2024-01-21 13:23:29,SOFTWARE_CRASH,Critical,False
1313,1679,20,684,2025-12-14 15:46:19,SOFTWARE_CRASH,Major,False
1314,425,390,688,2024-03-04 17:13:22,TRANSMISSION_ERROR,Major,False
1315,953,96,624,2025-06-28 13:05:34,BATTERY_LOW,Critical,False
1316,4628,139,135,2025-02-17 15:46:49,FIBRE_BREAK,Info,False
1317,4125,169,713,2025-02-25 10:46:24,POWER_ALARM,Major,True
1318,4484,151,318,2024-09-25 17:13:05,FIBRE_BREAK,Critical,False
1319,2937,40,206,2025-12-07 12:35:45,MEMORY_HIGH,Critical,False
1320,4977,192,169,2025-09-16 12:12:53,LINK_DOWN,Info,False
1321,923,352,699,2025-10-29 05:36:56,SIGNAL_DEGRADED,Critical,False
1322,1965,61,893,2025-05-17 16:38:47,TRANSMISSION_ERROR,Minor,False
1323,4751,163,923,2025-09-25 20:15:50,RBS_OVER_TEMP,Major,True
1324,1300,283,547,2025-06-07 16:52:55,SOFTWARE_CRASH,Info,False
1325,3251,347,479,2024-10-21 14:54:30,SYNC_LOSS,Info,False
1326,2135,296,122,2024-10-22 15:48:06,CPU_OVERLOAD,Info,False
1327,2406,171,56,2025-08-14 18:10:57,FIBRE_BREAK,Major,True
1328,3059,364,744,2024-09-17 18:05:37,MEMORY_HIGH,Critical,False
1329,934,125,102,2024-06-20 21:21:02,BATTERY_LOW,Critical,True
1330,351,270,276,2025-12-24 18:23:50,POWER_ALARM,Info,False
1331,3666,3,603,2024-09-06 23:34:56,TRANSMISSION_ERROR,Info,True
1332,4113,283,272,2024-01-06 09:55:12,ANTENNA_FAULT,Info,False
1333,4997,101,445,2024-09-12 23:26:19,SOFTWARE_CRASH,Major,False
1334,2410,251,195,2024-06-30 15:43:05,SYNC_LOSS,Major,False
1335,710,335,814,2024-07-16 09:58:14,TRANSMISSION_ERROR,Minor,False
1336,164,270,529,2025-04-09 08:33:12,POWER_ALARM,Info,True
1337,462,229,183,2024-05-26 05:11:02,POWER_ALARM,Critical,False
1338,4174,101,965,2024-06-28 19:35:25,CPU_OVERLOAD,Critical,True
1339,670,312,443,2025-06-15 11:58:33,POWER_ALARM,Critical,True
1340,593,236,573,2025-12-04 15:21:31,SYNC_LOSS,Minor,True
1341,3402,325,780,2024-02-25 14:04:42,TRANSMISSION_ERROR,Major,True
1342,975,83,798,2025-05-06 14:10:43,SIGNAL_DEGRADED,Major,True
1343,1191,20,490,2025-01-18 00:14:11,RBS_OVER_TEMP,Critical,True
1344,6,91,124,2024-10-15 17:30:01,POWER_ALARM,Critical,False
1345,2898,370,689,2024-11-24 00:13:40,MEMORY_HIGH,Major,False
1346,1758,218,370,2024-04-18 15:10:23,CPU_OVERLOAD,Minor,True
1347,4932,190,185,2025-04-10 11:14:53,TRANSMISSION_ERROR,Info,True
1348,590,323,615,2025-09-13 12:34:58,MEMORY_HIGH,Info,False
1349,2703,394,933,2025-01-30 09:18:07,BATTERY_LOW,Info,True
1350,1153,417,497,2025-01-04 15:39:21,BATTERY_LOW,Info,False
1351,642,229,540,2025-11-06 17:35:34,ANTENNA_FAULT,Info,False
1352,4150,257,2,2024-07-15 13:34:24,BATTERY_LOW,Critical,False
1353,1363,324,428,2025-06-22 11:19:05,SIGNAL_DEGRADED,Critical,False
1354,1747,146,305,2025-10-05 15:39:23,MEMORY_HIGH,Info,False
1355,1723,387,302,2025-08-01 20:12:48,FIBRE_BREAK,Minor,True
1356,3130,171,928,2025-11-16 21:39:44,SOFTWARE_CRASH,Minor,True
1357,615,191,396,2025-12-09 05:22:38,FIBRE_BREAK,Info,True
1358,75,174,263,2024-11-06 10:52:01,SIGNAL_DEGRADED,Critical,True
1359,1323,443,824,2025-03-06 16:25:05,LINK_DOWN,Critical,False
1360,1888,462,331,2024-03-07 20:21:48,SIGNAL_DEGRADED,Minor,True
1361,100,475,23,2025-09-14 17:46:28,SIGNAL_DEGRADED,Critical,False
1362,3081,197,788,2024-01-10 11:02:56,MEMORY_HIGH,Info,False
1363,2819,250,778,2025-12-05 18:31:02,SYNC_LOSS,Info,True
1364,1480,46,366,2025-09-07 23:19:02,POWER_ALARM,Minor,False
1365,2988,361,635,2024-04-19 07:58:16,RBS_OVER_TEMP,Major,False
1366,3078,250,939,2025-07-28 10:47:09,MEMORY_HIGH,Info,False
1367,4675,324,33,2024-08-13 16:06:55,SIGNAL_DEGRADED,Info,False
1368,1677,79,379,2024-08-23 16:28:12,POWER_ALARM,Major,False
1369,4036,411,701,2024-04-03 15:32:01,FIBRE_BREAK,Info,True
1370,3871,182,139,2025-02-18 07:09:10,ANTENNA_FAULT,Critical,True
1371,3116,337,63,2024-11-28 18:07:39,CPU_OVERLOAD,Critical,True
1372,133,61,344,2024-12-05 15:22:21,SIGNAL_DEGRADED,Minor,False
1373,3793,384,27,2024-08-20 08:12:23,TRANSMISSION_ERROR,Minor,False
1374,2786,370,722,2025-03-25 15:57:10,MEMORY_HIGH,Info,False
1375,1814,72,983,2024-11-20 03:50:05,ANTENNA_FAULT,Minor,False
1376,4808,122,292,2025-11-26 02:05:20,SYNC_LOSS,Info,False
1377,3710,391,68,2024-11-05 18:30:09,TRANSMISSION_ERROR,Critical,False
1378,1283,285,383,2025-11-12 17:23:35,POWER_ALARM,Minor,True
1379,1709,9,454,2025-09-04 12:35:15,MEMORY_HIGH,Minor,True
1380,2594,318,823,2025-06-27 19:53:23,SOFTWARE_CRASH,Info,True
1381,3554,350,734,2025-02-07 10:36:17,SYNC_LOSS,Critical,False
1382,4248,233,716,2025-08-14 08:36:38,FIBRE_BREAK,Info,False
1383,4370,124,773,2025-08-17 07:59:31,SOFTWARE_CRASH,Critical,True
1384,2662,306,699,2025-01-29 13:46:22,SIGNAL_DEGRADED,Info,True
1385,570,17,381,2024-07-04 17:52:31,FIBRE_BREAK,Info,False
1386,3092,266,959,2024-12-10 06:30:45,RBS_OVER_TEMP,Critical,False
1387,1031,76,890,2024-03-27 13:20:51,ANTENNA_FAULT,Critical,True
1388,4764,17,87,2024-06-27 14:41:02,BATTERY_LOW,Minor,True
1389,4900,40,925,2024-02-27 08:42:34,BATTERY_LOW,Minor,True
1390,4030,459,762,2025-09-13 20:20:56,RBS_OVER_TEMP,Minor,True
1391,3818,376,918,2025-10-28 16:41:53,TRANSMISSION_ERROR,Critical,False
1392,4239,267,137,2025-08-21 11:53:34,RBS_OVER_TEMP,Major,True
1393,1316,370,838,2024-12-19 01:51:25,LINK_DOWN,Minor,False
1394,2350,247,412,2025-09-12 18:26:29,SOFTWARE_CRASH,Info,True
1395,936,134,497,2025-09-30 12:12:28,SYNC_LOSS,Critical,False
1396,3111,243,99,2024-12-31 10:08:58,BATTERY_LOW,Info,False
1397,46,228,804,2024-05-31 08:29:10,CPU_OVERLOAD,Minor,False
1398,524,47,414,2024-05-14 02:33:27,SYNC_LOSS,Critical,False
1399,200,400,281,2025-02-23 21:33:08,FIBRE_BREAK,Info,False
1400,1175,377,228,2025-07-05 01:18:45,MEMORY_HIGH,Info,False
1401,4458,483,813,2024-07-05 04:52:14,RBS_OVER_TEMP,Critical,False
1402,3135,326,715,2024-11-14 14:16:37,SOFTWARE_CRASH,Info,False
1403,2158,247,978,2024-10-04 16:32:41,ANTENNA_FAULT,Critical,True
1404,98,369,707,2024-05-27 14:21:44,POWER_ALARM,Major,False
1405,242,330,665,2024-02-29 19:42:33,ANTENNA_FAULT,Critical,False
1406,2367,172,399,2025-08-19 10:32:42,LINK_DOWN,Major,False
1407,835,143,590,2024-09-22 08:10:27,RBS_OVER_TEMP,Info,True
1408,713,200,534,2025-09-01 13:05:32,MEMORY_HIGH,Minor,True
1409,3589,73,313,2024-12-30 20:00:24,TRANSMISSION_ERROR,Major,False
1410,4163,215,73,2025-12-17 17:22:36,MEMORY_HIGH,Info,True
1411,2552,262,652,2024-11-05 04:25:34,ANTENNA_FAULT,Major,True
1412,1432,89,555,2024-09-14 13:09:14,BATTERY_LOW,Minor,True
1413,4014,186,281,2025-02-09 18:17:39,CPU_OVERLOAD,Minor,False
1414,2688,407,337,2024-03-23 14:12:29,TRANSMISSION_ERROR,Minor,True
1415,4529,428,782,2024-04-29 14:54:48,POWER_ALARM,Info,False
1416,2524,63,772,2024-12-12 09:45:07,TRANSMISSION_ERROR,Info,False
1417,1232,27,391,2024-08-07 18:20:16,BATTERY_LOW,Major,False
1418,975,83,798,2025-05-06 14:28:43,SOFTWARE_CRASH,Minor,False
1419,2546,89,370,2024-05-05 08:47:33,ANTENNA_FAULT,Major,True
1420,3528,109,96,2024-10-23 12:50:57,TRANSMISSION_ERROR,Critical,False
1421,376,481,2,2024-08-11 17:52:58,LINK_DOWN,Minor,False
1422,1505,187,962,2025-11-23 05:14:45,LINK_DOWN,Minor,False
1423,3903,209,128,2025-10-05 13:04:32,TRANSMISSION_ERROR,Major,True
1424,3099,368,471,2025-04-29 12:21:19,SYNC_LOSS,Info,True
1425,2978,440,337,2025-03-07 07:49:55,TRANSMISSION_ERROR,Critical,False
1426,3137,244,510,2025-10-09 13:46:23,BATTERY_LOW,Info,False
1427,4449,37,811,2024-10-30 22:31:22,TRANSMISSION_ERROR,Minor,False
1428,4650,130,305,2024-10-22 15:59:45,POWER_ALARM,Info,False
1429,657,167,183,2025-02-08 16:50:58,SYNC_LOSS,Minor,False
1430,2614,444,23,2025-12-25 02:25:47,SIGNAL_DEGRADED,Major,False
1431,171,455,965,2024-12-02 09:52:28,POWER_ALARM,Info,False
1432,4428,404,775,2024-10-04 13:11:50,SOFTWARE_CRASH,Major,False
1433,4490,151,662,2025-02-28 23:50:40,ANTENNA_FAULT,Major,False
1434,59,362,640,2024-12-21 16:09:45,BATTERY_LOW,Major,True
1435,109,189,325,2024-03-06 23:10:37,POWER_ALARM,Major,True
1436,4105,222,979,2025-12-05 02:47:54,BATTERY_LOW,Minor,False
1437,2204,307,124,2024-12-25 16:29:56,SOFTWARE_CRASH,Critical,False
1438,642,229,540,2025-11-06 17:23:34,SOFTWARE_CRASH,Info,False
1439,4551,107,511,2024-07-29 12:01:13,SYNC_LOSS,Critical,False
1440,1579,405,300,2025-08-11 14:35:17,SIGNAL_DEGRADED,Info,True
1441,3880,292,339,2025-04-26 01:58:40,SIGNAL_DEGRADED,Minor,False
1442,1141,132,314,2025-12-09 16:55:38,LINK_DOWN,Major,False
1443,4381,367,130,2024-08-10 18:47:46,BATTERY_LOW,Info,False
1444,3898,450,236,2025-03-24 19:06:18,SOFTWARE_CRASH,Info,True
1445,4650,130,305,2024-10-22 16:05:45,POWER_ALARM,Major,False
1446,872,56,536,2024-07-19 09:30:37,LINK_DOWN,Info,True
1447,4165,343,238,2024-10-17 20:35:13,FIBRE_BREAK,Minor,False
1448,729,42,688,2024-02-28 19:35:06,ANTENNA_FAULT,Minor,False
1449,973,485,844,2024-08-31 12:26:31,SYNC_LOSS,Minor,False
1450,8,2,279,2024-06-12 16:28:41,FIBRE_BREAK,Major,True
1451,1719,481,406,2024-03-11 14:20:41,CPU_OVERLOAD,Critical,False
1452,3176,426,920,2025-03-20 20:49:30,SIGNAL_DEGRADED,Major,False
1453,2654,456,829,2024-06-22 20:23:10,CPU_OVERLOAD,Info,False
1454,4639,53,156,2024-11-20 08:58:42,CPU_OVERLOAD,Critical,True
1455,4522,143,515,2024-12-31 09:39:14,POWER_ALARM,Info,False
1456,2890,394,520,2025-12-23 16:58:54,SOFTWARE_CRASH,Info,True
1457,2923,63,734,2025-09-02 04:44:12,CPU_OVERLOAD,Major,True
1458,3804,421,577,2024-02-15 00:45:23,CPU_OVERLOAD,Minor,False
1459,3652,430,714,2025-07-09 14:12:31,FIBRE_BREAK,Info,False
1460,3343,324,259,2024-08-20 09:00:31,TRANSMISSION_ERROR,Info,False
1461,2634,140,538,2024-10-23 11:35:43,POWER_ALARM,Info,False
1462,4890,21,514,2025-08-30 10:32:06,SOFTWARE_CRASH,Info,False
1463,1059,167,520,2025-02-06 14:14:46,TRANSMISSION_ERROR,Info,False
1464,952,414,376,2025-06-24 13:09:50,SIGNAL_DEGRADED,Critical,False
1465,188,121,973,2025-03-22 03:00:06,CPU_OVERLOAD,Minor,False
1466,3946,117,630,2025-05-04 01:28:35,POWER_ALARM,Major,True
1467,4930,263,97,2025-11-09 01:28:06,ANTENNA_FAULT,Major,True
1468,2948,197,9,2024-09-21 13:24:40,RBS_OVER_TEMP,Minor,False
1469,3654,284,724,2024-10-19 08:37:41,SIGNAL_DEGRADED,Critical,False
1470,3285,426,474,2024-11-05 11:44:56,SIGNAL_DEGRADED,Minor,False
1471,3104,365,974,2025-04-23 11:59:05,LINK_DOWN,Minor,False
1472,4692,441,730,2025-08-15 00:39:14,ANTENNA_FAULT,Major,True
1473,834,97,911,2024-01-31 12:01:03,LINK_DOWN,Major,True
1474,810,54,371,2024-09-05 06:02:08,SIGNAL_DEGRADED,Minor,True
1475,2442,296,170,2024-11-01 20:07:49,MEMORY_HIGH,Major,False
1476,568,489,983,2025-01-12 13:40:47,SIGNAL_DEGRADED,Major,False
1477,4067,431,505,2025-02-05 18:49:41,MEMORY_HIGH,Minor,True
1478,2907,189,50,2025-01-12 13:54:49,POWER_ALARM,Critical,True
1479,3415,361,465,2024-10-20 10:38:33,SYNC_LOSS,Critical,False
1480,1057,369,287,2025-09-29 08:32:59,MEMORY_HIGH,Minor,False
1481,820,479,623,2024-10-20 23:17:37,FIBRE_BREAK,Major,False
1482,848,300,293,2024-09-15 07:45:49,LINK_DOWN,Minor,False
1483,3012,339,326,2025-01-19 04:13:59,FIBRE_BREAK,Info,True
1484,305,188,471,2025-04-10 03:37:30,FIBRE_BREAK,Info,True
1485,2422,454,880,2025-02-13 19:51:09,RBS_OVER_TEMP,Major,False
1486,969,308,565,2025-05-25 12:10:10,SYNC_LOSS,Info,False
1487,3438,460,290,2024-05-15 14:29:18,LINK_DOWN,Info,False
1488,2123,252,822,2025-12-04 15:46:19,BATTERY_LOW,Minor,False
1489,4376,34,475,2024-07-08 12:05:20,ANTENNA_FAULT,Major,False
1490,2267,374,733,2025-06-17 12:30:31,SIGNAL_DEGRADED,Info,False
1491,3433,457,652,2025-06-24 08:49:08,SIGNAL_DEGRADED,Major,False
1492,341,202,653,2024-12-01 08:03:40,TRANSMISSION_ERROR,Info,False
1493,3410,310,708,2024-11-05 14:55:38,LINK_DOWN,Minor,True
1494,3320,434,762,2025-10-04 12:18:33,ANTENNA_FAULT,Minor,False
1495,118,209,309,2025-05-27 18:59:16,RBS_OVER_TEMP,Info,False
1496,4547,333,903,2025-12-13 08:43:01,POWER_ALARM,Critical,False
1497,4771,492,736,2024-01-08 23:41:30,SYNC_LOSS,Critical,False
1498,636,245,162,2024-07-27 16:32:18,MEMORY_HIGH,Minor,False
1499,2519,287,531,2024-05-21 23:51:43,SIGNAL_DEGRADED,Minor,True
1500,580,257,803,2024-09-23 09:56:27,SIGNAL_DEGRADED,Critical,False
1501,2055,167,722,2025-06-19 10:59:57,SIGNAL_DEGRADED,Minor,False
1502,67,323,738,2024-10-21 16:01:34,FIBRE_BREAK,Critical,True
1503,2909,266,669,2024-10-21 09:47:32,ANTENNA_FAULT,Info,False
1504,365,344,860,2025-01-10 13:46:42,TRANSMISSION_ERROR,Major,False
1505,3004,351,930,2025-12-21 13:19:32,POWER_ALARM,Info,False
1506,2816,7,124,2025-07-08 22:40:51,CPU_OVERLOAD,Info,True
1507,4313,146,730,2025-11-12 08:58:12,ANTENNA_FAULT,Info,False
1508,1953,183,83,2024-03-18 12:16:55,SIGNAL_DEGRADED,Major,True
1509,1383,144,499,2025-12-26 11:32:41,SYNC_LOSS,Critical,False
1510,455,331,102,2024-06-15 19:38:21,SIGNAL_DEGRADED,Critical,False
1511,4376,34,475,2024-07-08 12:04:20,LINK_DOWN,Info,False
1512,1758,218,370,2024-04-18 15:06:23,LINK_DOWN,Info,True
1513,2650,169,564,2025-01-04 21:35:35,SYNC_LOSS,Major,True
1514,4330,143,310,2024-02-15 15:46:38,FIBRE_BREAK,Minor,False
1515,1205,207,619,2025-01-26 05:09:33,FIBRE_BREAK,Minor,False
1516,1762,316,907,2024-03-12 22:02:50,ANTENNA_FAULT,Major,True
1517,4751,163,923,2025-09-25 20:18:50,FIBRE_BREAK,Critical,False
1518,4131,303,555,2025-09-23 15:24:00,TRANSMISSION_ERROR,Info,False
1519,255,28,802,2024-05-26 14:14:55,SOFTWARE_CRASH,Info,False
1520,4872,178,304,2025-07-07 22:55:21,BATTERY_LOW,Info,False
1521,533,406,148,2025-12-18 14:17:23,SOFTWARE_CRASH,Info,False
1522,1176,90,522,2025-06-16 12:32:40,CPU_OVERLOAD,Critical,False
1523,3186,492,831,2025-12-10 20:58:20,MEMORY_HIGH,Major,False
1524,1063,301,3,2025-10-10 00:56:52,LINK_DOWN,Minor,False
1525,1611,409,949,2024-10-12 16:56:22,SYNC_LOSS,Info,True
1526,888,495,346,2024-12-09 12:02:39,ANTENNA_FAULT,Info,True
1527,1553,339,235,2024-03-13 17:21:21,ANTENNA_FAULT,Critical,False
1528,3236,416,830,2025-01-14 04:27:18,BATTERY_LOW,Critical,True
1529,2196,390,291,2025-11-09 09:33:20,SYNC_LOSS,Minor,True
1530,2639,468,897,2024-03-27 20:39:53,SOFTWARE_CRASH,Minor,True
1531,4681,262,501,2024-09-02 05:46:25,ANTENNA_FAULT,Minor,False
1532,4815,224,211,2024-03-01 10:19:15,SYNC_LOSS,Info,False
1533,2692,173,589,2025-09-06 12:06:36,LINK_DOWN,Minor,False
1534,674,11,668,2025-05-30 23:00:11,SYNC_LOSS,Minor,False
1535,127,292,998,2025-04-13 07:43:27,SYNC_LOSS,Info,True
1536,1506,124,256,2024-04-05 14:43:14,LINK_DOWN,Info,False
1537,540,5,110,2025-07-24 17:01:03,SIGNAL_DEGRADED,Critical,True
1538,4833,213,472,2024-03-13 15:32:04,LINK_DOWN,Minor,False
1539,512,342,253,2025-05-29 15:12:48,ANTENNA_FAULT,Major,False
1540,331,100,529,2025-09-01 08:08:20,RBS_OVER_TEMP,Minor,True
1541,1305,461,558,2024-07-27 08:44:09,ANTENNA_FAULT,Minor,True
1542,3227,345,325,2025-09-17 12:30:15,LINK_DOWN,Info,True
1543,4362,449,322,2025-04-15 19:17:28,SIGNAL_DEGRADED,Major,False
1544,4508,262,202,2024-01-17 12:53:10,SOFTWARE_CRASH,Info,False
1545,1091,293,820,2024-05-04 02:01:08,POWER_ALARM,Info,True
1546,1479,94,137,2025-08-22 12:47:08,LINK_DOWN,Critical,False
1547,1082,325,129,2024-02-01 11:38:18,SIGNAL_DEGRADED,Critical,True
1548,2172,7,973,2024-10-20 13:35:56,SIGNAL_DEGRADED,Critical,True
1549,1027,22,467,2025-04-05 03:18:51,POWER_ALARM,Critical,False
1550,4509,327,632,2025-10-26 17:05:19,CPU_OVERLOAD,Minor,True
1551,2203,180,366,2024-06-22 03:53:01,BATTERY_LOW,Critical,False
1552,1816,313,390,2025-08-14 10:58:54,SIGNAL_DEGRADED,Minor,True
1553,1311,431,679,2024-08-27 00:23:03,MEMORY_HIGH,Minor,False
1554,4436,458,834,2025-08-04 01:44:19,RBS_OVER_TEMP,Minor,False
1555,171,455,965,2024-12-02 09:52:28,CPU_OVERLOAD,Info,False
1556,837,260,653,2025-02-14 09:58:41,SOFTWARE_CRASH,Info,False
1557,2316,421,149,2025-10-31 17:56:00,LINK_DOWN,Info,True
1558,1712,109,355,2025-08-16 20:51:50,SYNC_LOSS,Major,True
1559,3464,211,91,2025-01-22 09:17:47,SYNC_LOSS,Critical,False
1560,572,137,604,2024-06-13 17:01:48,FIBRE_BREAK,Minor,False
1561,3809,267,904,2024-12-04 02:52:39,SIGNAL_DEGRADED,Info,False
1562,2686,477,839,2025-09-01 22:39:12,TRANSMISSION_ERROR,Minor,True
1563,824,326,480,2025-02-22 18:54:49,RBS_OVER_TEMP,Critical,False
1564,788,89,693,2025-08-08 15:24:31,FIBRE_BREAK,Info,False
1565,2185,453,410,2024-06-22 12:16:19,SOFTWARE_CRASH,Minor,False
1566,4448,440,256,2024-06-08 17:40:43,FIBRE_BREAK,Info,False
1567,4596,426,191,2024-03-25 13:40:02,TRANSMISSION_ERROR,Critical,False
1568,424,244,734,2025-01-22 16:16:22,POWER_ALARM,Major,True
1569,4989,425,541,2025-07-25 10:00:49,POWER_ALARM,Info,False
1570,1005,149,992,2024-06-17 06:39:53,RBS_OVER_TEMP,Minor,False
1571,73,90,870,2024-01-20 08:40:44,SIGNAL_DEGRADED,Minor,False
1572,4819,153,666,2025-04-17 20:30:47,BATTERY_LOW,Major,False
1573,172,309,414,2025-04-26 12:46:48,SOFTWARE_CRASH,Minor,False
1574,3714,452,716,2025-02-20 15:41:19,SYNC_LOSS,Minor,False
1575,3831,329,539,2025-03-22 08:43:19,ANTENNA_FAULT,Info,False
1576,4900,40,925,2024-02-27 08:20:34,TRANSMISSION_ERROR,Major,False
1577,2251,378,514,2025-07-09 17:51:47,SYNC_LOSS,Info,False
1578,4416,47,170,2025-06-18 03:00:37,FIBRE_BREAK,Critical,False
1579,3147,126,809,2025-10-24 11:02:05,RBS_OVER_TEMP,Info,True
1580,86,89,177,2025-04-15 17:14:26,LINK_DOWN,Info,False
1581,839,90,686,2024-05-31 16:00:25,BATTERY_LOW,Major,False
1582,3017,181,764,2024-06-18 02:35:55,RBS_OVER_TEMP,Major,False
1583,1694,175,127,2025-11-09 15:45:24,SIGNAL_DEGRADED,Minor,False
1584,1131,246,436,2025-07-28 09:49:43,BATTERY_LOW,Minor,False
1585,3310,489,327,2024-07-25 17:15:23,RBS_OVER_TEMP,Info,False
1586,3811,485,20,2024-08-03 06:01:24,CPU_OVERLOAD,Info,False
1587,2973,432,896,2024-09-24 20:23:18,LINK_DOWN,Minor,False
1588,1801,171,485,2025-10-24 11:58:33,ANTENNA_FAULT,Minor,False
1589,2610,476,59,2025-12-16 15:57:38,BATTERY_LOW,Minor,False
1590,831,390,465,2025-10-01 13:05:49,ANTENNA_FAULT,Critical,True
1591,4301,432,303,2024-10-02 11:36:56,SIGNAL_DEGRADED,Minor,False
1592,1379,186,507,2025-05-28 17:25:58,SIGNAL_DEGRADED,Critical,False
1593,3989,106,143,2025-10-25 11:39:36,ANTENNA_FAULT,Minor,True
1594,2269,418,49,2024-06-01 17:10:33,TRANSMISSION_ERROR,Minor,False
1595,2541,254,266,2025-12-01 20:40:21,MEMORY_HIGH,Info,False
1596,3113,161,724,2024-02-16 16:28:34,POWER_ALARM,Critical,True
1597,1218,79,698,2024-04-28 16:09:02,SYNC_LOSS,Critical,True
1598,1398,367,95,2025-09-04 19:52:16,LINK_DOWN,Major,False
1599,2087,10,75,2024-03-18 08:47:51,ANTENNA_FAULT,Info,False
1600,2705,125,26,2025-10-14 05:06:03,SIGNAL_DEGRADED,Major,False
1601,4277,46,161,2025-08-21 14:14:49,RBS_OVER_TEMP,Info,False
1602,1928,327,108,2025-04-30 10:42:54,FIBRE_BREAK,Critical,False
1603,905,412,955,2025-03-12 13:40:56,MEMORY_HIGH,Critical,True
1604,661,353,793,2024-10-06 23:50:12,BATTERY_LOW,Critical,False
1605,1282,77,658,2024-03-25 19:45:31,LINK_DOWN,Major,True
1606,3041,172,311,2025-03-23 01:56:21,SYNC_LOSS,Minor,False
1607,3991,30,498,2025-09-26 04:30:48,SIGNAL_DEGRADED,Minor,False
1608,4969,128,388,2025-04-04 08:59:49,MEMORY_HIGH,Critical,True
1609,719,197,592,2025-12-16 15:55:01,SOFTWARE_CRASH,Minor,False
1610,1325,332,845,2024-12-23 05:06:44,RBS_OVER_TEMP,Info,True
1611,1344,12,550,2024-01-31 17:38:14,TRANSMISSION_ERROR,Critical,False
1612,4625,454,609,2024-09-01 23:30:10,RBS_OVER_TEMP,Info,False
1613,3014,204,739,2025-04-17 13:56:51,ANTENNA_FAULT,Critical,True
1614,2801,461,969,2024-06-26 13:09:18,ANTENNA_FAULT,Major,True
1615,2838,52,906,2024-09-20 20:13:10,SIGNAL_DEGRADED,Info,True
1616,849,60,590,2024-10-23 04:59:18,SOFTWARE_CRASH,Minor,True
1617,3595,17,248,2025-11-16 06:22:51,FIBRE_BREAK,Major,True
1618,1759,119,307,2025-04-05 11:44:40,BATTERY_LOW,Major,False
1619,954,29,709,2024-12-07 12:06:03,BATTERY_LOW,Info,True
1620,728,429,453,2024-11-06 17:54:24,CPU_OVERLOAD,Major,False
1621,2310,468,561,2025-04-26 20:39:56,TRANSMISSION_ERROR,Info,False
1622,4452,353,368,2024-05-04 09:14:16,FIBRE_BREAK,Minor,False
1623,4057,346,986,2024-12-19 08:39:25,CPU_OVERLOAD,Minor,True
1624,2074,61,532,2025-06-03 17:00:31,CPU_OVERLOAD,Info,False
1625,1715,464,630,2024-04-26 16:23:46,RBS_OVER_TEMP,Major,True
1626,4587,90,883,2025-09-03 12:39:35,POWER_ALARM,Info,True
1627,3051,39,827,2024-09-23 22:57:59,TRANSMISSION_ERROR,Critical,True
1628,2295,462,315,2024-03-13 09:22:12,LINK_DOWN,Major,True
1629,349,363,420,2025-10-17 00:01:38,RBS_OVER_TEMP,Info,True
1630,1559,356,737,2025-01-22 04:28:01,CPU_OVERLOAD,Info,False
1631,3227,345,325,2025-09-17 12:21:15,SYNC_LOSS,Critical,True
1632,4309,141,393,2024-12-15 08:50:11,SIGNAL_DEGRADED,Info,False
1633,2480,330,946,2025-02-28 04:38:22,BATTERY_LOW,Minor,False
1634,4663,486,538,2025-11-23 17:07:49,BATTERY_LOW,Major,False
1635,239,195,385,2024-10-04 15:00:01,SYNC_LOSS,Minor,False
1636,1733,323,993,2024-09-29 16:03:42,TRANSMISSION_ERROR,Critical,False
1637,478,178,528,2025-01-30 18:14:23,FIBRE_BREAK,Info,True
1638,1651,330,638,2025-01-26 22:28:16,RBS_OVER_TEMP,Major,False
1639,1566,145,464,2025-10-22 17:42:00,ANTENNA_FAULT,Info,False
1640,3785,218,23,2025-10-09 11:44:33,SOFTWARE_CRASH,Minor,True
1641,660,156,332,2025-08-04 11:06:11,SOFTWARE_CRASH,Critical,True
1642,3548,254,933,2024-11-20 10:39:45,RBS_OVER_TEMP,Critical,False
1643,3566,205,572,2024-01-04 16:57:12,TRANSMISSION_ERROR,Info,False
1644,1501,407,854,2024-06-10 13:21:09,CPU_OVERLOAD,Major,True
1645,4989,425,541,2025-07-25 10:07:49,FIBRE_BREAK,Minor,False
1646,2440,323,567,2024-01-22 10:22:52,SOFTWARE_CRASH,Info,False
1647,4241,253,64,2025-10-02 17:15:34,FIBRE_BREAK,Minor,True
1648,3870,73,464,2025-09-01 06:56:01,RBS_OVER_TEMP,Minor,True
1649,4388,192,258,2025-08-12 10:15:08,CPU_OVERLOAD,Critical,False
1650,633,62,863,2024-08-11 04:04:55,SYNC_LOSS,Minor,False
1651,2846,324,128,2025-05-25 20:17:52,CPU_OVERLOAD,Major,False
1652,2928,206,966,2024-04-27 13:38:59,TRANSMISSION_ERROR,Major,False
1653,1031,76,890,2024-03-27 13:16:51,MEMORY_HIGH,Minor,True
1654,2025,449,735,2025-11-27 13:16:15,POWER_ALARM,Minor,True
1655,3058,478,764,2025-12-24 08:28:50,POWER_ALARM,Minor,False
1656,4821,285,966,2025-07-13 16:40:39,TRANSMISSION_ERROR,Info,False
1657,591,464,421,2024-06-29 13:20:06,POWER_ALARM,Minor,False
1658,1065,392,214,2024-01-11 08:11:24,BATTERY_LOW,Minor,True
1659,1983,220,222,2024-03-13 13:29:56,SOFTWARE_CRASH,Critical,False
1660,4417,348,21,2025-10-15 09:11:30,BATTERY_LOW,Info,False
1661,4368,295,684,2024-12-19 11:17:55,SIGNAL_DEGRADED,Major,False
1662,3592,389,277,2025-10-29 17:38:45,CPU_OVERLOAD,Minor,True
1663,315,68,973,2025-11-27 02:41:09,MEMORY_HIGH,Critical,True
1664,1519,362,798,2024-08-26 02:54:51,FIBRE_BREAK,Minor,True
1665,4993,465,337,2025-09-10 04:55:18,FIBRE_BREAK,Minor,False
1666,3862,421,654,2024-04-28 11:20:44,SIGNAL_DEGRADED,Critical,True
1667,199,18,603,2024-07-17 09:59:41,SOFTWARE_CRASH,Minor,True
1668,3646,54,47,2024-07-28 01:04:52,RBS_OVER_TEMP,Major,False
1669,2976,445,912,2024-10-20 17:56:03,BATTERY_LOW,Critical,False
1670,3044,97,215,2025-11-05 17:43:46,POWER_ALARM,Major,False
1671,1530,412,130,2025-09-07 12:18:06,BATTERY_LOW,Major,False
1672,4948,449,649,2024-06-07 20:36:27,RBS_OVER_TEMP,Info,True
1673,1649,116,953,2025-07-26 22:41:58,SOFTWARE_CRASH,Critical,False
1674,2222,281,85,2025-04-23 03:13:02,MEMORY_HIGH,Info,False
1675,958,307,258,2025-01-22 08:43:03,MEMORY_HIGH,Minor,True
1676,2242,300,754,2025-11-14 13:49:58,ANTENNA_FAULT,Minor,False
1677,2865,200,902,2025-08-20 14:32:46,SOFTWARE_CRASH,Minor,False
1678,2826,482,33,2024-07-27 12:22:55,LINK_DOWN,Critical,False
1679,1585,21,25,2024-11-03 21:08:04,MEMORY_HIGH,Info,False
1680,3127,404,252,2025-07-13 15:50:02,SOFTWARE_CRASH,Critical,False
1681,342,21,781,2024-01-31 09:46:20,SIGNAL_DEGRADED,Minor,False
1682,4141,410,785,2025-07-27 17:10:17,TRANSMISSION_ERROR,Info,True
1683,2962,130,947,2024-04-05 17:25:10,SIGNAL_DEGRADED,Info,True
1684,3413,339,429,2025-11-05 16:13:45,LINK_DOWN,Minor,True
1685,4017,471,265,2024-09-26 18:28:45,SIGNAL_DEGRADED,Critical,False
1686,3185,102,281,2024-12-18 07:18:10,RBS_OVER_TEMP,Info,False
1687,4319,477,388,2025-07-09 11:43:16,POWER_ALARM,Major,False
1688,1177,130,441,2025-05-19 00:38:30,CPU_OVERLOAD,Minor,False
1689,144,234,430,2024-12-22 09:21:27,CPU_OVERLOAD,Minor,False
1690,2273,341,820,2025-02-19 15:10:07,LINK_DOWN,Major,True
1691,121,83,61,2024-12-08 23:33:04,POWER_ALARM,Minor,False
1692,3506,138,229,2025-11-15 02:37:25,BATTERY_LOW,Major,False
1693,1633,370,935,2024-11-29 09:32:27,FIBRE_BREAK,Minor,False
1694,4574,124,404,2025-09-16 11:48:51,CPU_OVERLOAD,Major,False
1695,1177,130,441,2025-05-19 00:50:30,MEMORY_HIGH,Info,False
1696,1690,40,963,2024-08-02 12:25:44,MEMORY_HIGH,Info,False
1697,3662,304,718,2025-07-31 09:17:18,SIGNAL_DEGRADED,Minor,False
1698,763,231,340,2025-07-28 17:00:43,TRANSMISSION_ERROR,Minor,False
1699,3715,343,771,2025-09-29 14:15:12,RBS_OVER_TEMP,Major,False
1700,4239,267,137,2025-08-21 11:43:34,TRANSMISSION_ERROR,Info,True
1701,621,171,748,2026-01-01 20:43:01,POWER_ALARM,Major,False
1702,590,323,615,2025-09-13 12:34:58,CPU_OVERLOAD,Major,True
1703,123,357,611,2025-06-21 07:39:43,CPU_OVERLOAD,Major,False
1704,4876,469,301,2024-01-28 15:39:08,SYNC_LOSS,Major,False
1705,2077,417,207,2025-11-04 03:33:04,ANTENNA_FAULT,Major,False
1706,2002,260,854,2024-10-26 18:58:37,TRANSMISSION_ERROR,Info,False
1707,3234,480,382,2024-05-17 06:19:28,TRANSMISSION_ERROR,Critical,False
1708,2870,273,351,2025-10-01 18:32:23,POWER_ALARM,Minor,False
1709,4111,235,337,2025-04-05 10:26:47,FIBRE_BREAK,Minor,False
1710,4842,434,362,2025-01-20 13:04:55,ANTENNA_FAULT,Critical,True
1711,432,403,723,2025-06-27 18:14:40,BATTERY_LOW,Info,False
1712,949,355,685,2024-04-29 07:50:42,CPU_OVERLOAD,Minor,True
1713,3645,160,889,2024-11-29 16:57:12,FIBRE_BREAK,Info,True
1714,548,317,926,2025-04-25 10:23:25,SOFTWARE_CRASH,Minor,True
1715,2447,357,377,2025-03-20 12:04:35,SOFTWARE_CRASH,Minor,True
1716,4474,391,538,2025-08-10 14:35:28,CPU_OVERLOAD,Major,True
1717,4082,226,529,2025-11-05 10:54:32,SYNC_LOSS,Major,False
1718,770,17,894,2025-09-06 17:24:09,BATTERY_LOW,Minor,False
1719,2404,408,146,2024-01-21 04:41:39,TRANSMISSION_ERROR,Major,True
1720,17,361,883,2025-09-03 17:02:42,LINK_DOWN,Major,False
1721,1646,487,584,2025-02-14 17:36:21,MEMORY_HIGH,Major,False
1722,243,231,291,2026-01-01 07:22:56,FIBRE_BREAK,Major,False
1723,1713,131,151,2024-11-13 19:04:37,SOFTWARE_CRASH,Major,False
1724,2085,472,261,2024-07-02 04:06:46,LINK_DOWN,Info,False
1725,3630,472,41,2024-12-18 14:53:20,FIBRE_BREAK,Critical,True
1726,4617,416,504,2026-01-01 12:04:31,RBS_OVER_TEMP,Major,False
1727,2435,90,616,2024-01-17 13:52:14,CPU_OVERLOAD,Minor,False
1728,3642,51,131,2024-11-18 09:41:14,ANTENNA_FAULT,Info,False
1729,3780,14,177,2025-07-25 12:51:27,SIGNAL_DEGRADED,Major,False
1730,1891,176,69,2025-12-27 13:26:12,SYNC_LOSS,Minor,False
1731,3347,222,71,2024-10-07 17:20:38,ANTENNA_FAULT,Minor,True
1732,2607,498,134,2024-09-03 07:58:34,ANTENNA_FAULT,Minor,False
1733,3375,115,574,2024-12-13 18:41:14,CPU_OVERLOAD,Info,False
1734,2499,98,155,2025-11-16 21:10:04,RBS_OVER_TEMP,Info,False
1735,1253,22,967,2025-04-25 19:53:46,TRANSMISSION_ERROR,Critical,False
1736,1159,71,244,2024-03-14 10:12:59,TRANSMISSION_ERROR,Major,False
1737,3602,146,517,2025-03-01 21:35:53,SOFTWARE_CRASH,Critical,False
1738,657,167,183,2025-02-08 16:45:58,ANTENNA_FAULT,Critical,True
1739,178,163,264,2025-07-30 22:53:00,CPU_OVERLOAD,Minor,True
1740,3830,203,645,2025-02-21 18:18:29,SYNC_LOSS,Info,False
1741,3520,80,509,2024-07-03 21:57:12,SIGNAL_DEGRADED,Info,False
1742,3323,234,54,2024-08-25 02:16:54,CPU_OVERLOAD,Critical,False
1743,168,408,801,2024-04-24 19:03:41,TRANSMISSION_ERROR,Info,False
1744,2430,483,919,2025-03-03 15:11:10,SYNC_LOSS,Critical,False
1745,1428,153,970,2025-05-03 17:13:38,TRANSMISSION_ERROR,Minor,False
1746,478,178,528,2025-01-30 17:53:23,CPU_OVERLOAD,Minor,True
1747,775,92,888,2025-02-28 14:30:33,LINK_DOWN,Major,False
1748,3068,396,938,2024-09-01 12:52:24,SIGNAL_DEGRADED,Critical,False
1749,297,88,150,2025-11-13 20:24:11,FIBRE_BREAK,Major,True
1750,2836,303,835,2024-08-04 08:25:25,SOFTWARE_CRASH,Info,False
1751,3011,86,951,2024-01-02 16:57:42,RBS_OVER_TEMP,Minor,False
1752,1182,384,873,2024-11-16 16:01:03,TRANSMISSION_ERROR,Minor,False
1753,1236,231,693,2024-05-29 17:59:01,SIGNAL_DEGRADED,Minor,False
1754,4278,238,31,2024-11-11 08:08:09,BATTERY_LOW,Major,False
1755,286,43,903,2024-02-26 13:40:45,SIGNAL_DEGRADED,Major,False
1756,289,240,693,2024-08-08 16:15:49,SOFTWARE_CRASH,Critical,True
1757,2978,440,337,2025-03-07 05:00:55,SOFTWARE_CRASH,Major,True
1758,485,456,214,2024-08-01 20:14:30,POWER_ALARM,Info,False
1759,548,317,926,2025-04-25 10:20:25,TRANSMISSION_ERROR,Info,True
1760,1245,228,195,2025-12-14 12:28:41,FIBRE_BREAK,Critical,True
1761,2785,195,622,2025-10-15 16:56:00,LINK_DOWN,Major,True
1762,935,139,136,2025-01-06 08:50:35,SOFTWARE_CRASH,Major,False
1763,4694,8,241,2024-10-12 19:00:16,RBS_OVER_TEMP,Info,False
1764,1253,22,967,2025-04-25 20:11:46,BATTERY_LOW,Major,False
1765,1827,191,578,2024-07-21 12:08:49,POWER_ALARM,Major,True
1766,3293,268,353,2025-12-17 20:58:20,SOFTWARE_CRASH,Major,False
1767,234,317,890,2025-05-21 14:41:12,SOFTWARE_CRASH,Info,False
1768,2205,468,366,2025-08-11 13:23:02,POWER_ALARM,Info,False
1769,518,132,571,2025-01-20 12:08:02,SOFTWARE_CRASH,Info,False
1770,3455,65,188,2025-04-17 15:08:32,TRANSMISSION_ERROR,Major,False
1771,2650,169,564,2025-01-04 21:00:35,SYNC_LOSS,Minor,True
1772,2241,115,574,2024-03-13 11:47:10,ANTENNA_FAULT,Minor,False
1773,2297,422,356,2025-07-22 03:39:50,SOFTWARE_CRASH,Critical,False
1774,4528,29,178,2025-01-22 01:42:26,SOFTWARE_CRASH,Minor,False
1775,151,28,223,2025-04-09 18:52:32,CPU_OVERLOAD,Info,False
1776,3582,423,940,2025-10-18 22:41:16,MEMORY_HIGH,Minor,False
1777,339,447,227,2024-11-23 07:56:59,CPU_OVERLOAD,Minor,True
1778,2450,66,664,2025-03-13 10:50:28,LINK_DOWN,Major,False
1779,950,150,750,2024-06-03 08:46:19,SYNC_LOSS,Info,False
1780,2941,393,937,2025-05-25 08:42:36,CPU_OVERLOAD,Critical,False
1781,42,82,53,2025-08-03 19:17:25,TRANSMISSION_ERROR,Minor,False
1782,4205,462,817,2025-06-09 11:52:47,RBS_OVER_TEMP,Critical,True
1783,3750,233,813,2025-03-02 18:45:47,RBS_OVER_TEMP,Major,False
1784,3809,267,904,2024-12-04 02:53:39,MEMORY_HIGH,Minor,False
1785,1278,424,491,2024-02-16 22:44:59,LINK_DOWN,Critical,True
1786,2155,496,426,2024-03-25 02:11:27,MEMORY_HIGH,Minor,False
1787,2333,418,395,2024-09-14 03:49:15,SIGNAL_DEGRADED,Info,False
1788,1281,463,843,2025-06-08 16:15:51,SIGNAL_DEGRADED,Info,False
1789,3120,223,115,2024-01-18 18:39:56,SOFTWARE_CRASH,Critical,False
1790,1080,410,776,2024-03-14 23:31:58,LINK_DOWN,Minor,False
1791,1163,195,700,2024-01-26 22:24:22,BATTERY_LOW,Critical,False
1792,1723,387,302,2025-08-01 20:14:48,SYNC_LOSS,Info,False
1793,1765,148,772,2025-07-03 12:55:06,RBS_OVER_TEMP,Minor,True
1794,3931,376,323,2025-01-04 10:43:21,TRANSMISSION_ERROR,Minor,False
1795,2617,368,190,2025-02-15 11:05:10,BATTERY_LOW,Major,False
1796,1077,128,327,2024-08-01 21:32:19,FIBRE_BREAK,Info,False
1797,4192,184,48,2025-10-09 07:52:44,CPU_OVERLOAD,Info,False
1798,2043,46,667,2024-08-22 15:24:25,SIGNAL_DEGRADED,Info,False
1799,651,198,506,2024-10-30 13:33:08,TRANSMISSION_ERROR,Major,False
1800,717,415,976,2024-10-17 15:24:46,ANTENNA_FAULT,Minor,True
1801,572,137,604,2024-06-13 17:03:48,SIGNAL_DEGRADED,Major,True
1802,335,342,261,2025-02-28 12:19:51,MEMORY_HIGH,Major,False
1803,1521,471,490,2025-12-18 16:24:08,CPU_OVERLOAD,Critical,True
1804,2223,429,386,2025-04-26 14:07:48,SIGNAL_DEGRADED,Critical,True
1805,2,129,137,2025-07-02 17:45:48,CPU_OVERLOAD,Major,False
1806,3376,263,502,2024-03-20 11:41:49,BATTERY_LOW,Info,False
1807,151,28,223,2025-04-09 17:58:32,SIGNAL_DEGRADED,Critical,True
1808,757,279,113,2025-05-31 14:00:15,TRANSMISSION_ERROR,Major,False
1809,2666,197,73,2025-07-02 13:54:00,MEMORY_HIGH,Minor,False
1810,3685,217,318,2025-10-31 15:24:06,POWER_ALARM,Minor,False
1811,3557,435,94,2024-07-08 08:23:12,LINK_DOWN,Minor,False
1812,2940,314,92,2025-06-05 13:23:27,LINK_DOWN,Info,False
1813,3441,120,346,2024-01-21 19:06:59,TRANSMISSION_ERROR,Critical,False
1814,2526,441,847,2025-09-06 11:26:27,SOFTWARE_CRASH,Info,False
1815,4437,339,120,2024-03-10 01:25:44,BATTERY_LOW,Minor,False
1816,4301,432,303,2024-10-02 11:37:56,SIGNAL_DEGRADED,Minor,False
1817,3958,165,728,2025-10-03 05:57:02,ANTENNA_FAULT,Major,True
1818,89,117,17,2024-12-19 00:20:54,RBS_OVER_TEMP,Critical,False
1819,2632,125,682,2025-07-15 01:40:32,RBS_OVER_TEMP,Major,True
1820,4855,233,929,2025-07-14 14:12:06,RBS_OVER_TEMP,Minor,False
1821,157,303,304,2025-12-14 07:18:45,MEMORY_HIGH,Minor,False
1822,2438,339,972,2025-11-05 23:56:35,TRANSMISSION_ERROR,Critical,False
1823,739,139,672,2025-10-16 16:09:44,FIBRE_BREAK,Major,False
1824,4378,416,225,2024-12-08 04:20:54,LINK_DOWN,Critical,False
1825,1475,276,845,2025-12-02 16:19:47,ANTENNA_FAULT,Critical,True
1826,238,253,704,2024-03-06 11:51:10,FIBRE_BREAK,Info,True
1827,2766,499,965,2025-04-29 04:09:28,SOFTWARE_CRASH,Info,False
1828,2689,302,237,2025-12-07 21:04:14,LINK_DOWN,Minor,False
1829,1772,120,910,2024-01-24 14:18:17,BATTERY_LOW,Major,True
1830,1724,19,896,2025-03-03 09:23:21,RBS_OVER_TEMP,Critical,False
1831,4046,239,756,2024-04-05 22:04:14,RBS_OVER_TEMP,Major,True
1832,422,413,622,2025-09-13 13:22:52,POWER_ALARM,Major,False
1833,717,415,976,2024-10-17 15:24:46,SYNC_LOSS,Minor,False
1834,18,88,329,2025-09-19 11:07:41,TRANSMISSION_ERROR,Critical,True
1835,4097,252,195,2025-01-12 12:52:25,RBS_OVER_TEMP,Minor,False
1836,545,294,258,2024-02-25 18:05:00,SOFTWARE_CRASH,Info,True
1837,2659,90,186,2025-06-08 07:45:43,FIBRE_BREAK,Major,False
1838,1589,459,905,2025-12-11 08:21:31,POWER_ALARM,Major,False
1839,2399,163,481,2024-09-16 16:38:34,CPU_OVERLOAD,Info,False
1840,3705,468,882,2025-03-03 11:28:09,TRANSMISSION_ERROR,Critical,False
1841,2940,314,92,2025-06-05 13:21:27,SIGNAL_DEGRADED,Minor,False
1842,3832,335,998,2024-04-11 21:52:07,SIGNAL_DEGRADED,Info,False
1843,3778,271,897,2024-04-08 21:56:21,SIGNAL_DEGRADED,Minor,False
1844,4463,64,347,2025-08-12 14:23:54,POWER_ALARM,Minor,False
1845,2957,249,91,2025-07-27 17:10:30,MEMORY_HIGH,Critical,True
1846,1007,379,9,2025-08-22 13:51:34,LINK_DOWN,Minor,True
1847,4916,146,135,2025-02-25 11:27:07,ANTENNA_FAULT,Critical,False
1848,1447,500,757,2025-01-16 15:53:19,BATTERY_LOW,Info,False
1849,3327,124,550,2024-07-17 07:28:31,MEMORY_HIGH,Minor,False
1850,25,182,888,2025-08-13 18:06:14,SYNC_LOSS,Minor,False
1851,1013,109,493,2025-08-18 05:39:44,MEMORY_HIGH,Minor,False
1852,2446,70,619,2025-12-05 23:37:10,SIGNAL_DEGRADED,Major,False
1853,426,138,862,2024-06-11 06:36:24,BATTERY_LOW,Minor,False
1854,2779,108,633,2024-11-21 13:08:01,LINK_DOWN,Minor,False
1855,1471,299,829,2024-03-02 15:46:53,SIGNAL_DEGRADED,Major,False
1856,431,469,278,2024-12-24 22:08:06,SIGNAL_DEGRADED,Info,False
1857,140,162,983,2025-02-14 13:41:24,TRANSMISSION_ERROR,Major,False
1858,3984,159,616,2025-06-10 13:16:36,FIBRE_BREAK,Major,False
1859,2615,232,894,2024-05-27 23:18:39,SIGNAL_DEGRADED,Critical,True
1860,1842,6,379,2025-12-08 14:07:50,FIBRE_BREAK,Minor,False
1861,879,429,650,2024-04-29 20:40:58,SYNC_LOSS,Critical,False
1862,3248,74,779,2025-06-12 12:05:56,LINK_DOWN,Critical,False
1863,3050,73,279,2025-11-20 16:06:49,SIGNAL_DEGRADED,Major,False
1864,3241,73,755,2024-08-11 06:39:16,SOFTWARE_CRASH,Info,True
1865,2838,52,906,2024-09-20 20:29:10,BATTERY_LOW,Info,True
1866,4401,176,668,2025-03-19 16:30:08,SYNC_LOSS,Minor,True
1867,592,50,386,2025-07-04 14:45:39,TRANSMISSION_ERROR,Minor,False
1868,1282,77,658,2024-03-25 20:47:31,FIBRE_BREAK,Minor,True
1869,1787,247,344,2024-01-25 02:04:22,ANTENNA_FAULT,Major,False
1870,4660,8,359,2025-12-08 12:57:36,BATTERY_LOW,Info,False
1871,2948,197,9,2024-09-21 12:34:40,RBS_OVER_TEMP,Critical,True
1872,1491,254,404,2025-01-27 05:36:15,LINK_DOWN,Minor,False
1873,1146,44,290,2025-04-24 02:46:58,TRANSMISSION_ERROR,Major,False
1874,423,136,816,2024-01-12 20:09:14,MEMORY_HIGH,Info,False
1875,4678,26,411,2025-03-05 10:26:03,SYNC_LOSS,Major,False
1876,1100,139,771,2025-07-21 23:44:59,MEMORY_HIGH,Critical,False
1877,603,364,102,2024-06-26 14:24:50,FIBRE_BREAK,Minor,False
1878,1931,459,594,2025-04-25 18:08:16,MEMORY_HIGH,Major,False
1879,3748,121,837,2025-01-09 15:42:01,BATTERY_LOW,Minor,False
1880,33,436,945,2024-03-28 17:08:31,CPU_OVERLOAD,Major,False
1881,2741,72,269,2026-01-01 14:15:41,SIGNAL_DEGRADED,Info,True
1882,43,11,309,2024-09-21 12:57:27,POWER_ALARM,Major,False
1883,4411,279,363,2025-07-12 23:04:58,MEMORY_HIGH,Info,True
1884,1973,137,849,2025-05-16 10:15:49,MEMORY_HIGH,Minor,True
1885,3245,329,875,2025-06-27 09:22:48,SOFTWARE_CRASH,Info,True
1886,831,390,465,2025-10-01 13:04:49,MEMORY_HIGH,Info,True
1887,3226,83,757,2024-04-20 07:57:32,SYNC_LOSS,Info,False
1888,39,193,446,2024-04-09 01:59:57,BATTERY_LOW,Critical,False
1889,4084,52,393,2025-05-28 10:04:14,CPU_OVERLOAD,Major,True
1890,4401,176,668,2025-03-19 16:48:08,BATTERY_LOW,Minor,False
1891,4935,158,230,2025-03-21 00:14:39,ANTENNA_FAULT,Critical,False
1892,4833,213,472,2024-03-13 15:14:04,TRANSMISSION_ERROR,Info,True
1893,4220,4,429,2025-06-04 14:08:46,SOFTWARE_CRASH,Info,False
1894,2092,267,748,2024-08-21 07:38:40,SOFTWARE_CRASH,Info,False
1895,3393,240,556,2025-09-21 11:24:28,CPU_OVERLOAD,Major,False
1896,396,207,853,2025-06-27 17:54:52,SIGNAL_DEGRADED,Critical,False
1897,2236,291,820,2025-11-05 04:33:16,RBS_OVER_TEMP,Minor,False
1898,3689,316,614,2024-12-17 21:50:46,RBS_OVER_TEMP,Critical,False
1899,1833,410,263,2025-10-19 01:54:46,RBS_OVER_TEMP,Info,False
1900,2838,52,906,2024-09-20 20:17:10,CPU_OVERLOAD,Info,False
1901,2227,362,624,2025-01-11 17:10:06,BATTERY_LOW,Major,True
1902,3270,144,353,2025-08-04 15:52:49,ANTENNA_FAULT,Minor,False
1903,1659,336,989,2024-08-25 07:03:34,SYNC_LOSS,Major,True
1904,1592,103,254,2025-06-13 15:10:47,LINK_DOWN,Major,False
1905,4890,21,514,2025-08-30 10:32:06,FIBRE_BREAK,Info,False
1906,478,178,528,2025-01-30 18:04:23,CPU_OVERLOAD,Info,False
1907,3072,343,57,2024-05-25 22:06:17,SOFTWARE_CRASH,Info,False
1908,955,17,10,2025-09-22 14:46:46,TRANSMISSION_ERROR,Minor,False
1909,892,347,543,2025-12-16 18:40:46,CPU_OVERLOAD,Minor,False
1910,1271,495,62,2025-12-12 18:04:05,CPU_OVERLOAD,Major,True
1911,1571,32,307,2024-07-24 07:35:41,LINK_DOWN,Info,False
1912,1064,493,687,2025-06-21 12:57:11,MEMORY_HIGH,Critical,False
1913,2854,315,635,2025-09-26 08:11:16,POWER_ALARM,Minor,False
1914,4339,163,125,2024-11-01 01:33:34,MEMORY_HIGH,Critical,True
1915,2856,31,790,2024-04-18 14:48:00,RBS_OVER_TEMP,Minor,False
1916,259,414,917,2025-10-09 05:10:28,SOFTWARE_CRASH,Minor,False
1917,1067,103,351,2025-08-10 20:09:20,RBS_OVER_TEMP,Minor,False
1918,4140,235,321,2025-06-19 04:43:07,SYNC_LOSS,Info,False
1919,1874,489,328,2024-09-27 01:46:08,SIGNAL_DEGRADED,Info,False
1920,171,455,965,2024-12-02 09:54:28,TRANSMISSION_ERROR,Info,False
1921,369,430,820,2024-12-24 11:29:08,TRANSMISSION_ERROR,Minor,False
1922,200,400,281,2025-02-23 21:32:08,ANTENNA_FAULT,Critical,False
1923,1565,190,8,2024-03-28 21:07:33,BATTERY_LOW,Info,False
1924,110,214,484,2024-03-11 17:21:08,SIGNAL_DEGRADED,Critical,True
1925,4617,416,504,2026-01-01 11:35:31,SOFTWARE_CRASH,Minor,False
1926,1477,175,71,2024-08-29 10:54:57,CPU_OVERLOAD,Info,True
1927,2432,229,815,2025-03-11 20:45:34,LINK_DOWN,Critical,False
1928,3190,269,35,2024-01-15 04:34:48,LINK_DOWN,Major,False
1929,2873,370,982,2025-02-19 13:00:04,TRANSMISSION_ERROR,Minor,False
1930,1148,430,521,2024-08-21 10:08:42,POWER_ALARM,Major,False
1931,782,427,663,2024-12-02 10:36:59,ANTENNA_FAULT,Info,True
1932,1126,43,462,2024-10-29 15:39:24,MEMORY_HIGH,Info,False
1933,1006,129,474,2025-05-08 12:25:46,POWER_ALARM,Info,True
1934,146,11,417,2024-05-17 16:54:07,RBS_OVER_TEMP,Minor,True
1935,211,258,355,2025-12-17 17:39:07,SIGNAL_DEGRADED,Minor,False
1936,2662,306,699,2025-01-29 14:00:22,LINK_DOWN,Minor,False
1937,3648,383,927,2024-04-09 17:34:32,SIGNAL_DEGRADED,Minor,False
1938,2854,315,635,2025-09-26 08:16:16,FIBRE_BREAK,Major,False
1939,2419,227,411,2025-05-04 13:48:47,SYNC_LOSS,Minor,False
1940,1630,380,83,2025-01-30 20:09:22,MEMORY_HIGH,Critical,False
1941,2906,498,467,2024-03-03 17:16:25,RBS_OVER_TEMP,Info,False
1942,2690,472,558,2024-03-07 16:13:23,BATTERY_LOW,Critical,False
1943,2232,237,97,2024-12-12 11:37:41,SIGNAL_DEGRADED,Major,True
1944,4131,303,555,2025-09-23 15:40:00,SYNC_LOSS,Major,False
1945,4603,195,252,2024-02-11 16:02:19,SIGNAL_DEGRADED,Major,False
1946,3763,490,919,2025-06-24 09:37:53,POWER_ALARM,Minor,True
1947,2763,477,376,2025-07-03 15:07:30,TRANSMISSION_ERROR,Minor,False
1948,2654,456,829,2024-06-22 20:23:10,SIGNAL_DEGRADED,Major,False
1949,873,344,32,2024-02-10 16:27:34,RBS_OVER_TEMP,Minor,False
1950,4499,306,393,2025-10-06 23:23:29,TRANSMISSION_ERROR,Minor,False
1951,1189,360,814,2025-09-10 11:58:02,LINK_DOWN,Critical,True
1952,3318,424,296,2024-03-02 08:24:13,TRANSMISSION_ERROR,Info,False
1953,2447,357,377,2025-03-20 12:02:35,ANTENNA_FAULT,Info,False
1954,718,294,665,2024-03-15 02:55:19,SOFTWARE_CRASH,Major,False
1955,2949,139,929,2024-01-24 12:59:59,MEMORY_HIGH,Info,True
1956,2020,73,174,2025-03-01 18:39:09,ANTENNA_FAULT,Minor,True
1957,4244,13,138,2024-10-06 17:37:30,MEMORY_HIGH,Major,True
1958,4298,430,996,2025-10-29 13:10:30,LINK_DOWN,Info,True
1959,3572,436,930,2025-11-25 09:17:04,FIBRE_BREAK,Major,False
1960,3578,5,479,2025-05-20 17:14:34,SIGNAL_DEGRADED,Minor,False
1961,2033,306,757,2025-04-03 18:06:51,RBS_OVER_TEMP,Info,True
1962,67,323,738,2024-10-21 15:56:34,MEMORY_HIGH,Info,False
1963,2000,148,796,2025-09-28 16:36:58,POWER_ALARM,Info,True
1964,1707,380,204,2025-10-16 20:27:20,RBS_OVER_TEMP,Info,False
1965,4391,164,370,2025-05-06 14:08:10,RBS_OVER_TEMP,Info,False
1966,1246,100,248,2024-05-31 14:32:59,POWER_ALARM,Info,True
1967,2218,304,232,2024-04-20 16:28:08,CPU_OVERLOAD,Minor,False
1968,4714,331,146,2024-09-19 02:14:25,LINK_DOWN,Info,False
1969,4982,92,111,2024-09-03 09:45:08,SIGNAL_DEGRADED,Critical,False
1970,2098,428,461,2024-12-28 15:11:48,FIBRE_BREAK,Major,True
1971,749,368,992,2025-05-12 13:45:03,LINK_DOWN,Critical,True
1972,3012,339,326,2025-01-19 04:06:59,TRANSMISSION_ERROR,Info,True
1973,2795,111,773,2025-11-24 16:32:16,LINK_DOWN,Info,False
1974,2203,180,366,2024-06-22 04:01:01,SOFTWARE_CRASH,Info,False
1975,4978,71,885,2025-11-24 20:05:51,POWER_ALARM,Minor,False
1976,636,245,162,2024-07-27 16:30:18,RBS_OVER_TEMP,Critical,True
1977,1649,116,953,2025-07-26 23:21:58,FIBRE_BREAK,Major,True
1978,4640,488,656,2025-11-26 18:28:59,SIGNAL_DEGRADED,Info,True
1979,3023,267,441,2025-07-14 10:31:56,CPU_OVERLOAD,Minor,False
1980,1925,442,742,2024-09-02 10:33:49,POWER_ALARM,Minor,False
1981,3306,268,558,2025-05-22 23:42:56,BATTERY_LOW,Minor,False
1982,2993,484,373,2025-10-04 08:49:44,MEMORY_HIGH,Info,False
1983,4066,18,44,2025-08-12 05:43:15,BATTERY_LOW,Critical,False
1984,3105,463,615,2024-08-23 12:13:18,LINK_DOWN,Info,True
1985,1564,392,865,2025-12-13 08:04:27,ANTENNA_FAULT,Major,True
1986,4797,452,423,2024-03-30 10:20:09,POWER_ALARM,Info,True
1987,534,130,423,2025-12-29 11:32:00,ANTENNA_FAULT,Critical,True
1988,3697,417,194,2024-10-07 21:26:49,SOFTWARE_CRASH,Major,False
1989,1087,201,453,2025-09-17 12:07:51,SIGNAL_DEGRADED,Minor,False
1990,4775,489,819,2025-07-11 15:05:45,BATTERY_LOW,Info,False
1991,1099,158,784,2024-02-01 14:25:20,LINK_DOWN,Critical,False
1992,4994,484,371,2024-12-07 18:36:06,CPU_OVERLOAD,Minor,True
1993,3239,316,598,2024-08-11 13:07:16,MEMORY_HIGH,Major,False
1994,661,353,793,2024-10-06 23:52:12,FIBRE_BREAK,Minor,False
1995,336,297,70,2025-11-13 10:41:12,CPU_OVERLOAD,Critical,False
1996,2447,357,377,2025-03-20 11:53:35,RBS_OVER_TEMP,Info,False
1997,4488,133,431,2024-01-03 17:06:56,MEMORY_HIGH,Minor,True
1998,3042,1,153,2024-05-06 09:52:38,SYNC_LOSS,Major,False
1999,3421,326,878,2024-04-06 12:47:40,FIBRE_BREAK,Minor,False
2000,1232,27,391,2024-08-07 18:18:16,CPU_OVERLOAD,Info,False
2001,299,102,748,2025-02-20 19:39:52,POWER_ALARM,Info,False
2002,3079,290,875,2025-06-03 00:39:37,LINK_DOWN,Info,False
2003,1121,86,372,2024-07-04 06:10:58,SOFTWARE_CRASH,Info,False
2004,3603,426,751,2025-12-11 17:32:38,CPU_OVERLOAD,Minor,False
2005,4176,385,97,2024-11-25 15:08:40,BATTERY_LOW,Info,False
2006,3694,376,885,2024-07-17 21:58:26,SYNC_LOSS,Minor,False
2007,1552,95,291,2025-12-20 17:16:39,SOFTWARE_CRASH,Info,False
2008,3610,53,547,2024-02-22 16:13:14,RBS_OVER_TEMP,Major,False
2009,1838,259,322,2024-06-19 20:12:55,CPU_OVERLOAD,Info,True
2010,4729,483,996,2025-02-15 06:47:03,SYNC_LOSS,Info,False
2011,3085,247,167,2025-07-17 03:18:38,SYNC_LOSS,Critical,False
2012,3596,443,175,2025-06-03 12:42:47,SIGNAL_DEGRADED,Minor,False
2013,1678,86,814,2024-01-27 21:00:54,TRANSMISSION_ERROR,Info,False
2014,2459,182,205,2025-11-26 22:08:34,LINK_DOWN,Critical,False
2015,4186,365,235,2024-12-17 01:58:41,BATTERY_LOW,Minor,False
2016,2731,470,138,2025-05-08 20:57:06,POWER_ALARM,Minor,False
2017,4169,133,930,2025-09-07 02:39:03,SYNC_LOSS,Minor,False
2018,3188,279,250,2024-12-03 15:56:27,LINK_DOWN,Info,False
2019,2493,422,618,2024-05-12 17:35:43,RBS_OVER_TEMP,Info,False
2020,241,17,601,2025-10-20 05:46:22,CPU_OVERLOAD,Minor,False
2021,2793,138,435,2025-12-16 17:11:38,RBS_OVER_TEMP,Major,False
2022,1338,78,573,2024-12-26 12:38:03,SYNC_LOSS,Info,False
2023,2678,440,608,2025-07-15 12:51:35,FIBRE_BREAK,Major,True
2024,3624,337,351,2024-03-03 15:44:17,SOFTWARE_CRASH,Critical,False
2025,2007,37,35,2025-05-03 11:07:06,POWER_ALARM,Minor,True
2026,1665,171,834,2024-11-10 22:54:24,MEMORY_HIGH,Info,True
2027,2658,496,168,2025-04-02 13:06:22,SOFTWARE_CRASH,Major,False
2028,2675,491,788,2025-09-28 13:29:02,SIGNAL_DEGRADED,Minor,False
2029,4373,300,342,2025-03-05 23:37:51,SYNC_LOSS,Major,False
2030,1829,323,732,2024-05-30 20:20:36,LINK_DOWN,Minor,False
2031,1418,121,541,2024-07-21 22:52:35,CPU_OVERLOAD,Major,True
2032,4830,285,562,2025-12-11 16:54:37,CPU_OVERLOAD,Info,False
2033,933,256,518,2024-05-13 02:12:39,BATTERY_LOW,Critical,True
2034,4102,404,370,2025-07-20 15:58:40,CPU_OVERLOAD,Major,False
2035,3406,448,358,2025-08-25 09:16:17,FIBRE_BREAK,Minor,False
2036,1314,336,809,2024-10-29 14:53:37,CPU_OVERLOAD,Minor,True
2037,3372,90,716,2025-06-02 06:50:43,SIGNAL_DEGRADED,Major,False
2038,2800,341,585,2024-04-23 14:17:42,TRANSMISSION_ERROR,Major,False
2039,754,385,331,2025-05-23 14:03:25,CPU_OVERLOAD,Info,False
2040,2003,412,111,2025-11-19 11:52:32,LINK_DOWN,Critical,False
2041,1732,107,389,2025-06-10 00:23:06,SOFTWARE_CRASH,Minor,False
2042,886,199,765,2025-07-04 15:42:52,RBS_OVER_TEMP,Minor,True
2043,1227,15,536,2025-05-03 22:58:25,TRANSMISSION_ERROR,Minor,False
2044,532,132,569,2025-12-04 17:31:47,TRANSMISSION_ERROR,Minor,False
2045,4820,100,737,2024-02-16 11:29:35,CPU_OVERLOAD,Info,True
2046,891,338,248,2025-06-03 14:24:09,ANTENNA_FAULT,Info,True
2047,2219,485,810,2025-02-23 10:21:33,TRANSMISSION_ERROR,Critical,False
2048,2367,172,399,2025-08-19 10:40:42,RBS_OVER_TEMP,Critical,False
2049,3454,344,732,2025-11-06 12:37:05,SIGNAL_DEGRADED,Major,False
2050,3685,217,318,2025-10-31 15:33:06,FIBRE_BREAK,Critical,False
2051,4544,96,134,2025-03-26 08:09:41,SOFTWARE_CRASH,Info,True
2052,3295,281,452,2025-04-06 09:15:06,SOFTWARE_CRASH,Critical,False
2053,2324,420,820,2024-02-20 00:32:54,TRANSMISSION_ERROR,Info,False
2054,1647,74,94,2024-06-19 10:22:05,MEMORY_HIGH,Minor,True
2055,2760,62,162,2025-11-14 11:44:48,SYNC_LOSS,Critical,False
2056,3752,493,334,2025-09-29 18:04:34,FIBRE_BREAK,Critical,True
2057,573,310,716,2024-03-29 17:03:42,FIBRE_BREAK,Info,True
2058,1296,48,71,2025-09-13 08:59:32,TRANSMISSION_ERROR,Minor,False
2059,3780,14,177,2025-07-25 12:51:27,SYNC_LOSS,Major,True
2060,522,36,263,2024-12-15 11:12:12,RBS_OVER_TEMP,Minor,True
2061,2553,445,286,2025-01-16 07:03:37,SYNC_LOSS,Minor,True
2062,2455,13,853,2025-01-20 17:17:57,FIBRE_BREAK,Minor,False
2063,4031,484,137,2024-09-14 10:47:56,POWER_ALARM,Info,False
2064,3733,265,292,2025-02-14 13:05:19,SOFTWARE_CRASH,Major,False
2065,1563,278,739,2025-04-16 11:40:15,FIBRE_BREAK,Info,False
2066,3169,469,767,2025-09-26 22:27:26,FIBRE_BREAK,Critical,False
2067,1986,287,984,2025-05-05 13:50:42,POWER_ALARM,Major,False
2068,2928,206,966,2024-04-27 14:31:59,RBS_OVER_TEMP,Critical,False
2069,4572,105,368,2024-08-07 16:45:20,CPU_OVERLOAD,Info,True
2070,1812,136,734,2025-09-11 10:04:51,FIBRE_BREAK,Major,False
2071,2353,271,393,2025-01-27 16:34:19,SOFTWARE_CRASH,Minor,False
2072,3567,413,460,2024-09-08 10:51:18,FIBRE_BREAK,Minor,False
2073,524,47,414,2024-05-14 02:17:27,POWER_ALARM,Critical,False
2074,963,119,151,2025-05-07 20:13:15,SYNC_LOSS,Info,False
2075,3992,338,252,2024-08-04 10:52:37,FIBRE_BREAK,Critical,False
2076,1793,112,944,2025-09-05 22:00:46,RBS_OVER_TEMP,Major,True
2077,3012,339,326,2025-01-19 04:06:59,MEMORY_HIGH,Minor,False
2078,1516,37,128,2025-04-09 20:34:16,SYNC_LOSS,Minor,False
2079,614,95,15,2024-05-19 05:31:20,SIGNAL_DEGRADED,Minor,False
2080,322,379,585,2024-04-06 10:21:28,LINK_DOWN,Info,False
2081,2635,182,475,2025-09-30 12:13:07,ANTENNA_FAULT,Major,False
2082,3240,160,607,2024-02-23 19:21:05,SIGNAL_DEGRADED,Critical,True
2083,245,73,609,2025-05-26 15:22:41,SYNC_LOSS,Minor,False
2084,2428,9,622,2025-07-15 02:06:36,SOFTWARE_CRASH,Critical,False
2085,2985,53,329,2025-03-21 13:30:23,FIBRE_BREAK,Minor,False
2086,241,17,601,2025-10-20 05:46:22,POWER_ALARM,Major,False
2087,3224,308,579,2025-01-16 13:09:18,ANTENNA_FAULT,Minor,False
2088,3011,86,951,2024-01-02 16:53:42,ANTENNA_FAULT,Critical,True
2089,709,137,391,2025-09-24 18:23:13,LINK_DOWN,Info,True
2090,2248,181,462,2024-04-10 07:30:15,TRANSMISSION_ERROR,Minor,False
2091,3075,191,244,2024-02-28 12:14:18,BATTERY_LOW,Critical,True
2092,2407,14,977,2024-03-17 09:00:33,ANTENNA_FAULT,Info,False
2093,3915,156,79,2025-07-05 00:06:37,ANTENNA_FAULT,Info,True
2094,3092,266,959,2024-12-10 07:12:45,MEMORY_HIGH,Major,False
2095,3245,329,875,2025-06-27 09:34:48,SOFTWARE_CRASH,Minor,False
2096,496,96,570,2025-03-20 13:51:29,TRANSMISSION_ERROR,Critical,False
2097,2986,200,468,2025-08-30 11:20:30,SIGNAL_DEGRADED,Major,False
2098,4404,5,267,2024-08-02 11:30:38,LINK_DOWN,Major,False
2099,2055,167,722,2025-06-19 11:02:57,RBS_OVER_TEMP,Minor,False
2100,1193,108,944,2025-04-17 12:37:59,SOFTWARE_CRASH,Major,True
2101,2249,418,959,2025-11-21 09:40:51,BATTERY_LOW,Critical,True
2102,4920,433,944,2025-11-06 03:17:03,LINK_DOWN,Info,True
2103,4141,410,785,2025-07-27 17:27:17,FIBRE_BREAK,Info,False
2104,3845,88,807,2024-11-10 23:00:38,LINK_DOWN,Minor,False
2105,2240,229,69,2024-09-04 17:52:26,RBS_OVER_TEMP,Critical,True
2106,39,193,446,2024-04-09 01:48:57,SOFTWARE_CRASH,Critical,False
2107,988,482,181,2025-04-26 19:26:52,FIBRE_BREAK,Info,False
2108,4682,332,840,2024-04-28 06:30:45,MEMORY_HIGH,Minor,True
2109,4535,145,316,2024-11-20 05:24:38,TRANSMISSION_ERROR,Info,False
2110,4384,155,810,2025-10-09 14:05:05,ANTENNA_FAULT,Major,False
2111,4864,281,314,2024-04-06 14:05:57,TRANSMISSION_ERROR,Info,False
2112,1483,287,891,2024-04-26 06:20:56,POWER_ALARM,Minor,False
2113,4205,462,817,2025-06-09 12:13:47,POWER_ALARM,Minor,False
2114,4206,100,614,2025-03-31 04:38:35,RBS_OVER_TEMP,Minor,False
2115,981,359,972,2024-12-25 16:21:06,SIGNAL_DEGRADED,Critical,True
2116,2567,422,360,2024-11-13 08:39:25,SOFTWARE_CRASH,Critical,False
2117,633,62,863,2024-08-11 03:50:55,SYNC_LOSS,Major,True
2118,3020,371,877,2024-10-13 08:55:17,MEMORY_HIGH,Major,False
2119,3101,207,361,2025-12-31 10:12:57,TRANSMISSION_ERROR,Info,False
2120,4980,99,344,2025-11-23 09:08:47,SIGNAL_DEGRADED,Info,True
2121,3381,237,279,2024-10-01 18:32:51,SYNC_LOSS,Critical,False
2122,3792,407,836,2025-04-16 06:23:41,LINK_DOWN,Minor,False
2123,1188,354,959,2024-06-23 20:23:28,SIGNAL_DEGRADED,Minor,False
2124,4398,118,738,2025-01-25 14:50:18,CPU_OVERLOAD,Minor,False
2125,4175,345,774,2025-05-23 06:28:41,POWER_ALARM,Minor,False
2126,856,432,546,2025-08-16 08:25:24,MEMORY_HIGH,Info,False
2127,1715,464,630,2024-04-26 16:51:46,LINK_DOWN,Info,False
2128,603,364,102,2024-06-26 14:40:50,TRANSMISSION_ERROR,Minor,True
2129,3842,493,985,2025-11-07 22:13:32,SOFTWARE_CRASH,Minor,True
2130,2122,175,970,2025-05-19 21:56:24,FIBRE_BREAK,Minor,False
2131,4365,383,958,2025-04-29 06:31:52,RBS_OVER_TEMP,Critical,False
2132,3325,233,963,2024-10-03 14:19:34,SYNC_LOSS,Major,False
2133,4498,483,910,2024-08-18 09:47:05,LINK_DOWN,Minor,False
2134,4168,308,317,2025-11-06 11:33:40,ANTENNA_FAULT,Info,False
2135,439,421,17,2025-04-04 10:38:21,FIBRE_BREAK,Minor,True
2136,201,218,857,2025-01-12 10:06:31,CPU_OVERLOAD,Major,False
2137,3711,101,742,2025-11-14 14:58:55,CPU_OVERLOAD,Critical,False
2138,837,260,653,2025-02-14 09:58:41,LINK_DOWN,Info,False
2139,1835,450,508,2024-02-18 01:33:55,LINK_DOWN,Info,True
2140,126,123,514,2025-02-03 18:10:01,MEMORY_HIGH,Major,True
2141,867,252,896,2024-07-13 10:31:38,FIBRE_BREAK,Critical,True
2142,1046,406,279,2024-09-01 01:15:15,RBS_OVER_TEMP,Info,False
2143,2946,313,575,2024-03-20 18:14:38,SYNC_LOSS,Info,False
2144,3461,212,613,2025-01-20 07:21:07,POWER_ALARM,Major,True
2145,4207,268,342,2025-06-11 09:00:16,CPU_OVERLOAD,Minor,True
2146,1129,70,479,2024-03-22 04:11:35,SOFTWARE_CRASH,Minor,False
2147,4461,383,178,2024-09-17 01:37:38,SIGNAL_DEGRADED,Minor,False
2148,752,19,72,2024-06-30 15:15:04,FIBRE_BREAK,Critical,False
2149,2526,441,847,2025-09-06 11:27:27,SIGNAL_DEGRADED,Major,False
2150,3759,351,62,2025-05-05 11:48:53,SYNC_LOSS,Minor,False
2151,2468,349,717,2025-05-08 22:05:55,POWER_ALARM,Minor,False
2152,3701,333,736,2025-01-26 14:17:51,TRANSMISSION_ERROR,Major,False
2153,3699,251,356,2024-12-26 11:23:19,SOFTWARE_CRASH,Minor,True
2154,2712,456,494,2024-03-19 08:40:14,CPU_OVERLOAD,Minor,False
2155,1165,2,438,2024-10-03 10:27:22,POWER_ALARM,Major,False
2156,1725,136,474,2025-08-19 03:35:26,RBS_OVER_TEMP,Critical,True
2157,930,36,622,2025-08-17 04:00:34,TRANSMISSION_ERROR,Minor,False
2158,4190,51,362,2024-04-22 17:58:27,POWER_ALARM,Info,False
2159,4881,54,215,2025-12-27 17:24:45,POWER_ALARM,Minor,False
2160,1998,62,322,2025-07-23 03:11:21,CPU_OVERLOAD,Critical,False
2161,958,307,258,2025-01-22 08:36:03,CPU_OVERLOAD,Minor,False
2162,1729,388,714,2025-02-07 11:03:00,RBS_OVER_TEMP,Minor,False
2163,3407,247,195,2024-12-27 10:28:05,ANTENNA_FAULT,Info,False
2164,1090,8,767,2024-07-31 22:20:13,LINK_DOWN,Minor,False
2165,1695,13,755,2025-12-25 10:09:08,POWER_ALARM,Info,False
2166,3168,439,892,2025-11-28 13:43:43,ANTENNA_FAULT,Minor,False
2167,2288,400,313,2024-08-07 15:28:48,SYNC_LOSS,Major,True
2168,239,195,385,2024-10-04 15:32:01,BATTERY_LOW,Major,False
2169,1582,217,284,2024-10-05 08:59:32,RBS_OVER_TEMP,Info,False
2170,639,227,693,2025-06-13 12:57:59,SYNC_LOSS,Minor,False
2171,4041,179,919,2025-09-28 21:19:46,RBS_OVER_TEMP,Minor,False
2172,3148,125,435,2024-06-29 23:13:40,LINK_DOWN,Info,True
2173,142,198,141,2025-09-13 09:37:46,BATTERY_LOW,Info,False
2174,1670,270,471,2025-08-04 16:41:37,ANTENNA_FAULT,Critical,False
2175,3904,211,276,2025-01-12 11:51:50,FIBRE_BREAK,Critical,False
2176,831,390,465,2025-10-01 13:02:49,SOFTWARE_CRASH,Major,True
2177,297,88,150,2025-11-13 20:27:11,TRANSMISSION_ERROR,Minor,False
2178,4570,450,753,2024-09-01 14:04:50,SIGNAL_DEGRADED,Info,True
2179,1555,192,704,2024-02-02 19:27:48,LINK_DOWN,Major,False
2180,1175,377,228,2025-07-05 01:17:45,RBS_OVER_TEMP,Major,True
2181,4977,192,169,2025-09-16 12:13:53,SIGNAL_DEGRADED,Major,False
2182,3444,344,260,2025-05-16 22:47:54,LINK_DOWN,Major,False
2183,771,112,108,2024-10-25 15:51:38,SIGNAL_DEGRADED,Critical,False
2184,2203,180,366,2024-06-22 03:59:01,FIBRE_BREAK,Critical,False
2185,4152,223,160,2024-06-19 12:00:25,POWER_ALARM,Minor,False
2186,2917,201,993,2024-03-12 21:26:45,LINK_DOWN,Major,False
2187,4682,332,840,2024-04-28 06:31:45,LINK_DOWN,Info,False
2188,3093,119,749,2025-04-02 19:30:49,ANTENNA_FAULT,Info,False
2189,4845,130,146,2025-08-02 17:26:29,ANTENNA_FAULT,Info,False
2190,2209,30,801,2024-09-11 14:10:31,BATTERY_LOW,Major,False
2191,3810,318,362,2024-09-28 14:04:46,POWER_ALARM,Info,True
2192,2537,242,295,2024-02-25 01:58:08,SIGNAL_DEGRADED,Minor,False
2193,2335,266,662,2025-09-01 11:31:41,POWER_ALARM,Info,False
2194,4190,51,362,2024-04-22 17:42:27,RBS_OVER_TEMP,Major,False
2195,4810,31,349,2024-04-06 08:13:04,BATTERY_LOW,Minor,False
2196,1616,207,526,2024-06-23 21:42:36,LINK_DOWN,Info,False
2197,1018,194,893,2024-11-09 10:04:27,POWER_ALARM,Minor,False
2198,3527,429,514,2024-04-23 11:14:37,MEMORY_HIGH,Critical,False
2199,2205,468,366,2025-08-11 13:15:02,LINK_DOWN,Info,False
2200,1630,380,83,2025-01-30 20:11:22,TRANSMISSION_ERROR,Info,False
2201,1421,500,687,2025-11-02 16:09:40,BATTERY_LOW,Critical,False
2202,1109,196,863,2025-04-08 17:35:12,BATTERY_LOW,Major,False
2203,4706,314,647,2025-09-30 04:30:32,ANTENNA_FAULT,Major,False
2204,2911,451,718,2025-06-16 16:46:38,BATTERY_LOW,Minor,True
2205,246,156,314,2024-08-25 12:57:40,SOFTWARE_CRASH,Minor,False
2206,358,222,724,2025-12-14 03:49:02,MEMORY_HIGH,Info,True
2207,2987,397,734,2024-04-11 10:44:38,SYNC_LOSS,Critical,False
2208,712,92,158,2025-01-28 18:14:01,POWER_ALARM,Critical,True
2209,4181,467,919,2025-05-25 13:50:25,LINK_DOWN,Major,False
2210,1886,289,464,2024-08-22 12:41:36,ANTENNA_FAULT,Info,True
2211,2791,219,610,2025-06-06 11:32:51,POWER_ALARM,Major,False
2212,1759,119,307,2025-04-05 11:40:40,LINK_DOWN,Minor,False
2213,4781,80,536,2024-02-22 17:04:57,TRANSMISSION_ERROR,Major,False
2214,2987,397,734,2024-04-11 10:43:38,RBS_OVER_TEMP,Minor,False
2215,3417,337,600,2024-03-17 08:21:08,LINK_DOWN,Major,False
2216,921,401,395,2024-11-17 12:17:02,POWER_ALARM,Critical,False
2217,1042,229,943,2025-07-05 17:30:20,MEMORY_HIGH,Major,False
2218,3600,94,651,2025-11-02 15:26:44,POWER_ALARM,Critical,False
2219,451,36,556,2025-01-21 08:38:49,BATTERY_LOW,Minor,False
2220,4146,364,811,2024-07-15 11:26:15,ANTENNA_FAULT,Minor,False
2221,3531,376,141,2025-03-18 12:10:41,TRANSMISSION_ERROR,Minor,False
2222,3286,241,983,2024-10-16 08:47:56,FIBRE_BREAK,Major,True
2223,3339,319,718,2025-10-15 09:15:03,ANTENNA_FAULT,Critical,True
2224,4487,418,110,2024-03-23 12:41:16,CPU_OVERLOAD,Minor,False
2225,4337,212,580,2024-04-09 11:41:24,CPU_OVERLOAD,Critical,False
2226,2314,336,356,2024-01-21 04:52:31,FIBRE_BREAK,Info,False
2227,11,157,30,2024-03-03 16:57:28,SOFTWARE_CRASH,Info,False
2228,1108,377,964,2025-01-02 06:30:40,FIBRE_BREAK,Major,False
2229,64,263,436,2024-11-06 13:19:56,SOFTWARE_CRASH,Info,True
2230,1726,91,488,2024-09-25 22:26:33,FIBRE_BREAK,Info,True
2231,556,442,745,2024-09-15 10:12:43,ANTENNA_FAULT,Major,False
2232,1023,368,994,2025-01-29 15:28:01,SYNC_LOSS,Minor,False
2233,4392,84,223,2024-08-11 07:36:49,RBS_OVER_TEMP,Minor,True
2234,3535,8,925,2025-05-07 14:08:57,SYNC_LOSS,Info,False
2235,1747,146,305,2025-10-05 15:40:23,SYNC_LOSS,Info,False
2236,2073,202,578,2024-07-22 09:35:12,ANTENNA_FAULT,Info,False
2237,2297,422,356,2025-07-22 03:06:50,LINK_DOWN,Critical,True
2238,707,357,950,2024-12-15 21:27:33,SIGNAL_DEGRADED,Info,False
2239,3252,400,412,2025-10-10 13:48:21,BATTERY_LOW,Major,True
2240,873,344,32,2024-02-10 16:31:34,ANTENNA_FAULT,Major,False
2241,2831,419,232,2024-12-06 14:26:40,ANTENNA_FAULT,Critical,False
2242,182,7,901,2024-12-17 03:21:27,POWER_ALARM,Major,False
2243,3611,54,208,2025-11-28 11:31:41,SIGNAL_DEGRADED,Info,True
2244,1100,139,771,2025-07-22 00:08:59,MEMORY_HIGH,Minor,False
2245,3695,401,139,2025-01-24 09:56:25,ANTENNA_FAULT,Minor,False
2246,3618,327,596,2024-03-19 12:30:17,POWER_ALARM,Minor,False
2247,987,399,952,2024-12-08 20:26:12,BATTERY_LOW,Info,False
2248,4126,94,684,2024-11-26 06:36:38,SIGNAL_DEGRADED,Major,True
2249,536,205,946,2025-02-15 21:24:38,FIBRE_BREAK,Info,False
2250,4253,382,527,2024-08-11 11:04:56,SOFTWARE_CRASH,Critical,True
2251,4025,246,652,2024-12-28 00:58:02,TRANSMISSION_ERROR,Critical,True
2252,645,268,551,2024-01-21 16:52:43,MEMORY_HIGH,Major,False
2253,4279,278,686,2024-01-01 22:46:41,LINK_DOWN,Major,False
2254,1164,182,915,2025-05-18 15:08:17,ANTENNA_FAULT,Minor,False
2255,2428,9,622,2025-07-15 02:17:36,LINK_DOWN,Major,True
2256,789,121,174,2024-01-26 10:30:40,BATTERY_LOW,Info,True
2257,2396,418,621,2024-08-04 21:13:32,SYNC_LOSS,Critical,False
2258,3034,99,776,2024-07-29 17:11:05,BATTERY_LOW,Major,False
2259,3628,167,95,2025-03-04 15:25:17,MEMORY_HIGH,Critical,True
2260,4664,431,475,2025-12-04 11:29:56,SIGNAL_DEGRADED,Minor,False
2261,331,100,529,2025-09-01 08:10:20,BATTERY_LOW,Info,True
2262,4287,17,172,2024-10-08 04:29:04,SOFTWARE_CRASH,Minor,True
2263,3953,242,12,2024-09-17 22:31:41,RBS_OVER_TEMP,Info,False
2264,4318,383,75,2025-10-23 18:51:15,FIBRE_BREAK,Minor,False
2265,1689,242,37,2025-02-19 13:08:27,TRANSMISSION_ERROR,Minor,False
2266,4780,127,289,2025-04-13 18:50:54,TRANSMISSION_ERROR,Info,True
2267,1551,314,835,2024-08-07 04:23:37,TRANSMISSION_ERROR,Major,True
2268,1612,282,925,2025-10-12 15:03:16,SIGNAL_DEGRADED,Info,True
2269,2442,296,170,2024-11-01 19:50:49,POWER_ALARM,Major,False
2270,2607,498,134,2024-09-03 08:41:34,TRANSMISSION_ERROR,Major,False
2271,681,263,390,2025-12-06 04:34:38,RBS_OVER_TEMP,Info,False
2272,956,22,257,2025-12-26 16:56:38,SOFTWARE_CRASH,Major,False
2273,1432,89,555,2024-09-14 13:08:14,RBS_OVER_TEMP,Minor,True
2274,4479,420,766,2025-10-08 10:17:46,SYNC_LOSS,Info,True
2275,2203,180,366,2024-06-22 04:06:01,LINK_DOWN,Minor,False
2276,2249,418,959,2025-11-21 10:02:51,ANTENNA_FAULT,Info,True
2277,4025,246,652,2024-12-28 01:16:02,ANTENNA_FAULT,Critical,False
2278,34,344,925,2024-10-19 10:08:35,MEMORY_HIGH,Critical,False
2279,3053,490,919,2025-09-01 03:45:47,CPU_OVERLOAD,Critical,False
2280,3546,6,419,2024-06-15 20:26:45,MEMORY_HIGH,Critical,False
2281,332,464,516,2024-12-07 09:53:44,SOFTWARE_CRASH,Critical,False
2282,4287,17,172,2024-10-08 04:37:04,CPU_OVERLOAD,Minor,False
2283,317,96,995,2024-03-28 23:20:46,ANTENNA_FAULT,Major,True
2284,2410,251,195,2024-06-30 15:48:05,ANTENNA_FAULT,Critical,False
2285,1034,42,940,2025-11-18 10:26:00,POWER_ALARM,Minor,True
2286,1522,353,652,2025-07-28 18:33:05,BATTERY_LOW,Info,True
2287,2959,198,657,2025-12-10 16:26:22,SOFTWARE_CRASH,Major,False
2288,3924,162,166,2025-07-18 04:07:01,BATTERY_LOW,Critical,False
2289,1286,77,768,2024-02-09 11:38:07,CPU_OVERLOAD,Minor,True
2290,1032,5,596,2024-12-24 09:09:05,SIGNAL_DEGRADED,Info,False
2291,3915,156,79,2025-07-05 00:05:37,LINK_DOWN,Minor,True
2292,897,106,499,2024-04-05 16:55:51,SOFTWARE_CRASH,Info,False
2293,1763,302,291,2024-12-02 22:58:54,LINK_DOWN,Critical,False
2294,422,413,622,2025-09-13 13:30:52,RBS_OVER_TEMP,Major,False
2295,654,310,640,2025-10-17 18:12:05,FIBRE_BREAK,Major,False
2296,1133,225,32,2025-06-18 16:54:01,MEMORY_HIGH,Minor,True
2297,688,267,61,2025-09-23 08:29:46,SOFTWARE_CRASH,Critical,False
2298,81,123,475,2025-04-30 15:26:26,FIBRE_BREAK,Major,False
2299,1975,344,738,2025-11-24 10:16:26,RBS_OVER_TEMP,Critical,True
2300,4959,106,350,2025-10-25 22:28:52,SOFTWARE_CRASH,Minor,False
2301,3917,51,313,2025-03-05 17:51:32,SOFTWARE_CRASH,Minor,True
2302,337,490,63,2024-07-22 07:25:16,ANTENNA_FAULT,Info,False
2303,1900,398,389,2024-12-04 00:33:58,POWER_ALARM,Major,False
2304,127,292,998,2025-04-13 07:45:27,SIGNAL_DEGRADED,Info,False
2305,3382,412,985,2025-01-29 16:41:23,CPU_OVERLOAD,Major,True
2306,2109,394,808,2024-02-19 09:45:48,SIGNAL_DEGRADED,Minor,False
2307,3612,471,362,2025-07-21 12:14:42,SYNC_LOSS,Info,False
2308,3263,389,517,2025-11-23 19:03:38,FIBRE_BREAK,Minor,False
2309,2968,435,947,2024-11-27 11:14:28,BATTERY_LOW,Critical,True
2310,3312,294,341,2024-07-27 08:53:34,RBS_OVER_TEMP,Critical,False
2311,191,178,283,2025-08-22 09:29:59,CPU_OVERLOAD,Critical,True
2312,2200,279,11,2024-07-03 17:55:53,FIBRE_BREAK,Major,False
2313,2583,449,258,2024-01-03 16:10:06,LINK_DOWN,Minor,False
2314,2779,108,633,2024-11-21 13:08:01,BATTERY_LOW,Minor,False
2315,4713,483,779,2025-09-12 18:19:43,FIBRE_BREAK,Minor,False
2316,1533,8,900,2024-01-24 12:15:59,POWER_ALARM,Minor,False
2317,1479,94,137,2025-08-22 12:37:08,LINK_DOWN,Minor,False
2318,2775,48,353,2024-11-18 15:37:21,BATTERY_LOW,Minor,False
2319,1430,343,178,2024-07-07 17:52:12,SIGNAL_DEGRADED,Major,False
2320,2505,277,564,2025-12-25 11:04:52,POWER_ALARM,Minor,False
2321,3971,295,343,2024-08-21 16:49:49,RBS_OVER_TEMP,Minor,False
2322,2116,429,632,2024-12-07 02:40:28,FIBRE_BREAK,Major,False
2323,2799,52,905,2025-06-08 07:37:53,MEMORY_HIGH,Info,True
2324,2299,340,607,2024-03-04 12:38:52,SIGNAL_DEGRADED,Info,False
2325,4166,124,303,2025-09-18 13:56:16,SOFTWARE_CRASH,Major,False
2326,392,244,628,2024-04-26 12:10:25,POWER_ALARM,Minor,True
2327,851,266,612,2024-06-19 04:54:38,POWER_ALARM,Minor,False
2328,2185,453,410,2024-06-22 12:08:19,RBS_OVER_TEMP,Info,True
2329,4934,283,922,2024-03-15 05:59:03,SIGNAL_DEGRADED,Major,False
2330,1933,495,949,2024-05-23 18:23:40,ANTENNA_FAULT,Minor,False
2331,1701,6,645,2025-10-06 06:27:35,SOFTWARE_CRASH,Critical,False
2332,3886,230,14,2025-09-30 01:04:57,RBS_OVER_TEMP,Critical,False
2333,1120,299,705,2024-06-25 22:52:16,ANTENNA_FAULT,Minor,False
2334,4961,287,485,2024-09-28 18:17:03,TRANSMISSION_ERROR,Critical,True
2335,3304,48,9,2025-07-25 14:58:35,RBS_OVER_TEMP,Info,False
2336,4846,164,965,2024-04-23 17:33:57,CPU_OVERLOAD,Info,False
2337,2542,90,727,2025-09-27 08:44:29,LINK_DOWN,Critical,True
2338,2152,146,241,2024-09-02 14:34:06,CPU_OVERLOAD,Minor,False
2339,1876,4,798,2024-09-01 17:05:01,RBS_OVER_TEMP,Critical,True
2340,4375,195,44,2025-11-25 11:56:04,SYNC_LOSS,Minor,False
2341,871,88,127,2024-04-24 01:02:33,CPU_OVERLOAD,Critical,False
2342,1558,453,532,2024-02-18 12:57:59,FIBRE_BREAK,Critical,False
2343,1539,39,281,2024-10-06 14:55:00,CPU_OVERLOAD,Major,False
2344,4179,157,528,2024-11-12 14:32:39,CPU_OVERLOAD,Info,False
2345,2721,95,329,2024-06-12 11:01:20,LINK_DOWN,Minor,True
2346,3039,365,566,2024-05-28 14:33:19,RBS_OVER_TEMP,Major,False
2347,1199,217,892,2025-09-04 02:15:12,LINK_DOWN,Info,False
2348,3083,489,107,2024-08-06 21:02:30,MEMORY_HIGH,Info,True
2349,4216,102,994,2025-12-01 23:44:07,BATTERY_LOW,Info,False
2350,2022,131,663,2025-08-04 15:17:59,BATTERY_LOW,Major,True
2351,4427,445,87,2025-07-27 05:00:26,BATTERY_LOW,Info,False
2352,2193,273,237,2025-04-05 11:59:33,SOFTWARE_CRASH,Critical,True
2353,508,380,975,2024-03-21 17:07:35,SOFTWARE_CRASH,Critical,True
2354,280,421,234,2024-07-10 08:20:20,POWER_ALARM,Major,True
2355,1754,28,395,2025-10-13 18:15:23,LINK_DOWN,Info,True
2356,721,250,60,2025-01-22 09:26:24,BATTERY_LOW,Minor,False
2357,1838,259,322,2024-06-19 20:16:55,POWER_ALARM,Major,False
2358,3051,39,827,2024-09-23 22:30:59,TRANSMISSION_ERROR,Info,True
2359,247,319,425,2024-11-01 19:15:26,BATTERY_LOW,Critical,False
2360,3225,165,461,2024-11-13 12:18:25,CPU_OVERLOAD,Minor,False
2361,4352,42,385,2025-06-01 23:12:47,MEMORY_HIGH,Info,False
2362,3775,319,380,2025-04-10 07:57:42,CPU_OVERLOAD,Major,False
2363,180,43,224,2024-03-12 02:51:05,SIGNAL_DEGRADED,Major,False
2364,4818,376,400,2024-08-16 23:15:44,LINK_DOWN,Major,False
2365,2389,497,668,2025-04-24 20:12:04,CPU_OVERLOAD,Info,False
2366,4668,160,601,2025-12-21 11:38:21,SOFTWARE_CRASH,Major,False
2367,4297,207,372,2024-11-17 00:28:24,FIBRE_BREAK,Minor,False
2368,4286,338,925,2024-11-24 23:25:29,SOFTWARE_CRASH,Minor,True
2369,3164,123,164,2024-11-16 10:06:43,BATTERY_LOW,Info,True
2370,2721,95,329,2024-06-12 11:01:20,MEMORY_HIGH,Minor,False
2371,104,100,104,2025-04-16 00:37:07,SOFTWARE_CRASH,Major,False
2372,687,115,832,2025-02-15 09:29:54,POWER_ALARM,Major,False
2373,2381,388,183,2025-06-20 22:42:17,LINK_DOWN,Major,False
2374,1541,239,105,2025-10-24 16:36:20,SIGNAL_DEGRADED,Info,False
2375,2591,270,257,2025-01-27 16:54:12,SIGNAL_DEGRADED,Major,False
2376,940,430,129,2024-12-04 10:12:57,ANTENNA_FAULT,Info,True
2377,1265,4,20,2024-04-27 21:29:20,POWER_ALARM,Major,False
2378,4302,94,885,2025-10-07 16:10:11,TRANSMISSION_ERROR,Minor,False
2379,1879,37,516,2024-11-11 13:22:21,LINK_DOWN,Info,True
2380,3833,233,786,2025-10-28 13:09:30,ANTENNA_FAULT,Info,True
2381,3248,74,779,2025-06-12 11:00:56,POWER_ALARM,Critical,False
2382,2303,137,903,2025-06-28 15:18:01,LINK_DOWN,Info,True
2383,3366,33,309,2025-11-17 14:12:52,SIGNAL_DEGRADED,Major,False
2384,1673,420,340,2024-08-02 23:10:28,SYNC_LOSS,Minor,False
2385,3306,268,558,2025-05-22 23:28:56,LINK_DOWN,Info,False
2386,3564,381,56,2025-01-17 00:44:17,TRANSMISSION_ERROR,Major,False
2387,3054,34,86,2025-05-13 10:16:53,BATTERY_LOW,Info,False
2388,2735,289,392,2024-02-20 03:52:47,CPU_OVERLOAD,Minor,True
2389,4613,244,24,2025-04-26 18:23:36,BATTERY_LOW,Major,True
2390,4299,221,286,2024-01-27 15:27:50,LINK_DOWN,Info,False
2391,4663,486,538,2025-11-23 16:42:49,ANTENNA_FAULT,Info,False
2392,1781,192,83,2025-09-29 11:16:01,FIBRE_BREAK,Major,False
2393,1418,121,541,2024-07-21 23:17:35,RBS_OVER_TEMP,Critical,False
2394,513,276,175,2024-04-03 14:10:17,SOFTWARE_CRASH,Major,True
2395,315,68,973,2025-11-27 02:19:09,TRANSMISSION_ERROR,Critical,False
2396,1187,64,976,2024-04-24 13:00:22,MEMORY_HIGH,Minor,True
2397,995,302,736,2024-10-12 02:53:37,ANTENNA_FAULT,Info,False
2398,1643,421,472,2025-03-17 15:52:13,SIGNAL_DEGRADED,Critical,False
2399,491,480,129,2024-08-19 22:08:54,LINK_DOWN,Minor,False
2400,3437,261,681,2025-11-18 17:58:34,BATTERY_LOW,Minor,False
2401,705,418,191,2024-06-11 11:07:18,LINK_DOWN,Critical,True
2402,4436,458,834,2025-08-04 01:04:19,CPU_OVERLOAD,Info,False
2403,1077,128,327,2024-08-01 21:58:19,BATTERY_LOW,Minor,False
2404,1271,495,62,2025-12-12 18:24:05,POWER_ALARM,Critical,True
2405,3427,144,168,2024-01-10 01:18:53,SOFTWARE_CRASH,Info,True
2406,1121,86,372,2024-07-04 04:50:58,RBS_OVER_TEMP,Minor,True
2407,1306,489,450,2025-12-10 18:37:12,SYNC_LOSS,Minor,False
2408,2659,90,186,2025-06-08 07:56:43,POWER_ALARM,Major,True
2409,2029,426,671,2025-06-01 18:42:37,MEMORY_HIGH,Minor,False
2410,240,88,252,2025-10-16 07:03:35,MEMORY_HIGH,Info,True
2411,3066,471,655,2025-03-07 13:20:30,FIBRE_BREAK,Minor,True
2412,102,474,331,2024-01-14 10:42:19,FIBRE_BREAK,Minor,False
2413,4812,218,74,2024-02-16 15:35:04,SOFTWARE_CRASH,Minor,False
2414,2046,305,929,2024-04-30 02:56:38,RBS_OVER_TEMP,Major,False
2415,1288,252,79,2025-09-28 06:58:35,SIGNAL_DEGRADED,Info,False
2416,2108,461,713,2026-01-01 18:26:00,SIGNAL_DEGRADED,Critical,False
2417,3068,396,938,2024-09-01 12:50:24,FIBRE_BREAK,Minor,False
2418,2204,307,124,2024-12-25 16:25:56,ANTENNA_FAULT,Info,False
2419,903,332,491,2025-04-24 03:58:10,FIBRE_BREAK,Info,False
2420,1518,425,242,2024-04-26 14:57:15,MEMORY_HIGH,Critical,False
2421,1464,491,364,2025-08-10 03:32:19,CPU_OVERLOAD,Minor,True
2422,1119,114,684,2025-01-15 21:50:07,FIBRE_BREAK,Major,False
2423,4422,119,334,2025-10-15 09:34:29,SYNC_LOSS,Critical,False
2424,1631,396,415,2024-01-27 16:31:56,ANTENNA_FAULT,Critical,False
2425,2281,436,505,2024-08-11 14:16:32,MEMORY_HIGH,Critical,False
2426,4116,176,575,2025-05-21 15:57:42,ANTENNA_FAULT,Minor,False
2427,2601,136,508,2024-07-14 12:21:21,SYNC_LOSS,Minor,False
2428,3366,33,309,2025-11-17 14:03:52,CPU_OVERLOAD,Major,True
2429,1084,260,647,2025-12-17 10:33:51,LINK_DOWN,Major,True
2430,2876,352,468,2024-01-09 15:25:12,POWER_ALARM,Major,False
2431,1147,63,866,2025-07-15 14:42:27,SIGNAL_DEGRADED,Minor,False
2432,4123,386,951,2025-12-14 20:30:38,SYNC_LOSS,Major,True
2433,1655,39,217,2025-09-24 09:35:03,RBS_OVER_TEMP,Minor,False
2434,587,26,904,2024-09-07 16:32:47,SIGNAL_DEGRADED,Info,True
2435,2314,336,356,2024-01-21 04:05:31,RBS_OVER_TEMP,Major,False
2436,2322,23,214,2025-11-18 12:29:20,FIBRE_BREAK,Info,False
2437,2295,462,315,2024-03-13 09:01:12,SIGNAL_DEGRADED,Info,False
2438,2555,335,793,2024-08-06 11:07:47,MEMORY_HIGH,Minor,False
2439,4959,106,350,2025-10-25 22:27:52,LINK_DOWN,Info,True
2440,3504,470,103,2024-07-08 08:49:50,MEMORY_HIGH,Minor,False
2441,1552,95,291,2025-12-20 17:14:39,SYNC_LOSS,Minor,False
2442,18,88,329,2025-09-19 11:12:41,TRANSMISSION_ERROR,Minor,True
2443,92,175,368,2025-02-27 10:18:05,POWER_ALARM,Critical,False
2444,1809,201,84,2025-09-18 13:21:50,POWER_ALARM,Critical,True
2445,531,259,209,2025-04-07 02:33:25,SYNC_LOSS,Critical,False
2446,4097,252,195,2025-01-12 12:46:25,FIBRE_BREAK,Minor,False
2447,4494,297,639,2025-10-31 19:36:24,MEMORY_HIGH,Minor,False
2448,2188,246,395,2024-05-16 08:47:01,ANTENNA_FAULT,Info,False
2449,3829,478,535,2024-10-24 10:42:47,SYNC_LOSS,Minor,True
2450,4828,223,511,2024-11-20 14:25:54,SIGNAL_DEGRADED,Major,False
2451,2043,46,667,2024-08-22 15:20:25,RBS_OVER_TEMP,Major,True
2452,2308,142,127,2024-07-13 15:44:15,POWER_ALARM,Major,False
2453,4784,190,779,2025-02-11 14:10:49,MEMORY_HIGH,Info,False
2454,1420,151,900,2025-12-10 21:33:41,MEMORY_HIGH,Critical,False
2455,3023,267,441,2025-07-14 10:31:56,FIBRE_BREAK,Minor,False
2456,4568,145,149,2024-04-19 22:09:37,LINK_DOWN,Major,False
2457,3534,96,152,2024-10-24 17:45:36,ANTENNA_FAULT,Critical,False
2458,4307,318,655,2024-07-29 15:59:24,MEMORY_HIGH,Critical,True
2459,2842,56,384,2024-10-04 14:31:04,BATTERY_LOW,Major,False
2460,1621,363,195,2025-06-18 12:01:39,SIGNAL_DEGRADED,Critical,False
2461,2504,93,221,2024-11-23 09:08:47,POWER_ALARM,Info,False
2462,1143,17,971,2025-02-20 00:04:54,SOFTWARE_CRASH,Info,False
2463,1949,309,787,2024-07-24 00:20:38,POWER_ALARM,Major,False
2464,3138,142,173,2025-11-05 13:39:20,ANTENNA_FAULT,Major,False
2465,3475,176,18,2025-07-22 22:05:10,RBS_OVER_TEMP,Info,True
2466,1557,311,452,2025-11-02 11:34:08,FIBRE_BREAK,Minor,False
2467,4026,369,505,2024-07-31 15:28:39,TRANSMISSION_ERROR,Minor,False
2468,2524,63,772,2024-12-12 09:38:07,FIBRE_BREAK,Minor,False
2469,213,408,656,2024-08-17 21:34:19,MEMORY_HIGH,Major,False
2470,801,17,828,2024-12-01 14:31:16,SOFTWARE_CRASH,Critical,False
2471,1150,455,657,2025-09-27 10:30:53,RBS_OVER_TEMP,Info,False
2472,1196,479,620,2024-06-25 12:12:43,SOFTWARE_CRASH,Info,False
2473,2732,275,561,2025-11-23 12:57:41,SOFTWARE_CRASH,Minor,False
2474,1173,244,656,2025-10-06 12:10:52,CPU_OVERLOAD,Info,False
2475,2126,373,940,2025-05-11 13:31:12,SYNC_LOSS,Info,True
2476,4117,499,888,2024-10-28 15:28:24,SOFTWARE_CRASH,Critical,False
2477,4824,40,309,2024-10-30 15:20:18,ANTENNA_FAULT,Major,False
2478,3797,214,490,2024-10-06 23:32:46,RBS_OVER_TEMP,Info,False
2479,4243,250,311,2025-07-22 09:47:31,LINK_DOWN,Major,False
2480,620,106,595,2025-01-03 17:34:35,BATTERY_LOW,Minor,True
2481,479,135,884,2025-04-12 04:42:56,CPU_OVERLOAD,Info,False
2482,3757,75,494,2025-10-19 23:57:32,CPU_OVERLOAD,Minor,False
2483,4291,48,464,2024-02-07 20:38:46,BATTERY_LOW,Info,True
2484,1207,466,731,2024-10-28 08:16:30,LINK_DOWN,Minor,False
2485,4959,106,350,2025-10-25 22:27:52,CPU_OVERLOAD,Minor,False
2486,2,129,137,2025-07-02 17:31:48,RBS_OVER_TEMP,Info,True
2487,3246,87,70,2024-03-20 17:18:53,RBS_OVER_TEMP,Major,False
2488,1790,345,764,2024-05-30 18:01:43,TRANSMISSION_ERROR,Major,True
2489,904,58,971,2024-01-30 20:55:47,FIBRE_BREAK,Critical,True
2490,201,218,857,2025-01-12 10:11:31,LINK_DOWN,Info,False
2491,2257,417,976,2024-04-21 11:05:23,POWER_ALARM,Critical,False
2492,4817,204,449,2024-12-30 16:53:44,CPU_OVERLOAD,Info,False
2493,1539,39,281,2024-10-06 14:39:00,SYNC_LOSS,Minor,False
2494,1092,307,534,2025-02-15 16:16:42,SYNC_LOSS,Minor,False
2495,1776,48,14,2024-07-12 21:21:46,POWER_ALARM,Critical,False
2496,2970,264,219,2024-09-19 13:30:55,SOFTWARE_CRASH,Minor,False
2497,2716,357,340,2024-12-07 10:17:31,ANTENNA_FAULT,Minor,True
2498,1367,227,818,2025-05-24 18:02:13,SYNC_LOSS,Info,False
2499,1436,175,703,2025-10-08 03:42:41,TRANSMISSION_ERROR,Critical,False
2500,2339,152,45,2025-06-22 14:44:56,CPU_OVERLOAD,Critical,False
2501,2869,116,500,2024-11-29 11:57:41,SOFTWARE_CRASH,Critical,False
2502,2771,232,869,2025-07-13 17:50:11,LINK_DOWN,Critical,False
2503,1579,405,300,2025-08-11 14:18:17,BATTERY_LOW,Info,True
2504,929,308,361,2024-01-31 08:29:09,TRANSMISSION_ERROR,Info,False
2505,4557,67,748,2025-12-29 15:03:08,SOFTWARE_CRASH,Major,False
2506,4381,367,130,2024-08-10 18:30:46,CPU_OVERLOAD,Critical,True
2507,2734,78,771,2025-06-04 23:58:59,POWER_ALARM,Major,False
2508,3915,156,79,2025-07-05 00:06:37,SOFTWARE_CRASH,Info,False
2509,1404,89,4,2024-11-22 10:06:14,ANTENNA_FAULT,Info,False
2510,3011,86,951,2024-01-02 16:44:42,SYNC_LOSS,Minor,False
2511,1495,257,552,2024-10-23 09:21:08,SYNC_LOSS,Info,True
2512,3910,122,81,2024-07-15 16:42:12,CPU_OVERLOAD,Minor,True
2513,3655,369,903,2024-05-31 20:47:43,SIGNAL_DEGRADED,Major,False
2514,4849,450,168,2025-07-15 15:37:11,RBS_OVER_TEMP,Major,False
2515,729,42,688,2024-02-28 19:13:06,RBS_OVER_TEMP,Minor,False
2516,1444,208,920,2025-07-10 12:21:37,ANTENNA_FAULT,Info,False
2517,2225,389,285,2024-02-04 12:47:25,LINK_DOWN,Major,False
2518,1461,218,706,2024-11-04 06:17:32,FIBRE_BREAK,Minor,False
2519,4268,361,135,2025-10-04 00:49:40,LINK_DOWN,Critical,True
2520,4564,276,344,2024-07-31 20:50:40,BATTERY_LOW,Info,False
2521,3630,472,41,2024-12-18 14:12:20,ANTENNA_FAULT,Minor,True
2522,866,220,854,2024-10-11 16:31:05,SYNC_LOSS,Critical,False
2523,1645,303,727,2024-06-24 19:44:34,MEMORY_HIGH,Minor,False
2524,4843,187,766,2024-07-15 11:47:49,RBS_OVER_TEMP,Info,False
2525,582,25,751,2024-07-22 10:20:58,RBS_OVER_TEMP,Critical,False
2526,1756,214,539,2024-07-19 20:14:19,LINK_DOWN,Minor,False
2527,34,344,925,2024-10-19 10:56:35,MEMORY_HIGH,Major,False
2528,2316,421,149,2025-10-31 17:13:00,BATTERY_LOW,Minor,False
2529,4157,294,823,2025-03-15 17:57:17,SOFTWARE_CRASH,Info,False
2530,987,399,952,2024-12-08 20:25:12,SYNC_LOSS,Minor,False
2531,2263,273,925,2025-06-16 13:27:23,SOFTWARE_CRASH,Major,True
2532,3076,136,604,2024-06-04 19:20:30,LINK_DOWN,Critical,False
2533,1745,434,617,2025-10-17 09:50:50,SYNC_LOSS,Critical,False
2534,3779,23,2,2024-10-29 14:47:22,LINK_DOWN,Critical,False
2535,4182,15,585,2025-07-03 10:29:14,FIBRE_BREAK,Major,False
2536,4747,144,363,2025-03-20 15:07:36,SIGNAL_DEGRADED,Info,False
2537,4158,372,798,2024-09-01 16:00:04,SOFTWARE_CRASH,Major,False
2538,1517,184,527,2024-02-19 18:29:32,SOFTWARE_CRASH,Minor,False
2539,3744,437,312,2025-03-15 16:27:34,SIGNAL_DEGRADED,Minor,False
2540,590,323,615,2025-09-13 12:34:58,SIGNAL_DEGRADED,Info,False
2541,1007,379,9,2025-08-22 13:56:34,POWER_ALARM,Major,True
2542,3570,307,276,2025-08-18 16:03:04,SIGNAL_DEGRADED,Info,False
2543,2961,446,109,2025-06-25 21:55:04,SYNC_LOSS,Major,False
2544,3100,312,791,2025-11-06 20:42:53,RBS_OVER_TEMP,Major,False
2545,4443,118,737,2025-07-11 05:12:39,CPU_OVERLOAD,Info,False
2546,2093,87,425,2025-01-16 14:05:27,CPU_OVERLOAD,Info,True
2547,338,181,610,2024-08-29 14:26:09,CPU_OVERLOAD,Critical,False
2548,255,28,802,2024-05-26 14:25:55,LINK_DOWN,Major,False
2549,1691,276,10,2024-02-18 04:55:09,CPU_OVERLOAD,Info,False
2550,351,270,276,2025-12-24 18:30:50,SOFTWARE_CRASH,Minor,False
2551,936,134,497,2025-09-30 11:55:28,LINK_DOWN,Critical,False
2552,4318,383,75,2025-10-23 19:11:15,POWER_ALARM,Minor,True
2553,2725,391,809,2025-02-02 17:01:47,SOFTWARE_CRASH,Minor,False
2554,2952,187,410,2025-12-27 16:58:37,MEMORY_HIGH,Minor,False
2555,464,471,941,2024-12-30 16:21:57,TRANSMISSION_ERROR,Critical,False
2556,1843,320,487,2024-08-18 17:56:45,BATTERY_LOW,Critical,False
2557,439,421,17,2025-04-04 10:46:21,TRANSMISSION_ERROR,Critical,False
2558,4544,96,134,2025-03-26 08:08:41,ANTENNA_FAULT,Critical,True
2559,2029,426,671,2025-06-01 18:37:37,SIGNAL_DEGRADED,Minor,False
2560,2380,239,187,2024-03-01 14:57:21,RBS_OVER_TEMP,Critical,False
2561,2766,499,965,2025-04-29 03:42:28,RBS_OVER_TEMP,Minor,False
2562,195,70,403,2024-12-16 14:48:29,CPU_OVERLOAD,Info,False
2563,1735,269,154,2024-10-03 09:28:44,BATTERY_LOW,Minor,False
2564,708,420,248,2024-06-13 12:34:36,ANTENNA_FAULT,Critical,False
2565,25,182,888,2025-08-13 17:06:14,POWER_ALARM,Major,False
2566,1554,31,508,2024-03-04 23:09:51,SYNC_LOSS,Major,True
2567,817,303,549,2025-08-19 00:44:07,BATTERY_LOW,Major,False
2568,3567,413,460,2024-09-08 10:31:18,POWER_ALARM,Minor,False
2569,4406,449,127,2024-04-07 16:18:22,RBS_OVER_TEMP,Info,False
2570,3379,356,85,2024-04-22 00:51:37,MEMORY_HIGH,Critical,True
2571,4062,439,269,2025-03-23 15:39:58,POWER_ALARM,Critical,False
2572,887,346,565,2024-11-24 20:09:54,TRANSMISSION_ERROR,Major,False
2573,2724,499,491,2024-09-07 09:05:31,FIBRE_BREAK,Info,False
2574,3804,421,577,2024-02-15 00:51:23,TRANSMISSION_ERROR,Info,False
2575,4221,81,717,2024-01-30 00:37:14,BATTERY_LOW,Major,False
2576,3292,303,913,2024-05-13 08:24:24,ANTENNA_FAULT,Info,False
2577,324,212,194,2024-01-15 09:41:26,FIBRE_BREAK,Info,False
2578,3994,221,432,2024-04-15 13:24:19,SYNC_LOSS,Minor,False
2579,890,354,526,2024-03-18 02:17:33,RBS_OVER_TEMP,Minor,False
2580,2054,280,654,2025-04-03 13:29:27,SIGNAL_DEGRADED,Critical,False
2581,698,62,763,2025-02-14 19:41:51,CPU_OVERLOAD,Critical,False
2582,3451,445,631,2025-05-19 20:42:38,FIBRE_BREAK,Minor,False
2583,2118,352,465,2025-11-11 01:54:15,SYNC_LOSS,Critical,True
2584,2222,281,85,2025-04-23 03:12:02,SIGNAL_DEGRADED,Info,False
2585,1987,206,106,2024-05-15 19:30:51,SIGNAL_DEGRADED,Minor,False
2586,811,428,387,2025-12-11 05:16:28,LINK_DOWN,Info,False
2587,3346,256,162,2024-06-01 20:50:07,SIGNAL_DEGRADED,Minor,False
2588,885,370,52,2024-11-13 09:34:48,LINK_DOWN,Info,False
2589,1081,467,63,2024-07-29 04:46:13,CPU_OVERLOAD,Info,True
2590,2266,26,920,2024-04-11 10:37:48,TRANSMISSION_ERROR,Critical,False
2591,3196,8,459,2024-05-27 06:32:31,FIBRE_BREAK,Major,True
2592,2611,287,959,2024-07-24 17:04:50,TRANSMISSION_ERROR,Major,False
2593,1461,218,706,2024-11-04 06:26:32,POWER_ALARM,Info,False
2594,1562,145,543,2024-11-14 08:09:10,BATTERY_LOW,Major,False
2595,351,270,276,2025-12-24 18:42:50,ANTENNA_FAULT,Minor,False
2596,4823,421,544,2024-02-22 19:36:51,BATTERY_LOW,Info,False
2597,3348,143,151,2025-05-03 16:07:19,POWER_ALARM,Major,False
2598,4688,310,737,2024-06-30 08:59:17,FIBRE_BREAK,Major,False
2599,4803,15,843,2024-06-01 01:38:50,POWER_ALARM,Info,False
2600,3296,431,758,2025-09-19 10:03:54,BATTERY_LOW,Info,False
2601,2298,480,88,2025-10-03 16:34:29,SYNC_LOSS,Minor,False
2602,4704,375,150,2024-01-28 03:13:57,POWER_ALARM,Info,False
2603,4276,487,306,2025-10-19 10:01:23,LINK_DOWN,Info,False
2604,1726,91,488,2024-09-25 22:16:33,BATTERY_LOW,Major,False
2605,2792,279,214,2024-05-26 13:37:27,SIGNAL_DEGRADED,Minor,False
2606,3256,255,374,2024-09-14 17:43:45,SIGNAL_DEGRADED,Major,False
2607,926,210,158,2024-01-01 03:29:17,CPU_OVERLOAD,Info,False
2608,1859,492,20,2024-08-14 13:56:03,FIBRE_BREAK,Critical,True
2609,1833,410,263,2025-10-19 01:51:46,SYNC_LOSS,Minor,False
2610,1232,27,391,2024-08-07 18:18:16,TRANSMISSION_ERROR,Minor,False
2611,4823,421,544,2024-02-22 19:42:51,POWER_ALARM,Minor,False
2612,3434,65,447,2025-02-02 00:05:49,CPU_OVERLOAD,Major,False
2613,3707,189,163,2025-12-16 17:40:56,RBS_OVER_TEMP,Info,True
2614,2425,417,344,2024-04-08 10:01:33,LINK_DOWN,Critical,True
2615,1334,79,21,2024-04-20 13:24:54,POWER_ALARM,Info,True
2616,916,316,408,2025-01-25 11:29:14,CPU_OVERLOAD,Info,False
2617,192,349,873,2025-08-17 03:08:32,SIGNAL_DEGRADED,Major,False
2618,2711,244,572,2025-03-13 21:31:01,MEMORY_HIGH,Major,True
2619,4514,350,319,2025-11-19 08:57:39,LINK_DOWN,Minor,True
2620,4391,164,370,2025-05-06 14:07:10,SYNC_LOSS,Major,True
2621,2681,136,549,2024-10-17 08:37:19,RBS_OVER_TEMP,Info,True
2622,3694,376,885,2024-07-17 21:59:26,BATTERY_LOW,Minor,True
2623,3124,77,772,2025-08-16 12:42:58,CPU_OVERLOAD,Info,False
2624,3624,337,351,2024-03-03 15:50:17,ANTENNA_FAULT,Minor,True
2625,4166,124,303,2025-09-18 13:57:16,SIGNAL_DEGRADED,Info,True
2626,4317,460,203,2025-12-03 16:13:48,MEMORY_HIGH,Info,False
2627,2056,326,380,2025-11-02 03:47:41,ANTENNA_FAULT,Major,False
2628,3774,195,696,2024-10-21 17:07:35,POWER_ALARM,Info,False
2629,1313,347,200,2025-08-05 01:45:54,SYNC_LOSS,Critical,False
2630,149,392,171,2024-10-15 16:56:43,LINK_DOWN,Critical,True
2631,1695,13,755,2025-12-25 10:12:08,MEMORY_HIGH,Minor,False
2632,4213,254,249,2024-07-11 18:14:18,LINK_DOWN,Critical,False
2633,1270,428,697,2024-10-10 15:16:42,MEMORY_HIGH,Major,False
2634,4897,120,339,2024-03-07 10:42:30,ANTENNA_FAULT,Major,True
2635,4142,400,902,2024-03-30 14:40:54,RBS_OVER_TEMP,Major,False
2636,1215,108,673,2025-05-28 11:39:48,TRANSMISSION_ERROR,Minor,True
2637,87,221,320,2025-07-29 16:53:25,TRANSMISSION_ERROR,Major,False
2638,962,185,441,2025-03-15 02:10:48,TRANSMISSION_ERROR,Major,False
2639,2433,67,701,2025-07-26 11:55:19,BATTERY_LOW,Major,False
2640,4847,496,212,2025-05-02 16:17:45,FIBRE_BREAK,Minor,False
2641,3565,174,17,2025-11-15 15:20:32,MEMORY_HIGH,Info,False
2642,2694,133,310,2024-04-21 16:44:48,BATTERY_LOW,Critical,True
2643,4124,212,89,2025-07-03 12:12:49,POWER_ALARM,Minor,True
2644,822,372,946,2025-06-20 04:57:19,CPU_OVERLOAD,Critical,False
2645,2792,279,214,2024-05-26 13:27:27,TRANSMISSION_ERROR,Major,False
2646,3234,480,382,2024-05-17 06:22:28,ANTENNA_FAULT,Info,True
2647,450,262,180,2025-06-19 16:33:39,ANTENNA_FAULT,Info,False
2648,1049,46,309,2025-03-05 16:59:22,ANTENNA_FAULT,Minor,False
2649,4017,471,265,2024-09-26 18:48:45,MEMORY_HIGH,Info,False
2650,2967,146,199,2025-02-14 09:27:36,SIGNAL_DEGRADED,Major,False
2651,4440,7,919,2025-10-14 15:56:32,BATTERY_LOW,Minor,False
2652,985,368,958,2024-10-01 09:44:32,CPU_OVERLOAD,Minor,False
2653,2593,131,845,2025-11-21 01:53:26,POWER_ALARM,Major,False
2654,174,232,6,2025-05-23 18:39:33,SYNC_LOSS,Major,False
2655,714,139,479,2025-07-21 18:48:56,ANTENNA_FAULT,Minor,False
2656,3870,73,464,2025-09-01 06:59:01,SIGNAL_DEGRADED,Major,False
2657,246,156,314,2024-08-25 12:58:40,SIGNAL_DEGRADED,Minor,True
2658,186,160,924,2025-07-10 09:42:18,RBS_OVER_TEMP,Minor,False
2659,4566,193,630,2024-03-03 02:04:51,SIGNAL_DEGRADED,Critical,False
2660,3204,488,65,2024-12-19 02:06:02,ANTENNA_FAULT,Major,False
2661,3243,316,807,2024-12-06 14:00:30,MEMORY_HIGH,Info,False
2662,3009,242,878,2025-05-02 10:03:54,SOFTWARE_CRASH,Critical,False
2663,1223,94,500,2025-12-10 18:32:10,CPU_OVERLOAD,Minor,False
2664,545,294,258,2024-02-25 17:09:00,POWER_ALARM,Critical,False
2665,4981,313,401,2024-02-12 19:51:08,SYNC_LOSS,Minor,False
2666,3332,161,148,2024-10-04 11:46:46,FIBRE_BREAK,Minor,False
2667,4404,5,267,2024-08-02 11:58:38,ANTENNA_FAULT,Minor,False
2668,2802,221,292,2024-01-16 13:26:30,SIGNAL_DEGRADED,Critical,True
2669,3996,395,934,2024-08-19 12:20:19,SOFTWARE_CRASH,Minor,False
2670,1024,121,609,2025-12-18 21:10:25,POWER_ALARM,Info,False
2671,4769,203,261,2025-02-25 10:26:30,FIBRE_BREAK,Major,True
2672,3360,276,465,2024-05-21 14:46:32,SOFTWARE_CRASH,Major,False
2673,1529,432,179,2024-04-11 15:19:47,RBS_OVER_TEMP,Minor,True
2674,2344,417,927,2025-08-03 07:11:47,TRANSMISSION_ERROR,Info,False
2675,580,257,803,2024-09-23 09:54:27,SOFTWARE_CRASH,Major,True
2676,2176,183,561,2024-01-06 15:12:20,FIBRE_BREAK,Info,False
2677,1141,132,314,2025-12-09 16:54:38,MEMORY_HIGH,Info,False
2678,649,195,37,2024-07-03 10:54:28,ANTENNA_FAULT,Major,False
2679,3040,433,670,2025-11-04 16:17:29,BATTERY_LOW,Critical,False
2680,3399,91,63,2025-10-26 16:29:08,LINK_DOWN,Critical,True
2681,3985,103,882,2024-02-29 15:05:06,LINK_DOWN,Major,False
2682,3263,389,517,2025-11-23 19:02:38,BATTERY_LOW,Major,False
2683,2569,227,925,2024-09-15 08:50:25,LINK_DOWN,Info,True
2684,253,137,364,2024-02-01 10:59:14,MEMORY_HIGH,Major,False
2685,2407,14,977,2024-03-17 09:02:33,SIGNAL_DEGRADED,Minor,True
2686,1832,404,429,2025-07-24 20:15:55,MEMORY_HIGH,Major,False
2687,460,76,914,2024-08-22 07:38:26,SOFTWARE_CRASH,Major,True
2688,4177,228,337,2025-06-26 23:39:58,FIBRE_BREAK,Info,False
2689,404,88,888,2025-11-08 16:16:29,SIGNAL_DEGRADED,Minor,False
2690,249,451,677,2024-11-04 13:01:27,POWER_ALARM,Major,False
2691,3777,246,940,2024-10-07 19:24:32,POWER_ALARM,Minor,True
2692,1806,91,86,2024-10-19 14:36:49,SYNC_LOSS,Info,False
2693,106,154,194,2025-12-09 09:13:38,SYNC_LOSS,Minor,False
2694,1784,128,707,2025-08-10 04:32:49,FIBRE_BREAK,Critical,False
2695,4354,309,376,2025-05-07 14:12:44,FIBRE_BREAK,Info,True
2696,2436,377,563,2024-03-09 10:19:45,SOFTWARE_CRASH,Minor,True
2697,1032,5,596,2024-12-24 09:09:05,POWER_ALARM,Info,False
2698,773,493,515,2025-02-22 16:15:22,SOFTWARE_CRASH,Minor,True
2699,4507,56,293,2024-10-12 17:21:13,SOFTWARE_CRASH,Major,False
2700,607,105,426,2025-01-21 01:49:16,FIBRE_BREAK,Minor,False
2701,175,303,924,2025-10-29 04:26:53,MEMORY_HIGH,Major,False
2702,3088,214,586,2024-11-13 16:48:06,POWER_ALARM,Minor,False
2703,475,234,745,2025-06-10 02:16:31,SIGNAL_DEGRADED,Minor,False
2704,4409,103,727,2025-12-23 08:54:47,SOFTWARE_CRASH,Critical,False
2705,2036,329,552,2025-08-13 19:56:48,TRANSMISSION_ERROR,Critical,False
2706,1183,143,497,2024-08-15 16:34:54,RBS_OVER_TEMP,Minor,False
2707,3238,377,8,2024-07-20 14:04:12,SOFTWARE_CRASH,Info,True
2708,205,451,283,2024-05-08 14:31:29,SYNC_LOSS,Minor,False
2709,4078,409,15,2024-04-13 09:22:14,SYNC_LOSS,Minor,True
2710,3194,356,262,2024-04-08 15:47:56,POWER_ALARM,Info,False
2711,1573,123,691,2024-08-12 14:34:33,POWER_ALARM,Info,False
2712,4369,13,122,2025-04-07 14:50:12,TRANSMISSION_ERROR,Minor,False
2713,4038,175,460,2024-06-27 09:51:45,CPU_OVERLOAD,Critical,False
2714,2188,246,395,2024-05-16 08:48:01,SOFTWARE_CRASH,Major,True
2715,531,259,209,2025-04-07 01:48:25,POWER_ALARM,Minor,True
2716,769,323,163,2024-03-08 10:28:36,MEMORY_HIGH,Minor,False
2717,1041,189,264,2025-02-18 09:35:15,BATTERY_LOW,Info,False
2718,1607,435,474,2025-09-14 13:22:26,FIBRE_BREAK,Critical,False
2719,4092,450,619,2025-06-23 08:25:50,LINK_DOWN,Info,False
2720,3178,342,96,2024-03-20 01:45:49,ANTENNA_FAULT,Minor,False
2721,80,321,566,2024-05-07 15:42:21,LINK_DOWN,Major,True
2722,4454,373,939,2025-05-27 14:47:23,LINK_DOWN,Critical,True
2723,4536,407,272,2025-05-06 07:04:31,TRANSMISSION_ERROR,Major,False
2724,746,431,119,2025-10-27 14:57:15,MEMORY_HIGH,Info,True
2725,3925,22,542,2024-02-11 08:07:53,FIBRE_BREAK,Info,True
2726,3344,273,140,2025-11-08 01:27:54,RBS_OVER_TEMP,Minor,True
2727,4093,89,524,2024-05-29 11:56:29,ANTENNA_FAULT,Minor,True
2728,2149,45,5,2025-08-31 17:25:17,SYNC_LOSS,Major,True
2729,3908,479,255,2024-10-21 05:12:44,FIBRE_BREAK,Info,False
2730,3709,134,734,2025-01-31 12:08:13,POWER_ALARM,Info,False
2731,4950,355,757,2024-11-02 09:35:11,TRANSMISSION_ERROR,Minor,False
2732,644,300,151,2024-12-25 18:23:02,TRANSMISSION_ERROR,Major,True
2733,3357,170,84,2024-06-30 13:51:38,SIGNAL_DEGRADED,Minor,False
2734,57,321,601,2025-06-19 02:27:36,SYNC_LOSS,Major,False
2735,3237,238,202,2025-03-06 09:45:29,CPU_OVERLOAD,Major,True
2736,2900,494,55,2025-10-07 18:16:02,SYNC_LOSS,Info,False
2737,2501,500,983,2025-06-26 03:45:48,BATTERY_LOW,Minor,False
2738,4625,454,609,2024-09-01 23:30:10,FIBRE_BREAK,Info,True
2739,1482,264,166,2024-12-29 04:33:20,SYNC_LOSS,Major,False
2740,2074,61,532,2025-06-03 17:01:31,LINK_DOWN,Info,False
2741,1582,217,284,2024-10-05 08:59:32,CPU_OVERLOAD,Critical,True
2742,1300,283,547,2025-06-07 16:51:55,RBS_OVER_TEMP,Info,True
2743,3215,193,801,2025-09-05 02:33:35,BATTERY_LOW,Minor,False
2744,381,92,347,2024-09-08 11:26:44,MEMORY_HIGH,Minor,True
2745,3830,203,645,2025-02-21 17:54:29,BATTERY_LOW,Info,False
2746,29,237,871,2025-12-19 13:53:38,ANTENNA_FAULT,Info,False
2747,3291,366,815,2024-09-19 01:07:54,RBS_OVER_TEMP,Minor,False
2748,3826,370,726,2024-11-05 06:02:44,LINK_DOWN,Minor,False
2749,2848,469,859,2025-09-02 01:44:27,ANTENNA_FAULT,Critical,False
2750,2622,79,960,2024-07-12 09:42:18,FIBRE_BREAK,Critical,False
2751,75,174,263,2024-11-06 10:47:01,CPU_OVERLOAD,Info,False
2752,3170,305,55,2024-09-11 01:14:03,LINK_DOWN,Minor,False
2753,4157,294,823,2025-03-15 17:57:17,ANTENNA_FAULT,Minor,False
2754,2889,282,132,2025-07-05 09:53:08,CPU_OVERLOAD,Critical,False
2755,4311,256,447,2025-06-25 17:10:51,FIBRE_BREAK,Major,False
2756,2870,273,351,2025-10-01 17:23:23,CPU_OVERLOAD,Major,False
2757,2125,7,641,2025-11-25 00:22:57,SOFTWARE_CRASH,Info,True
2758,4709,393,120,2024-10-28 17:40:14,SYNC_LOSS,Major,False
2759,1512,183,126,2025-11-13 06:30:08,SYNC_LOSS,Minor,True
2760,4955,219,434,2024-06-22 16:06:06,FIBRE_BREAK,Critical,True
2761,633,62,863,2024-08-11 03:49:55,MEMORY_HIGH,Critical,False
2762,1937,339,105,2024-06-05 13:16:25,TRANSMISSION_ERROR,Critical,False
2763,4445,60,86,2024-06-12 04:01:35,POWER_ALARM,Info,False
2764,2477,319,782,2025-07-23 11:03:23,CPU_OVERLOAD,Minor,False
2765,3711,101,742,2025-11-14 15:25:55,CPU_OVERLOAD,Info,False
2766,1678,86,814,2024-01-27 21:00:54,BATTERY_LOW,Major,True
2767,4077,432,723,2025-10-31 17:17:49,CPU_OVERLOAD,Critical,True
2768,1529,432,179,2024-04-11 15:18:47,TRANSMISSION_ERROR,Info,False
2769,4503,112,19,2025-08-22 09:09:24,ANTENNA_FAULT,Major,True
2770,4174,101,965,2024-06-28 19:28:25,LINK_DOWN,Major,False
2771,2869,116,500,2024-11-29 11:51:41,MEMORY_HIGH,Info,False
2772,2979,90,635,2025-10-27 10:50:47,SYNC_LOSS,Info,False
2773,4555,401,564,2024-03-10 10:47:17,SIGNAL_DEGRADED,Critical,True
2774,4377,201,411,2024-01-20 14:25:21,SIGNAL_DEGRADED,Critical,True
2775,670,312,443,2025-06-15 12:12:33,TRANSMISSION_ERROR,Minor,False
2776,237,249,382,2024-10-29 21:26:09,SIGNAL_DEGRADED,Minor,False
2777,2562,240,354,2025-06-20 18:02:01,SIGNAL_DEGRADED,Major,False
2778,3806,480,289,2024-07-12 14:26:22,ANTENNA_FAULT,Major,True
2779,1812,136,734,2025-09-11 10:12:51,RBS_OVER_TEMP,Info,True
2780,3845,88,807,2024-11-10 23:00:38,RBS_OVER_TEMP,Major,False
2781,1241,331,646,2025-09-18 18:18:44,MEMORY_HIGH,Info,True
2782,2061,440,156,2024-03-03 17:30:16,CPU_OVERLOAD,Info,False
2783,3911,142,497,2025-12-24 07:49:27,SIGNAL_DEGRADED,Major,False
2784,3654,284,724,2024-10-19 08:36:41,RBS_OVER_TEMP,Info,False
2785,2050,117,365,2025-02-28 22:31:08,POWER_ALARM,Info,False
2786,4087,91,341,2025-07-26 15:41:55,LINK_DOWN,Info,True
2787,3414,40,90,2024-08-09 05:50:39,LINK_DOWN,Minor,False
2788,419,375,854,2024-08-15 03:40:46,LINK_DOWN,Major,False
2789,1990,406,312,2025-11-05 15:04:09,MEMORY_HIGH,Major,False
2790,2847,104,999,2025-07-25 17:37:38,LINK_DOWN,Info,False
2791,305,188,471,2025-04-10 03:45:30,MEMORY_HIGH,Minor,False
2792,3366,33,309,2025-11-17 14:13:52,MEMORY_HIGH,Major,True
2793,3220,402,465,2024-03-12 22:59:27,MEMORY_HIGH,Minor,True
2794,4326,60,247,2025-07-12 08:36:39,FIBRE_BREAK,Info,True
2795,2766,499,965,2025-04-29 03:55:28,CPU_OVERLOAD,Critical,False
2796,4212,64,293,2025-09-24 16:10:07,MEMORY_HIGH,Major,False
2797,2266,26,920,2024-04-11 10:31:48,MEMORY_HIGH,Major,False
2798,2406,171,56,2025-08-14 18:11:57,POWER_ALARM,Info,True
2799,1929,63,713,2024-12-13 11:32:40,BATTERY_LOW,Minor,False
2800,4103,130,329,2024-05-04 16:51:13,LINK_DOWN,Minor,False
2801,4893,81,660,2025-12-13 12:13:57,BATTERY_LOW,Minor,False
2802,1606,55,619,2024-04-02 17:43:27,RBS_OVER_TEMP,Major,True
2803,3377,132,811,2025-03-31 20:57:09,TRANSMISSION_ERROR,Minor,True
2804,3456,494,76,2024-05-11 04:27:56,RBS_OVER_TEMP,Critical,True
2805,2578,354,329,2025-07-19 16:27:20,SOFTWARE_CRASH,Minor,False
2806,34,344,925,2024-10-19 10:56:35,LINK_DOWN,Critical,True
2807,2052,21,626,2024-12-17 17:51:52,POWER_ALARM,Minor,True
2808,3891,461,45,2024-08-22 09:28:04,ANTENNA_FAULT,Major,True
2809,370,461,360,2024-03-09 19:37:02,SOFTWARE_CRASH,Critical,True
2810,1062,133,642,2024-07-29 17:32:34,SYNC_LOSS,Info,False
2811,4714,331,146,2024-09-19 02:16:25,MEMORY_HIGH,Major,True
2812,1907,72,772,2024-09-11 15:36:59,ANTENNA_FAULT,Major,False
2813,256,457,477,2025-10-15 10:05:09,FIBRE_BREAK,Major,False
2814,4779,52,521,2025-09-02 11:33:43,LINK_DOWN,Major,False
2815,584,146,454,2025-08-11 16:46:36,MEMORY_HIGH,Critical,False
2816,526,222,926,2025-08-29 08:42:19,SIGNAL_DEGRADED,Minor,True
2817,2091,248,259,2024-12-22 09:56:54,LINK_DOWN,Minor,False
2818,1340,43,121,2024-06-20 13:42:23,ANTENNA_FAULT,Info,True
2819,464,471,941,2024-12-30 14:59:57,POWER_ALARM,Critical,False
2820,2409,54,422,2024-10-15 14:11:45,SOFTWARE_CRASH,Info,False
2821,1494,104,73,2024-06-16 14:29:47,MEMORY_HIGH,Minor,False
2822,3436,374,28,2025-06-17 15:36:50,SYNC_LOSS,Critical,True
2823,620,106,595,2025-01-03 17:31:35,SYNC_LOSS,Info,True
2824,1677,79,379,2024-08-23 16:34:12,ANTENNA_FAULT,Info,True
2825,849,60,590,2024-10-23 05:06:18,FIBRE_BREAK,Info,False
2826,1214,235,518,2024-01-12 16:52:02,POWER_ALARM,Minor,False
2827,980,324,395,2025-08-24 08:55:32,SYNC_LOSS,Minor,False
2828,936,134,497,2025-09-30 12:32:28,RBS_OVER_TEMP,Major,True
2829,1726,91,488,2024-09-25 22:37:33,FIBRE_BREAK,Major,True
2830,3623,311,311,2024-02-03 15:14:25,SYNC_LOSS,Major,False
2831,2366,192,819,2024-04-14 19:58:54,CPU_OVERLOAD,Info,False
2832,959,352,715,2025-04-17 02:41:06,SOFTWARE_CRASH,Major,False
2833,3737,6,68,2025-09-25 16:01:23,ANTENNA_FAULT,Minor,False
2834,3083,489,107,2024-08-06 21:24:30,SOFTWARE_CRASH,Major,False
2835,3861,93,344,2024-06-11 14:11:38,CPU_OVERLOAD,Minor,False
2836,2486,227,202,2025-06-13 12:11:58,CPU_OVERLOAD,Info,False
2837,1540,44,867,2025-04-02 12:09:53,POWER_ALARM,Info,True
2838,3214,447,67,2024-02-14 20:36:23,FIBRE_BREAK,Minor,False
2839,3541,387,136,2025-07-18 14:15:17,RBS_OVER_TEMP,Info,False
2840,4717,86,443,2025-12-10 14:43:09,CPU_OVERLOAD,Critical,False
2841,4567,131,333,2025-06-28 12:37:03,CPU_OVERLOAD,Critical,False
2842,2366,192,819,2024-04-14 19:56:54,FIBRE_BREAK,Major,False
2843,4479,420,766,2025-10-08 10:16:46,FIBRE_BREAK,Major,False
2844,4578,21,313,2025-08-17 11:47:13,SYNC_LOSS,Info,True
2845,1738,344,95,2025-12-20 12:27:56,RBS_OVER_TEMP,Minor,False
2846,4376,34,475,2024-07-08 12:06:20,RBS_OVER_TEMP,Info,False
2847,4357,15,506,2024-06-28 08:25:06,FIBRE_BREAK,Minor,True
2848,1453,258,16,2024-09-22 21:31:38,TRANSMISSION_ERROR,Info,False
2849,4354,309,376,2025-05-07 15:22:44,SYNC_LOSS,Major,False
2850,2256,397,45,2025-03-17 07:35:12,LINK_DOWN,Major,False
2851,1782,83,788,2024-02-06 16:05:58,MEMORY_HIGH,Minor,True
2852,4938,87,937,2025-02-17 14:59:30,CPU_OVERLOAD,Critical,True
2853,1146,44,290,2025-04-24 02:44:58,RBS_OVER_TEMP,Minor,False
2854,1072,375,997,2024-11-30 09:58:16,MEMORY_HIGH,Minor,True
2855,3305,226,93,2025-09-09 19:26:50,ANTENNA_FAULT,Critical,False
2856,662,33,682,2024-06-09 03:56:32,CPU_OVERLOAD,Minor,True
2857,2482,326,547,2024-10-28 04:02:07,MEMORY_HIGH,Critical,False
2858,3395,165,927,2025-08-18 19:11:10,SIGNAL_DEGRADED,Major,False
2859,1636,102,914,2025-06-03 18:09:35,MEMORY_HIGH,Info,True
2860,4397,378,885,2024-03-21 19:01:57,ANTENNA_FAULT,Info,False
2861,709,137,391,2025-09-24 18:26:13,SOFTWARE_CRASH,Minor,True
2862,3909,27,726,2024-06-15 02:46:32,SOFTWARE_CRASH,Minor,False
2863,3454,344,732,2025-11-06 12:33:05,RBS_OVER_TEMP,Info,False
2864,4252,222,753,2024-09-28 18:12:16,BATTERY_LOW,Major,False
2865,244,26,279,2024-02-23 12:27:28,BATTERY_LOW,Major,False
2866,4401,176,668,2025-03-19 16:40:08,RBS_OVER_TEMP,Info,False
2867,1672,181,704,2024-05-09 05:35:21,POWER_ALARM,Minor,True
2868,4741,139,371,2025-07-10 16:27:09,LINK_DOWN,Minor,False
2869,879,429,650,2024-04-29 20:56:58,CPU_OVERLOAD,Minor,True
2870,4474,391,538,2025-08-10 14:35:28,CPU_OVERLOAD,Info,True
2871,4937,171,915,2025-06-06 01:39:20,MEMORY_HIGH,Major,True
2872,1717,113,692,2025-12-25 16:09:06,MEMORY_HIGH,Critical,True
2873,1376,453,369,2024-09-03 17:29:46,FIBRE_BREAK,Minor,True
2874,829,424,31,2024-02-22 03:02:09,SIGNAL_DEGRADED,Critical,True
2875,1071,341,768,2025-11-05 07:24:23,MEMORY_HIGH,Major,False
2876,3182,234,418,2024-04-06 19:32:19,RBS_OVER_TEMP,Major,False
2877,1243,374,549,2024-06-10 17:19:28,LINK_DOWN,Info,False
2878,153,129,613,2025-12-09 15:37:39,TRANSMISSION_ERROR,Critical,False
2879,4202,416,524,2024-08-05 15:26:31,RBS_OVER_TEMP,Major,True
2880,4768,445,274,2025-05-21 10:44:04,SYNC_LOSS,Info,True
2881,2193,273,237,2025-04-05 11:51:33,SIGNAL_DEGRADED,Major,True
2882,3387,440,402,2025-08-18 03:51:05,TRANSMISSION_ERROR,Major,False
2883,1520,199,248,2024-09-26 13:36:40,TRANSMISSION_ERROR,Major,True
2884,1156,300,545,2024-09-14 14:38:37,SYNC_LOSS,Minor,True
2885,2084,11,551,2025-10-12 09:54:47,LINK_DOWN,Info,False
2886,273,277,208,2024-06-22 00:42:26,SOFTWARE_CRASH,Minor,False
2887,2341,426,454,2025-08-11 09:27:54,ANTENNA_FAULT,Critical,False
2888,3729,387,90,2025-08-20 12:55:37,SOFTWARE_CRASH,Minor,False
2889,2410,251,195,2024-06-30 15:35:05,FIBRE_BREAK,Major,True
2890,1630,380,83,2025-01-30 20:11:22,LINK_DOWN,Critical,True
2891,2031,60,674,2025-03-02 08:15:48,MEMORY_HIGH,Info,True
2892,3750,233,813,2025-03-02 18:17:47,LINK_DOWN,Minor,False
2893,3302,489,68,2024-03-13 12:45:07,RBS_OVER_TEMP,Critical,True
2894,3960,19,451,2025-05-17 14:05:23,FIBRE_BREAK,Info,False
2895,4783,322,35,2025-06-22 08:44:32,ANTENNA_FAULT,Major,False
2896,1981,152,356,2025-01-14 11:20:00,LINK_DOWN,Minor,False
2897,2679,327,459,2025-09-08 08:20:00,ANTENNA_FAULT,Info,False
2898,461,20,243,2024-10-16 15:54:47,SIGNAL_DEGRADED,Major,False
2899,1185,389,765,2025-06-20 19:14:01,MEMORY_HIGH,Major,True
2900,1742,212,770,2025-06-27 23:15:26,MEMORY_HIGH,Minor,False
2901,2534,117,652,2025-10-08 02:32:03,FIBRE_BREAK,Major,False
2902,4470,339,76,2025-09-01 05:36:03,SYNC_LOSS,Minor,True
2903,1544,233,944,2024-11-26 21:26:31,TRANSMISSION_ERROR,Critical,True
2904,3180,274,119,2024-05-20 12:33:49,POWER_ALARM,Info,False
2905,4561,409,696,2025-05-10 23:11:56,CPU_OVERLOAD,Critical,False
2906,3605,272,545,2024-12-09 15:29:12,SYNC_LOSS,Critical,True
2907,208,253,770,2025-04-13 18:49:02,MEMORY_HIGH,Info,False
2908,3947,371,883,2025-09-29 14:26:32,SYNC_LOSS,Major,True
2909,2173,213,654,2025-08-11 21:24:48,BATTERY_LOW,Minor,False
2910,3983,302,990,2025-05-04 17:11:05,POWER_ALARM,Minor,True
2911,1853,418,16,2025-10-28 00:27:38,FIBRE_BREAK,Minor,False
2912,1602,293,911,2024-06-26 08:33:40,CPU_OVERLOAD,Minor,False
2913,2093,87,425,2025-01-16 13:18:27,CPU_OVERLOAD,Critical,False
2914,2818,249,194,2024-08-17 12:02:29,TRANSMISSION_ERROR,Critical,False
2915,269,88,537,2025-09-22 17:08:44,SOFTWARE_CRASH,Info,False
2916,4273,390,362,2025-10-09 18:14:34,SOFTWARE_CRASH,Minor,True
2917,22,241,463,2025-05-11 05:29:43,SOFTWARE_CRASH,Minor,True
2918,644,300,151,2024-12-25 18:34:02,BATTERY_LOW,Info,True
2919,4796,68,545,2025-03-08 03:46:25,FIBRE_BREAK,Minor,False
2920,4343,142,95,2025-01-30 09:44:49,SIGNAL_DEGRADED,Major,True
2921,423,136,816,2024-01-12 20:29:14,CPU_OVERLOAD,Major,False
2922,1027,22,467,2025-04-05 03:16:51,TRANSMISSION_ERROR,Minor,False
2923,4459,315,722,2025-03-31 01:46:02,LINK_DOWN,Critical,False
2924,2438,339,972,2025-11-05 23:45:35,SOFTWARE_CRASH,Info,False
2925,4830,285,562,2025-12-11 16:55:37,SYNC_LOSS,Major,False
2926,146,11,417,2024-05-17 16:54:07,SOFTWARE_CRASH,Minor,True
2927,607,105,426,2025-01-21 01:52:16,LINK_DOWN,Critical,False
2928,3497,134,581,2025-07-18 08:33:37,SOFTWARE_CRASH,Minor,False
2929,4264,164,618,2024-06-16 10:39:27,SIGNAL_DEGRADED,Major,True
2930,753,146,226,2025-01-19 00:59:04,RBS_OVER_TEMP,Info,False
2931,2276,320,173,2025-07-25 12:27:03,SYNC_LOSS,Critical,False
2932,3548,254,933,2024-11-20 11:48:45,SOFTWARE_CRASH,Minor,True
2933,439,421,17,2025-04-04 10:50:21,RBS_OVER_TEMP,Info,False
2934,641,319,189,2025-02-21 17:12:58,MEMORY_HIGH,Minor,False
2935,4417,348,21,2025-10-15 09:12:30,SYNC_LOSS,Minor,False
2936,2008,106,377,2024-02-06 17:55:04,RBS_OVER_TEMP,Minor,False
2937,1489,52,530,2025-05-14 08:26:16,BATTERY_LOW,Minor,False
2938,768,191,983,2025-12-14 15:39:26,POWER_ALARM,Critical,False
2939,3880,292,339,2025-04-26 02:04:40,MEMORY_HIGH,Minor,False
2940,1064,493,687,2025-06-21 12:55:11,POWER_ALARM,Major,False
2941,4476,34,417,2025-03-10 18:49:08,LINK_DOWN,Minor,False
2942,3650,346,564,2024-12-15 10:49:02,FIBRE_BREAK,Info,False
2943,3822,487,71,2024-04-11 14:52:19,ANTENNA_FAULT,Minor,True
2944,3372,90,716,2025-06-02 06:48:43,SOFTWARE_CRASH,Major,False
2945,4890,21,514,2025-08-30 10:29:06,SOFTWARE_CRASH,Minor,True
2946,2294,439,167,2024-09-01 06:45:59,RBS_OVER_TEMP,Minor,True
2947,3847,67,643,2025-11-12 11:01:21,LINK_DOWN,Info,True
2948,102,474,331,2024-01-14 10:39:19,SOFTWARE_CRASH,Critical,False
2949,982,128,215,2024-08-26 15:36:18,SIGNAL_DEGRADED,Major,True
2950,1514,317,607,2025-06-26 00:13:48,SYNC_LOSS,Major,False
2951,3314,381,62,2025-03-09 05:11:07,POWER_ALARM,Major,False
2952,714,139,479,2025-07-21 18:47:56,MEMORY_HIGH,Major,False
2953,2082,8,83,2025-11-23 04:40:50,LINK_DOWN,Major,False
2954,2013,199,734,2024-07-06 06:15:49,POWER_ALARM,Major,True
2955,1016,69,906,2025-04-01 12:53:02,MEMORY_HIGH,Critical,False
2956,4032,234,724,2025-08-14 09:49:26,RBS_OVER_TEMP,Info,False
2957,4779,52,521,2025-09-02 11:14:43,LINK_DOWN,Critical,True
2958,1637,328,533,2024-12-20 09:24:44,SOFTWARE_CRASH,Minor,True
2959,1624,154,19,2024-10-13 10:25:18,TRANSMISSION_ERROR,Minor,False
2960,2445,109,967,2025-08-24 18:17:30,RBS_OVER_TEMP,Minor,False
2961,336,297,70,2025-11-13 10:51:12,SIGNAL_DEGRADED,Minor,True
2962,1074,403,602,2025-12-26 12:44:10,RBS_OVER_TEMP,Critical,False
2963,4089,219,913,2024-02-09 00:43:54,TRANSMISSION_ERROR,Info,False
2964,4357,15,506,2024-06-28 09:10:06,ANTENNA_FAULT,Info,True
2965,2159,59,468,2024-04-07 20:51:55,SOFTWARE_CRASH,Info,False
2966,766,86,966,2025-12-21 07:47:06,LINK_DOWN,Major,False
2967,4890,21,514,2025-08-30 10:32:06,SYNC_LOSS,Minor,False
2968,1448,330,283,2025-11-08 12:13:51,CPU_OVERLOAD,Critical,False
2969,670,312,443,2025-06-15 10:18:33,SYNC_LOSS,Critical,True
2970,4164,422,878,2025-09-01 11:25:32,FIBRE_BREAK,Critical,False
2971,4258,372,679,2024-06-24 08:38:55,SIGNAL_DEGRADED,Info,True
2972,450,262,180,2025-06-19 16:33:39,BATTERY_LOW,Minor,True
2973,3796,206,537,2025-11-30 23:02:25,FIBRE_BREAK,Minor,True
2974,3825,335,647,2024-05-05 23:47:52,MEMORY_HIGH,Minor,False
2975,748,259,308,2025-06-10 21:50:21,SYNC_LOSS,Minor,False
2976,867,252,896,2024-07-13 10:30:38,SYNC_LOSS,Minor,True
2977,538,396,371,2024-03-02 19:14:57,SYNC_LOSS,Minor,True
2978,1328,427,691,2024-08-29 14:50:50,BATTERY_LOW,Minor,False
2979,4857,151,174,2024-07-21 15:25:10,SOFTWARE_CRASH,Minor,False
2980,3218,270,818,2024-09-05 15:03:18,SIGNAL_DEGRADED,Major,True
2981,377,146,571,2025-07-23 14:12:32,BATTERY_LOW,Info,True
2982,3064,57,879,2024-12-02 15:12:55,CPU_OVERLOAD,Major,True
2983,4272,302,692,2025-10-13 19:09:47,RBS_OVER_TEMP,Info,False
2984,210,206,31,2025-04-11 21:40:53,SYNC_LOSS,Minor,False
2985,1593,144,671,2024-04-04 09:26:19,MEMORY_HIGH,Major,True
2986,4720,487,687,2025-08-31 07:14:07,BATTERY_LOW,Minor,False
2987,2524,63,772,2024-12-12 09:39:07,SOFTWARE_CRASH,Minor,False
2988,3801,459,353,2024-05-10 09:43:03,LINK_DOWN,Minor,False
2989,4859,55,572,2024-11-14 16:23:08,FIBRE_BREAK,Critical,False
2990,4669,271,516,2024-01-29 08:14:35,RBS_OVER_TEMP,Info,False
2991,3020,371,877,2024-10-13 09:16:17,FIBRE_BREAK,Critical,False
2992,2579,14,706,2024-03-31 14:33:46,SIGNAL_DEGRADED,Major,False
2993,2538,24,127,2025-04-19 13:17:57,SOFTWARE_CRASH,Minor,True
2994,1428,153,970,2025-05-03 16:54:38,TRANSMISSION_ERROR,Minor,False
2995,4826,276,924,2024-02-18 08:24:55,RBS_OVER_TEMP,Minor,False
2996,845,400,425,2025-09-09 08:02:11,LINK_DOWN,Major,False
2997,1577,450,741,2025-07-24 21:48:48,POWER_ALARM,Critical,False
2998,3235,139,850,2024-01-02 00:20:38,SOFTWARE_CRASH,Major,False
2999,4139,94,493,2025-04-12 00:47:29,RBS_OVER_TEMP,Major,False
3000,4186,365,235,2024-12-17 01:59:41,SIGNAL_DEGRADED,Minor,False
3001,414,234,114,2025-09-10 17:18:31,LINK_DOWN,Major,False
3002,3227,345,325,2025-09-17 12:32:15,ANTENNA_FAULT,Minor,True
3003,4020,172,336,2025-10-16 09:53:24,LINK_DOWN,Critical,False
3004,4402,28,115,2025-08-21 23:49:30,POWER_ALARM,Info,True
3005,3653,119,137,2025-06-12 16:47:05,RBS_OVER_TEMP,Minor,False
3006,1814,72,983,2024-11-20 03:42:05,BATTERY_LOW,Info,False
3007,2626,49,595,2025-09-25 11:51:31,BATTERY_LOW,Info,False
3008,4480,9,242,2024-01-31 04:25:57,LINK_DOWN,Minor,False
3009,1459,253,537,2024-10-13 15:07:27,SOFTWARE_CRASH,Minor,False
3010,4935,158,230,2025-03-21 00:29:39,TRANSMISSION_ERROR,Minor,True
3011,3641,241,773,2024-08-15 13:09:51,LINK_DOWN,Info,True
3012,2288,400,313,2024-08-07 16:54:48,RBS_OVER_TEMP,Info,False
3013,4771,492,736,2024-01-08 23:07:30,CPU_OVERLOAD,Info,False
3014,2023,132,921,2024-10-10 17:16:33,POWER_ALARM,Minor,False
3015,2053,347,135,2025-01-09 07:53:47,POWER_ALARM,Minor,False
3016,3584,204,14,2024-06-18 16:32:40,POWER_ALARM,Info,True
3017,1653,219,758,2025-11-06 08:02:52,POWER_ALARM,Minor,True
3018,3811,485,20,2024-08-03 06:01:24,FIBRE_BREAK,Info,True
3019,2820,290,724,2025-12-03 17:54:41,RBS_OVER_TEMP,Critical,True
3020,3428,318,906,2024-09-17 05:10:29,FIBRE_BREAK,Minor,False
3021,2184,397,916,2024-01-30 09:24:09,FIBRE_BREAK,Critical,False
3022,1554,31,508,2024-03-04 23:28:51,BATTERY_LOW,Minor,True
3023,3760,58,673,2024-01-31 11:55:50,TRANSMISSION_ERROR,Major,False
3024,3029,233,455,2025-06-24 13:43:56,FIBRE_BREAK,Info,False
3025,1923,273,421,2025-05-11 11:35:04,TRANSMISSION_ERROR,Minor,False
3026,4006,297,218,2024-09-07 22:21:20,BATTERY_LOW,Info,False
3027,327,294,106,2025-08-13 09:25:47,FIBRE_BREAK,Critical,False
3028,1012,473,865,2024-01-21 08:22:39,ANTENNA_FAULT,Critical,False
3029,3671,183,549,2025-11-10 22:35:38,TRANSMISSION_ERROR,Info,False
3030,1939,105,266,2025-10-04 08:27:17,CPU_OVERLOAD,Minor,False
3031,1237,142,948,2024-12-28 16:42:18,RBS_OVER_TEMP,Critical,False
3032,4948,449,649,2024-06-07 21:00:27,MEMORY_HIGH,Minor,True
3033,3381,237,279,2024-10-01 18:31:51,MEMORY_HIGH,Major,False
3034,1309,468,793,2025-06-11 05:04:26,TRANSMISSION_ERROR,Minor,False
3035,4453,43,640,2025-03-03 09:12:08,SIGNAL_DEGRADED,Info,False
3036,991,16,628,2024-09-25 17:06:57,POWER_ALARM,Info,True
3037,4606,48,806,2025-04-11 03:48:03,LINK_DOWN,Major,True
3038,3724,360,540,2025-04-11 18:59:54,MEMORY_HIGH,Critical,False
3039,2566,105,96,2025-02-27 09:00:53,CPU_OVERLOAD,Major,False
3040,3880,292,339,2025-04-26 02:13:40,POWER_ALARM,Minor,False
3041,1218,79,698,2024-04-28 15:36:02,SYNC_LOSS,Critical,False
3042,2223,429,386,2025-04-26 14:00:48,MEMORY_HIGH,Minor,False
3043,1147,63,866,2025-07-15 14:31:27,TRANSMISSION_ERROR,Minor,False
3044,3410,310,708,2024-11-05 14:51:38,RBS_OVER_TEMP,Info,False
3045,3300,32,153,2024-07-26 16:52:35,SOFTWARE_CRASH,Info,False
3046,1644,449,525,2024-10-08 14:59:27,ANTENNA_FAULT,Minor,False
3047,3796,206,537,2025-11-30 23:09:25,FIBRE_BREAK,Minor,True
3048,3932,170,842,2025-11-24 01:01:05,SOFTWARE_CRASH,Info,True
3049,1509,353,483,2024-12-06 09:54:22,SOFTWARE_CRASH,Critical,False
3050,2194,97,860,2025-09-04 13:59:31,CPU_OVERLOAD,Major,True
3051,4166,124,303,2025-09-18 13:54:16,TRANSMISSION_ERROR,Minor,False
3052,1144,286,352,2024-11-14 15:15:26,CPU_OVERLOAD,Minor,False
3053,2582,467,818,2024-07-03 15:10:30,POWER_ALARM,Info,False
3054,4453,43,640,2025-03-03 09:11:08,POWER_ALARM,Minor,True
3055,2670,31,98,2024-06-23 17:47:41,FIBRE_BREAK,Minor,False
3056,3404,462,780,2024-07-31 05:03:53,MEMORY_HIGH,Major,False
3057,3107,425,647,2024-10-23 13:20:05,CPU_OVERLOAD,Critical,False
3058,3093,119,749,2025-04-02 19:34:49,SYNC_LOSS,Minor,True
3059,2731,470,138,2025-05-08 20:53:06,MEMORY_HIGH,Major,False
3060,886,199,765,2025-07-04 15:02:52,SIGNAL_DEGRADED,Major,True
3061,217,372,131,2025-11-25 16:03:52,MEMORY_HIGH,Info,True
3062,3202,156,501,2025-01-25 10:56:40,MEMORY_HIGH,Minor,True
3063,274,373,839,2025-09-26 05:53:38,RBS_OVER_TEMP,Minor,False
3064,4074,431,477,2024-08-09 16:11:47,BATTERY_LOW,Critical,False
3065,2793,138,435,2025-12-16 16:57:38,LINK_DOWN,Critical,False
3066,3415,361,465,2024-10-20 11:00:33,RBS_OVER_TEMP,Critical,True
3067,4334,61,154,2024-05-22 12:42:37,MEMORY_HIGH,Major,False
3068,954,29,709,2024-12-07 10:55:03,SOFTWARE_CRASH,Minor,True
3069,4156,146,429,2024-05-01 05:37:05,RBS_OVER_TEMP,Info,False
3070,2624,321,548,2024-11-09 18:43:46,ANTENNA_FAULT,Major,False
3071,4103,130,329,2024-05-04 16:51:13,ANTENNA_FAULT,Info,False
3072,754,385,331,2025-05-23 12:49:25,LINK_DOWN,Major,False
3073,3902,270,521,2024-06-22 10:06:12,SYNC_LOSS,Minor,True
3074,2371,493,800,2025-11-26 10:23:02,SIGNAL_DEGRADED,Critical,False
3075,1903,472,834,2025-01-11 19:04:08,TRANSMISSION_ERROR,Minor,True
3076,3413,339,429,2025-11-05 16:07:45,POWER_ALARM,Info,True
3077,1935,429,315,2025-03-14 05:17:19,SOFTWARE_CRASH,Critical,True
3078,4859,55,572,2024-11-14 16:22:08,SYNC_LOSS,Major,False
3079,714,139,479,2025-07-21 18:52:56,SYNC_LOSS,Minor,True
3080,3164,123,164,2024-11-16 09:59:43,POWER_ALARM,Info,False
3081,542,242,99,2024-11-10 03:57:42,TRANSMISSION_ERROR,Minor,False
3082,3947,371,883,2025-09-29 14:27:32,BATTERY_LOW,Major,True
3083,682,462,59,2024-10-28 12:50:19,ANTENNA_FAULT,Critical,False
3084,2121,62,69,2024-03-18 06:08:37,SOFTWARE_CRASH,Minor,True
3085,908,274,490,2024-04-19 11:59:45,FIBRE_BREAK,Critical,True
3086,4025,246,652,2024-12-28 01:10:02,CPU_OVERLOAD,Critical,True
3087,651,198,506,2024-10-30 13:32:08,ANTENNA_FAULT,Minor,True
3088,3803,262,481,2024-10-19 14:15:42,BATTERY_LOW,Info,False
3089,4227,470,704,2024-06-02 06:37:22,POWER_ALARM,Minor,True
3090,234,317,890,2025-05-21 14:40:12,BATTERY_LOW,Info,False
3091,2432,229,815,2025-03-11 20:39:34,BATTERY_LOW,Major,True
3092,303,144,609,2024-05-28 12:35:33,BATTERY_LOW,Info,False
3093,2987,397,734,2024-04-11 10:40:38,CPU_OVERLOAD,Minor,True
3094,4736,178,669,2025-01-09 16:02:24,LINK_DOWN,Minor,False
3095,816,67,540,2025-09-27 13:18:27,CPU_OVERLOAD,Major,True
3096,2298,480,88,2025-10-03 16:42:29,ANTENNA_FAULT,Info,True
3097,4746,162,338,2024-09-21 10:09:27,SIGNAL_DEGRADED,Critical,False
3098,4408,350,761,2025-01-02 23:46:31,RBS_OVER_TEMP,Minor,False
3099,1156,300,545,2024-09-14 14:45:37,MEMORY_HIGH,Major,False
3100,2402,20,259,2025-03-11 21:22:09,SIGNAL_DEGRADED,Info,True
3101,3392,442,774,2024-09-24 04:58:47,BATTERY_LOW,Critical,False
3102,2562,240,354,2025-06-20 17:27:01,SIGNAL_DEGRADED,Info,True
3103,709,137,391,2025-09-24 18:23:13,CPU_OVERLOAD,Major,False
3104,809,142,691,2024-03-19 19:07:34,LINK_DOWN,Major,True
3105,4506,223,651,2024-01-14 11:58:23,LINK_DOWN,Info,False
3106,1358,377,94,2025-11-07 15:48:55,POWER_ALARM,Info,True
3107,4602,258,448,2025-10-17 05:10:21,RBS_OVER_TEMP,Minor,False
3108,4124,212,89,2025-07-03 12:08:49,SIGNAL_DEGRADED,Info,True
3109,4007,110,924,2025-03-25 18:51:55,TRANSMISSION_ERROR,Minor,False
3110,2930,313,802,2024-12-22 16:33:15,CPU_OVERLOAD,Major,False
3111,1467,77,216,2024-02-07 11:58:43,RBS_OVER_TEMP,Major,False
3112,3683,392,597,2024-01-21 08:24:49,MEMORY_HIGH,Minor,False
3113,2353,271,393,2025-01-27 16:26:19,SOFTWARE_CRASH,Info,False
3114,1248,257,728,2024-11-12 09:59:10,FIBRE_BREAK,Info,False
3115,4623,112,379,2024-04-16 18:29:28,POWER_ALARM,Minor,False
3116,816,67,540,2025-09-27 13:25:27,LINK_DOWN,Minor,True
3117,3908,479,255,2024-10-21 05:12:44,CPU_OVERLOAD,Critical,True
3118,1238,286,674,2025-12-19 20:20:49,CPU_OVERLOAD,Minor,False
3119,3598,161,199,2024-02-18 17:20:30,RBS_OVER_TEMP,Info,False
3120,891,338,248,2025-06-03 14:24:09,SYNC_LOSS,Info,False
3121,4488,133,431,2024-01-03 18:52:56,CPU_OVERLOAD,Critical,False
3122,2066,31,89,2024-08-10 12:52:48,RBS_OVER_TEMP,Minor,False
3123,1430,343,178,2024-07-07 16:18:12,FIBRE_BREAK,Minor,True
3124,955,17,10,2025-09-22 14:46:46,FIBRE_BREAK,Minor,False
3125,1476,194,985,2025-10-26 11:48:25,SIGNAL_DEGRADED,Info,False
3126,3762,254,540,2025-04-02 12:34:37,SYNC_LOSS,Minor,True
3127,253,137,364,2024-02-01 11:01:14,ANTENNA_FAULT,Minor,False
3128,3766,285,507,2024-06-06 19:51:51,ANTENNA_FAULT,Info,True
3129,1453,258,16,2024-09-22 21:31:38,SOFTWARE_CRASH,Info,False
3130,428,114,205,2025-08-13 23:38:24,FIBRE_BREAK,Info,False
3131,1111,276,740,2025-01-06 13:41:30,LINK_DOWN,Minor,False
3132,859,153,279,2024-11-17 21:32:46,ANTENNA_FAULT,Minor,False
3133,1359,236,824,2024-12-24 10:59:24,FIBRE_BREAK,Info,False
3134,1418,121,541,2024-07-21 22:51:35,CPU_OVERLOAD,Major,False
3135,3169,469,767,2025-09-26 22:09:26,CPU_OVERLOAD,Major,True
3136,2967,146,199,2025-02-14 09:17:36,BATTERY_LOW,Critical,False
3137,1353,352,275,2025-04-11 17:08:49,SYNC_LOSS,Major,False
3138,838,335,132,2024-10-20 11:29:23,POWER_ALARM,Minor,False
3139,1528,276,673,2025-01-27 05:35:10,POWER_ALARM,Minor,False
3140,1977,273,83,2025-11-04 07:34:33,TRANSMISSION_ERROR,Major,True
3141,2512,159,405,2025-07-22 08:09:05,SIGNAL_DEGRADED,Minor,True
3142,4453,43,640,2025-03-03 09:17:08,ANTENNA_FAULT,Minor,False
3143,4431,457,463,2024-05-17 20:58:25,TRANSMISSION_ERROR,Minor,True
3144,2391,168,974,2024-09-25 10:20:42,ANTENNA_FAULT,Major,False
3145,4705,107,218,2024-03-01 23:39:04,RBS_OVER_TEMP,Minor,True
3146,4725,303,542,2024-02-07 18:10:15,BATTERY_LOW,Minor,False
3147,2480,330,946,2025-02-28 04:40:22,RBS_OVER_TEMP,Info,False
3148,2260,462,403,2024-04-28 23:53:19,SYNC_LOSS,Minor,False
3149,320,358,535,2024-11-01 16:51:40,SYNC_LOSS,Minor,False
3150,1694,175,127,2025-11-09 15:47:24,LINK_DOWN,Major,False
3151,4424,438,713,2024-01-29 18:24:05,BATTERY_LOW,Minor,False
3152,4058,349,346,2024-09-13 09:31:36,LINK_DOWN,Critical,True
3153,4708,202,324,2025-12-03 17:17:58,CPU_OVERLOAD,Info,False
3154,1240,67,125,2024-03-07 09:10:48,FIBRE_BREAK,Info,False
3155,4205,462,817,2025-06-09 11:04:47,MEMORY_HIGH,Critical,False
3156,1546,468,909,2025-02-21 05:41:09,ANTENNA_FAULT,Minor,False
3157,4746,162,338,2024-09-21 10:05:27,POWER_ALARM,Minor,True
3158,3780,14,177,2025-07-25 12:52:27,SYNC_LOSS,Info,False
3159,2206,302,196,2024-11-28 11:56:57,RBS_OVER_TEMP,Minor,True
3160,4117,499,888,2024-10-28 15:49:24,SOFTWARE_CRASH,Minor,False
3161,3293,268,353,2025-12-17 21:01:20,MEMORY_HIGH,Major,False
3162,1806,91,86,2024-10-19 14:39:49,LINK_DOWN,Info,False
3163,743,498,270,2025-03-05 17:20:44,FIBRE_BREAK,Minor,False
3164,114,463,661,2024-07-24 03:07:10,LINK_DOWN,Major,False
3165,1405,281,908,2024-06-24 05:53:38,TRANSMISSION_ERROR,Info,False
3166,2660,225,236,2025-03-01 21:12:00,POWER_ALARM,Info,True
3167,4167,134,38,2025-03-04 05:58:06,ANTENNA_FAULT,Info,False
3168,4767,389,871,2024-08-01 17:28:33,SIGNAL_DEGRADED,Minor,True
3169,1284,208,392,2025-10-09 21:58:22,SIGNAL_DEGRADED,Info,True
3170,1598,39,75,2025-06-26 11:13:38,ANTENNA_FAULT,Info,False
3171,3562,184,709,2025-02-09 21:30:31,ANTENNA_FAULT,Major,True
3172,4067,431,505,2025-02-05 18:48:41,CPU_OVERLOAD,Info,False
3173,3787,95,786,2025-01-26 07:50:07,FIBRE_BREAK,Minor,False
3174,2657,211,897,2025-04-03 15:47:20,SYNC_LOSS,Major,False
3175,514,305,532,2024-09-15 13:59:52,LINK_DOWN,Minor,False
3176,4000,471,334,2025-05-20 15:21:41,SIGNAL_DEGRADED,Info,False
3177,2542,90,727,2025-09-27 08:45:29,TRANSMISSION_ERROR,Critical,False
3178,4781,80,536,2024-02-22 17:42:57,ANTENNA_FAULT,Critical,False
3179,3040,433,670,2025-11-04 16:55:29,RBS_OVER_TEMP,Major,False
3180,1654,451,843,2025-03-29 16:03:14,SIGNAL_DEGRADED,Major,True
3181,1054,99,411,2025-05-26 10:14:42,TRANSMISSION_ERROR,Minor,True
3182,45,440,726,2025-11-28 15:36:39,FIBRE_BREAK,Critical,False
3183,4096,327,242,2024-12-30 15:44:38,MEMORY_HIGH,Critical,False
3184,4831,317,353,2024-12-03 04:15:38,SOFTWARE_CRASH,Critical,False
3185,95,494,31,2024-08-28 14:18:47,FIBRE_BREAK,Minor,True
3186,1677,79,379,2024-08-23 16:30:12,SYNC_LOSS,Info,False
3187,65,441,197,2024-03-20 17:01:48,SIGNAL_DEGRADED,Critical,True
3188,3536,476,273,2025-05-28 14:00:55,CPU_OVERLOAD,Info,False
3189,944,42,679,2025-04-09 08:53:49,RBS_OVER_TEMP,Info,False
3190,104,100,104,2025-04-16 00:36:07,FIBRE_BREAK,Info,False
3191,450,262,180,2025-06-19 16:34:39,SOFTWARE_CRASH,Info,True
3192,3580,315,544,2025-03-03 10:34:18,SYNC_LOSS,Critical,True
3193,2493,422,618,2024-05-12 17:31:43,TRANSMISSION_ERROR,Major,False
3194,3710,391,68,2024-11-05 18:42:09,SIGNAL_DEGRADED,Major,False
3195,1095,100,456,2025-06-29 14:34:26,SYNC_LOSS,Info,False
3196,4825,329,925,2025-05-25 04:03:50,TRANSMISSION_ERROR,Minor,False
3197,1364,344,93,2024-10-10 20:58:00,SOFTWARE_CRASH,Info,True
3198,2032,332,187,2025-06-14 14:44:12,SYNC_LOSS,Critical,False
3199,2725,391,809,2025-02-02 17:12:47,SIGNAL_DEGRADED,Minor,True
3200,2224,70,720,2025-12-05 18:46:55,ANTENNA_FAULT,Critical,True
3201,2512,159,405,2025-07-22 07:56:05,BATTERY_LOW,Info,False
3202,3393,240,556,2025-09-21 11:23:28,ANTENNA_FAULT,Info,True
3203,2073,202,578,2024-07-22 09:37:12,FIBRE_BREAK,Minor,False
3204,4023,108,954,2024-01-01 16:02:51,CPU_OVERLOAD,Info,False
3205,3552,171,671,2024-11-28 20:30:13,FIBRE_BREAK,Info,True
3206,2554,355,750,2025-12-11 19:28:41,POWER_ALARM,Minor,False
3207,3891,461,45,2024-08-22 09:15:04,ANTENNA_FAULT,Minor,False
3208,571,245,494,2025-05-13 13:43:05,BATTERY_LOW,Major,True
3209,1879,37,516,2024-11-11 12:49:21,FIBRE_BREAK,Minor,False
3210,1130,465,705,2024-01-16 06:06:25,RBS_OVER_TEMP,Critical,False
3211,3346,256,162,2024-06-01 20:39:07,CPU_OVERLOAD,Info,True
3212,2094,411,408,2025-03-08 03:34:09,ANTENNA_FAULT,Info,False
3213,4852,314,406,2025-11-16 20:00:34,RBS_OVER_TEMP,Minor,False
3214,3364,230,842,2025-10-18 18:04:47,CPU_OVERLOAD,Major,True
3215,1490,84,916,2024-05-16 16:58:24,BATTERY_LOW,Info,True
3216,4353,261,205,2025-09-14 03:18:59,SYNC_LOSS,Minor,False
3217,470,147,585,2024-05-23 16:12:06,FIBRE_BREAK,Minor,True
3218,2717,243,279,2025-04-29 10:50:54,SYNC_LOSS,Minor,False
3219,4382,217,838,2025-11-05 22:27:38,TRANSMISSION_ERROR,Minor,False
3220,2239,252,501,2024-09-15 02:58:58,SOFTWARE_CRASH,Info,True
3221,3266,179,610,2025-09-12 10:53:26,SYNC_LOSS,Info,True
3222,3338,399,464,2025-10-20 15:17:15,LINK_DOWN,Info,False
3223,4941,186,128,2024-03-02 04:29:08,LINK_DOWN,Minor,False
3224,4739,8,493,2024-09-14 14:48:08,MEMORY_HIGH,Minor,False
3225,281,236,485,2024-05-12 17:49:14,SIGNAL_DEGRADED,Minor,False
3226,1067,103,351,2025-08-10 20:04:20,BATTERY_LOW,Info,False
3227,303,144,609,2024-05-28 12:29:33,SOFTWARE_CRASH,Major,False
3228,3416,321,269,2024-05-19 20:31:37,SYNC_LOSS,Critical,True
3229,4663,486,538,2025-11-23 17:08:49,SYNC_LOSS,Major,False
3230,2715,293,150,2025-01-30 17:47:58,FIBRE_BREAK,Major,False
3231,4071,53,2,2024-12-24 16:33:07,FIBRE_BREAK,Info,True
3232,295,285,267,2024-12-06 17:26:30,ANTENNA_FAULT,Critical,False
3233,4795,219,63,2025-09-27 08:29:39,SYNC_LOSS,Minor,True
3234,2615,232,894,2024-05-27 23:24:39,CPU_OVERLOAD,Critical,False
3235,3817,234,64,2024-05-10 20:08:48,SIGNAL_DEGRADED,Minor,False
3236,2317,297,527,2024-12-20 08:36:47,LINK_DOWN,Info,False
3237,1659,336,989,2024-08-25 06:56:34,LINK_DOWN,Major,False
3238,3309,26,467,2025-04-22 10:55:06,FIBRE_BREAK,Major,True
3239,3272,245,7,2025-06-19 15:53:50,SIGNAL_DEGRADED,Info,False
3240,1183,143,497,2024-08-15 16:51:54,MEMORY_HIGH,Info,True
3241,2166,415,721,2025-11-21 12:11:43,TRANSMISSION_ERROR,Critical,False
3242,2813,284,434,2025-04-23 09:38:22,LINK_DOWN,Critical,False
3243,3671,183,549,2025-11-10 22:40:38,FIBRE_BREAK,Info,False
3244,1364,344,93,2024-10-10 20:57:00,CPU_OVERLOAD,Major,False
3245,4321,313,579,2024-05-03 00:37:28,BATTERY_LOW,Minor,True
3246,698,62,763,2025-02-14 19:42:51,MEMORY_HIGH,Info,False
3247,3836,41,40,2024-05-21 11:28:38,SYNC_LOSS,Major,True
3248,3055,299,736,2025-04-01 10:45:53,SIGNAL_DEGRADED,Major,False
3249,1993,122,565,2025-11-16 16:39:56,FIBRE_BREAK,Major,False
3250,1336,314,691,2024-03-20 02:06:07,SOFTWARE_CRASH,Minor,False
3251,3781,450,470,2024-09-10 21:38:09,SYNC_LOSS,Major,False
3252,17,361,883,2025-09-03 17:39:42,RBS_OVER_TEMP,Critical,True
3253,2070,110,799,2025-08-02 07:21:44,ANTENNA_FAULT,Minor,True
3254,1557,311,452,2025-11-02 11:47:08,ANTENNA_FAULT,Info,False
3255,1280,60,223,2025-09-11 13:48:17,LINK_DOWN,Critical,False
3256,1725,136,474,2025-08-19 03:30:26,TRANSMISSION_ERROR,Info,False
3257,1839,80,561,2024-08-08 08:39:16,RBS_OVER_TEMP,Minor,False
3258,2523,450,578,2025-11-17 17:58:45,CPU_OVERLOAD,Critical,False
3259,3567,413,460,2024-09-08 10:38:18,SOFTWARE_CRASH,Info,True
3260,3385,137,155,2024-08-24 23:37:49,SIGNAL_DEGRADED,Critical,False
3261,3815,351,855,2025-10-11 11:58:55,SIGNAL_DEGRADED,Critical,False
3262,2367,172,399,2025-08-19 13:03:42,SYNC_LOSS,Minor,False
3263,3876,74,793,2025-10-18 09:58:59,ANTENNA_FAULT,Critical,False
3264,1472,171,908,2025-09-01 16:06:52,SOFTWARE_CRASH,Minor,True
3265,1690,40,963,2024-08-02 13:29:44,LINK_DOWN,Minor,False
3266,2802,221,292,2024-01-16 13:34:30,SYNC_LOSS,Major,False
3267,3403,379,633,2024-06-15 18:15:28,SYNC_LOSS,Minor,False
3268,1946,190,458,2025-06-22 13:35:50,CPU_OVERLOAD,Major,True
3269,1996,240,656,2024-03-15 18:02:37,ANTENNA_FAULT,Critical,True
3270,3849,217,564,2025-01-06 09:47:01,LINK_DOWN,Major,False
3271,1407,345,19,2024-03-11 10:33:39,MEMORY_HIGH,Info,True
3272,2212,334,148,2024-03-04 09:25:22,LINK_DOWN,Minor,True
3273,505,475,212,2025-10-27 13:02:04,CPU_OVERLOAD,Info,True
3274,3933,133,234,2024-05-22 12:52:46,TRANSMISSION_ERROR,Critical,False
3275,2091,248,259,2024-12-22 10:05:54,RBS_OVER_TEMP,Minor,False
3276,4303,83,690,2025-12-25 21:28:03,RBS_OVER_TEMP,Critical,False
3277,3329,217,520,2025-05-19 03:41:05,TRANSMISSION_ERROR,Major,False
3278,502,418,190,2025-09-03 03:29:14,SOFTWARE_CRASH,Minor,False
3279,2428,9,622,2025-07-15 02:05:36,TRANSMISSION_ERROR,Minor,True
3280,4454,373,939,2025-05-27 14:49:23,SOFTWARE_CRASH,Major,False
3281,135,115,663,2025-06-06 09:49:01,SOFTWARE_CRASH,Info,True
3282,3371,29,901,2025-12-04 00:15:48,SOFTWARE_CRASH,Minor,False
3283,201,218,857,2025-01-12 10:17:31,FIBRE_BREAK,Info,False
3284,3109,347,452,2025-09-29 14:21:55,SIGNAL_DEGRADED,Minor,True
3285,1102,195,186,2024-06-14 16:17:43,POWER_ALARM,Major,True
3286,3597,256,161,2024-02-18 09:31:54,FIBRE_BREAK,Critical,False
3287,1422,82,863,2024-02-11 02:02:54,MEMORY_HIGH,Info,True
3288,3480,399,732,2024-08-04 01:18:44,BATTERY_LOW,Minor,False
3289,4489,25,6,2025-02-07 10:57:41,SIGNAL_DEGRADED,Minor,False
3290,2714,131,945,2024-03-12 00:39:50,CPU_OVERLOAD,Major,False
3291,700,402,500,2024-01-05 14:10:23,SIGNAL_DEGRADED,Info,False
3292,3633,419,468,2024-02-05 02:38:27,FIBRE_BREAK,Info,True
3293,1518,425,242,2024-04-26 14:24:15,LINK_DOWN,Major,True
3294,42,82,53,2025-08-03 18:57:25,POWER_ALARM,Critical,True
3295,2868,466,135,2024-03-16 09:21:00,TRANSMISSION_ERROR,Minor,False
3296,2666,197,73,2025-07-02 13:53:00,ANTENNA_FAULT,Critical,False
3297,3470,112,96,2025-08-30 12:07:06,POWER_ALARM,Minor,False
3298,286,43,903,2024-02-26 13:33:45,SOFTWARE_CRASH,Major,False
3299,4424,438,713,2024-01-29 18:22:05,FIBRE_BREAK,Minor,True
3300,1203,33,378,2024-04-28 15:54:05,TRANSMISSION_ERROR,Minor,True
3301,4786,124,622,2025-12-10 16:31:55,MEMORY_HIGH,Info,False
3302,4441,355,5,2025-02-10 11:15:39,SYNC_LOSS,Major,False
3303,2724,499,491,2024-09-07 09:05:31,RBS_OVER_TEMP,Major,True
3304,692,180,29,2024-02-04 00:06:39,LINK_DOWN,Minor,False
3305,1685,36,924,2025-10-04 13:51:32,SOFTWARE_CRASH,Minor,True
3306,3216,499,834,2024-11-08 11:01:34,FIBRE_BREAK,Info,False
3307,19,135,482,2025-02-28 08:04:12,CPU_OVERLOAD,Major,True
3308,2749,256,319,2024-10-23 22:25:10,SYNC_LOSS,Minor,True
3309,3543,31,521,2025-11-23 00:24:11,SOFTWARE_CRASH,Info,True
3310,4077,432,723,2025-10-31 17:17:49,LINK_DOWN,Minor,False
3311,1314,336,809,2024-10-29 14:44:37,SIGNAL_DEGRADED,Minor,True
3312,4433,263,932,2025-11-08 19:06:20,SIGNAL_DEGRADED,Major,False
3313,2356,365,376,2024-07-18 23:12:53,RBS_OVER_TEMP,Minor,True
3314,2383,255,517,2025-11-19 06:38:38,POWER_ALARM,Major,False
3315,4041,179,919,2025-09-28 21:11:46,SOFTWARE_CRASH,Minor,True
3316,3662,304,718,2025-07-31 09:37:18,POWER_ALARM,Critical,True
3317,4608,23,771,2025-04-07 18:05:09,SIGNAL_DEGRADED,Major,False
3318,4444,257,699,2024-11-28 12:02:28,BATTERY_LOW,Info,True
3319,1485,239,539,2025-10-12 10:34:37,BATTERY_LOW,Info,False
3320,3215,193,801,2025-09-05 02:42:35,POWER_ALARM,Minor,False
3321,4113,283,272,2024-01-06 10:09:12,ANTENNA_FAULT,Major,False
3322,2222,281,85,2025-04-23 03:11:02,MEMORY_HIGH,Major,False
3323,1132,389,566,2025-11-09 17:43:53,SOFTWARE_CRASH,Info,True
3324,768,191,983,2025-12-14 15:34:26,SIGNAL_DEGRADED,Minor,False
3325,3370,274,200,2025-11-23 12:30:42,POWER_ALARM,Critical,True
3326,2848,469,859,2025-09-02 01:41:27,TRANSMISSION_ERROR,Minor,False
3327,4814,184,629,2024-01-01 14:55:21,SIGNAL_DEGRADED,Minor,False
3328,4559,348,38,2024-04-06 15:02:14,FIBRE_BREAK,Critical,True
3329,3704,500,544,2025-10-04 21:57:47,BATTERY_LOW,Critical,False
3330,2087,10,75,2024-03-18 08:45:51,FIBRE_BREAK,Info,True
3331,804,219,98,2024-08-21 16:24:55,TRANSMISSION_ERROR,Minor,False
3332,2106,448,263,2025-06-12 08:33:19,RBS_OVER_TEMP,Minor,False
3333,4318,383,75,2025-10-23 19:05:15,ANTENNA_FAULT,Major,False
3334,3326,419,301,2025-03-10 14:37:49,SIGNAL_DEGRADED,Info,False
3335,2099,110,517,2025-11-15 15:24:30,FIBRE_BREAK,Minor,False
3336,1469,482,726,2025-07-11 07:21:36,RBS_OVER_TEMP,Info,True
3337,1240,67,125,2024-03-07 09:05:48,RBS_OVER_TEMP,Major,False
3338,4164,422,878,2025-09-01 11:33:32,CPU_OVERLOAD,Critical,False
3339,3934,250,46,2025-08-13 16:16:01,FIBRE_BREAK,Major,False
3340,879,429,650,2024-04-29 21:14:58,FIBRE_BREAK,Major,False
3341,2843,467,272,2025-10-10 17:32:34,RBS_OVER_TEMP,Critical,False
3342,3375,115,574,2024-12-13 18:41:14,BATTERY_LOW,Info,False
3343,416,246,544,2025-03-24 12:55:52,RBS_OVER_TEMP,Minor,False
3344,2594,318,823,2025-06-27 19:50:23,BATTERY_LOW,Info,False
3345,2725,391,809,2025-02-02 17:24:47,BATTERY_LOW,Info,False
3346,4806,416,869,2025-12-15 16:04:20,FIBRE_BREAK,Critical,False
3347,3650,346,564,2024-12-15 10:53:02,POWER_ALARM,Minor,True
3348,4579,394,835,2024-05-10 15:45:25,LINK_DOWN,Info,True
3349,4507,56,293,2024-10-12 17:20:13,TRANSMISSION_ERROR,Major,True
3350,364,33,282,2024-09-24 12:58:39,FIBRE_BREAK,Critical,False
3351,1236,231,693,2024-05-29 18:04:01,TRANSMISSION_ERROR,Major,False
3352,3700,442,590,2024-10-20 14:46:32,MEMORY_HIGH,Major,False
3353,2664,83,59,2024-12-20 18:26:22,ANTENNA_FAULT,Major,True
3354,3384,484,523,2025-12-21 15:11:29,RBS_OVER_TEMP,Info,False
3355,4286,338,925,2024-11-24 23:27:29,SIGNAL_DEGRADED,Minor,False
3356,3492,14,140,2024-01-22 05:00:31,TRANSMISSION_ERROR,Info,False
3357,1664,266,150,2025-01-01 23:28:24,LINK_DOWN,Critical,False
3358,2760,62,162,2025-11-14 13:03:48,LINK_DOWN,Major,False
3359,2806,131,282,2024-06-15 03:29:11,MEMORY_HIGH,Major,False
3360,4078,409,15,2024-04-13 09:26:14,POWER_ALARM,Minor,False
3361,277,25,791,2025-06-05 17:09:45,RBS_OVER_TEMP,Info,True
3362,3189,474,93,2025-03-02 14:04:53,MEMORY_HIGH,Minor,True
3363,2696,117,559,2024-10-01 16:01:08,RBS_OVER_TEMP,Minor,True
3364,416,246,544,2025-03-24 13:05:52,SIGNAL_DEGRADED,Major,False
3365,4611,164,751,2025-06-07 16:11:34,RBS_OVER_TEMP,Major,False
3366,3177,289,357,2025-06-29 05:35:08,MEMORY_HIGH,Minor,False
3367,4626,131,731,2024-04-24 09:35:22,RBS_OVER_TEMP,Critical,False
3368,4261,254,921,2024-03-13 23:58:49,FIBRE_BREAK,Minor,True
3369,369,430,820,2024-12-24 11:22:08,LINK_DOWN,Minor,False
3370,4432,334,840,2024-10-31 03:04:05,RBS_OVER_TEMP,Major,False
3371,2139,234,814,2025-09-27 10:30:25,FIBRE_BREAK,Info,False
3372,87,221,320,2025-07-29 16:53:25,LINK_DOWN,Minor,False
3373,1459,253,537,2024-10-13 15:08:27,RBS_OVER_TEMP,Minor,False
3374,3296,431,758,2025-09-19 10:09:54,MEMORY_HIGH,Info,False
3375,1320,215,721,2024-10-18 10:21:15,BATTERY_LOW,Critical,False
3376,113,167,184,2025-12-31 08:35:02,SOFTWARE_CRASH,Info,False
3377,1446,43,252,2025-11-10 15:39:09,POWER_ALARM,Info,True
3378,4749,291,539,2025-11-13 21:37:26,MEMORY_HIGH,Critical,True
3379,926,210,158,2024-01-01 03:23:17,TRANSMISSION_ERROR,Info,False
3380,2357,273,272,2024-05-30 12:16:34,SYNC_LOSS,Info,False
3381,3471,420,220,2024-09-20 14:11:00,ANTENNA_FAULT,Critical,False
3382,571,245,494,2025-05-13 13:20:05,MEMORY_HIGH,Info,False
3383,3104,365,974,2025-04-23 12:34:05,SYNC_LOSS,Major,False
3384,2765,440,875,2024-02-19 09:11:25,MEMORY_HIGH,Info,False
3385,3209,364,411,2025-02-28 11:13:44,SOFTWARE_CRASH,Info,False
3386,4770,311,36,2025-06-29 15:23:29,LINK_DOWN,Critical,True
3387,4735,483,963,2025-03-21 12:49:46,BATTERY_LOW,Info,True
3388,1036,428,187,2024-01-29 18:09:35,POWER_ALARM,Info,False
3389,1432,89,555,2024-09-14 13:08:14,POWER_ALARM,Info,False
3390,3710,391,68,2024-11-05 18:28:09,SIGNAL_DEGRADED,Minor,False
3391,734,35,245,2024-10-24 20:07:16,ANTENNA_FAULT,Major,True
3392,3188,279,250,2024-12-03 16:02:27,ANTENNA_FAULT,Minor,False
3393,3409,46,426,2024-04-24 12:06:08,ANTENNA_FAULT,Critical,False
3394,3735,167,81,2024-04-05 06:29:15,POWER_ALARM,Minor,True
3395,87,221,320,2025-07-29 16:43:25,BATTERY_LOW,Minor,False
3396,3923,399,662,2024-09-26 13:18:09,RBS_OVER_TEMP,Major,False
3397,4811,448,438,2024-11-16 02:47:47,TRANSMISSION_ERROR,Major,False
3398,2067,462,642,2025-11-11 13:24:27,BATTERY_LOW,Minor,False
3399,4097,252,195,2025-01-12 12:31:25,POWER_ALARM,Major,True
3400,3063,410,661,2024-12-10 10:56:36,SOFTWARE_CRASH,Minor,False
3401,689,27,711,2025-01-18 17:53:29,SYNC_LOSS,Info,True
3402,3953,242,12,2024-09-17 22:31:41,BATTERY_LOW,Info,False
3403,875,346,795,2024-12-23 21:41:26,MEMORY_HIGH,Minor,False
3404,1863,92,608,2025-03-23 11:41:32,SOFTWARE_CRASH,Major,False
3405,1674,157,245,2024-12-11 08:49:00,SIGNAL_DEGRADED,Major,False
3406,3707,189,163,2025-12-16 17:40:56,SIGNAL_DEGRADED,Info,True
3407,2927,62,468,2025-09-07 15:08:50,MEMORY_HIGH,Minor,False
3408,3569,156,534,2024-05-01 15:40:18,TRANSMISSION_ERROR,Info,False
3409,282,226,133,2025-04-18 13:10:28,SYNC_LOSS,Major,True
3410,287,173,149,2025-07-11 18:48:14,POWER_ALARM,Minor,False
3411,1568,26,946,2025-07-23 17:51:56,MEMORY_HIGH,Minor,True
3412,651,198,506,2024-10-30 13:35:08,BATTERY_LOW,Info,False
3413,1435,57,114,2025-01-02 14:28:23,SOFTWARE_CRASH,Major,False
3414,432,403,723,2025-06-27 18:12:40,MEMORY_HIGH,Info,True
3415,3326,419,301,2025-03-10 14:37:49,FIBRE_BREAK,Critical,False
3416,3872,10,440,2025-07-07 08:43:25,BATTERY_LOW,Major,True
3417,4040,336,370,2024-07-15 10:59:46,SOFTWARE_CRASH,Major,False
3418,868,476,244,2025-02-02 15:59:12,RBS_OVER_TEMP,Minor,True
3419,3528,109,96,2024-10-23 12:41:57,LINK_DOWN,Major,False
3420,3287,359,862,2025-06-14 13:56:50,CPU_OVERLOAD,Minor,True
3421,2352,135,484,2025-08-31 17:47:52,SYNC_LOSS,Minor,False
3422,994,211,573,2024-11-12 03:45:51,BATTERY_LOW,Info,True
3423,2236,291,820,2025-11-05 04:17:16,TRANSMISSION_ERROR,Info,False
3424,916,316,408,2025-01-25 11:28:14,POWER_ALARM,Info,True
3425,246,156,314,2024-08-25 13:06:40,RBS_OVER_TEMP,Critical,False
3426,525,399,165,2025-07-09 14:23:54,SIGNAL_DEGRADED,Critical,True
3427,3532,417,267,2025-07-13 11:21:50,SIGNAL_DEGRADED,Info,False
3428,1374,162,482,2025-03-06 05:36:25,SYNC_LOSS,Major,True
3429,1105,60,951,2024-11-06 08:46:57,CPU_OVERLOAD,Major,True
3430,4636,137,629,2025-12-01 15:01:03,SIGNAL_DEGRADED,Minor,False
3431,1818,165,637,2024-03-24 01:25:43,SYNC_LOSS,Info,False
3432,1391,391,445,2025-02-09 07:44:19,CPU_OVERLOAD,Minor,True
3433,1922,476,589,2024-04-18 07:29:34,SOFTWARE_CRASH,Critical,False
3434,4966,160,884,2024-08-12 02:37:35,LINK_DOWN,Info,True
3435,848,300,293,2024-09-15 07:55:49,SOFTWARE_CRASH,Critical,False
3436,4780,127,289,2025-04-13 18:50:54,CPU_OVERLOAD,Critical,False
3437,3570,307,276,2025-08-18 16:02:04,LINK_DOWN,Minor,True
3438,4472,395,151,2024-01-20 17:38:48,FIBRE_BREAK,Info,False
3439,4524,303,699,2025-10-25 03:20:29,POWER_ALARM,Info,False
3440,3959,233,683,2024-07-20 09:42:05,SYNC_LOSS,Info,True
3441,4122,476,864,2025-05-23 11:59:26,SYNC_LOSS,Critical,True
3442,3052,406,64,2024-06-07 14:57:36,POWER_ALARM,Critical,False
3443,1119,114,684,2025-01-15 21:51:07,SYNC_LOSS,Critical,False
3444,399,197,42,2024-05-16 13:08:07,LINK_DOWN,Minor,False
3445,3752,493,334,2025-09-29 18:32:34,BATTERY_LOW,Major,True
3446,4280,110,14,2024-02-08 03:46:24,CPU_OVERLOAD,Minor,False
3447,1931,459,594,2025-04-25 18:09:16,SIGNAL_DEGRADED,Info,True
3448,1671,28,69,2024-02-22 09:43:25,POWER_ALARM,Major,False
3449,1720,268,889,2024-12-08 10:24:48,POWER_ALARM,Major,False
3450,3662,304,718,2025-07-31 09:42:18,TRANSMISSION_ERROR,Critical,False
3451,573,310,716,2024-03-29 17:02:42,MEMORY_HIGH,Info,False
3452,1948,245,401,2025-09-29 17:51:07,CPU_OVERLOAD,Critical,False
3453,4081,174,908,2024-09-24 17:44:45,POWER_ALARM,Info,False
3454,4409,103,727,2025-12-23 09:36:47,MEMORY_HIGH,Major,False
3455,3096,397,238,2024-07-20 07:29:36,MEMORY_HIGH,Major,True
3456,850,70,911,2025-02-26 06:27:36,MEMORY_HIGH,Critical,False
3457,2704,485,265,2024-04-19 17:01:17,SIGNAL_DEGRADED,Major,True
3458,4558,186,70,2024-07-20 13:46:22,SOFTWARE_CRASH,Minor,True
3459,2,129,137,2025-07-02 17:45:48,SOFTWARE_CRASH,Info,False
3460,2215,455,62,2025-05-15 05:32:52,POWER_ALARM,Major,False
3461,3712,341,364,2024-09-15 13:33:01,LINK_DOWN,Minor,True
3462,1448,330,283,2025-11-08 12:36:51,MEMORY_HIGH,Minor,False
3463,4361,378,844,2024-07-11 09:33:26,TRANSMISSION_ERROR,Major,True
3464,1541,239,105,2025-10-24 16:35:20,CPU_OVERLOAD,Info,True
3465,1249,272,962,2025-01-12 07:24:04,SOFTWARE_CRASH,Major,False
3466,586,499,3,2025-09-13 03:10:55,RBS_OVER_TEMP,Minor,True
3467,2422,454,880,2025-02-13 20:17:09,ANTENNA_FAULT,Major,True
3468,2354,170,622,2024-08-31 23:14:14,SYNC_LOSS,Info,False
3469,3328,412,12,2024-10-27 04:38:27,BATTERY_LOW,Minor,False
3470,3474,255,48,2024-06-21 19:05:59,SOFTWARE_CRASH,Info,False
3471,3112,378,148,2025-01-02 20:55:04,BATTERY_LOW,Major,True
3472,829,424,31,2024-02-22 03:00:09,LINK_DOWN,Major,False
3473,1882,41,921,2024-03-19 00:17:18,FIBRE_BREAK,Info,True
3474,116,444,309,2024-10-12 12:23:07,FIBRE_BREAK,Major,False
3475,825,275,132,2024-09-19 09:11:48,TRANSMISSION_ERROR,Critical,True
3476,1195,162,330,2024-04-09 15:01:01,POWER_ALARM,Major,False
3477,4595,378,566,2024-09-29 11:25:21,BATTERY_LOW,Minor,False
3478,4511,218,752,2025-12-21 05:39:42,ANTENNA_FAULT,Info,False
3479,4306,182,25,2024-09-08 13:19:10,SIGNAL_DEGRADED,Info,False
3480,4646,251,730,2025-11-17 17:05:38,SIGNAL_DEGRADED,Info,False
3481,1151,218,873,2024-04-04 00:38:26,TRANSMISSION_ERROR,Minor,False
3482,4892,160,286,2025-07-24 16:20:51,SIGNAL_DEGRADED,Info,True
3483,4182,15,585,2025-07-03 10:27:14,SYNC_LOSS,Minor,False
3484,1544,233,944,2024-11-26 22:28:31,ANTENNA_FAULT,Critical,False
3485,4642,195,189,2025-07-04 13:15:25,POWER_ALARM,Major,True
3486,658,337,877,2025-03-28 17:20:17,POWER_ALARM,Minor,False
3487,1032,5,596,2024-12-24 09:09:05,SYNC_LOSS,Minor,False
3488,1690,40,963,2024-08-02 13:13:44,RBS_OVER_TEMP,Major,True
3489,993,353,742,2025-03-21 09:25:47,ANTENNA_FAULT,Critical,False
3490,2780,490,864,2025-07-19 14:17:20,FIBRE_BREAK,Minor,False
3491,1062,133,642,2024-07-29 17:22:34,BATTERY_LOW,Info,False
3492,510,225,646,2024-08-16 16:06:15,SOFTWARE_CRASH,Minor,False
3493,345,125,198,2024-11-29 14:43:47,TRANSMISSION_ERROR,Major,False
3494,2804,451,273,2024-04-02 10:41:03,CPU_OVERLOAD,Minor,True
3495,1898,140,409,2025-04-23 08:09:14,SYNC_LOSS,Minor,True
3496,456,77,698,2024-03-24 10:35:37,SIGNAL_DEGRADED,Critical,True
3497,393,489,996,2025-05-17 11:12:43,ANTENNA_FAULT,Critical,False
3498,1844,472,531,2025-02-04 20:01:42,MEMORY_HIGH,Critical,False
3499,2601,136,508,2024-07-14 12:28:21,POWER_ALARM,Critical,False
3500,4576,4,960,2024-11-09 11:05:58,MEMORY_HIGH,Minor,False
3501,2157,101,766,2024-11-13 12:59:02,POWER_ALARM,Minor,False
3502,4324,182,723,2025-08-14 17:23:25,MEMORY_HIGH,Major,False
3503,4010,339,84,2024-05-15 02:15:36,ANTENNA_FAULT,Major,False
3504,2355,35,439,2025-06-23 04:09:48,MEMORY_HIGH,Info,True
3505,3066,471,655,2025-03-07 13:37:30,MEMORY_HIGH,Major,False
3506,1968,366,138,2025-06-12 10:15:17,ANTENNA_FAULT,Major,True
3507,3193,14,587,2025-09-08 10:32:34,RBS_OVER_TEMP,Minor,True
3508,468,187,344,2024-12-02 16:48:23,LINK_DOWN,Critical,True
3509,2662,306,699,2025-01-29 13:49:22,RBS_OVER_TEMP,Minor,False
3510,727,105,411,2025-08-05 17:53:44,POWER_ALARM,Major,False
3511,3180,274,119,2024-05-20 12:33:49,MEMORY_HIGH,Info,False
3512,4572,105,368,2024-08-07 16:45:20,RBS_OVER_TEMP,Minor,False
3513,2387,100,872,2025-09-15 00:55:57,SOFTWARE_CRASH,Minor,False
3514,4288,219,848,2024-01-17 16:41:54,SOFTWARE_CRASH,Minor,True
3515,4875,38,622,2025-10-24 21:49:51,MEMORY_HIGH,Info,False
3516,3406,448,358,2025-08-25 10:18:17,BATTERY_LOW,Critical,False
3517,2118,352,465,2025-11-10 23:40:15,FIBRE_BREAK,Major,False
3518,2553,445,286,2025-01-16 07:07:37,ANTENNA_FAULT,Major,True
3519,2917,201,993,2024-03-12 21:35:45,LINK_DOWN,Major,False
3520,1652,176,414,2025-01-15 17:54:38,FIBRE_BREAK,Minor,False
3521,4279,278,686,2024-01-01 22:55:41,TRANSMISSION_ERROR,Major,False
3522,556,442,745,2024-09-15 10:11:43,RBS_OVER_TEMP,Major,False
3523,595,131,419,2024-03-18 16:12:53,SOFTWARE_CRASH,Info,True
3524,4607,29,340,2024-09-29 17:49:09,LINK_DOWN,Minor,False
3525,341,202,653,2024-12-01 08:03:40,SYNC_LOSS,Info,False
3526,30,362,9,2025-11-20 15:30:19,BATTERY_LOW,Critical,False
3527,781,148,913,2025-12-15 10:01:14,TRANSMISSION_ERROR,Minor,False
3528,4965,489,791,2025-09-07 16:45:32,POWER_ALARM,Major,False
3529,2356,365,376,2024-07-18 23:00:53,SOFTWARE_CRASH,Critical,False
3530,1223,94,500,2025-12-10 18:30:10,ANTENNA_FAULT,Major,True
3531,1258,202,223,2025-04-29 14:53:33,SIGNAL_DEGRADED,Major,False
3532,2836,303,835,2024-08-04 08:25:25,LINK_DOWN,Info,True
3533,269,88,537,2025-09-22 17:06:44,TRANSMISSION_ERROR,Minor,True
3534,3907,177,996,2025-05-23 14:56:35,ANTENNA_FAULT,Critical,False
3535,3402,325,780,2024-02-25 14:02:42,RBS_OVER_TEMP,Info,True
3536,152,36,373,2024-04-07 18:01:59,POWER_ALARM,Critical,True
3537,420,416,216,2024-10-12 22:01:31,SYNC_LOSS,Major,False
3538,3789,266,327,2025-08-27 22:14:38,POWER_ALARM,Info,False
3539,4629,288,829,2025-05-04 03:27:04,SOFTWARE_CRASH,Info,False
3540,686,278,138,2024-10-24 17:59:54,ANTENNA_FAULT,Major,True
3541,2612,457,988,2024-03-26 08:52:41,LINK_DOWN,Info,True
3542,3141,32,926,2025-08-18 10:12:58,SOFTWARE_CRASH,Major,True
3543,200,400,281,2025-02-23 21:43:08,FIBRE_BREAK,Major,False
3544,1865,344,11,2024-03-02 13:53:14,TRANSMISSION_ERROR,Minor,False
3545,3747,250,245,2024-03-05 15:26:45,CPU_OVERLOAD,Major,True
3546,1278,424,491,2024-02-16 22:45:59,MEMORY_HIGH,Minor,False
3547,3014,204,739,2025-04-17 14:46:51,POWER_ALARM,Major,False
3548,3691,25,938,2025-11-04 08:49:15,FIBRE_BREAK,Major,False
3549,3546,6,419,2024-06-15 21:23:45,TRANSMISSION_ERROR,Critical,False
3550,4393,164,243,2024-04-05 15:06:58,FIBRE_BREAK,Major,False
3551,1438,140,267,2024-02-08 05:07:02,SOFTWARE_CRASH,Major,True
3552,3106,334,284,2024-11-11 20:44:23,FIBRE_BREAK,Major,False
3553,3144,115,383,2025-08-04 14:19:32,ANTENNA_FAULT,Minor,False
3554,606,134,891,2024-11-21 11:37:25,SOFTWARE_CRASH,Minor,False
3555,3510,323,8,2024-10-14 05:03:38,CPU_OVERLOAD,Minor,False
3556,4023,108,954,2024-01-01 16:09:51,SOFTWARE_CRASH,Minor,True
3557,2347,121,906,2024-04-21 10:21:19,SYNC_LOSS,Info,False
3558,4020,172,336,2025-10-16 09:50:24,RBS_OVER_TEMP,Critical,False
3559,2887,289,294,2024-12-27 11:01:59,SOFTWARE_CRASH,Minor,False
3560,2325,1,181,2025-08-09 14:28:43,RBS_OVER_TEMP,Major,False
3561,337,490,63,2024-07-22 07:17:16,SIGNAL_DEGRADED,Minor,False
3562,2664,83,59,2024-12-20 18:19:22,RBS_OVER_TEMP,Minor,False
3563,1825,477,987,2024-01-25 04:55:50,CPU_OVERLOAD,Minor,True
3564,442,132,525,2024-11-28 11:09:43,RBS_OVER_TEMP,Minor,False
3565,3665,152,894,2024-01-29 04:19:46,BATTERY_LOW,Major,False
3566,132,369,644,2024-12-16 15:38:22,ANTENNA_FAULT,Minor,False
3567,3939,317,104,2025-12-09 02:53:38,SIGNAL_DEGRADED,Critical,True
3568,1284,208,392,2025-10-09 21:55:22,LINK_DOWN,Critical,False
3569,1735,269,154,2024-10-03 09:32:44,CPU_OVERLOAD,Minor,False
3570,4440,7,919,2025-10-14 15:55:32,SYNC_LOSS,Major,False
3571,1096,158,51,2024-03-12 16:22:31,ANTENNA_FAULT,Major,False
3572,1755,123,634,2024-03-25 13:06:58,POWER_ALARM,Info,False
3573,2457,493,750,2024-03-14 09:40:32,MEMORY_HIGH,Critical,False
3574,605,430,77,2024-02-02 10:16:18,SYNC_LOSS,Minor,False
3575,247,319,425,2024-11-01 19:25:26,RBS_OVER_TEMP,Critical,True
3576,548,317,926,2025-04-25 10:25:25,SOFTWARE_CRASH,Minor,False
3577,2479,272,775,2025-01-21 07:48:51,MEMORY_HIGH,Critical,False
3578,930,36,622,2025-08-17 04:01:34,SYNC_LOSS,Info,False
3579,1097,141,413,2024-10-16 08:14:15,POWER_ALARM,Critical,False
3580,1652,176,414,2025-01-15 17:57:38,BATTERY_LOW,Major,False
3581,3413,339,429,2025-11-05 16:07:45,SYNC_LOSS,Minor,False
3582,3061,356,102,2024-07-30 08:28:45,TRANSMISSION_ERROR,Minor,False
3583,819,240,200,2025-06-14 17:19:38,TRANSMISSION_ERROR,Critical,False
3584,1456,281,876,2024-10-08 07:15:38,LINK_DOWN,Info,False
3585,3726,243,962,2024-11-14 11:46:15,LINK_DOWN,Major,False
3586,3734,30,200,2024-04-27 09:40:32,ANTENNA_FAULT,Major,False
3587,247,319,425,2024-11-01 19:46:26,POWER_ALARM,Minor,False
3588,1853,418,16,2025-10-28 00:28:38,CPU_OVERLOAD,Info,False
3589,865,490,591,2024-10-16 03:29:25,POWER_ALARM,Major,False
3590,73,90,870,2024-01-20 08:41:44,ANTENNA_FAULT,Info,False
3591,2930,313,802,2024-12-22 16:32:15,POWER_ALARM,Critical,False
3592,3436,374,28,2025-06-17 16:11:50,ANTENNA_FAULT,Info,False
3593,1380,323,445,2025-01-06 08:44:31,TRANSMISSION_ERROR,Minor,False
3594,18,88,329,2025-09-19 11:14:41,FIBRE_BREAK,Major,False
3595,4698,29,548,2024-01-12 08:18:21,TRANSMISSION_ERROR,Minor,False
3596,785,424,762,2024-05-10 15:30:50,TRANSMISSION_ERROR,Major,False
3597,2713,494,381,2025-07-27 11:43:20,LINK_DOWN,Minor,False
3598,10,483,950,2025-08-17 13:22:12,POWER_ALARM,Minor,False
3599,3311,120,345,2025-01-11 12:08:26,MEMORY_HIGH,Critical,False
3600,431,469,278,2024-12-24 22:09:06,FIBRE_BREAK,Info,False
3601,4800,239,257,2025-08-17 00:53:07,SOFTWARE_CRASH,Minor,False
3602,1969,115,266,2024-01-12 13:39:02,CPU_OVERLOAD,Info,True
3603,2721,95,329,2024-06-12 11:02:20,POWER_ALARM,Minor,True
3604,1243,374,549,2024-06-10 17:23:28,POWER_ALARM,Minor,False
3605,3272,245,7,2025-06-19 16:08:50,CPU_OVERLOAD,Info,True
3606,3973,27,868,2024-03-13 09:10:17,LINK_DOWN,Major,True
3607,4886,256,632,2024-12-15 17:40:30,RBS_OVER_TEMP,Critical,True
3608,1997,222,873,2024-01-22 21:25:04,RBS_OVER_TEMP,Minor,True
3609,1529,432,179,2024-04-11 15:18:47,RBS_OVER_TEMP,Critical,False
3610,3500,466,482,2025-03-28 13:20:28,CPU_OVERLOAD,Info,False
3611,3745,83,492,2025-07-13 20:36:32,RBS_OVER_TEMP,Info,False
3612,751,109,983,2024-03-01 00:31:33,SIGNAL_DEGRADED,Critical,False
3613,3152,37,941,2024-02-16 15:26:06,BATTERY_LOW,Major,False
3614,2267,374,733,2025-06-17 12:24:31,SOFTWARE_CRASH,Minor,True
3615,4231,199,16,2024-02-01 01:37:36,LINK_DOWN,Major,True
3616,4928,108,552,2024-11-19 06:05:45,POWER_ALARM,Major,False
3617,397,309,188,2025-08-20 20:52:54,LINK_DOWN,Minor,True
3618,4371,490,449,2024-09-20 09:09:40,SOFTWARE_CRASH,Critical,False
3619,2061,440,156,2024-03-03 17:07:16,ANTENNA_FAULT,Minor,False
3620,4866,21,455,2025-10-28 03:53:32,FIBRE_BREAK,Minor,True
3621,1598,39,75,2025-06-26 11:15:38,SYNC_LOSS,Critical,True
3622,209,136,74,2024-11-02 09:00:52,POWER_ALARM,Critical,False
3623,1752,166,805,2024-10-26 10:25:45,MEMORY_HIGH,Critical,False
3624,1646,487,584,2025-02-14 17:42:21,LINK_DOWN,Major,True
3625,2201,106,920,2025-09-12 06:10:31,TRANSMISSION_ERROR,Critical,True
3626,956,22,257,2025-12-26 17:05:38,SYNC_LOSS,Critical,False
3627,2235,87,710,2024-05-10 02:18:47,SIGNAL_DEGRADED,Major,True
3628,4657,438,495,2024-02-06 21:58:33,LINK_DOWN,Minor,False
3629,2012,201,182,2024-05-24 18:14:18,RBS_OVER_TEMP,Minor,True
3630,3739,65,652,2025-05-09 14:42:16,SOFTWARE_CRASH,Critical,False
3631,4930,263,97,2025-11-09 01:24:06,SOFTWARE_CRASH,Minor,False
3632,4309,141,393,2024-12-15 08:49:11,FIBRE_BREAK,Critical,False
3633,2181,45,821,2024-03-21 15:40:53,TRANSMISSION_ERROR,Minor,False
3634,3897,169,315,2025-03-16 09:24:04,SYNC_LOSS,Minor,False
3635,392,244,628,2024-04-26 12:10:25,LINK_DOWN,Info,False
3636,322,379,585,2024-04-06 10:21:28,RBS_OVER_TEMP,Info,False
3637,472,250,34,2025-03-15 07:07:38,FIBRE_BREAK,Minor,False
3638,734,35,245,2024-10-24 20:05:16,POWER_ALARM,Major,False
3639,3562,184,709,2025-02-09 21:25:31,TRANSMISSION_ERROR,Minor,False
3640,3533,282,372,2025-09-10 15:39:13,ANTENNA_FAULT,Info,False
3641,4104,306,118,2025-03-19 13:45:32,POWER_ALARM,Minor,False
3642,2346,98,652,2025-04-29 10:59:03,SIGNAL_DEGRADED,Major,False
3643,4180,100,79,2025-01-14 16:37:10,MEMORY_HIGH,Minor,False
3644,2087,10,75,2024-03-18 08:44:51,RBS_OVER_TEMP,Major,True
3645,3663,491,475,2024-12-30 19:11:58,BATTERY_LOW,Minor,False
3646,3911,142,497,2025-12-24 07:46:27,SOFTWARE_CRASH,Minor,False
3647,4318,383,75,2025-10-23 19:04:15,BATTERY_LOW,Major,True
3648,1766,161,188,2024-10-19 09:18:19,SOFTWARE_CRASH,Critical,False
3649,4315,148,471,2025-10-19 14:37:27,FIBRE_BREAK,Minor,False
3650,1504,214,952,2024-04-11 12:49:24,BATTERY_LOW,Info,False
3651,387,358,753,2025-02-12 08:34:59,FIBRE_BREAK,Major,True
3652,1231,112,671,2024-10-30 16:54:44,MEMORY_HIGH,Info,False
3653,3739,65,652,2025-05-09 11:47:16,ANTENNA_FAULT,Major,False
3654,892,347,543,2025-12-16 19:04:46,SYNC_LOSS,Major,True
3655,907,216,222,2025-01-28 05:44:31,BATTERY_LOW,Major,True
3656,1011,391,304,2024-08-08 18:00:05,SOFTWARE_CRASH,Major,False
3657,4397,378,885,2024-03-21 18:58:57,POWER_ALARM,Major,False
3658,2961,446,109,2025-06-25 21:55:04,POWER_ALARM,Info,True
3659,2002,260,854,2024-10-26 20:41:37,ANTENNA_FAULT,Info,False
3660,1095,100,456,2025-06-29 14:33:26,ANTENNA_FAULT,Info,False
3661,3139,100,620,2025-08-24 00:07:42,BATTERY_LOW,Info,False
3662,553,120,234,2024-04-07 17:40:06,SYNC_LOSS,Critical,False
3663,490,171,686,2024-09-04 23:35:32,SYNC_LOSS,Minor,True
3664,1404,89,4,2024-11-22 10:00:14,BATTERY_LOW,Info,False
3665,4709,393,120,2024-10-28 17:41:14,CPU_OVERLOAD,Info,False
3666,211,258,355,2025-12-17 17:46:07,SYNC_LOSS,Info,False
3667,3289,368,427,2024-03-09 09:53:19,SIGNAL_DEGRADED,Info,True
3668,4967,27,44,2024-08-22 10:56:30,LINK_DOWN,Critical,False
3669,99,225,642,2025-05-12 14:36:44,BATTERY_LOW,Major,False
3670,3109,347,452,2025-09-29 14:29:55,SIGNAL_DEGRADED,Minor,True
3671,4272,302,692,2025-10-13 19:05:47,SYNC_LOSS,Minor,True
3672,2873,370,982,2025-02-19 13:11:04,FIBRE_BREAK,Critical,False
3673,2327,401,813,2024-09-17 07:39:20,MEMORY_HIGH,Info,False
3674,843,277,472,2024-02-29 16:18:51,SOFTWARE_CRASH,Minor,True
3675,1730,269,63,2025-08-01 11:12:42,ANTENNA_FAULT,Info,False
3676,4872,178,304,2025-07-07 22:54:21,TRANSMISSION_ERROR,Major,True
3677,2538,24,127,2025-04-19 13:28:57,SIGNAL_DEGRADED,Minor,True
3678,3361,20,931,2024-04-04 12:22:21,CPU_OVERLOAD,Minor,False
3679,429,267,500,2025-01-07 05:47:03,SOFTWARE_CRASH,Major,False
3680,3881,272,656,2024-11-15 22:17:52,SOFTWARE_CRASH,Critical,True
3681,3452,159,627,2024-04-11 15:00:02,SYNC_LOSS,Info,False
3682,2130,149,348,2025-02-14 17:20:46,SOFTWARE_CRASH,Minor,False
3683,1318,13,800,2024-08-27 09:49:44,FIBRE_BREAK,Minor,False
3684,2726,266,783,2025-04-10 01:05:27,TRANSMISSION_ERROR,Critical,False
3685,2105,161,35,2024-11-21 14:59:15,POWER_ALARM,Major,False
3686,2862,182,522,2025-03-26 13:48:40,LINK_DOWN,Minor,True
3687,2013,199,734,2024-07-06 06:39:49,BATTERY_LOW,Info,False
3688,4175,345,774,2025-05-23 06:37:41,SYNC_LOSS,Info,False
3689,4641,353,645,2025-01-22 09:12:41,FIBRE_BREAK,Minor,False
3690,1213,199,966,2025-08-15 10:51:47,SYNC_LOSS,Minor,True
3691,564,464,969,2025-05-07 23:20:59,FIBRE_BREAK,Info,False
3692,4754,66,700,2025-05-22 08:46:01,MEMORY_HIGH,Info,False
3693,4937,171,915,2025-06-06 02:00:20,RBS_OVER_TEMP,Minor,False
3694,892,347,543,2025-12-16 20:13:46,SIGNAL_DEGRADED,Info,False
3695,2336,32,873,2024-08-19 17:23:41,TRANSMISSION_ERROR,Critical,False
3696,612,12,133,2024-12-11 18:03:18,LINK_DOWN,Info,False
3697,4571,100,694,2024-12-31 13:54:11,SYNC_LOSS,Minor,False
3698,1052,361,853,2025-12-13 12:10:23,CPU_OVERLOAD,Minor,False
3699,3632,299,24,2025-10-27 19:54:15,BATTERY_LOW,Major,False
3700,3353,25,994,2024-11-03 10:27:41,POWER_ALARM,Minor,False
3701,1377,372,528,2024-06-11 20:37:22,SOFTWARE_CRASH,Critical,False
3702,2834,16,43,2024-09-16 22:09:52,FIBRE_BREAK,Major,False
3703,3563,330,637,2025-05-22 00:51:22,BATTERY_LOW,Major,False
3704,1873,447,680,2024-05-15 15:48:41,SIGNAL_DEGRADED,Major,False
3705,180,43,224,2024-03-12 02:36:05,SIGNAL_DEGRADED,Major,True
3706,4145,191,375,2025-05-05 16:53:10,LINK_DOWN,Info,False
3707,2995,422,585,2024-12-31 03:13:48,SOFTWARE_CRASH,Minor,False
3708,1264,286,138,2025-08-24 12:47:09,SOFTWARE_CRASH,Info,True
3709,4618,370,44,2025-08-28 11:14:19,SOFTWARE_CRASH,Minor,False
3710,2436,377,563,2024-03-09 10:20:45,SIGNAL_DEGRADED,Minor,False
3711,1584,376,440,2024-12-13 14:07:50,RBS_OVER_TEMP,Critical,False
3712,462,229,183,2024-05-26 05:04:02,FIBRE_BREAK,Critical,False
3713,1343,386,97,2025-11-10 04:21:31,RBS_OVER_TEMP,Major,False
3714,4618,370,44,2025-08-28 11:23:19,SYNC_LOSS,Major,True
3715,4646,251,730,2025-11-17 17:24:38,BATTERY_LOW,Major,False
3716,399,197,42,2024-05-16 12:58:07,TRANSMISSION_ERROR,Minor,True
3717,3940,243,24,2024-06-13 18:45:26,CPU_OVERLOAD,Info,True
3718,448,205,447,2024-06-24 08:20:50,RBS_OVER_TEMP,Major,False
3719,4928,108,552,2024-11-19 06:06:45,FIBRE_BREAK,Major,False
3720,1252,223,325,2025-01-20 15:35:07,RBS_OVER_TEMP,Minor,False
3721,1139,222,467,2024-08-26 13:26:03,TRANSMISSION_ERROR,Info,False
3722,2071,248,428,2025-01-25 15:55:36,POWER_ALARM,Major,False
3723,3976,270,603,2025-05-17 15:46:37,RBS_OVER_TEMP,Info,False
3724,1098,99,702,2024-07-23 16:01:25,BATTERY_LOW,Critical,True
3725,1780,338,249,2024-01-08 02:06:56,CPU_OVERLOAD,Info,True
3726,2760,62,162,2025-11-14 11:22:48,RBS_OVER_TEMP,Critical,False
3727,1887,253,488,2024-02-26 13:50:07,SOFTWARE_CRASH,Info,True
3728,1836,372,136,2024-07-31 17:45:40,SIGNAL_DEGRADED,Minor,True
3729,4921,81,955,2024-09-17 22:27:39,RBS_OVER_TEMP,Minor,True
3730,1898,140,409,2025-04-23 07:57:14,SIGNAL_DEGRADED,Minor,False
3731,4766,175,56,2024-01-13 14:14:37,CPU_OVERLOAD,Info,False
3732,4172,420,121,2025-12-16 08:23:43,POWER_ALARM,Critical,False
3733,1580,8,715,2025-07-10 05:04:09,FIBRE_BREAK,Critical,True
3734,221,186,448,2024-03-03 07:30:57,SOFTWARE_CRASH,Major,True
3735,315,68,973,2025-11-27 01:50:09,FIBRE_BREAK,Minor,False
3736,2986,200,468,2025-08-30 11:16:30,POWER_ALARM,Critical,False
3737,2468,349,717,2025-05-08 22:16:55,POWER_ALARM,Major,False
3738,4427,445,87,2025-07-27 05:01:26,CPU_OVERLOAD,Info,False
3739,4323,420,618,2025-01-23 18:58:58,TRANSMISSION_ERROR,Info,True
3740,4243,250,311,2025-07-22 09:47:31,TRANSMISSION_ERROR,Minor,False
3741,1570,138,942,2025-05-08 13:42:26,SOFTWARE_CRASH,Major,False
3742,2607,498,134,2024-09-03 09:03:34,FIBRE_BREAK,Critical,False
3743,4900,40,925,2024-02-27 08:30:34,TRANSMISSION_ERROR,Major,True
3744,4724,338,793,2025-02-01 10:44:11,POWER_ALARM,Critical,True
3745,3433,457,652,2025-06-24 10:02:08,POWER_ALARM,Critical,False
3746,1634,35,618,2024-10-21 22:03:58,CPU_OVERLOAD,Info,False
3747,2778,285,846,2024-09-25 12:40:43,TRANSMISSION_ERROR,Critical,False
3748,994,211,573,2024-11-12 03:46:51,SOFTWARE_CRASH,Minor,False
3749,4284,319,969,2024-12-13 12:19:24,SIGNAL_DEGRADED,Major,False
3750,1677,79,379,2024-08-23 16:32:12,POWER_ALARM,Major,True
3751,3952,477,676,2024-03-10 16:09:22,SIGNAL_DEGRADED,Minor,False
3752,2582,467,818,2024-07-03 15:06:30,SYNC_LOSS,Info,True
3753,3888,416,848,2024-06-22 10:18:01,SYNC_LOSS,Minor,False
3754,1587,250,924,2024-06-11 02:37:18,ANTENNA_FAULT,Critical,False
3755,3740,257,10,2024-08-11 17:12:34,SOFTWARE_CRASH,Minor,True
3756,3229,44,944,2025-05-27 11:37:09,POWER_ALARM,Info,False
3757,1264,286,138,2025-08-24 12:49:09,SOFTWARE_CRASH,Info,True
3758,253,137,364,2024-02-01 11:13:14,SIGNAL_DEGRADED,Minor,False
3759,1149,330,498,2024-03-07 00:07:17,MEMORY_HIGH,Minor,True
3760,3206,239,226,2024-04-22 10:41:02,TRANSMISSION_ERROR,Info,False
3761,4470,339,76,2025-09-01 05:32:03,CPU_OVERLOAD,Minor,False
3762,1526,337,930,2025-11-14 20:09:46,MEMORY_HIGH,Major,False
3763,1379,186,507,2025-05-28 17:26:58,FIBRE_BREAK,Info,False
3764,2250,387,407,2024-01-09 10:25:11,POWER_ALARM,Major,False
3765,1230,393,871,2025-09-22 05:30:19,ANTENNA_FAULT,Critical,True
3766,3437,261,681,2025-11-18 17:33:34,TRANSMISSION_ERROR,Info,False
3767,1425,309,890,2025-02-04 15:09:25,ANTENNA_FAULT,Info,False
3768,312,120,85,2025-12-29 15:25:48,CPU_OVERLOAD,Info,True
3769,2070,110,799,2025-08-02 07:21:44,CPU_OVERLOAD,Info,False
3770,358,222,724,2025-12-14 03:49:02,BATTERY_LOW,Minor,False
3771,221,186,448,2024-03-03 07:30:57,LINK_DOWN,Critical,False
3772,1668,267,487,2024-06-15 17:16:27,TRANSMISSION_ERROR,Critical,False
3773,2357,273,272,2024-05-30 12:22:34,SIGNAL_DEGRADED,Minor,False
3774,4154,280,195,2024-09-19 00:26:46,SYNC_LOSS,Info,False
3775,1686,147,514,2025-03-01 00:30:05,TRANSMISSION_ERROR,Minor,True
3776,1595,465,210,2024-10-27 17:28:39,FIBRE_BREAK,Info,False
3777,1155,155,888,2025-06-24 15:32:28,POWER_ALARM,Minor,True
3778,2732,275,561,2025-11-23 13:08:41,RBS_OVER_TEMP,Info,True
3779,618,456,401,2024-11-25 17:07:47,MEMORY_HIGH,Minor,True
3780,2046,305,929,2024-04-30 02:41:38,BATTERY_LOW,Major,False
3781,1845,22,600,2025-10-29 14:54:51,SYNC_LOSS,Info,True
3782,358,222,724,2025-12-14 03:51:02,SYNC_LOSS,Info,True
3783,3254,265,351,2025-05-13 09:26:32,RBS_OVER_TEMP,Info,False
3784,537,334,763,2025-07-04 16:20:44,MEMORY_HIGH,Major,True
3785,3615,52,5,2024-04-15 08:37:35,POWER_ALARM,Minor,False
3786,1390,256,206,2024-04-06 19:57:21,SIGNAL_DEGRADED,Minor,False
3787,3336,367,849,2025-06-13 13:59:10,POWER_ALARM,Info,True
3788,1882,41,921,2024-03-19 00:16:18,TRANSMISSION_ERROR,Minor,True
3789,3026,443,647,2025-09-07 07:45:02,SIGNAL_DEGRADED,Minor,False
3790,4865,351,849,2025-08-19 16:01:46,TRANSMISSION_ERROR,Critical,False
3791,2247,303,476,2025-10-01 13:37:11,SOFTWARE_CRASH,Minor,True
3792,3813,310,675,2024-09-11 08:34:57,SOFTWARE_CRASH,Major,False
3793,1426,448,505,2025-03-17 18:20:23,POWER_ALARM,Info,True
3794,2715,293,150,2025-01-30 17:46:58,LINK_DOWN,Major,True
3795,1315,498,530,2025-07-26 22:10:16,FIBRE_BREAK,Minor,True
3796,2162,281,367,2025-05-21 02:44:13,SYNC_LOSS,Info,False
3797,3267,487,954,2024-10-07 12:42:09,SIGNAL_DEGRADED,Critical,False
3798,2142,236,348,2025-03-04 18:22:13,FIBRE_BREAK,Critical,False
3799,4944,131,559,2024-08-28 17:51:53,BATTERY_LOW,Minor,False
3800,2293,425,870,2025-08-19 09:57:34,LINK_DOWN,Minor,False
3801,3182,234,418,2024-04-06 19:32:19,BATTERY_LOW,Critical,True
3802,4476,34,417,2025-03-10 18:53:08,SOFTWARE_CRASH,Major,True
3803,763,231,340,2025-07-28 16:23:43,FIBRE_BREAK,Major,False
3804,249,451,677,2024-11-04 12:45:27,FIBRE_BREAK,Critical,True
3805,85,131,813,2024-04-29 15:47:19,SIGNAL_DEGRADED,Major,True
3806,2612,457,988,2024-03-26 08:46:41,ANTENNA_FAULT,Major,False
3807,1165,2,438,2024-10-03 10:27:22,ANTENNA_FAULT,Info,True
3808,2520,398,208,2024-06-20 20:10:56,TRANSMISSION_ERROR,Info,True
3809,280,421,234,2024-07-10 08:27:20,RBS_OVER_TEMP,Minor,False
3810,4453,43,640,2025-03-03 09:19:08,SOFTWARE_CRASH,Minor,True
3811,4559,348,38,2024-04-06 14:52:14,SOFTWARE_CRASH,Major,True
3812,681,263,390,2025-12-06 04:36:38,RBS_OVER_TEMP,Major,True
3813,4384,155,810,2025-10-09 14:07:05,RBS_OVER_TEMP,Info,False
3814,1836,372,136,2024-07-31 17:27:40,RBS_OVER_TEMP,Minor,True
3815,1270,428,697,2024-10-10 15:24:42,TRANSMISSION_ERROR,Major,False
3816,4172,420,121,2025-12-16 08:12:43,FIBRE_BREAK,Info,False
3817,4852,314,406,2025-11-16 20:06:34,SIGNAL_DEGRADED,Minor,False
3818,3150,466,632,2025-01-27 22:54:40,FIBRE_BREAK,Minor,False
3819,1379,186,507,2025-05-28 17:24:58,CPU_OVERLOAD,Critical,False
3820,342,21,781,2024-01-31 09:59:20,CPU_OVERLOAD,Info,False
3821,2301,435,236,2025-07-29 10:30:02,RBS_OVER_TEMP,Major,False
3822,3499,418,860,2025-12-15 05:31:40,POWER_ALARM,Critical,True
3823,2139,234,814,2025-09-27 10:28:25,SIGNAL_DEGRADED,Minor,False
3824,1221,201,348,2025-09-06 01:28:45,FIBRE_BREAK,Major,False
3825,154,340,593,2024-06-26 04:59:22,MEMORY_HIGH,Minor,False
3826,1421,500,687,2025-11-02 15:15:40,MEMORY_HIGH,Minor,True
3827,2832,25,970,2025-10-22 11:15:18,POWER_ALARM,Critical,False
3828,3030,69,345,2025-11-16 11:53:53,BATTERY_LOW,Info,True
3829,4453,43,640,2025-03-03 09:11:08,SOFTWARE_CRASH,Minor,False
3830,515,27,390,2025-12-13 07:51:21,MEMORY_HIGH,Major,False
3831,3461,212,613,2025-01-20 07:21:07,BATTERY_LOW,Minor,False
3832,4093,89,524,2024-05-29 11:55:29,CPU_OVERLOAD,Info,True
3833,2827,379,59,2025-06-26 21:38:56,MEMORY_HIGH,Info,False
3834,4222,13,165,2024-10-13 18:26:04,LINK_DOWN,Info,False
3835,2074,61,532,2025-06-03 17:00:31,ANTENNA_FAULT,Critical,True
3836,3938,321,18,2024-02-23 12:39:40,LINK_DOWN,Major,False
3837,1241,331,646,2025-09-18 18:17:44,RBS_OVER_TEMP,Minor,True
3838,4256,482,109,2024-09-12 06:05:22,BATTERY_LOW,Minor,False
3839,3588,102,105,2025-09-05 03:54:58,RBS_OVER_TEMP,Minor,True
3840,1842,6,379,2025-12-08 14:06:50,RBS_OVER_TEMP,Minor,False
3841,442,132,525,2024-11-28 11:17:43,SYNC_LOSS,Major,False
3842,1958,280,689,2024-01-10 10:36:33,SOFTWARE_CRASH,Info,False
3843,3610,53,547,2024-02-22 16:09:14,SIGNAL_DEGRADED,Minor,False
3844,3319,155,525,2024-05-30 13:43:39,RBS_OVER_TEMP,Minor,True
3845,4491,50,267,2025-09-24 21:53:51,RBS_OVER_TEMP,Info,True
3846,862,187,576,2025-02-20 19:54:08,RBS_OVER_TEMP,Minor,False
3847,1372,58,92,2024-08-28 06:25:45,SYNC_LOSS,Minor,False
3848,160,97,163,2025-06-19 03:34:55,TRANSMISSION_ERROR,Major,False
3849,4471,58,759,2025-10-30 04:23:48,LINK_DOWN,Info,False
3850,4253,382,527,2024-08-11 10:51:56,POWER_ALARM,Critical,True
3851,92,175,368,2025-02-27 10:18:05,ANTENNA_FAULT,Major,False
3852,3469,496,533,2024-06-06 11:35:00,SYNC_LOSS,Minor,True
3853,3180,274,119,2024-05-20 12:51:49,FIBRE_BREAK,Major,False
3854,4374,333,85,2024-10-05 16:25:26,SOFTWARE_CRASH,Info,False
3855,4638,179,979,2024-06-12 01:57:50,POWER_ALARM,Major,False
3856,2862,182,522,2025-03-26 14:03:40,MEMORY_HIGH,Info,False
3857,2154,244,281,2025-03-23 04:33:24,MEMORY_HIGH,Major,False
3858,1362,321,237,2025-12-14 14:08:56,SYNC_LOSS,Info,False
3859,2963,417,592,2025-11-21 11:12:52,TRANSMISSION_ERROR,Info,False
3860,170,74,675,2024-06-17 09:56:43,CPU_OVERLOAD,Minor,False
3861,1821,266,243,2025-10-26 11:35:46,SIGNAL_DEGRADED,Info,False
3862,3142,473,801,2024-09-06 16:48:01,MEMORY_HIGH,Critical,False
3863,648,76,252,2025-10-25 08:47:14,LINK_DOWN,Minor,False
3864,1459,253,537,2024-10-13 15:06:27,LINK_DOWN,Minor,True
3865,3555,371,609,2024-12-23 16:45:25,LINK_DOWN,Info,False
3866,4800,239,257,2025-08-17 00:55:07,LINK_DOWN,Minor,False
3867,3808,491,590,2025-09-08 10:20:29,SYNC_LOSS,Major,False
3868,3318,424,296,2024-03-02 08:22:13,SIGNAL_DEGRADED,Minor,False
3869,2652,166,751,2025-05-06 18:21:58,SIGNAL_DEGRADED,Info,True
3870,161,447,105,2024-10-06 15:48:56,TRANSMISSION_ERROR,Major,True
3871,3140,13,391,2024-10-21 09:46:58,BATTERY_LOW,Minor,True
3872,2405,74,704,2025-06-25 18:50:56,CPU_OVERLOAD,Major,False
3873,175,303,924,2025-10-29 04:23:53,SOFTWARE_CRASH,Critical,False
3874,2965,458,950,2025-11-29 22:49:06,ANTENNA_FAULT,Major,False
3875,3025,487,50,2025-11-22 00:06:24,SOFTWARE_CRASH,Major,False
3876,241,17,601,2025-10-20 05:57:22,ANTENNA_FAULT,Major,False
3877,2167,87,255,2024-03-10 21:23:59,SYNC_LOSS,Critical,False
3878,4422,119,334,2025-10-15 08:26:29,BATTERY_LOW,Info,True
3879,465,391,153,2024-07-04 17:38:50,SYNC_LOSS,Major,False
3880,731,9,58,2024-10-13 06:47:31,TRANSMISSION_ERROR,Critical,False
3881,3144,115,383,2025-08-04 14:21:32,CPU_OVERLOAD,Minor,False
3882,417,271,752,2024-02-09 13:08:13,SIGNAL_DEGRADED,Info,True
3883,2167,87,255,2024-03-10 20:58:59,BATTERY_LOW,Major,False
3884,4192,184,48,2025-10-09 08:05:44,SOFTWARE_CRASH,Minor,False
3885,2311,189,308,2025-02-16 00:18:01,MEMORY_HIGH,Minor,True
3886,3261,218,51,2024-08-19 17:52:35,MEMORY_HIGH,Minor,True
3887,2575,344,981,2024-07-21 02:09:15,MEMORY_HIGH,Info,True
3888,451,36,556,2025-01-21 08:42:49,MEMORY_HIGH,Minor,False
3889,4227,470,704,2024-06-02 06:46:22,SIGNAL_DEGRADED,Info,False
3890,4097,252,195,2025-01-12 12:56:25,CPU_OVERLOAD,Minor,False
3891,2163,493,712,2024-08-06 18:09:39,FIBRE_BREAK,Minor,True
3892,4549,388,894,2024-02-20 13:56:52,RBS_OVER_TEMP,Minor,False
3893,2109,394,808,2024-02-19 09:44:48,TRANSMISSION_ERROR,Critical,True
3894,4884,436,155,2025-05-26 22:55:22,SYNC_LOSS,Critical,False
3895,4083,396,631,2025-08-06 12:10:09,LINK_DOWN,Major,True
3896,482,223,989,2025-05-03 04:23:47,SOFTWARE_CRASH,Minor,False
3897,1464,491,364,2025-08-10 04:28:19,TRANSMISSION_ERROR,Info,True
3898,2378,270,256,2025-08-12 23:47:53,SOFTWARE_CRASH,Major,True
3899,3204,488,65,2024-12-19 01:46:02,RBS_OVER_TEMP,Info,False
3900,2991,279,102,2025-06-23 23:21:23,SOFTWARE_CRASH,Info,True
3901,2285,302,491,2025-07-25 13:32:31,SOFTWARE_CRASH,Info,True
3902,4929,47,334,2025-09-16 05:50:50,MEMORY_HIGH,Major,False
3903,2444,17,557,2024-06-21 10:45:06,MEMORY_HIGH,Info,False
3904,2940,314,92,2025-06-05 13:21:27,LINK_DOWN,Minor,True
3905,4024,24,473,2025-05-31 01:54:29,TRANSMISSION_ERROR,Info,False
3906,4917,192,920,2024-11-26 20:31:25,FIBRE_BREAK,Info,False
3907,6,91,124,2024-10-15 17:30:01,BATTERY_LOW,Critical,True
3908,3812,289,242,2024-07-13 08:53:14,ANTENNA_FAULT,Critical,True
3909,2826,482,33,2024-07-27 12:17:55,CPU_OVERLOAD,Info,True
3910,1048,102,911,2025-12-03 03:26:49,CPU_OVERLOAD,Info,False
3911,4278,238,31,2024-11-11 08:07:09,RBS_OVER_TEMP,Critical,False
3912,2418,270,614,2024-04-29 13:52:59,SIGNAL_DEGRADED,Info,True
3913,2599,238,639,2025-01-30 12:46:18,SYNC_LOSS,Major,False
3914,4806,416,869,2025-12-15 16:10:20,LINK_DOWN,Major,False
3915,3019,346,81,2024-11-07 08:15:55,MEMORY_HIGH,Critical,True
3916,4702,379,644,2025-03-11 09:00:42,POWER_ALARM,Minor,False
3917,3098,93,99,2024-04-04 00:47:29,FIBRE_BREAK,Minor,True
3918,2669,123,859,2025-07-19 11:58:12,FIBRE_BREAK,Info,True
3919,3114,402,291,2024-08-05 16:54:12,ANTENNA_FAULT,Minor,False
3920,100,475,23,2025-09-14 17:55:28,FIBRE_BREAK,Major,True
3921,3365,161,902,2025-02-24 21:10:52,ANTENNA_FAULT,Minor,False
3922,4233,242,85,2025-07-12 14:35:42,FIBRE_BREAK,Major,True
3923,2120,274,235,2024-05-15 14:58:50,BATTERY_LOW,Major,True
3924,663,30,578,2025-03-21 15:25:21,FIBRE_BREAK,Critical,False
3925,2221,298,260,2024-01-03 14:31:17,SYNC_LOSS,Minor,False
3926,1247,492,958,2024-06-30 11:25:47,CPU_OVERLOAD,Minor,False
3927,4839,354,696,2024-03-12 04:00:59,FIBRE_BREAK,Critical,False
3928,2083,420,454,2025-04-12 13:23:47,BATTERY_LOW,Info,False
3929,546,132,596,2024-09-21 00:59:17,FIBRE_BREAK,Major,False
3930,620,106,595,2025-01-03 17:35:35,LINK_DOWN,Minor,False
3931,3690,219,286,2025-03-26 01:45:32,TRANSMISSION_ERROR,Info,False
3932,4353,261,205,2025-09-14 03:16:59,SIGNAL_DEGRADED,Major,True
3933,2815,23,841,2024-03-24 15:05:54,SOFTWARE_CRASH,Minor,False
3934,1203,33,378,2024-04-28 15:59:05,MEMORY_HIGH,Info,False
3935,2902,479,444,2025-07-03 18:56:10,FIBRE_BREAK,Critical,False
3936,2371,493,800,2025-11-26 11:24:02,RBS_OVER_TEMP,Major,True
3937,2750,172,847,2025-06-05 15:29:55,SOFTWARE_CRASH,Major,False
3938,1418,121,541,2024-07-21 23:30:35,MEMORY_HIGH,Critical,False
3939,2510,168,297,2024-11-22 20:48:37,TRANSMISSION_ERROR,Minor,False
3940,2275,369,268,2025-11-08 14:27:11,CPU_OVERLOAD,Minor,False
3941,149,392,171,2024-10-15 16:57:43,POWER_ALARM,Info,False
3942,4265,120,181,2025-11-04 09:21:29,POWER_ALARM,Major,False
3943,3665,152,894,2024-01-29 04:12:46,ANTENNA_FAULT,Info,True
3944,3706,334,689,2025-01-01 12:23:49,LINK_DOWN,Info,False
3945,3537,275,238,2024-07-07 16:42:44,LINK_DOWN,Minor,True
3946,1822,128,55,2024-12-13 12:51:12,POWER_ALARM,Info,False
3947,2402,20,259,2025-03-11 21:12:09,MEMORY_HIGH,Minor,False
3948,4493,208,843,2025-01-19 11:15:10,MEMORY_HIGH,Minor,False
3949,3800,185,312,2025-10-18 00:08:54,SYNC_LOSS,Info,True
3950,542,242,99,2024-11-10 03:55:42,POWER_ALARM,Minor,False
3951,2362,369,407,2024-09-23 11:58:53,SOFTWARE_CRASH,Critical,True
3952,2335,266,662,2025-09-01 12:31:41,SOFTWARE_CRASH,Minor,True
3953,3532,417,267,2025-07-13 11:24:50,FIBRE_BREAK,Info,False
3954,1242,286,811,2025-05-04 23:45:21,SIGNAL_DEGRADED,Major,False
3955,1667,222,667,2024-11-16 21:45:20,CPU_OVERLOAD,Info,False
3956,200,400,281,2025-02-23 21:25:08,SOFTWARE_CRASH,Minor,False
3957,1239,496,65,2024-10-20 16:06:42,BATTERY_LOW,Critical,False
3958,2136,439,746,2024-07-08 14:53:11,POWER_ALARM,Major,False
3959,3442,70,256,2024-11-27 04:02:39,SOFTWARE_CRASH,Major,False
3960,316,216,307,2024-08-16 20:06:02,FIBRE_BREAK,Info,False
3961,1971,395,521,2024-08-20 11:52:36,SYNC_LOSS,Critical,False
3962,2975,282,188,2024-12-18 22:52:12,POWER_ALARM,Minor,False
3963,779,375,680,2025-12-17 16:34:05,BATTERY_LOW,Info,False
3964,705,418,191,2024-06-11 11:06:18,ANTENNA_FAULT,Major,True
3965,4765,66,435,2024-08-12 12:20:23,CPU_OVERLOAD,Critical,False
3966,2240,229,69,2024-09-04 17:52:26,TRANSMISSION_ERROR,Major,True
3967,2105,161,35,2024-11-21 15:12:15,CPU_OVERLOAD,Minor,False
3968,1568,26,946,2025-07-23 18:05:56,LINK_DOWN,Minor,True
3969,309,98,853,2025-04-11 12:06:44,POWER_ALARM,Info,True
3970,4571,100,694,2024-12-31 13:54:11,LINK_DOWN,Info,False
3971,4487,418,110,2024-03-23 12:40:16,RBS_OVER_TEMP,Major,True
3972,869,401,627,2024-02-01 10:16:53,BATTERY_LOW,Info,False
3973,3302,489,68,2024-03-13 12:58:07,LINK_DOWN,Minor,False
3974,1955,119,485,2025-03-20 12:12:24,SOFTWARE_CRASH,Minor,False
3975,2256,397,45,2025-03-17 07:17:12,RBS_OVER_TEMP,Info,False
3976,1655,39,217,2025-09-24 09:39:03,FIBRE_BREAK,Major,False
3977,165,340,912,2025-09-16 22:36:32,ANTENNA_FAULT,Info,False
3978,1163,195,700,2024-01-26 22:24:22,SIGNAL_DEGRADED,Major,True
3979,493,442,185,2025-06-11 01:07:27,BATTERY_LOW,Info,False
3980,3594,119,530,2025-07-04 15:35:26,SYNC_LOSS,Critical,False
3981,1038,95,355,2025-08-07 09:43:30,FIBRE_BREAK,Major,False
3982,3926,200,921,2024-03-22 12:05:31,SIGNAL_DEGRADED,Minor,False
3983,2605,223,683,2025-01-10 13:36:36,MEMORY_HIGH,Minor,True
3984,2334,273,449,2025-06-10 21:06:58,SOFTWARE_CRASH,Major,False
3985,4448,440,256,2024-06-08 17:39:43,SYNC_LOSS,Major,False
3986,1058,496,5,2025-09-23 17:10:52,CPU_OVERLOAD,Major,False
3987,3820,221,339,2024-05-13 01:23:45,BATTERY_LOW,Major,True
3988,3965,183,963,2025-04-28 10:13:23,FIBRE_BREAK,Minor,False
3989,15,187,178,2024-05-28 09:21:37,SYNC_LOSS,Major,True
3990,4040,336,370,2024-07-15 10:47:46,SYNC_LOSS,Critical,False
3991,3490,400,779,2025-10-16 08:44:02,POWER_ALARM,Minor,False
3992,2645,129,805,2024-08-01 16:52:30,MEMORY_HIGH,Critical,True
3993,4030,459,762,2025-09-13 20:18:56,POWER_ALARM,Minor,False
3994,4325,273,385,2024-01-05 10:42:13,FIBRE_BREAK,Minor,False
3995,4146,364,811,2024-07-15 11:25:15,FIBRE_BREAK,Minor,True
3996,3378,11,44,2025-12-01 20:41:15,MEMORY_HIGH,Critical,False
3997,2553,445,286,2025-01-16 07:02:37,ANTENNA_FAULT,Major,True
3998,4298,430,996,2025-10-29 13:07:30,BATTERY_LOW,Minor,False
3999,4353,261,205,2025-09-14 03:12:59,LINK_DOWN,Minor,False
4000,3714,452,716,2025-02-20 15:42:19,FIBRE_BREAK,Info,False
4001,4262,424,903,2025-07-24 09:58:22,SIGNAL_DEGRADED,Minor,True
4002,3223,230,351,2024-02-26 10:29:25,MEMORY_HIGH,Minor,False
4003,2759,464,326,2025-01-07 04:30:15,SOFTWARE_CRASH,Critical,False
4004,659,300,587,2025-03-03 17:20:18,TRANSMISSION_ERROR,Info,True
4005,4425,327,690,2025-10-14 11:55:58,POWER_ALARM,Critical,True
4006,1460,273,673,2024-11-28 11:57:26,MEMORY_HIGH,Major,True
4007,3556,307,586,2025-01-14 06:31:52,POWER_ALARM,Critical,False
4008,3141,32,926,2025-08-18 10:18:58,ANTENNA_FAULT,Critical,False
4009,3309,26,467,2025-04-22 10:59:06,CPU_OVERLOAD,Major,False
4010,550,359,879,2025-08-02 00:06:33,SOFTWARE_CRASH,Minor,False
4011,2849,10,351,2024-08-26 00:53:02,SIGNAL_DEGRADED,Info,True
4012,2258,255,957,2024-04-07 16:51:13,ANTENNA_FAULT,Major,False
4013,196,287,165,2025-05-23 18:07:31,SIGNAL_DEGRADED,Critical,False
4014,385,91,716,2025-02-04 23:31:38,LINK_DOWN,Minor,True
4015,3470,112,96,2025-08-30 12:47:06,BATTERY_LOW,Major,True
4016,4454,373,939,2025-05-27 14:48:23,SYNC_LOSS,Major,False
4017,2532,426,710,2024-03-11 09:13:14,FIBRE_BREAK,Info,False
4018,375,221,950,2024-03-05 04:43:11,BATTERY_LOW,Major,True
4019,376,481,2,2024-08-11 17:53:58,CPU_OVERLOAD,Major,False
4020,987,399,952,2024-12-08 20:22:12,MEMORY_HIGH,Critical,False
4021,3148,125,435,2024-06-29 23:13:40,LINK_DOWN,Info,False
4022,1239,496,65,2024-10-20 16:42:42,SOFTWARE_CRASH,Minor,False
4023,1020,469,488,2025-08-03 00:00:10,LINK_DOWN,Info,False
4024,1677,79,379,2024-08-23 16:27:12,POWER_ALARM,Info,False
4025,2675,491,788,2025-09-28 13:15:02,SIGNAL_DEGRADED,Critical,False
4026,4584,261,12,2024-10-14 11:53:19,TRANSMISSION_ERROR,Major,True
4027,2232,237,97,2024-12-12 10:42:41,SYNC_LOSS,Major,False
4028,1119,114,684,2025-01-15 21:53:07,SYNC_LOSS,Major,False
4029,2622,79,960,2024-07-12 10:00:18,SYNC_LOSS,Major,False
4030,4307,318,655,2024-07-29 15:59:24,BATTERY_LOW,Info,True
4031,969,308,565,2025-05-25 12:30:10,SIGNAL_DEGRADED,Critical,True
4032,1204,115,600,2024-08-24 14:15:25,SOFTWARE_CRASH,Minor,True
4033,1069,353,592,2024-09-20 10:16:19,MEMORY_HIGH,Minor,True
4034,1570,138,942,2025-05-08 13:58:26,SYNC_LOSS,Minor,False
4035,1274,111,376,2025-02-12 23:19:15,FIBRE_BREAK,Critical,False
4036,3174,23,110,2024-09-07 13:35:16,MEMORY_HIGH,Critical,True
4037,2341,426,454,2025-08-11 09:30:54,MEMORY_HIGH,Critical,True
4038,4043,466,30,2025-05-18 12:52:26,FIBRE_BREAK,Minor,True
4039,768,191,983,2025-12-14 15:42:26,POWER_ALARM,Critical,False
4040,2640,16,736,2025-01-30 13:57:10,LINK_DOWN,Critical,True
4041,3163,241,75,2025-08-04 15:50:56,BATTERY_LOW,Critical,False
4042,242,330,665,2024-02-29 19:51:33,CPU_OVERLOAD,Minor,False
4043,2049,58,577,2025-12-13 22:40:11,RBS_OVER_TEMP,Critical,False
4044,3294,450,759,2024-08-02 07:16:02,POWER_ALARM,Minor,False
4045,1158,318,9,2025-01-26 19:14:34,TRANSMISSION_ERROR,Minor,False
4046,3980,295,471,2025-05-26 22:19:02,CPU_OVERLOAD,Critical,False
4047,2982,264,366,2025-09-17 04:36:49,RBS_OVER_TEMP,Major,False
4048,2016,124,497,2024-01-18 12:36:10,SOFTWARE_CRASH,Minor,False
4049,2997,149,812,2025-04-14 21:45:10,RBS_OVER_TEMP,Minor,False
4050,691,359,639,2024-08-17 21:45:21,MEMORY_HIGH,Minor,False
4051,1088,236,395,2024-01-08 10:26:05,FIBRE_BREAK,Critical,True
4052,3338,399,464,2025-10-20 15:32:15,ANTENNA_FAULT,Info,True
4053,1264,286,138,2025-08-24 12:54:09,MEMORY_HIGH,Info,False
4054,3166,328,420,2024-11-09 15:24:11,SOFTWARE_CRASH,Major,True
4055,4854,130,355,2025-10-29 16:15:44,SOFTWARE_CRASH,Critical,False
4056,4742,100,346,2025-04-19 13:56:27,CPU_OVERLOAD,Minor,False
4057,3851,484,73,2024-07-25 10:16:54,FIBRE_BREAK,Info,False
4058,2000,148,796,2025-09-28 16:34:58,SIGNAL_DEGRADED,Minor,False
4059,4145,191,375,2025-05-05 16:55:10,FIBRE_BREAK,Major,False
4060,2491,11,207,2024-02-18 02:10:49,SYNC_LOSS,Info,True
4061,2053,347,135,2025-01-09 07:54:47,SIGNAL_DEGRADED,Info,True
4062,2552,262,652,2024-11-05 04:20:34,SYNC_LOSS,Critical,False
4063,313,92,605,2024-09-21 17:28:33,MEMORY_HIGH,Minor,True
4064,2322,23,214,2025-11-18 12:07:20,LINK_DOWN,Info,False
4065,4657,438,495,2024-02-06 21:58:33,BATTERY_LOW,Minor,True
4066,1292,478,788,2024-10-22 17:52:50,SIGNAL_DEGRADED,Critical,True
4067,4539,325,765,2025-12-11 07:07:48,MEMORY_HIGH,Minor,True
4068,2953,321,506,2024-02-08 05:55:10,TRANSMISSION_ERROR,Info,False
4069,1438,140,267,2024-02-08 05:29:02,CPU_OVERLOAD,Info,False
4070,710,335,814,2024-07-16 09:41:14,CPU_OVERLOAD,Minor,True
4071,1630,380,83,2025-01-30 20:11:22,CPU_OVERLOAD,Info,False
4072,262,394,830,2025-04-15 15:22:08,FIBRE_BREAK,Info,False
4073,2226,396,636,2025-07-16 12:48:55,BATTERY_LOW,Minor,False
4074,4955,219,434,2024-06-22 16:28:06,MEMORY_HIGH,Critical,True
4075,3189,474,93,2025-03-02 14:05:53,FIBRE_BREAK,Minor,False
4076,1195,162,330,2024-04-09 15:16:01,MEMORY_HIGH,Info,True
4077,3704,500,544,2025-10-04 21:43:47,CPU_OVERLOAD,Major,False
4078,622,381,371,2024-03-10 01:28:16,LINK_DOWN,Info,False
4079,4497,145,297,2025-08-16 02:38:50,MEMORY_HIGH,Major,False
4080,3892,155,278,2025-12-28 08:19:51,POWER_ALARM,Critical,False
4081,2188,246,395,2024-05-16 08:52:01,SYNC_LOSS,Major,False
4082,1634,35,618,2024-10-21 22:05:58,FIBRE_BREAK,Major,False
4083,4073,239,363,2024-10-04 12:45:10,MEMORY_HIGH,Info,False
4084,3631,459,3,2025-10-18 21:33:58,RBS_OVER_TEMP,Info,False
4085,671,264,785,2024-05-15 22:44:08,BATTERY_LOW,Major,False
4086,890,354,526,2024-03-18 02:23:33,RBS_OVER_TEMP,Info,False
4087,654,310,640,2025-10-17 18:14:05,SYNC_LOSS,Minor,False
4088,914,347,878,2025-01-26 12:11:11,POWER_ALARM,Info,False
4089,4382,217,838,2025-11-05 21:59:38,SIGNAL_DEGRADED,Major,False
4090,1245,228,195,2025-12-14 11:25:41,MEMORY_HIGH,Minor,False
4091,2302,164,290,2025-01-27 17:48:44,FIBRE_BREAK,Info,False
4092,3642,51,131,2024-11-18 10:28:14,MEMORY_HIGH,Info,False
4093,1476,194,985,2025-10-26 11:51:25,SIGNAL_DEGRADED,Minor,False
4094,2769,170,334,2025-09-12 17:10:59,RBS_OVER_TEMP,Critical,False
4095,717,415,976,2024-10-17 15:26:46,ANTENNA_FAULT,Minor,False
4096,405,336,216,2024-06-06 18:18:10,BATTERY_LOW,Minor,True
4097,1404,89,4,2024-11-22 10:03:14,FIBRE_BREAK,Major,True
4098,1484,410,527,2024-08-28 14:28:27,LINK_DOWN,Critical,False
4099,2574,201,689,2025-03-27 10:22:15,TRANSMISSION_ERROR,Minor,True
4100,4823,421,544,2024-02-22 19:47:51,ANTENNA_FAULT,Info,False
4101,1000,484,950,2024-07-16 22:21:38,SYNC_LOSS,Critical,False
4102,2954,373,556,2024-05-01 12:18:47,LINK_DOWN,Minor,False
4103,238,253,704,2024-03-06 11:32:10,TRANSMISSION_ERROR,Critical,False
4104,3362,490,531,2024-06-05 18:27:16,SYNC_LOSS,Minor,False
4105,3397,5,278,2024-03-20 17:24:00,BATTERY_LOW,Info,True
4106,4906,261,475,2024-06-06 19:37:27,FIBRE_BREAK,Major,True
4107,3,414,226,2024-12-09 10:30:36,SIGNAL_DEGRADED,Minor,True
4108,2011,403,580,2024-08-18 16:58:59,SYNC_LOSS,Major,False
4109,2333,418,395,2024-09-14 03:55:15,SIGNAL_DEGRADED,Minor,True
4110,2531,45,536,2024-12-07 14:29:05,LINK_DOWN,Critical,False
4111,1411,154,417,2024-10-21 21:55:40,LINK_DOWN,Minor,True
4112,2412,152,296,2025-06-05 06:22:57,SIGNAL_DEGRADED,Minor,True
4113,985,368,958,2024-10-01 09:54:32,FIBRE_BREAK,Major,False
4114,3699,251,356,2024-12-26 11:23:19,LINK_DOWN,Critical,True
4115,3233,104,29,2025-06-11 09:01:16,LINK_DOWN,Minor,True
4116,3065,459,471,2024-09-21 14:46:30,POWER_ALARM,Minor,False
4117,3537,275,238,2024-07-07 16:44:44,SOFTWARE_CRASH,Info,False
4118,2313,37,177,2024-04-22 11:39:10,MEMORY_HIGH,Info,False
4119,4224,381,592,2024-11-04 07:28:39,TRANSMISSION_ERROR,Info,False
4120,3206,239,226,2024-04-22 10:42:02,FIBRE_BREAK,Minor,True
4121,357,386,973,2025-12-13 22:43:46,CPU_OVERLOAD,Minor,True
4122,562,492,37,2024-12-26 17:57:51,SOFTWARE_CRASH,Major,False
4123,575,69,251,2025-06-27 11:33:35,BATTERY_LOW,Minor,False
4124,2746,498,596,2024-11-14 01:42:37,RBS_OVER_TEMP,Major,True
4125,2531,45,536,2024-12-07 14:49:05,MEMORY_HIGH,Critical,False
4126,2361,443,814,2024-01-17 13:27:34,TRANSMISSION_ERROR,Critical,False
4127,4060,293,326,2025-05-20 11:24:42,LINK_DOWN,Critical,False
4128,1133,225,32,2025-06-18 16:51:01,TRANSMISSION_ERROR,Major,False
4129,3541,387,136,2025-07-18 14:20:17,SYNC_LOSS,Info,False
4130,3942,448,123,2024-06-26 23:30:00,BATTERY_LOW,Major,False
4131,150,190,581,2024-03-18 10:00:39,CPU_OVERLOAD,Critical,False
4132,4130,470,245,2024-02-01 14:47:41,POWER_ALARM,Minor,True
4133,4785,404,818,2025-10-25 05:54:54,POWER_ALARM,Major,False
4134,1385,206,140,2024-08-01 08:21:51,MEMORY_HIGH,Critical,False
4135,813,35,41,2024-10-08 04:52:57,SYNC_LOSS,Major,False
4136,1469,482,726,2025-07-11 07:28:36,SOFTWARE_CRASH,Minor,False
4137,2145,109,408,2025-02-16 06:00:27,TRANSMISSION_ERROR,Info,False
4138,2744,313,759,2025-09-28 08:14:54,CPU_OVERLOAD,Minor,False
4139,1676,401,921,2025-07-25 13:36:43,SIGNAL_DEGRADED,Major,False
4140,500,331,965,2024-05-05 16:34:24,LINK_DOWN,Critical,True
4141,3048,306,728,2025-06-06 15:02:29,SYNC_LOSS,Minor,False
4142,3808,491,590,2025-09-08 10:25:29,TRANSMISSION_ERROR,Major,False
4143,4489,25,6,2025-02-07 11:12:41,CPU_OVERLOAD,Major,False
4144,783,127,222,2024-02-25 13:48:57,SOFTWARE_CRASH,Major,False
4145,2954,373,556,2024-05-01 12:41:47,FIBRE_BREAK,Critical,False
4146,1254,424,371,2024-08-22 08:11:19,CPU_OVERLOAD,Major,False
4147,1256,176,74,2025-03-27 16:09:00,SYNC_LOSS,Minor,True
4148,4129,393,897,2024-08-17 16:07:49,SYNC_LOSS,Critical,False
4149,4170,288,782,2025-11-22 19:52:34,SIGNAL_DEGRADED,Major,False
4150,3307,500,387,2024-01-24 11:33:05,LINK_DOWN,Info,True
4151,2353,271,393,2025-01-27 16:28:19,RBS_OVER_TEMP,Info,False
4152,2570,489,281,2025-08-16 02:51:25,LINK_DOWN,Minor,False
4153,3585,258,300,2024-07-25 01:13:01,CPU_OVERLOAD,Info,False
4154,2275,369,268,2025-11-08 14:21:11,SIGNAL_DEGRADED,Info,True
4155,3948,395,141,2024-01-14 19:35:01,CPU_OVERLOAD,Minor,True
4156,2138,277,510,2025-10-20 16:44:06,BATTERY_LOW,Info,False
4157,552,20,899,2025-02-16 09:14:30,LINK_DOWN,Major,False
4158,360,348,511,2025-11-03 05:42:58,CPU_OVERLOAD,Major,False
4159,2686,477,839,2025-09-01 22:39:12,LINK_DOWN,Info,True
4160,788,89,693,2025-08-08 15:25:31,RBS_OVER_TEMP,Info,False
4161,1287,166,729,2024-11-07 01:24:14,POWER_ALARM,Info,False
4162,3895,432,647,2024-07-30 08:04:13,SIGNAL_DEGRADED,Info,False
4163,2620,290,928,2024-10-20 07:47:26,TRANSMISSION_ERROR,Minor,False
4164,3396,205,801,2024-12-12 05:55:38,SOFTWARE_CRASH,Critical,False
4165,1133,225,32,2025-06-18 16:48:01,MEMORY_HIGH,Critical,True
4166,4075,56,581,2025-11-25 17:53:48,LINK_DOWN,Critical,True
4167,2889,282,132,2025-07-05 10:17:08,BATTERY_LOW,Major,True
4168,4372,115,183,2024-12-22 09:33:47,FIBRE_BREAK,Critical,False
4169,1441,37,202,2024-12-16 18:47:01,SOFTWARE_CRASH,Info,False
4170,4787,164,700,2024-08-11 10:10:56,TRANSMISSION_ERROR,Minor,True
4171,4533,188,588,2024-06-15 22:58:28,RBS_OVER_TEMP,Minor,True
4172,3619,50,543,2024-09-18 17:59:52,ANTENNA_FAULT,Info,False
4173,4596,426,191,2024-03-25 13:32:02,CPU_OVERLOAD,Info,False
4174,1670,270,471,2025-08-04 16:54:37,CPU_OVERLOAD,Info,False
4175,3560,425,87,2025-01-15 09:00:00,SIGNAL_DEGRADED,Info,True
4176,4484,151,318,2024-09-25 17:14:05,ANTENNA_FAULT,Critical,False
4177,3038,178,242,2025-07-02 07:46:43,SYNC_LOSS,Minor,False
4178,215,465,269,2024-02-16 08:15:13,FIBRE_BREAK,Major,True
4179,3515,271,116,2025-03-09 06:20:25,SIGNAL_DEGRADED,Info,False
4180,4226,120,765,2024-11-07 11:43:51,FIBRE_BREAK,Major,True
4181,2761,383,953,2025-04-09 05:22:42,TRANSMISSION_ERROR,Minor,False
4182,1566,145,464,2025-10-22 17:47:00,POWER_ALARM,Minor,False
4183,4349,248,14,2024-05-19 20:32:30,FIBRE_BREAK,Minor,False
4184,182,7,901,2024-12-17 03:17:27,SOFTWARE_CRASH,Critical,True
4185,1915,476,114,2025-08-08 15:19:41,SYNC_LOSS,Minor,True
4186,187,329,547,2025-06-20 16:33:30,TRANSMISSION_ERROR,Major,True
4187,797,500,53,2025-06-03 16:09:29,MEMORY_HIGH,Info,False
4188,2811,360,317,2024-05-14 08:20:25,FIBRE_BREAK,Minor,False
4189,2545,79,99,2024-08-04 14:47:34,RBS_OVER_TEMP,Info,False
4190,3973,27,868,2024-03-13 09:08:17,TRANSMISSION_ERROR,Minor,True
4191,1650,15,491,2024-08-01 15:00:38,ANTENNA_FAULT,Major,True
4192,379,380,682,2024-04-11 15:04:12,SOFTWARE_CRASH,Minor,True
4193,641,319,189,2025-02-21 17:09:58,CPU_OVERLOAD,Major,False
4194,219,217,886,2025-08-22 13:07:52,SYNC_LOSS,Minor,False
4195,1398,367,95,2025-09-04 19:51:16,TRANSMISSION_ERROR,Minor,True
4196,4612,4,281,2024-05-10 07:57:15,RBS_OVER_TEMP,Critical,False
4197,4088,65,549,2024-08-20 00:28:45,TRANSMISSION_ERROR,Minor,False
4198,3275,483,847,2024-12-20 10:55:08,RBS_OVER_TEMP,Major,True
4199,2247,303,476,2025-10-01 13:38:11,SOFTWARE_CRASH,Info,True
4200,878,358,582,2025-09-09 14:45:35,SYNC_LOSS,Info,False
4201,1145,77,513,2024-05-06 16:53:46,CPU_OVERLOAD,Minor,False
4202,2456,227,536,2024-06-12 13:23:19,MEMORY_HIGH,Critical,False
4203,4161,265,499,2025-08-12 08:27:27,SYNC_LOSS,Info,False
4204,3697,417,194,2024-10-07 21:36:49,BATTERY_LOW,Critical,False
4205,4232,1,566,2024-12-28 10:31:06,SYNC_LOSS,Critical,False
4206,3507,347,556,2025-04-27 20:46:29,BATTERY_LOW,Critical,True
4207,118,209,309,2025-05-27 19:02:16,FIBRE_BREAK,Major,True
4208,4653,43,43,2025-09-17 18:07:09,LINK_DOWN,Minor,True
4209,196,287,165,2025-05-23 18:26:31,SIGNAL_DEGRADED,Minor,True
4210,4476,34,417,2025-03-10 18:50:08,TRANSMISSION_ERROR,Major,False
4211,2330,2,996,2025-12-14 15:43:10,BATTERY_LOW,Major,True
4212,3488,222,360,2024-05-02 08:28:22,RBS_OVER_TEMP,Info,False
4213,3935,215,735,2025-09-19 08:54:52,RBS_OVER_TEMP,Info,False
4214,666,318,444,2024-06-24 09:43:22,RBS_OVER_TEMP,Major,False
4215,350,278,545,2025-08-22 16:37:04,TRANSMISSION_ERROR,Major,False
4216,2590,180,681,2024-09-03 10:31:15,SIGNAL_DEGRADED,Critical,False
4217,3798,189,405,2025-10-03 04:59:13,SYNC_LOSS,Major,False
4218,2245,330,195,2025-05-11 16:00:30,ANTENNA_FAULT,Minor,False
4219,3526,429,839,2024-04-26 00:29:09,SYNC_LOSS,Critical,True
4220,1176,90,522,2025-06-16 11:49:40,LINK_DOWN,Info,False
4221,3082,144,990,2025-08-26 18:20:56,RBS_OVER_TEMP,Major,False
4222,3253,318,959,2025-07-07 08:33:07,ANTENNA_FAULT,Minor,False
4223,1163,195,700,2024-01-26 22:24:22,SYNC_LOSS,Major,True
4224,3266,179,610,2025-09-12 10:53:26,SIGNAL_DEGRADED,Info,False
4225,2734,78,771,2025-06-04 23:56:59,POWER_ALARM,Info,True
4226,282,226,133,2025-04-18 13:07:28,FIBRE_BREAK,Info,True
4227,4214,196,288,2025-04-28 10:21:53,POWER_ALARM,Info,False
4228,4492,344,299,2024-06-21 00:21:38,ANTENNA_FAULT,Critical,False
4229,4236,180,196,2024-10-14 17:16:30,SIGNAL_DEGRADED,Major,False
4230,4440,7,919,2025-10-14 15:56:32,MEMORY_HIGH,Critical,False
4231,2550,465,58,2025-09-27 17:18:56,RBS_OVER_TEMP,Minor,False
4232,4143,453,936,2025-12-30 07:44:18,RBS_OVER_TEMP,Info,False
4233,4421,297,577,2024-12-19 20:02:14,FIBRE_BREAK,Major,True
4234,2432,229,815,2025-03-11 20:40:34,SOFTWARE_CRASH,Minor,False
4235,1535,421,398,2025-07-11 06:42:49,SOFTWARE_CRASH,Critical,False
4236,4148,153,666,2025-01-08 07:49:12,POWER_ALARM,Major,True
4237,3823,198,431,2024-02-06 14:52:37,SIGNAL_DEGRADED,Critical,True
4238,4508,262,202,2024-01-17 12:56:10,POWER_ALARM,Info,False
4239,2202,241,208,2024-12-28 06:01:57,SIGNAL_DEGRADED,Critical,False
4240,610,46,679,2024-01-25 12:07:40,RBS_OVER_TEMP,Minor,False
4241,3437,261,681,2025-11-18 18:05:34,POWER_ALARM,Minor,False
4242,225,237,855,2025-01-11 08:09:14,SYNC_LOSS,Info,True
4243,3484,276,831,2024-09-04 17:49:12,FIBRE_BREAK,Critical,False
4244,2902,479,444,2025-07-03 19:00:10,POWER_ALARM,Minor,True
4245,2305,449,76,2024-06-27 10:35:24,CPU_OVERLOAD,Minor,False
4246,3739,65,652,2025-05-09 14:08:16,MEMORY_HIGH,Major,False
4247,3550,381,635,2025-06-06 16:13:04,LINK_DOWN,Minor,True
4248,4589,193,157,2025-08-27 01:58:03,RBS_OVER_TEMP,Minor,True
4249,359,105,558,2025-04-07 08:49:41,POWER_ALARM,Info,True
4250,227,19,179,2024-08-24 14:19:11,POWER_ALARM,Info,False
4251,4866,21,455,2025-10-28 03:39:32,LINK_DOWN,Info,False
4252,4365,383,958,2025-04-29 06:14:52,SYNC_LOSS,Major,False
4253,2481,175,24,2024-02-01 01:08:46,SOFTWARE_CRASH,Major,False
4254,3897,169,315,2025-03-16 09:24:04,MEMORY_HIGH,Major,True
4255,1365,388,516,2024-03-11 09:39:27,SOFTWARE_CRASH,Info,False
4256,2365,345,186,2024-10-29 08:02:18,ANTENNA_FAULT,Major,False
4257,2342,89,173,2025-09-26 16:47:39,CPU_OVERLOAD,Major,False
4258,2367,172,399,2025-08-19 10:25:42,LINK_DOWN,Major,False
4259,3634,175,118,2024-04-03 14:39:36,TRANSMISSION_ERROR,Info,False
4260,515,27,390,2025-12-13 07:50:21,POWER_ALARM,Info,False
4261,4904,481,421,2024-09-05 10:53:24,ANTENNA_FAULT,Info,False
4262,4870,20,480,2025-05-23 23:06:01,POWER_ALARM,Info,False
4263,818,28,246,2024-03-04 15:41:43,RBS_OVER_TEMP,Info,False
4264,730,191,966,2024-11-08 18:03:38,SOFTWARE_CRASH,Info,False
4265,122,249,230,2024-08-23 14:40:04,RBS_OVER_TEMP,Critical,True
4266,461,20,243,2024-10-16 16:10:47,LINK_DOWN,Major,False
4267,2196,390,291,2025-11-09 09:27:20,LINK_DOWN,Info,False
4268,752,19,72,2024-06-30 15:17:04,CPU_OVERLOAD,Minor,True
4269,1989,150,429,2024-06-07 13:43:08,RBS_OVER_TEMP,Minor,False
4270,1171,412,472,2024-02-21 12:42:17,SYNC_LOSS,Critical,True
4271,630,197,768,2025-06-13 11:38:32,CPU_OVERLOAD,Minor,True
4272,3702,231,797,2025-11-22 08:16:35,SOFTWARE_CRASH,Major,False
4273,3077,122,797,2024-05-14 17:57:53,SOFTWARE_CRASH,Info,False
4274,2913,6,106,2025-09-08 02:37:27,MEMORY_HIGH,Major,False
4275,1398,367,95,2025-09-04 19:51:16,FIBRE_BREAK,Minor,False
4276,4168,308,317,2025-11-06 11:27:40,CPU_OVERLOAD,Critical,True
4277,1077,128,327,2024-08-01 21:23:19,SYNC_LOSS,Minor,False
4278,4190,51,362,2024-04-22 17:52:27,CPU_OVERLOAD,Critical,False
4279,4311,256,447,2025-06-25 17:19:51,BATTERY_LOW,Info,False
4280,2224,70,720,2025-12-05 19:56:55,ANTENNA_FAULT,Major,False
4281,364,33,282,2024-09-24 13:08:39,TRANSMISSION_ERROR,Minor,False
4282,440,302,932,2025-07-11 22:53:23,SIGNAL_DEGRADED,Minor,False
4283,4184,297,182,2024-02-22 08:38:35,RBS_OVER_TEMP,Major,False
4284,3078,250,939,2025-07-28 10:45:09,CPU_OVERLOAD,Minor,False
4285,4952,296,677,2025-06-29 09:00:51,TRANSMISSION_ERROR,Major,False
4286,1139,222,467,2024-08-26 13:25:03,MEMORY_HIGH,Major,True
4287,2055,167,722,2025-06-19 10:57:57,SIGNAL_DEGRADED,Minor,False
4288,507,142,57,2024-09-28 08:25:41,MEMORY_HIGH,Major,False
4289,1701,6,645,2025-10-06 06:25:35,ANTENNA_FAULT,Major,False
4290,2345,282,763,2025-02-01 16:04:05,SYNC_LOSS,Minor,True
4291,553,120,234,2024-04-07 15:21:06,TRANSMISSION_ERROR,Major,False
4292,3542,174,331,2025-03-01 09:51:16,SYNC_LOSS,Major,False
4293,4041,179,919,2025-09-28 21:33:46,BATTERY_LOW,Major,False
4294,3874,238,930,2024-02-11 09:48:55,BATTERY_LOW,Info,False
4295,431,469,278,2024-12-24 22:08:06,SYNC_LOSS,Minor,True
4296,4593,390,737,2025-02-28 17:29:11,TRANSMISSION_ERROR,Info,False
4297,591,464,421,2024-06-29 13:30:06,ANTENNA_FAULT,Minor,False
4298,4436,458,834,2025-08-04 00:51:19,TRANSMISSION_ERROR,Info,True
4299,3790,398,961,2025-02-10 07:48:44,LINK_DOWN,Critical,True
4300,2895,230,669,2024-12-06 15:44:11,SOFTWARE_CRASH,Critical,True
4301,2790,323,888,2025-10-15 01:24:28,LINK_DOWN,Critical,False
4302,4898,186,27,2024-10-09 14:42:55,ANTENNA_FAULT,Info,False
4303,3491,83,719,2024-04-23 15:15:27,SOFTWARE_CRASH,Major,False
4304,4966,160,884,2024-08-12 02:36:35,FIBRE_BREAK,Minor,False
4305,957,336,751,2025-07-24 13:44:50,ANTENNA_FAULT,Major,False
4306,3315,199,39,2024-12-19 15:02:02,RBS_OVER_TEMP,Info,False
4307,4902,328,404,2024-04-23 10:33:35,SIGNAL_DEGRADED,Major,False
4308,847,444,886,2024-12-11 22:38:54,SYNC_LOSS,Major,True
4309,1890,358,42,2025-06-13 09:48:56,SYNC_LOSS,Minor,False
4310,4017,471,265,2024-09-26 18:39:45,RBS_OVER_TEMP,Major,False
4311,2466,417,656,2025-04-26 13:03:01,LINK_DOWN,Major,True
4312,4100,438,32,2025-04-20 13:42:43,FIBRE_BREAK,Major,False
4313,2483,261,166,2025-06-16 08:51:18,BATTERY_LOW,Minor,False
4314,828,44,282,2024-01-20 09:57:29,RBS_OVER_TEMP,Info,True
4315,374,287,164,2024-08-26 01:02:13,SYNC_LOSS,Major,True
4316,4760,24,180,2025-12-12 11:08:08,SOFTWARE_CRASH,Minor,True
4317,2520,398,208,2024-06-20 19:28:56,ANTENNA_FAULT,Major,False
4318,4518,474,320,2024-12-12 09:19:24,SYNC_LOSS,Minor,True
4319,2014,382,476,2024-10-12 10:25:58,BATTERY_LOW,Minor,False
4320,3294,450,759,2024-08-02 07:20:02,MEMORY_HIGH,Major,False
4321,1994,389,186,2024-06-05 06:05:36,TRANSMISSION_ERROR,Critical,False
4322,2863,134,668,2025-10-25 18:17:39,RBS_OVER_TEMP,Critical,False
4323,1003,402,716,2025-10-23 12:11:04,SOFTWARE_CRASH,Minor,False
4324,3648,383,927,2024-04-09 17:29:32,SIGNAL_DEGRADED,Major,False
4325,2188,246,395,2024-05-16 08:58:01,RBS_OVER_TEMP,Minor,True
4326,1983,220,222,2024-03-13 13:26:56,POWER_ALARM,Major,False
4327,2171,63,41,2024-08-22 05:32:36,CPU_OVERLOAD,Critical,True
4328,1861,379,540,2025-08-11 14:48:25,SIGNAL_DEGRADED,Info,False
4329,2766,499,965,2025-04-29 03:55:28,TRANSMISSION_ERROR,Major,True
4330,2305,449,76,2024-06-27 10:32:24,SOFTWARE_CRASH,Minor,True
4331,1684,444,719,2024-10-16 19:45:10,SYNC_LOSS,Info,True
4332,80,321,566,2024-05-07 14:17:21,SYNC_LOSS,Critical,False
4333,3051,39,827,2024-09-23 21:54:59,SYNC_LOSS,Critical,False
4334,2564,440,754,2024-02-04 11:42:08,BATTERY_LOW,Minor,True
4335,3316,257,482,2024-01-13 16:43:59,POWER_ALARM,Major,False
4336,2430,483,919,2025-03-03 14:48:10,BATTERY_LOW,Critical,True
4337,2357,273,272,2024-05-30 12:18:34,RBS_OVER_TEMP,Critical,False
4338,3148,125,435,2024-06-29 23:13:40,SYNC_LOSS,Minor,False
4339,1409,92,46,2025-05-30 10:42:00,ANTENNA_FAULT,Major,False
4340,3877,85,66,2024-11-08 11:47:02,MEMORY_HIGH,Info,True
4341,3909,27,726,2024-06-15 02:49:32,TRANSMISSION_ERROR,Major,False
4342,2953,321,506,2024-02-08 05:55:10,CPU_OVERLOAD,Minor,False
4343,943,391,661,2024-04-26 12:50:42,ANTENNA_FAULT,Critical,False
4344,1257,147,207,2025-09-28 10:48:48,SOFTWARE_CRASH,Minor,False
4345,3758,397,461,2024-12-14 15:48:26,SYNC_LOSS,Minor,False
4346,2778,285,846,2024-09-25 12:40:43,RBS_OVER_TEMP,Info,False
4347,1727,174,77,2025-03-11 17:05:17,TRANSMISSION_ERROR,Info,False
4348,186,160,924,2025-07-10 09:53:18,CPU_OVERLOAD,Minor,False
4349,2933,214,525,2025-05-10 00:30:59,POWER_ALARM,Major,False
4350,4558,186,70,2024-07-20 13:37:22,CPU_OVERLOAD,Info,False
4351,3105,463,615,2024-08-23 12:20:18,SYNC_LOSS,Minor,True
4352,3872,10,440,2025-07-07 08:31:25,SOFTWARE_CRASH,Minor,False
4353,4783,322,35,2025-06-22 08:24:32,BATTERY_LOW,Major,False
4354,1069,353,592,2024-09-20 10:16:19,FIBRE_BREAK,Major,True
4355,3053,490,919,2025-09-01 03:09:47,ANTENNA_FAULT,Major,False
4356,733,340,275,2025-10-10 10:03:23,POWER_ALARM,Minor,False
4357,3893,473,819,2024-04-18 16:38:13,FIBRE_BREAK,Minor,False
4358,2478,120,979,2024-06-28 20:16:44,SIGNAL_DEGRADED,Major,False
4359,4939,257,865,2025-04-29 12:18:34,POWER_ALARM,Minor,True
4360,2824,174,433,2025-10-14 10:19:13,SIGNAL_DEGRADED,Major,False
4361,4780,127,289,2025-04-13 18:46:54,POWER_ALARM,Minor,False
4362,641,319,189,2025-02-21 17:12:58,TRANSMISSION_ERROR,Info,False
4363,57,321,601,2025-06-19 02:10:36,BATTERY_LOW,Major,True
4364,1744,419,124,2025-03-26 13:16:43,CPU_OVERLOAD,Minor,False
4365,4295,394,23,2025-11-18 04:16:44,SYNC_LOSS,Major,True
4366,4189,78,612,2024-03-23 01:37:41,SOFTWARE_CRASH,Minor,True
4367,1299,122,23,2024-06-13 09:19:12,FIBRE_BREAK,Critical,True
4368,3873,412,685,2025-08-27 09:04:55,POWER_ALARM,Major,False
4369,1571,32,307,2024-07-24 07:36:41,SOFTWARE_CRASH,Critical,True
4370,3826,370,726,2024-11-05 06:01:44,ANTENNA_FAULT,Minor,True
4371,4369,13,122,2025-04-07 14:56:12,ANTENNA_FAULT,Minor,False
4372,4183,298,523,2025-11-05 14:51:31,FIBRE_BREAK,Info,True
4373,2259,473,679,2024-10-14 17:02:29,FIBRE_BREAK,Minor,False
4374,2176,183,561,2024-01-06 14:58:20,FIBRE_BREAK,Minor,True
4375,3709,134,734,2025-01-31 11:59:13,LINK_DOWN,Info,True
4376,4426,76,146,2025-01-05 03:35:50,CPU_OVERLOAD,Minor,False
4377,3302,489,68,2024-03-13 12:49:07,SYNC_LOSS,Info,True
4378,4877,245,573,2024-09-23 15:19:37,BATTERY_LOW,Info,False
4379,3794,327,654,2024-01-22 10:18:12,ANTENNA_FAULT,Major,False
4380,258,308,156,2024-08-04 12:26:16,FIBRE_BREAK,Info,False
4381,1943,201,448,2024-05-16 10:40:56,CPU_OVERLOAD,Critical,False
4382,4845,130,146,2025-08-02 17:25:29,TRANSMISSION_ERROR,Minor,False
4383,2542,90,727,2025-09-27 08:44:29,ANTENNA_FAULT,Minor,False
4384,566,121,930,2025-10-09 11:39:26,MEMORY_HIGH,Major,True
4385,4056,242,348,2025-11-05 08:24:00,POWER_ALARM,Major,True
4386,930,36,622,2025-08-17 04:02:34,BATTERY_LOW,Minor,False
4387,2009,341,630,2025-04-25 05:14:09,SIGNAL_DEGRADED,Major,False
4388,3953,242,12,2024-09-17 22:30:41,MEMORY_HIGH,Minor,False
4389,3248,74,779,2025-06-12 12:29:56,SYNC_LOSS,Major,False
4390,3903,209,128,2025-10-05 13:02:32,CPU_OVERLOAD,Critical,True
4391,4047,128,391,2025-10-01 20:49:44,CPU_OVERLOAD,Minor,False
4392,1567,190,184,2024-10-16 01:55:08,MEMORY_HIGH,Major,False
4393,3553,251,160,2024-03-04 18:28:29,POWER_ALARM,Critical,True
4394,432,403,723,2025-06-27 18:16:40,FIBRE_BREAK,Minor,False
4395,2259,473,679,2024-10-14 17:29:29,POWER_ALARM,Minor,True
4396,4100,438,32,2025-04-20 13:36:43,MEMORY_HIGH,Info,True
4397,3967,350,148,2024-11-25 17:30:58,RBS_OVER_TEMP,Major,False
4398,1727,174,77,2025-03-11 16:56:17,SYNC_LOSS,Info,True
4399,4666,384,842,2025-12-22 11:55:23,RBS_OVER_TEMP,Info,False
4400,683,260,16,2024-05-20 21:54:16,BATTERY_LOW,Minor,True
4401,275,226,913,2024-01-25 16:24:55,BATTERY_LOW,Minor,False
4402,4942,285,755,2024-10-30 11:19:49,POWER_ALARM,Minor,True
4403,2243,206,699,2024-08-08 12:01:23,LINK_DOWN,Minor,True
4404,4934,283,922,2024-03-15 06:41:03,SIGNAL_DEGRADED,Minor,False
4405,3222,211,677,2025-03-10 16:38:46,LINK_DOWN,Critical,True
4406,3516,223,170,2025-10-26 15:03:19,POWER_ALARM,Critical,True
4407,1349,48,580,2024-10-28 14:02:06,SOFTWARE_CRASH,Info,False
4408,1665,171,834,2024-11-10 22:53:24,SYNC_LOSS,Major,False
4409,395,82,453,2025-01-19 13:53:00,SIGNAL_DEGRADED,Minor,False
4410,2951,164,868,2025-10-19 17:54:21,BATTERY_LOW,Minor,False
4411,4061,231,210,2025-12-04 13:00:58,CPU_OVERLOAD,Major,False
4412,2645,129,805,2024-08-01 16:53:30,TRANSMISSION_ERROR,Info,False
4413,4038,175,460,2024-06-27 09:59:45,POWER_ALARM,Critical,False
4414,3569,156,534,2024-05-01 15:49:18,BATTERY_LOW,Minor,False
4415,3199,285,285,2024-10-14 20:29:53,TRANSMISSION_ERROR,Minor,False
4416,3864,238,273,2025-09-28 17:46:46,ANTENNA_FAULT,Minor,False
4417,2439,355,537,2025-11-10 06:06:32,RBS_OVER_TEMP,Minor,False
4418,4823,421,544,2024-02-22 19:44:51,ANTENNA_FAULT,Minor,False
4419,4463,64,347,2025-08-12 14:22:54,TRANSMISSION_ERROR,Major,False
4420,876,69,293,2024-11-02 20:44:06,BATTERY_LOW,Minor,False
4421,143,52,529,2024-10-24 12:48:43,TRANSMISSION_ERROR,Minor,False
4422,762,45,968,2024-06-20 02:12:53,RBS_OVER_TEMP,Major,False
4423,131,73,268,2025-05-28 12:46:16,MEMORY_HIGH,Critical,False
4424,914,347,878,2025-01-26 12:26:11,SOFTWARE_CRASH,Minor,False
4425,3630,472,41,2024-12-18 14:35:20,ANTENNA_FAULT,Critical,False
4426,2364,214,78,2025-08-22 12:58:55,SOFTWARE_CRASH,Info,False
4427,3436,374,28,2025-06-17 15:56:50,TRANSMISSION_ERROR,Info,False
4428,3651,333,661,2025-09-05 18:20:24,SIGNAL_DEGRADED,Minor,False
4429,1596,471,912,2024-09-06 17:41:58,ANTENNA_FAULT,Info,False
4430,4478,41,800,2025-08-29 14:54:42,TRANSMISSION_ERROR,Info,True
4431,2566,105,96,2025-02-27 08:38:53,SOFTWARE_CRASH,Minor,True
4432,1063,301,3,2025-10-10 00:56:52,FIBRE_BREAK,Minor,False
4433,230,431,509,2025-02-09 19:32:24,POWER_ALARM,Minor,True
4434,4244,13,138,2024-10-06 18:44:30,RBS_OVER_TEMP,Info,False
4435,410,337,718,2024-06-10 17:43:39,ANTENNA_FAULT,Info,True
4436,2966,416,987,2024-03-31 09:52:15,CPU_OVERLOAD,Minor,False
4437,1982,194,841,2025-07-02 13:59:11,SIGNAL_DEGRADED,Major,False
4438,2063,45,160,2025-04-04 17:25:33,BATTERY_LOW,Critical,False
4439,3788,171,54,2024-02-21 17:24:29,FIBRE_BREAK,Minor,False
4440,2799,52,905,2025-06-08 07:40:53,ANTENNA_FAULT,Minor,False
4441,2350,247,412,2025-09-12 18:33:29,POWER_ALARM,Info,True
4442,3902,270,521,2024-06-22 10:20:12,CPU_OVERLOAD,Major,True
4443,4148,153,666,2025-01-08 07:54:12,CPU_OVERLOAD,Info,True
4444,2268,302,741,2025-08-25 11:54:23,ANTENNA_FAULT,Critical,False
4445,2693,238,962,2025-03-13 21:45:51,BATTERY_LOW,Critical,False
4446,367,189,956,2024-12-15 13:19:29,FIBRE_BREAK,Major,False
4447,791,211,994,2025-02-06 21:39:54,POWER_ALARM,Major,True
4448,931,125,960,2024-06-26 21:55:07,SOFTWARE_CRASH,Info,False
4449,3802,213,899,2024-03-23 10:38:08,RBS_OVER_TEMP,Info,False
4450,4468,395,41,2025-07-11 16:00:40,SIGNAL_DEGRADED,Critical,True
4451,1259,258,645,2024-06-15 02:22:17,TRANSMISSION_ERROR,Info,True
4452,739,139,672,2025-10-16 16:11:44,FIBRE_BREAK,Critical,False
4453,1190,161,860,2025-12-25 01:33:06,MEMORY_HIGH,Minor,False
4454,2045,131,930,2024-05-18 13:39:41,TRANSMISSION_ERROR,Info,False
4455,4904,481,421,2024-09-05 10:52:24,SOFTWARE_CRASH,Major,True
4456,2040,412,234,2025-11-02 17:49:51,MEMORY_HIGH,Info,False
4457,3080,362,318,2024-12-27 15:52:04,SIGNAL_DEGRADED,Critical,False
4458,1079,224,642,2024-09-23 17:50:35,LINK_DOWN,Minor,False
4459,1104,341,309,2024-05-07 13:38:02,TRANSMISSION_ERROR,Major,False
4460,3673,152,741,2025-07-16 11:26:03,LINK_DOWN,Critical,False
4461,2221,298,260,2024-01-03 14:40:17,SYNC_LOSS,Info,True
4462,1539,39,281,2024-10-06 14:37:00,SIGNAL_DEGRADED,Info,False
4463,260,404,362,2025-06-21 01:43:41,CPU_OVERLOAD,Major,False
4464,4222,13,165,2024-10-13 18:27:04,MEMORY_HIGH,Minor,False
4465,1336,314,691,2024-03-20 01:19:07,POWER_ALARM,Info,True
4466,2998,124,830,2024-12-07 15:22:02,BATTERY_LOW,Info,False
4467,1027,22,467,2025-04-05 03:09:51,FIBRE_BREAK,Major,True
4468,1353,352,275,2025-04-11 16:49:49,BATTERY_LOW,Major,False
4469,4621,234,96,2025-12-25 13:46:26,BATTERY_LOW,Info,True
4470,173,421,945,2025-05-10 02:30:19,TRANSMISSION_ERROR,Minor,True
4471,4072,467,971,2025-09-08 17:53:11,CPU_OVERLOAD,Critical,False
4472,2632,125,682,2025-07-15 01:42:32,ANTENNA_FAULT,Critical,False
4473,3326,419,301,2025-03-10 14:28:49,SOFTWARE_CRASH,Critical,False
4474,1136,251,376,2025-01-18 06:15:43,POWER_ALARM,Major,False
4475,87,221,320,2025-07-29 16:51:25,SOFTWARE_CRASH,Major,True
4476,1630,380,83,2025-01-30 20:09:22,SIGNAL_DEGRADED,Info,False
4477,352,372,880,2025-11-18 13:33:22,LINK_DOWN,Info,False
4478,4326,60,247,2025-07-12 08:42:39,RBS_OVER_TEMP,Major,False
4479,2221,298,260,2024-01-03 14:32:17,ANTENNA_FAULT,Minor,False
4480,2687,60,545,2025-01-21 12:48:49,CPU_OVERLOAD,Major,False
4481,1172,94,17,2025-06-20 15:21:02,TRANSMISSION_ERROR,Minor,False
4482,3535,8,925,2025-05-07 14:16:57,SYNC_LOSS,Major,False
4483,4060,293,326,2025-05-20 11:22:42,SYNC_LOSS,Info,True
4484,3826,370,726,2024-11-05 05:57:44,SOFTWARE_CRASH,Minor,False
4485,4501,191,245,2024-08-01 00:24:45,ANTENNA_FAULT,Info,True
4486,2533,219,689,2025-06-06 21:35:19,LINK_DOWN,Major,True
4487,1001,200,162,2025-08-28 11:35:03,CPU_OVERLOAD,Minor,False
4488,4509,327,632,2025-10-26 16:43:19,POWER_ALARM,Info,True
4489,3348,143,151,2025-05-03 16:05:19,SIGNAL_DEGRADED,Minor,True
4490,3334,49,89,2024-03-17 21:37:20,RBS_OVER_TEMP,Major,False
4491,1776,48,14,2024-07-12 21:49:46,SYNC_LOSS,Minor,True
4492,1001,200,162,2025-08-28 11:39:03,TRANSMISSION_ERROR,Info,False
4493,30,362,9,2025-11-20 15:17:19,RBS_OVER_TEMP,Critical,True
4494,1999,15,117,2024-10-20 08:39:55,POWER_ALARM,Minor,False
4495,801,17,828,2024-12-01 14:05:16,CPU_OVERLOAD,Critical,False
4496,914,347,878,2025-01-26 12:24:11,SYNC_LOSS,Critical,False
4497,1881,393,966,2025-03-21 11:23:42,SIGNAL_DEGRADED,Info,True
4498,4866,21,455,2025-10-28 03:54:32,SIGNAL_DEGRADED,Critical,False
4499,226,368,795,2025-01-31 17:16:50,ANTENNA_FAULT,Info,True
4500,947,366,345,2024-05-06 23:13:00,SOFTWARE_CRASH,Info,True
4501,1423,394,158,2024-06-30 23:17:14,SIGNAL_DEGRADED,Info,True
4502,260,404,362,2025-06-21 01:46:41,SOFTWARE_CRASH,Info,False
4503,483,189,691,2025-04-23 03:51:09,RBS_OVER_TEMP,Minor,True
4504,3124,77,772,2025-08-16 12:41:58,SIGNAL_DEGRADED,Minor,True
4505,3649,252,55,2024-01-27 13:36:06,CPU_OVERLOAD,Major,False
4506,437,180,294,2025-09-30 03:04:13,SOFTWARE_CRASH,Major,False
4507,2177,247,114,2024-09-21 10:01:10,CPU_OVERLOAD,Critical,False
4508,776,212,551,2024-02-21 16:22:37,BATTERY_LOW,Major,True
4509,902,261,662,2025-07-18 10:19:32,SOFTWARE_CRASH,Minor,False
4510,3542,174,331,2025-03-01 10:53:16,POWER_ALARM,Minor,False
4511,3458,284,589,2024-05-29 19:54:20,SIGNAL_DEGRADED,Major,True
4512,382,300,769,2024-09-19 14:59:24,LINK_DOWN,Info,False
4513,1656,180,539,2024-07-09 22:08:21,BATTERY_LOW,Minor,False
4514,2693,238,962,2025-03-13 21:52:51,POWER_ALARM,Critical,False
4515,236,160,956,2024-08-24 12:09:50,SYNC_LOSS,Minor,True
4516,1554,31,508,2024-03-04 23:08:51,SOFTWARE_CRASH,Major,False
4517,4951,167,909,2025-07-14 19:14:20,POWER_ALARM,Critical,True
4518,3490,400,779,2025-10-16 08:43:02,SIGNAL_DEGRADED,Info,False
4519,4246,427,295,2024-07-24 12:40:06,SYNC_LOSS,Critical,False
4520,585,350,455,2025-08-29 14:29:44,POWER_ALARM,Info,False
4521,2072,132,25,2024-09-05 15:29:06,CPU_OVERLOAD,Major,False
4522,1935,429,315,2025-03-14 05:33:19,TRANSMISSION_ERROR,Critical,False
4523,4734,492,271,2025-07-28 21:47:21,SYNC_LOSS,Info,False
4524,501,90,839,2025-04-26 09:09:58,SOFTWARE_CRASH,Critical,True
4525,4960,397,190,2024-12-07 23:16:57,MEMORY_HIGH,Major,False
4526,4073,239,363,2024-10-04 12:45:10,MEMORY_HIGH,Info,False
4527,1152,411,915,2024-11-05 10:27:14,SYNC_LOSS,Minor,False
4528,780,159,102,2025-08-11 07:45:45,SIGNAL_DEGRADED,Info,False
4529,4421,297,577,2024-12-19 20:16:14,ANTENNA_FAULT,Major,True
4530,658,337,877,2025-03-28 17:40:17,POWER_ALARM,Major,True
4531,1213,199,966,2025-08-15 10:47:47,MEMORY_HIGH,Major,False
4532,1517,184,527,2024-02-19 18:27:32,FIBRE_BREAK,Critical,False
4533,151,28,223,2025-04-09 17:58:32,LINK_DOWN,Critical,True
4534,3907,177,996,2025-05-23 14:54:35,MEMORY_HIGH,Minor,False
4535,1710,59,674,2025-01-30 12:42:36,SIGNAL_DEGRADED,Critical,True
4536,807,19,139,2025-01-03 09:01:57,MEMORY_HIGH,Minor,False
4537,2913,6,106,2025-09-08 02:41:27,MEMORY_HIGH,Info,False
4538,1744,419,124,2025-03-26 13:05:43,POWER_ALARM,Major,False
4539,3514,369,591,2025-04-16 09:21:06,MEMORY_HIGH,Info,False
4540,296,33,353,2024-01-26 09:41:20,LINK_DOWN,Major,False
4541,2609,209,372,2024-12-25 10:19:06,SYNC_LOSS,Critical,True
4542,2839,101,524,2025-08-01 15:32:17,POWER_ALARM,Minor,False
4543,2977,62,871,2025-04-10 09:44:17,SIGNAL_DEGRADED,Info,True
4544,285,48,925,2024-06-29 16:57:14,CPU_OVERLOAD,Minor,False
4545,220,141,998,2024-02-22 13:55:36,BATTERY_LOW,Major,False
4546,3260,209,582,2025-09-02 23:22:00,ANTENNA_FAULT,Info,False
4547,1297,285,31,2024-02-28 10:33:03,LINK_DOWN,Major,False
4548,3318,424,296,2024-03-02 08:26:13,MEMORY_HIGH,Minor,False
4549,2716,357,340,2024-12-07 10:12:31,CPU_OVERLOAD,Critical,False
4550,2664,83,59,2024-12-20 18:36:22,CPU_OVERLOAD,Info,False
4551,2410,251,195,2024-06-30 15:44:05,RBS_OVER_TEMP,Minor,True
4552,533,406,148,2025-12-18 14:12:23,SYNC_LOSS,Info,False
4553,2321,113,588,2024-09-12 13:22:11,SYNC_LOSS,Critical,True
4554,1094,132,570,2025-01-04 20:55:49,ANTENNA_FAULT,Info,False
4555,991,16,628,2024-09-25 17:06:57,ANTENNA_FAULT,Major,False
4556,2021,497,520,2024-10-04 06:39:03,SIGNAL_DEGRADED,Major,True
4557,4223,432,205,2024-12-29 12:32:00,SYNC_LOSS,Info,False
4558,3361,20,931,2024-04-04 12:50:21,FIBRE_BREAK,Info,False
4559,3114,402,291,2024-08-05 16:54:12,BATTERY_LOW,Major,False
4560,4319,477,388,2025-07-09 11:23:16,FIBRE_BREAK,Minor,False
4561,695,189,38,2024-02-14 05:09:36,BATTERY_LOW,Info,False
4562,2837,118,620,2025-12-06 14:48:49,SIGNAL_DEGRADED,Minor,False
4563,1745,434,617,2025-10-17 09:33:50,MEMORY_HIGH,Info,False
4564,2257,417,976,2024-04-21 11:10:23,SYNC_LOSS,Minor,False
4565,4734,492,271,2025-07-28 21:41:21,SIGNAL_DEGRADED,Major,False
4566,4140,235,321,2025-06-19 04:44:07,TRANSMISSION_ERROR,Major,False
4567,3197,316,675,2024-11-02 15:17:14,MEMORY_HIGH,Info,True
4568,3509,322,533,2024-10-10 08:40:33,ANTENNA_FAULT,Critical,True
4569,3556,307,586,2025-01-14 06:21:52,CPU_OVERLOAD,Info,False
4570,2119,131,988,2025-02-15 16:42:58,SYNC_LOSS,Major,False
4571,1027,22,467,2025-04-05 02:53:51,TRANSMISSION_ERROR,Info,True
4572,3557,435,94,2024-07-08 08:17:12,LINK_DOWN,Info,False
4573,4080,213,31,2024-07-24 15:51:49,FIBRE_BREAK,Info,False
4574,4887,89,669,2025-11-13 08:48:31,SYNC_LOSS,Info,False
4575,1978,247,389,2025-06-14 17:15:58,LINK_DOWN,Critical,True
4576,3121,486,931,2025-06-26 12:26:08,CPU_OVERLOAD,Info,False
4577,4080,213,31,2024-07-24 15:48:49,SOFTWARE_CRASH,Major,False
4578,3769,237,391,2025-03-07 04:39:57,TRANSMISSION_ERROR,Minor,True
4579,1185,389,765,2025-06-20 19:26:01,TRANSMISSION_ERROR,Minor,False
4580,3868,421,278,2025-12-28 17:03:00,SYNC_LOSS,Info,False
4581,1608,395,94,2024-01-11 04:56:38,SOFTWARE_CRASH,Critical,False
4582,4099,19,385,2025-10-17 17:35:32,SYNC_LOSS,Critical,False
4583,4121,90,909,2025-03-12 20:13:06,SIGNAL_DEGRADED,Critical,False
4584,2660,225,236,2025-03-01 21:12:00,POWER_ALARM,Info,False
4585,1742,212,770,2025-06-27 23:16:26,FIBRE_BREAK,Info,False
4586,3842,493,985,2025-11-07 22:11:32,RBS_OVER_TEMP,Info,False
4587,527,207,825,2025-03-28 17:15:50,SIGNAL_DEGRADED,Info,False
4588,3966,415,402,2025-07-27 11:06:50,SYNC_LOSS,Critical,False
4589,4629,288,829,2025-05-04 03:23:04,TRANSMISSION_ERROR,Minor,False
4590,2873,370,982,2025-02-19 13:07:04,SOFTWARE_CRASH,Critical,True
4591,224,193,87,2024-09-06 04:35:36,SIGNAL_DEGRADED,Minor,False
4592,3499,418,860,2025-12-15 05:30:40,ANTENNA_FAULT,Minor,False
4593,670,312,443,2025-06-15 12:22:33,POWER_ALARM,Major,False
4594,3363,66,479,2025-01-18 19:14:22,SOFTWARE_CRASH,Minor,False
4595,3999,432,65,2024-02-19 19:47:20,SIGNAL_DEGRADED,Minor,True
4596,148,112,137,2025-03-21 01:04:39,RBS_OVER_TEMP,Minor,False
4597,2818,249,194,2024-08-17 11:14:29,MEMORY_HIGH,Major,True
4598,2239,252,501,2024-09-15 03:10:58,POWER_ALARM,Minor,True
4599,2455,13,853,2025-01-20 17:01:57,LINK_DOWN,Minor,False
4600,4877,245,573,2024-09-23 15:15:37,CPU_OVERLOAD,Minor,False
4601,674,11,668,2025-05-30 23:02:11,POWER_ALARM,Critical,False
4602,1949,309,787,2024-07-24 00:19:38,ANTENNA_FAULT,Minor,False
4603,3866,490,616,2025-04-15 16:58:21,ANTENNA_FAULT,Minor,False
4604,3709,134,734,2025-01-31 12:04:13,MEMORY_HIGH,Info,False
4605,3894,220,307,2025-08-05 23:56:04,BATTERY_LOW,Major,True
4606,4725,303,542,2024-02-07 18:05:15,ANTENNA_FAULT,Critical,True
4607,4844,261,244,2024-03-11 15:14:33,SOFTWARE_CRASH,Minor,True
4608,2270,94,58,2025-04-12 11:22:13,BATTERY_LOW,Info,False
4609,699,63,289,2025-10-06 05:51:15,FIBRE_BREAK,Minor,True
4610,618,456,401,2024-11-25 17:08:47,ANTENNA_FAULT,Info,False
4611,1518,425,242,2024-04-26 14:47:15,BATTERY_LOW,Minor,False
4612,4175,345,774,2025-05-23 06:08:41,POWER_ALARM,Info,False
4613,4256,482,109,2024-09-12 05:24:22,SOFTWARE_CRASH,Info,False
4614,1128,139,662,2024-11-27 17:48:32,SIGNAL_DEGRADED,Info,False
4615,2872,24,829,2024-11-09 12:41:30,RBS_OVER_TEMP,Critical,False
4616,3326,419,301,2025-03-10 14:31:49,POWER_ALARM,Minor,False
4617,2735,289,392,2024-02-20 03:49:47,TRANSMISSION_ERROR,Major,False
4618,1008,456,637,2025-02-15 20:47:17,SYNC_LOSS,Critical,True
4619,76,273,87,2025-10-22 11:34:26,CPU_OVERLOAD,Minor,False
4620,4947,145,84,2025-11-28 07:43:12,TRANSMISSION_ERROR,Critical,False
4621,1837,159,143,2025-03-30 12:39:57,CPU_OVERLOAD,Minor,False
4622,4776,422,936,2025-09-15 04:42:33,SYNC_LOSS,Critical,False
4623,4104,306,118,2025-03-19 13:58:32,RBS_OVER_TEMP,Info,False
4624,4421,297,577,2024-12-19 20:58:14,BATTERY_LOW,Major,True
4625,362,438,687,2024-03-19 22:59:33,BATTERY_LOW,Major,True
4626,4782,78,763,2025-05-19 09:37:24,RBS_OVER_TEMP,Major,False
4627,125,194,809,2024-10-02 11:17:44,CPU_OVERLOAD,Critical,False
4628,4496,263,822,2025-08-05 06:50:16,BATTERY_LOW,Minor,False
4629,4525,122,788,2025-09-21 18:18:02,SIGNAL_DEGRADED,Major,True
4630,2890,394,520,2025-12-23 16:55:54,FIBRE_BREAK,Minor,False
4631,2927,62,468,2025-09-07 15:10:50,SYNC_LOSS,Minor,True
4632,1524,10,193,2024-02-14 17:55:41,SOFTWARE_CRASH,Info,True
4633,828,44,282,2024-01-20 09:52:29,BATTERY_LOW,Major,False
4634,379,380,682,2024-04-11 15:17:12,CPU_OVERLOAD,Minor,True
4635,1090,8,767,2024-07-31 22:22:13,BATTERY_LOW,Major,False
4636,1168,22,401,2025-02-21 08:29:23,MEMORY_HIGH,Critical,True
4637,2018,399,765,2025-11-30 16:07:41,SIGNAL_DEGRADED,Minor,False
4638,4915,258,965,2024-10-17 22:39:38,SIGNAL_DEGRADED,Info,False
4639,1238,286,674,2025-12-19 20:18:49,BATTERY_LOW,Minor,True
4640,910,139,506,2025-08-06 12:35:23,POWER_ALARM,Info,False
4641,2888,374,353,2025-04-08 12:33:41,ANTENNA_FAULT,Info,True
4642,3088,214,586,2024-11-13 16:49:06,CPU_OVERLOAD,Critical,False
4643,1702,5,32,2024-06-02 14:37:40,BATTERY_LOW,Major,False
4644,1575,29,801,2025-05-23 16:40:43,FIBRE_BREAK,Major,True
4645,1171,412,472,2024-02-21 12:44:17,FIBRE_BREAK,Minor,False
4646,2053,347,135,2025-01-09 07:52:47,SOFTWARE_CRASH,Minor,False
4647,4409,103,727,2025-12-23 09:37:47,LINK_DOWN,Critical,True
4648,2238,386,247,2025-11-13 12:44:56,TRANSMISSION_ERROR,Minor,False
4649,3766,285,507,2024-06-06 19:54:51,SIGNAL_DEGRADED,Critical,False
4650,2915,388,543,2024-04-13 11:20:46,CPU_OVERLOAD,Minor,False
4651,4869,474,383,2025-05-24 00:19:56,SOFTWARE_CRASH,Minor,False
4652,628,378,845,2025-05-16 13:37:30,POWER_ALARM,Major,False
4653,4731,248,272,2024-11-15 20:26:01,TRANSMISSION_ERROR,Minor,False
4654,3902,270,521,2024-06-22 10:17:12,SIGNAL_DEGRADED,Minor,False
4655,1035,398,609,2024-02-03 13:24:14,BATTERY_LOW,Critical,True
4656,3765,51,403,2025-08-28 11:11:26,BATTERY_LOW,Major,False
4657,2610,476,59,2025-12-16 15:52:38,RBS_OVER_TEMP,Critical,True
4658,1915,476,114,2025-08-08 15:19:41,SIGNAL_DEGRADED,Critical,False
4659,1558,453,532,2024-02-18 12:59:59,SIGNAL_DEGRADED,Info,True
4660,4240,228,222,2025-05-15 15:54:22,SYNC_LOSS,Minor,False
4661,4827,4,695,2025-06-04 21:50:16,SYNC_LOSS,Critical,False
4662,2122,175,970,2025-05-19 21:40:24,SYNC_LOSS,Major,False
4663,2941,393,937,2025-05-25 08:54:36,ANTENNA_FAULT,Info,False
4664,690,183,587,2024-10-15 14:08:14,POWER_ALARM,Minor,False
4665,3811,485,20,2024-08-03 05:57:24,LINK_DOWN,Minor,True
4666,4014,186,281,2025-02-09 17:48:39,SOFTWARE_CRASH,Minor,False
4667,2184,397,916,2024-01-30 09:43:09,CPU_OVERLOAD,Info,False
4668,4572,105,368,2024-08-07 16:45:20,SYNC_LOSS,Info,True
4669,1920,271,621,2024-10-03 04:29:34,SOFTWARE_CRASH,Major,False
4670,2875,203,222,2024-05-18 17:46:47,POWER_ALARM,Critical,False
4671,906,328,434,2025-05-14 11:25:21,MEMORY_HIGH,Info,True
4672,2842,56,384,2024-10-04 14:28:04,TRANSMISSION_ERROR,Info,False
4673,20,461,244,2025-04-25 19:46:39,MEMORY_HIGH,Info,False
4674,65,441,197,2024-03-20 16:47:48,RBS_OVER_TEMP,Info,False
4675,2571,278,994,2025-12-24 10:50:14,SYNC_LOSS,Major,False
4676,4007,110,924,2025-03-25 19:15:55,SYNC_LOSS,Minor,False
4677,847,444,886,2024-12-11 22:37:54,CPU_OVERLOAD,Minor,True
4678,1432,89,555,2024-09-14 13:08:14,SOFTWARE_CRASH,Info,True
4679,2122,175,970,2025-05-19 22:47:24,SIGNAL_DEGRADED,Major,False
4680,2787,140,291,2024-07-17 02:56:43,LINK_DOWN,Major,False
4681,1643,421,472,2025-03-17 15:45:13,LINK_DOWN,Info,False
4682,676,279,657,2024-08-05 05:58:24,SYNC_LOSS,Info,True
4683,524,47,414,2024-05-14 01:09:27,FIBRE_BREAK,Minor,False
4684,2577,230,459,2026-01-01 12:46:21,MEMORY_HIGH,Critical,False
4685,2263,273,925,2025-06-16 13:21:23,CPU_OVERLOAD,Minor,False
4686,3012,339,326,2025-01-19 04:10:59,CPU_OVERLOAD,Info,True
4687,190,108,915,2024-06-11 15:31:04,MEMORY_HIGH,Critical,False
4688,1011,391,304,2024-08-08 16:51:05,SOFTWARE_CRASH,Critical,False
4689,944,42,679,2025-04-09 08:51:49,CPU_OVERLOAD,Minor,False
4690,3205,20,775,2025-06-07 13:28:38,BATTERY_LOW,Minor,True
4691,2877,305,335,2025-04-07 20:53:23,SYNC_LOSS,Minor,False
4692,1537,10,556,2025-06-11 11:27:22,CPU_OVERLOAD,Minor,False
4693,2860,102,163,2024-01-14 10:18:57,RBS_OVER_TEMP,Minor,False
4694,245,73,609,2025-05-26 15:23:41,MEMORY_HIGH,Info,True
4695,1398,367,95,2025-09-04 19:53:16,FIBRE_BREAK,Info,False
4696,988,482,181,2025-04-26 19:24:52,SIGNAL_DEGRADED,Info,True
4697,1754,28,395,2025-10-13 18:01:23,SOFTWARE_CRASH,Major,False
4698,3122,363,743,2025-01-29 07:28:01,SIGNAL_DEGRADED,Minor,False
4699,2569,227,925,2024-09-15 09:04:25,BATTERY_LOW,Info,False
4700,4225,100,463,2024-01-04 06:42:28,LINK_DOWN,Minor,False
4701,2403,251,95,2025-01-17 10:09:30,FIBRE_BREAK,Info,False
4702,4975,268,136,2024-12-16 10:44:33,FIBRE_BREAK,Minor,True
4703,3014,204,739,2025-04-17 14:47:51,CPU_OVERLOAD,Critical,False
4704,974,317,480,2024-07-25 13:16:11,SIGNAL_DEGRADED,Critical,True
4705,841,211,144,2024-07-21 08:54:05,SOFTWARE_CRASH,Minor,False
4706,2774,454,809,2025-08-06 14:49:21,SYNC_LOSS,Minor,False
4707,3009,242,878,2025-05-02 11:51:54,FIBRE_BREAK,Major,True
4708,1127,382,937,2025-07-07 06:08:33,SOFTWARE_CRASH,Minor,False
4709,4896,9,446,2024-01-28 01:40:26,CPU_OVERLOAD,Major,False
4710,3903,209,128,2025-10-05 13:12:32,ANTENNA_FAULT,Major,True
4711,169,262,909,2024-11-30 13:44:33,MEMORY_HIGH,Major,False
4712,1250,482,600,2025-06-21 17:59:17,SOFTWARE_CRASH,Critical,False
4713,3310,489,327,2024-07-25 16:56:23,RBS_OVER_TEMP,Critical,False
4714,3692,250,28,2025-04-23 04:48:28,TRANSMISSION_ERROR,Minor,False
4715,4124,212,89,2025-07-03 12:09:49,RBS_OVER_TEMP,Info,True
4716,3652,430,714,2025-07-09 14:12:31,RBS_OVER_TEMP,Major,True
4717,4520,141,989,2024-11-10 14:18:37,FIBRE_BREAK,Major,True
4718,916,316,408,2025-01-25 11:30:14,RBS_OVER_TEMP,Major,False
4719,4015,445,527,2024-01-07 12:49:57,SOFTWARE_CRASH,Minor,True
4720,1129,70,479,2024-03-22 04:12:35,LINK_DOWN,Major,True
4721,364,33,282,2024-09-24 12:59:39,SOFTWARE_CRASH,Critical,False
4722,753,146,226,2025-01-19 03:39:04,FIBRE_BREAK,Info,False
4723,2701,475,190,2024-05-25 03:24:07,FIBRE_BREAK,Minor,False
4724,2401,54,325,2024-01-24 08:15:34,SIGNAL_DEGRADED,Info,False
4725,215,465,269,2024-02-16 09:15:13,TRANSMISSION_ERROR,Major,True
4726,3138,142,173,2025-11-05 13:41:20,ANTENNA_FAULT,Info,False
4727,3114,402,291,2024-08-05 16:55:12,TRANSMISSION_ERROR,Info,False
4728,1174,159,440,2024-05-18 13:14:50,MEMORY_HIGH,Info,False
4729,3385,137,155,2024-08-24 23:37:49,TRANSMISSION_ERROR,Minor,False
4730,1488,51,765,2025-09-18 06:14:35,TRANSMISSION_ERROR,Major,False
4731,2927,62,468,2025-09-07 14:46:50,SYNC_LOSS,Minor,False
4732,2623,385,45,2024-03-18 10:30:08,CPU_OVERLOAD,Minor,True
4733,2293,425,870,2025-08-19 10:41:34,BATTERY_LOW,Critical,False
4734,3318,424,296,2024-03-02 08:22:13,ANTENNA_FAULT,Info,False
4735,4648,296,860,2024-03-08 05:45:57,SIGNAL_DEGRADED,Minor,True
4736,1284,208,392,2025-10-09 21:55:22,MEMORY_HIGH,Critical,False
4737,4260,372,526,2025-02-26 08:26:52,LINK_DOWN,Critical,True
4738,2419,227,411,2025-05-04 13:41:47,ANTENNA_FAULT,Major,False
4739,4867,241,371,2024-12-10 21:44:52,LINK_DOWN,Minor,False
4740,2756,455,845,2025-01-09 11:56:20,SIGNAL_DEGRADED,Critical,False
4741,2392,368,266,2024-03-09 13:13:30,SIGNAL_DEGRADED,Info,True
4742,1772,120,910,2024-01-24 14:23:17,TRANSMISSION_ERROR,Info,False
4743,2938,431,288,2024-03-27 11:15:43,SIGNAL_DEGRADED,Info,False
4744,2703,394,933,2025-01-30 09:34:07,ANTENNA_FAULT,Major,False
4745,4814,184,629,2024-01-01 14:50:21,CPU_OVERLOAD,Info,True
4746,3832,335,998,2024-04-11 21:50:07,POWER_ALARM,Info,False
4747,3077,122,797,2024-05-14 17:57:53,BATTERY_LOW,Major,True
4748,1010,249,986,2024-08-21 13:58:27,BATTERY_LOW,Major,True
4749,3973,27,868,2024-03-13 09:09:17,CPU_OVERLOAD,Info,False
4750,4942,285,755,2024-10-30 11:24:49,SOFTWARE_CRASH,Minor,False
4751,4629,288,829,2025-05-04 03:22:04,SOFTWARE_CRASH,Info,True
4752,3666,3,603,2024-09-06 22:59:56,CPU_OVERLOAD,Minor,False
4753,3627,314,897,2024-02-03 11:39:30,SYNC_LOSS,Info,False
4754,1273,345,810,2024-05-19 04:12:02,MEMORY_HIGH,Info,False
4755,4620,148,667,2025-08-06 21:28:45,CPU_OVERLOAD,Major,False
4756,26,481,96,2025-12-20 11:25:23,FIBRE_BREAK,Critical,True
4757,4422,119,334,2025-10-15 08:57:29,SOFTWARE_CRASH,Info,True
4758,3026,443,647,2025-09-07 07:29:02,FIBRE_BREAK,Critical,False
4759,1461,218,706,2024-11-04 06:20:32,RBS_OVER_TEMP,Critical,False
4760,4147,25,974,2025-01-19 09:51:58,TRANSMISSION_ERROR,Minor,False
4761,1163,195,700,2024-01-26 22:24:22,ANTENNA_FAULT,Info,False
4762,756,375,377,2024-07-26 10:03:04,SOFTWARE_CRASH,Critical,False
4763,1478,223,275,2025-10-07 10:45:21,SIGNAL_DEGRADED,Info,True
4764,2291,441,661,2025-12-18 10:40:39,ANTENNA_FAULT,Minor,False
4765,4355,92,890,2025-09-08 00:46:18,SOFTWARE_CRASH,Major,True
4766,853,373,452,2025-08-08 03:05:50,SOFTWARE_CRASH,Critical,True
4767,44,182,319,2025-12-20 12:59:00,MEMORY_HIGH,Major,False
4768,973,485,844,2024-08-31 12:19:31,SIGNAL_DEGRADED,Minor,False
4769,3039,365,566,2024-05-28 14:35:19,SIGNAL_DEGRADED,Minor,True
4770,4414,145,322,2024-07-07 10:33:38,BATTERY_LOW,Minor,False
4771,4384,155,810,2025-10-09 14:12:05,LINK_DOWN,Info,True
4772,3740,257,10,2024-08-11 17:03:34,ANTENNA_FAULT,Minor,False
4773,322,379,585,2024-04-06 10:13:28,FIBRE_BREAK,Minor,True
4774,2225,389,285,2024-02-04 12:41:25,MEMORY_HIGH,Minor,False
4775,3461,212,613,2025-01-20 07:44:07,SOFTWARE_CRASH,Critical,False
4776,365,344,860,2025-01-10 13:30:42,SYNC_LOSS,Minor,True
4777,2059,335,732,2024-06-15 12:08:49,MEMORY_HIGH,Info,False
4778,932,287,324,2024-05-20 11:13:11,TRANSMISSION_ERROR,Info,False
4779,353,95,40,2024-03-30 15:35:04,SOFTWARE_CRASH,Critical,True
4780,862,187,576,2025-02-20 19:54:08,MEMORY_HIGH,Info,False
4781,1851,379,820,2025-04-21 18:36:55,SIGNAL_DEGRADED,Minor,False
4782,4037,259,777,2024-02-17 13:22:42,POWER_ALARM,Minor,True
4783,4384,155,810,2025-10-09 14:00:05,ANTENNA_FAULT,Major,False
4784,4477,430,258,2025-07-15 10:27:24,BATTERY_LOW,Major,False
4785,4472,395,151,2024-01-20 18:06:48,SOFTWARE_CRASH,Major,True
4786,4634,59,36,2024-01-28 10:47:52,BATTERY_LOW,Info,True
4787,4239,267,137,2025-08-21 12:01:34,SYNC_LOSS,Info,False
4788,1471,299,829,2024-03-02 15:43:53,FIBRE_BREAK,Minor,False
4789,3465,417,562,2024-06-29 21:06:19,MEMORY_HIGH,Info,True
4790,1710,59,674,2025-01-30 13:00:36,SYNC_LOSS,Info,False
4791,1907,72,772,2024-09-11 15:31:59,LINK_DOWN,Info,True
4792,1259,258,645,2024-06-15 02:25:17,SIGNAL_DEGRADED,Info,False
4793,1736,183,736,2025-12-13 10:09:48,SYNC_LOSS,Info,True
4794,2120,274,235,2024-05-15 14:57:50,ANTENNA_FAULT,Minor,False
4795,1303,70,750,2025-06-22 12:55:06,POWER_ALARM,Critical,False
4796,4298,430,996,2025-10-29 13:10:30,POWER_ALARM,Minor,True
4797,2756,455,845,2025-01-09 12:18:20,ANTENNA_FAULT,Minor,False
4798,3350,168,906,2024-05-30 11:25:14,SOFTWARE_CRASH,Info,False
4799,1866,314,287,2025-03-02 13:29:45,TRANSMISSION_ERROR,Major,True
4800,103,129,646,2024-12-06 21:14:15,SIGNAL_DEGRADED,Minor,False
4801,4929,47,334,2025-09-16 05:13:50,ANTENNA_FAULT,Critical,False
4802,893,383,158,2024-01-08 18:02:48,MEMORY_HIGH,Info,False
4803,4332,64,858,2024-11-22 16:13:39,POWER_ALARM,Minor,False
4804,1941,198,801,2025-07-25 13:21:13,MEMORY_HIGH,Info,False
4805,1733,323,993,2024-09-29 15:58:42,RBS_OVER_TEMP,Major,False
4806,3999,432,65,2024-02-19 19:46:20,POWER_ALARM,Info,False
4807,569,74,316,2024-10-07 13:39:41,FIBRE_BREAK,Critical,False
4808,791,211,994,2025-02-06 22:01:54,TRANSMISSION_ERROR,Minor,False
4809,1732,107,389,2025-06-10 00:18:06,SIGNAL_DEGRADED,Minor,False
4810,1801,171,485,2025-10-24 11:47:33,POWER_ALARM,Info,False
4811,1227,15,536,2025-05-03 23:48:25,SYNC_LOSS,Minor,False
4812,176,71,937,2025-04-02 15:32:04,LINK_DOWN,Minor,False
4813,508,380,975,2024-03-21 17:21:35,LINK_DOWN,Critical,False
4814,4818,376,400,2024-08-17 00:57:44,CPU_OVERLOAD,Major,True
4815,3438,460,290,2024-05-15 15:00:18,SYNC_LOSS,Minor,False
4816,2591,270,257,2025-01-27 16:25:12,LINK_DOWN,Critical,True
4817,2645,129,805,2024-08-01 16:45:30,POWER_ALARM,Minor,True
4818,156,280,323,2025-12-24 19:11:38,CPU_OVERLOAD,Minor,True
4819,3981,170,154,2024-07-08 09:10:07,ANTENNA_FAULT,Minor,False
4820,2400,490,141,2025-04-16 14:11:41,CPU_OVERLOAD,Critical,True
4821,4427,445,87,2025-07-27 04:59:26,LINK_DOWN,Minor,True
4822,2984,329,434,2024-05-21 13:22:15,BATTERY_LOW,Minor,False
4823,3231,368,329,2024-11-02 15:37:01,TRANSMISSION_ERROR,Info,False
4824,4494,297,639,2025-10-31 19:33:24,FIBRE_BREAK,Minor,True
4825,3959,233,683,2024-07-20 09:13:05,FIBRE_BREAK,Major,False
4826,1576,270,847,2024-05-24 05:41:00,CPU_OVERLOAD,Info,True
4827,3724,360,540,2025-04-11 19:08:54,MEMORY_HIGH,Info,False
4828,1625,38,998,2025-12-01 14:20:49,POWER_ALARM,Info,False
4829,2138,277,510,2025-10-20 16:43:06,MEMORY_HIGH,Major,True
4830,3128,193,910,2025-10-16 16:23:26,RBS_OVER_TEMP,Major,False
4831,1524,10,193,2024-02-14 17:51:41,POWER_ALARM,Minor,True
4832,3945,25,753,2024-08-29 14:40:20,MEMORY_HIGH,Minor,False
4833,3413,339,429,2025-11-05 16:14:45,CPU_OVERLOAD,Major,False
4834,2549,444,524,2025-04-22 17:14:29,SYNC_LOSS,Info,True
4835,3285,426,474,2024-11-05 11:47:56,LINK_DOWN,Info,False
4836,4053,330,200,2025-10-23 10:12:36,MEMORY_HIGH,Minor,True
4837,1481,169,510,2024-12-29 08:55:24,SIGNAL_DEGRADED,Info,False
4838,4364,244,295,2025-09-23 07:22:07,ANTENNA_FAULT,Major,False
4839,2814,75,612,2025-02-08 18:27:04,MEMORY_HIGH,Info,False
4840,140,162,983,2025-02-14 13:45:24,RBS_OVER_TEMP,Minor,False
4841,3970,224,469,2025-12-11 17:35:52,SOFTWARE_CRASH,Major,False
4842,4898,186,27,2024-10-09 14:42:55,SOFTWARE_CRASH,Minor,True
4843,1670,270,471,2025-08-04 16:36:37,POWER_ALARM,Major,False
4844,3828,177,877,2024-04-19 11:02:40,FIBRE_BREAK,Critical,True
4845,1107,159,877,2025-06-03 10:55:32,ANTENNA_FAULT,Minor,True
4846,1680,380,632,2025-07-10 10:36:19,BATTERY_LOW,Minor,False
4847,3570,307,276,2025-08-18 15:59:04,LINK_DOWN,Minor,False
4848,256,457,477,2025-10-15 10:14:09,CPU_OVERLOAD,Minor,True
4849,1303,70,750,2025-06-22 12:51:06,ANTENNA_FAULT,Major,False
4850,1295,95,588,2025-08-11 06:29:36,LINK_DOWN,Major,True
4851,3749,83,376,2024-09-16 14:28:31,ANTENNA_FAULT,Major,True
4852,282,226,133,2025-04-18 13:34:28,ANTENNA_FAULT,Info,False
4853,127,292,998,2025-04-13 07:42:27,RBS_OVER_TEMP,Critical,False
4854,30,362,9,2025-11-20 15:27:19,TRANSMISSION_ERROR,Major,False
4855,1971,395,521,2024-08-20 11:37:36,MEMORY_HIGH,Major,False
4856,435,153,382,2025-01-31 17:10:14,ANTENNA_FAULT,Major,False
4857,4949,363,530,2025-06-02 11:06:39,SOFTWARE_CRASH,Info,False
4858,544,452,280,2025-12-04 15:17:29,MEMORY_HIGH,Critical,False
4859,3675,219,139,2025-04-16 10:34:19,ANTENNA_FAULT,Major,True
4860,3905,25,730,2024-03-19 14:47:19,TRANSMISSION_ERROR,Critical,False
4861,2439,355,537,2025-11-10 05:58:32,TRANSMISSION_ERROR,Minor,True
4862,124,384,712,2024-07-25 09:03:36,ANTENNA_FAULT,Info,False
4863,996,483,76,2024-04-22 22:02:37,SOFTWARE_CRASH,Minor,False
4864,1523,26,517,2025-09-28 19:46:31,LINK_DOWN,Info,False
4865,1234,214,356,2024-07-01 03:15:16,LINK_DOWN,Info,False
4866,4506,223,651,2024-01-14 12:08:23,LINK_DOWN,Minor,True
4867,450,262,180,2025-06-19 16:34:39,RBS_OVER_TEMP,Minor,False
4868,2948,197,9,2024-09-21 13:32:40,SYNC_LOSS,Critical,False
4869,1375,84,295,2025-05-01 12:23:13,SYNC_LOSS,Minor,False
4870,4262,424,903,2025-07-24 09:45:22,BATTERY_LOW,Info,False
4871,3580,315,544,2025-03-03 08:13:18,CPU_OVERLOAD,Minor,False
4872,3192,127,15,2024-03-01 17:44:50,FIBRE_BREAK,Critical,False
4873,4908,88,378,2024-03-23 04:02:54,BATTERY_LOW,Info,True
4874,427,258,312,2024-01-11 21:22:24,CPU_OVERLOAD,Info,True
4875,2507,343,346,2025-06-24 18:52:47,CPU_OVERLOAD,Major,True
4876,4956,45,845,2024-01-09 08:01:42,SYNC_LOSS,Critical,False
4877,1333,133,525,2025-07-02 20:57:37,SIGNAL_DEGRADED,Minor,False
4878,1115,246,112,2024-07-01 11:45:12,CPU_OVERLOAD,Major,False
4879,4840,168,710,2025-08-26 06:14:33,CPU_OVERLOAD,Critical,False
4880,2704,485,265,2024-04-19 17:16:17,POWER_ALARM,Critical,False
4881,3205,20,775,2025-06-07 13:38:38,TRANSMISSION_ERROR,Minor,True
4882,2453,403,787,2025-02-06 15:43:42,TRANSMISSION_ERROR,Major,False
4883,2096,199,57,2025-10-02 14:14:43,RBS_OVER_TEMP,Major,True
4884,2615,232,894,2024-05-27 23:20:39,POWER_ALARM,Major,True
4885,1843,320,487,2024-08-18 17:26:45,LINK_DOWN,Major,False
4886,1793,112,944,2025-09-05 21:45:46,POWER_ALARM,Info,False
4887,3529,204,583,2025-04-21 09:48:59,LINK_DOWN,Info,False
4888,1984,331,928,2025-07-13 10:08:20,LINK_DOWN,Info,True
4889,586,499,3,2025-09-13 03:00:55,LINK_DOWN,Info,True
4890,4291,48,464,2024-02-07 20:30:46,BATTERY_LOW,Minor,True
4891,181,417,988,2024-10-30 00:24:55,ANTENNA_FAULT,Info,False
4892,454,299,729,2024-05-22 17:13:00,SOFTWARE_CRASH,Info,False
4893,3855,221,859,2025-12-10 08:48:55,RBS_OVER_TEMP,Info,True
4894,1213,199,966,2025-08-15 10:55:47,BATTERY_LOW,Info,False
4895,1387,213,619,2024-03-24 17:45:39,LINK_DOWN,Info,False
4896,3316,257,482,2024-01-13 16:43:59,SOFTWARE_CRASH,Critical,False
4897,1629,212,262,2025-07-06 16:23:52,POWER_ALARM,Info,False
4898,224,193,87,2024-09-06 04:37:36,SOFTWARE_CRASH,Info,False
4899,3450,355,591,2024-07-05 17:30:25,BATTERY_LOW,Info,False
4900,961,294,36,2025-06-29 19:28:04,FIBRE_BREAK,Critical,False
4901,3885,498,246,2024-08-29 23:55:39,BATTERY_LOW,Info,True
4902,3877,85,66,2024-11-08 11:50:02,SIGNAL_DEGRADED,Minor,False
4903,1616,207,526,2024-06-23 21:44:36,SIGNAL_DEGRADED,Critical,False
4904,2908,369,112,2025-07-19 17:39:32,SOFTWARE_CRASH,Info,False
4905,4338,404,315,2025-06-20 08:35:56,SOFTWARE_CRASH,Minor,True
4906,3782,100,831,2024-02-09 01:12:48,TRANSMISSION_ERROR,Info,False
4907,3149,244,810,2024-02-06 14:56:39,MEMORY_HIGH,Minor,False
4908,4048,211,39,2024-04-17 02:40:02,RBS_OVER_TEMP,Major,False
4909,2973,432,896,2024-09-24 20:15:18,FIBRE_BREAK,Info,False
4910,3842,493,985,2025-11-07 22:14:32,SIGNAL_DEGRADED,Info,False
4911,3011,86,951,2024-01-02 16:41:42,CPU_OVERLOAD,Critical,False
4912,1205,207,619,2025-01-26 05:15:33,SYNC_LOSS,Major,False
4913,3032,57,19,2025-09-02 03:48:09,POWER_ALARM,Info,False
4914,3683,392,597,2024-01-21 08:24:49,SIGNAL_DEGRADED,Major,False
4915,4880,255,195,2025-05-06 07:09:36,ANTENNA_FAULT,Major,False
4916,2116,429,632,2024-12-07 02:39:28,SOFTWARE_CRASH,Info,False
4917,4023,108,954,2024-01-01 16:13:51,SOFTWARE_CRASH,Major,True
4918,3452,159,627,2024-04-11 15:03:02,CPU_OVERLOAD,Major,False
4919,2426,396,914,2025-09-15 16:24:59,MEMORY_HIGH,Minor,False
4920,3416,321,269,2024-05-19 20:38:37,TRANSMISSION_ERROR,Critical,False
4921,4494,297,639,2025-10-31 19:44:24,SOFTWARE_CRASH,Info,False
4922,1071,341,768,2025-11-05 07:01:23,TRANSMISSION_ERROR,Major,False
4923,2344,417,927,2025-08-03 07:18:47,SOFTWARE_CRASH,Minor,False
4924,2667,322,902,2024-01-13 09:42:08,SIGNAL_DEGRADED,Critical,False
4925,1007,379,9,2025-08-22 13:39:34,MEMORY_HIGH,Minor,False
4926,2327,401,813,2024-09-17 07:35:20,RBS_OVER_TEMP,Info,True
4927,3660,284,142,2024-04-28 08:24:09,BATTERY_LOW,Critical,False
4928,4089,219,913,2024-02-09 00:51:54,FIBRE_BREAK,Info,True
4929,1982,194,841,2025-07-02 13:58:11,SIGNAL_DEGRADED,Info,True
4930,2871,114,858,2025-11-13 14:00:02,POWER_ALARM,Major,True
4931,80,321,566,2024-05-07 14:39:21,SIGNAL_DEGRADED,Minor,False
4932,4770,311,36,2025-06-29 14:45:29,SIGNAL_DEGRADED,Minor,False
4933,3910,122,81,2024-07-15 16:14:12,SYNC_LOSS,Major,False
4934,2646,447,903,2025-09-11 15:13:54,LINK_DOWN,Minor,False
4935,460,76,914,2024-08-22 07:42:26,RBS_OVER_TEMP,Minor,False
4936,552,20,899,2025-02-16 09:11:30,ANTENNA_FAULT,Info,False
4937,4034,65,403,2025-02-10 03:51:00,RBS_OVER_TEMP,Minor,False
4938,1055,207,467,2025-03-23 16:16:21,LINK_DOWN,Minor,False
4939,3363,66,479,2025-01-18 18:59:22,SYNC_LOSS,Info,True
4940,4092,450,619,2025-06-23 08:26:50,SYNC_LOSS,Info,False
4941,795,434,945,2024-09-19 12:42:48,FIBRE_BREAK,Major,False
4942,3969,432,889,2024-09-02 15:12:26,MEMORY_HIGH,Minor,False
4943,3270,144,353,2025-08-04 15:43:49,CPU_OVERLOAD,Major,False
4944,4204,75,978,2025-03-02 14:00:01,CPU_OVERLOAD,Info,False
4945,2044,338,484,2025-03-28 01:58:35,SIGNAL_DEGRADED,Info,False
4946,3792,407,836,2025-04-16 06:20:41,FIBRE_BREAK,Critical,False
4947,1962,371,153,2025-04-26 09:30:26,CPU_OVERLOAD,Info,True
4948,822,372,946,2025-06-20 04:09:19,RBS_OVER_TEMP,Minor,True
4949,3014,204,739,2025-04-17 13:54:51,SOFTWARE_CRASH,Major,False
4950,213,408,656,2024-08-17 21:09:19,RBS_OVER_TEMP,Critical,True
4951,380,65,853,2025-03-06 08:55:20,FIBRE_BREAK,Minor,False
4952,1067,103,351,2025-08-10 20:03:20,MEMORY_HIGH,Minor,False
4953,3822,487,71,2024-04-11 14:31:19,ANTENNA_FAULT,Minor,False
4954,523,110,353,2024-05-19 10:38:10,TRANSMISSION_ERROR,Critical,False
4955,2303,137,903,2025-06-28 15:22:01,TRANSMISSION_ERROR,Info,False
4956,2161,301,720,2024-04-18 14:16:04,CPU_OVERLOAD,Minor,False
4957,1126,43,462,2024-10-29 15:33:24,SIGNAL_DEGRADED,Info,True
4958,4476,34,417,2025-03-10 18:54:08,FIBRE_BREAK,Minor,False
4959,2122,175,970,2025-05-19 22:08:24,SOFTWARE_CRASH,Critical,False
4960,4919,447,292,2024-02-17 09:46:57,BATTERY_LOW,Info,False
4961,1801,171,485,2025-10-24 11:57:33,RBS_OVER_TEMP,Info,False
4962,4737,407,314,2024-08-17 16:51:45,SYNC_LOSS,Info,False
4963,1216,387,925,2025-05-30 04:24:14,TRANSMISSION_ERROR,Info,False
4964,953,96,624,2025-06-28 13:04:34,FIBRE_BREAK,Minor,False
4965,2185,453,410,2024-06-22 12:14:19,FIBRE_BREAK,Major,False
4966,950,150,750,2024-06-03 08:11:19,CPU_OVERLOAD,Critical,False
4967,1218,79,698,2024-04-28 15:38:02,SIGNAL_DEGRADED,Critical,False
4968,3158,64,513,2025-07-07 16:12:33,ANTENNA_FAULT,Minor,False
4969,4119,440,830,2024-12-16 04:36:48,SIGNAL_DEGRADED,Major,True
4970,4836,251,86,2025-08-27 01:46:47,MEMORY_HIGH,Major,False
4971,2579,14,706,2024-03-31 14:28:46,BATTERY_LOW,Major,False
4972,980,324,395,2025-08-24 08:53:32,SYNC_LOSS,Info,True
4973,978,40,491,2025-02-14 20:06:08,BATTERY_LOW,Critical,False
4974,1194,119,11,2025-12-28 03:02:04,LINK_DOWN,Info,True
4975,2419,227,411,2025-05-04 13:41:47,FIBRE_BREAK,Info,False
4976,634,41,310,2025-07-11 13:25:29,FIBRE_BREAK,Info,False
4977,4457,84,962,2024-10-29 15:25:38,FIBRE_BREAK,Minor,False
4978,3152,37,941,2024-02-16 14:55:06,ANTENNA_FAULT,Major,True
4979,4404,5,267,2024-08-02 13:08:38,RBS_OVER_TEMP,Major,False
4980,2824,174,433,2025-10-14 10:39:13,POWER_ALARM,Info,False
4981,4735,483,963,2025-03-21 12:53:46,RBS_OVER_TEMP,Minor,True
4982,2263,273,925,2025-06-16 13:40:23,SIGNAL_DEGRADED,Minor,False
4983,870,383,787,2025-11-23 18:16:20,LINK_DOWN,Major,False
4984,368,371,165,2025-12-18 12:54:42,RBS_OVER_TEMP,Critical,False
4985,2003,412,111,2025-11-19 13:08:32,FIBRE_BREAK,Minor,False
4986,3117,172,647,2024-03-26 00:54:23,CPU_OVERLOAD,Minor,False
4987,4703,345,360,2024-04-07 15:10:00,POWER_ALARM,Minor,False
4988,4106,311,456,2024-03-27 10:47:24,FIBRE_BREAK,Info,False
4989,1739,390,849,2025-03-22 20:51:23,BATTERY_LOW,Info,False
4990,4266,141,514,2025-02-28 01:04:57,MEMORY_HIGH,Minor,False
4991,4409,103,727,2025-12-23 09:39:47,BATTERY_LOW,Minor,False
4992,957,336,751,2025-07-24 13:41:50,SYNC_LOSS,Critical,False
4993,3214,447,67,2024-02-14 20:37:23,SYNC_LOSS,Minor,False
4994,3665,152,894,2024-01-29 04:18:46,POWER_ALARM,Critical,True
4995,2684,434,306,2024-07-01 07:53:45,POWER_ALARM,Info,False
4996,240,88,252,2025-10-16 07:05:35,MEMORY_HIGH,Minor,True
4997,3476,327,790,2024-05-13 09:12:42,FIBRE_BREAK,Minor,True
4998,3964,494,503,2025-11-12 07:49:31,SOFTWARE_CRASH,Minor,True
4999,336,297,70,2025-11-13 10:36:12,FIBRE_BREAK,Minor,True
5000,1395,147,85,2024-09-20 11:17:05,TRANSMISSION_ERROR,Minor,False
5001,2604,445,1,2024-03-18 19:59:50,LINK_DOWN,Critical,False
5002,795,434,945,2024-09-19 12:29:48,ANTENNA_FAULT,Minor,False
5003,2210,458,591,2024-02-28 11:38:17,ANTENNA_FAULT,Info,False
5004,1873,447,680,2024-05-15 15:49:41,CPU_OVERLOAD,Info,True
5005,4181,467,919,2025-05-25 13:50:25,SIGNAL_DEGRADED,Critical,True
5006,4305,472,825,2025-03-16 10:05:40,LINK_DOWN,Minor,False
5007,3815,351,855,2025-10-11 11:49:55,POWER_ALARM,Minor,False
5008,332,464,516,2024-12-07 09:54:44,SOFTWARE_CRASH,Info,False
5009,354,341,76,2024-11-28 10:08:27,TRANSMISSION_ERROR,Major,False
5010,3794,327,654,2024-01-22 10:16:12,SIGNAL_DEGRADED,Critical,True
5011,3499,418,860,2025-12-15 05:43:40,SYNC_LOSS,Critical,True
5012,2666,197,73,2025-07-02 13:56:00,RBS_OVER_TEMP,Info,True
5013,4944,131,559,2024-08-28 17:27:53,SOFTWARE_CRASH,Critical,False
5014,2415,70,766,2025-09-12 04:14:33,RBS_OVER_TEMP,Critical,False
5015,4461,383,178,2024-09-17 01:31:38,LINK_DOWN,Minor,False
5016,4292,436,776,2025-06-10 11:25:32,ANTENNA_FAULT,Minor,False
5017,1391,391,445,2025-02-09 07:42:19,MEMORY_HIGH,Major,True
5018,1719,481,406,2024-03-11 14:13:41,RBS_OVER_TEMP,Minor,False
5019,2973,432,896,2024-09-24 20:54:18,CPU_OVERLOAD,Minor,True
5020,343,344,776,2025-09-02 01:56:53,SOFTWARE_CRASH,Major,True
5021,1237,142,948,2024-12-28 16:40:18,FIBRE_BREAK,Info,False
5022,3846,396,664,2025-05-11 16:16:22,RBS_OVER_TEMP,Minor,True
5023,835,143,590,2024-09-22 08:21:27,POWER_ALARM,Major,False
5024,2004,366,732,2025-12-21 11:30:16,SOFTWARE_CRASH,Info,True
5025,1135,202,920,2025-08-18 04:36:39,MEMORY_HIGH,Major,False
5026,1292,478,788,2024-10-22 17:56:50,RBS_OVER_TEMP,Major,True
5027,2757,213,995,2025-08-02 13:44:52,TRANSMISSION_ERROR,Major,True
5028,4292,436,776,2025-06-10 11:40:32,LINK_DOWN,Info,False
5029,4326,60,247,2025-07-12 08:43:39,POWER_ALARM,Info,False
5030,4161,265,499,2025-08-12 08:22:27,SOFTWARE_CRASH,Major,False
5031,3636,482,717,2025-02-10 09:16:45,FIBRE_BREAK,Major,True
5032,815,13,697,2025-05-23 18:12:55,ANTENNA_FAULT,Critical,False
5033,3382,412,985,2025-01-29 16:26:23,TRANSMISSION_ERROR,Minor,False
5034,2129,106,954,2024-04-12 09:37:20,ANTENNA_FAULT,Minor,False
5035,4129,393,897,2024-08-17 16:34:49,POWER_ALARM,Minor,True
5036,2100,258,456,2024-04-15 17:24:40,LINK_DOWN,Info,True
5037,2739,412,283,2025-11-15 11:49:00,MEMORY_HIGH,Critical,True
5038,2406,171,56,2025-08-14 18:09:57,CPU_OVERLOAD,Minor,False
5039,1418,121,541,2024-07-21 22:58:35,POWER_ALARM,Info,False
5040,1715,464,630,2024-04-26 16:33:46,TRANSMISSION_ERROR,Minor,True
5041,4243,250,311,2025-07-22 09:45:31,ANTENNA_FAULT,Minor,False
5042,1156,300,545,2024-09-14 14:57:37,TRANSMISSION_ERROR,Major,False
5043,52,428,656,2024-11-05 01:45:41,TRANSMISSION_ERROR,Minor,True
5044,4403,2,526,2024-02-15 11:58:14,POWER_ALARM,Minor,False
5045,4903,52,763,2025-04-25 05:02:14,SIGNAL_DEGRADED,Major,False
5046,3635,430,118,2024-01-10 12:30:56,FIBRE_BREAK,Info,False
5047,601,171,628,2025-04-16 09:31:03,SIGNAL_DEGRADED,Major,False
5048,2171,63,41,2024-08-22 06:06:36,RBS_OVER_TEMP,Critical,True
5049,2608,380,869,2025-02-25 13:22:49,FIBRE_BREAK,Minor,False
5050,1174,159,440,2024-05-18 13:13:50,SYNC_LOSS,Major,False
5051,4159,75,132,2025-11-28 16:26:34,LINK_DOWN,Info,False
5052,3191,24,288,2025-01-26 00:40:29,LINK_DOWN,Critical,False
5053,4500,308,425,2024-09-05 17:10:53,SYNC_LOSS,Major,True
5054,834,97,911,2024-01-31 12:14:03,TRANSMISSION_ERROR,Critical,True
5055,745,345,333,2024-10-06 07:31:49,SIGNAL_DEGRADED,Minor,True
5056,538,396,371,2024-03-02 17:41:57,SYNC_LOSS,Major,False
5057,2212,334,148,2024-03-04 09:59:22,FIBRE_BREAK,Major,True
5058,2368,231,1,2025-06-05 15:22:10,SIGNAL_DEGRADED,Info,False
5059,1618,424,234,2024-04-25 21:24:53,RBS_OVER_TEMP,Minor,False
5060,4085,122,400,2024-11-13 11:56:12,FIBRE_BREAK,Minor,False
5061,3102,119,781,2025-07-19 13:32:59,CPU_OVERLOAD,Minor,True
5062,4632,125,69,2024-11-10 01:12:05,LINK_DOWN,Info,False
5063,63,424,561,2025-12-30 23:07:00,POWER_ALARM,Major,False
5064,3179,198,294,2024-09-02 08:39:24,SIGNAL_DEGRADED,Critical,False
5065,1591,228,538,2024-05-23 18:26:45,LINK_DOWN,Critical,False
5066,2200,279,11,2024-07-03 17:59:53,SIGNAL_DEGRADED,Minor,False
5067,3486,445,669,2024-12-24 09:39:55,MEMORY_HIGH,Critical,False
5068,2318,195,342,2024-01-18 04:17:11,BATTERY_LOW,Minor,False
5069,288,474,842,2025-06-28 12:50:16,SIGNAL_DEGRADED,Info,False
5070,862,187,576,2025-02-20 19:54:08,SIGNAL_DEGRADED,Minor,False
5071,4922,428,731,2024-12-18 14:08:04,MEMORY_HIGH,Critical,False
5072,2577,230,459,2026-01-01 13:03:21,RBS_OVER_TEMP,Critical,False
5073,1334,79,21,2024-04-20 13:29:54,ANTENNA_FAULT,Info,False
5074,2568,272,579,2025-10-08 17:48:25,MEMORY_HIGH,Major,True
5075,2301,435,236,2025-07-29 10:39:02,CPU_OVERLOAD,Major,True
5076,4737,407,314,2024-08-17 16:50:45,FIBRE_BREAK,Info,True
5077,3895,432,647,2024-07-30 08:08:13,SOFTWARE_CRASH,Major,False
5078,4171,498,176,2025-11-22 15:10:24,RBS_OVER_TEMP,Critical,True
5079,2508,192,931,2025-01-05 04:57:25,CPU_OVERLOAD,Minor,True
5080,474,85,111,2025-08-17 14:28:59,MEMORY_HIGH,Info,False
5081,3313,120,20,2025-08-26 13:25:32,MEMORY_HIGH,Info,False
5082,2827,379,59,2025-06-26 21:38:56,SIGNAL_DEGRADED,Info,False
5083,2785,195,622,2025-10-15 16:36:00,RBS_OVER_TEMP,Info,False
5084,740,55,443,2025-11-05 15:42:17,CPU_OVERLOAD,Critical,True
5085,570,17,381,2024-07-04 17:52:31,SYNC_LOSS,Info,True
5086,3224,308,579,2025-01-16 13:13:18,CPU_OVERLOAD,Minor,True
5087,3371,29,901,2025-12-04 00:09:48,LINK_DOWN,Info,False
5088,4266,141,514,2025-02-28 01:04:57,TRANSMISSION_ERROR,Minor,False
5089,1149,330,498,2024-03-07 00:06:17,FIBRE_BREAK,Info,False
5090,657,167,183,2025-02-08 16:47:58,SIGNAL_DEGRADED,Info,False
5091,4734,492,271,2025-07-28 21:20:21,RBS_OVER_TEMP,Minor,False
5092,37,475,98,2025-08-12 09:51:41,SYNC_LOSS,Major,True
5093,3744,437,312,2025-03-15 16:29:34,CPU_OVERLOAD,Info,False
5094,1717,113,692,2025-12-25 15:03:06,SYNC_LOSS,Info,False
5095,4599,16,751,2024-08-15 15:49:09,SIGNAL_DEGRADED,Minor,True
5096,1580,8,715,2025-07-10 05:21:09,POWER_ALARM,Major,False
5097,1360,221,980,2024-05-14 08:51:11,POWER_ALARM,Major,True
5098,1374,162,482,2025-03-06 05:35:25,RBS_OVER_TEMP,Minor,False
5099,1811,28,136,2025-05-26 16:24:46,LINK_DOWN,Info,True
5100,246,156,314,2024-08-25 13:01:40,SYNC_LOSS,Critical,False
5101,2405,74,704,2025-06-25 18:46:56,ANTENNA_FAULT,Minor,False
5102,1953,183,83,2024-03-18 12:18:55,POWER_ALARM,Minor,False
5103,3710,391,68,2024-11-05 18:25:09,MEMORY_HIGH,Minor,False
5104,1660,132,819,2025-07-31 12:13:44,POWER_ALARM,Major,True
5105,739,139,672,2025-10-16 16:10:44,SOFTWARE_CRASH,Major,False
5106,3938,321,18,2024-02-23 12:35:40,MEMORY_HIGH,Critical,True
5107,2910,180,559,2025-04-17 15:35:39,RBS_OVER_TEMP,Critical,True
5108,2769,170,334,2025-09-12 17:10:59,ANTENNA_FAULT,Major,True
5109,1349,48,580,2024-10-28 14:10:06,SYNC_LOSS,Minor,False
5110,1357,213,246,2025-04-29 17:22:38,SYNC_LOSS,Major,False
5111,4024,24,473,2025-05-31 02:01:29,SYNC_LOSS,Minor,False
5112,2796,330,636,2024-03-04 05:16:27,CPU_OVERLOAD,Major,True
5113,3539,444,705,2024-08-27 07:24:02,MEMORY_HIGH,Minor,False
5114,4442,56,70,2024-08-08 13:41:31,TRANSMISSION_ERROR,Minor,False
5115,3309,26,467,2025-04-22 10:57:06,TRANSMISSION_ERROR,Critical,True
5116,2176,183,561,2024-01-06 14:47:20,BATTERY_LOW,Minor,True
5117,4259,447,494,2024-03-10 12:57:39,TRANSMISSION_ERROR,Critical,True
5118,3179,198,294,2024-09-02 09:46:24,SIGNAL_DEGRADED,Critical,False
5119,1626,343,162,2024-09-25 09:31:23,SOFTWARE_CRASH,Minor,True
5120,3382,412,985,2025-01-29 16:25:23,FIBRE_BREAK,Major,True
5121,1812,136,734,2025-09-11 10:05:51,SIGNAL_DEGRADED,Info,False
5122,4617,416,504,2026-01-01 11:52:31,SIGNAL_DEGRADED,Major,False
5123,2534,117,652,2025-10-08 02:32:03,SYNC_LOSS,Info,False
5124,2725,391,809,2025-02-02 16:57:47,SIGNAL_DEGRADED,Major,False
5125,4589,193,157,2025-08-27 02:08:03,SOFTWARE_CRASH,Info,False
5126,3857,27,384,2025-03-30 17:08:09,SIGNAL_DEGRADED,Minor,True
5127,727,105,411,2025-08-05 17:49:44,CPU_OVERLOAD,Major,False
5128,2862,182,522,2025-03-26 13:23:40,RBS_OVER_TEMP,Minor,False
5129,2342,89,173,2025-09-26 16:56:39,SYNC_LOSS,Critical,True
5130,4794,318,3,2024-05-30 15:06:16,FIBRE_BREAK,Minor,False
5131,4176,385,97,2024-11-25 14:21:40,LINK_DOWN,Info,False
5132,2150,132,227,2024-11-25 08:31:21,SOFTWARE_CRASH,Minor,True
5133,4232,1,566,2024-12-28 10:22:06,SOFTWARE_CRASH,Info,True
5134,3810,318,362,2024-09-28 13:57:46,CPU_OVERLOAD,Minor,False
5135,1738,344,95,2025-12-20 12:27:56,TRANSMISSION_ERROR,Minor,True
5136,3239,316,598,2024-08-11 13:01:16,ANTENNA_FAULT,Info,False
5137,2909,266,669,2024-10-21 09:46:32,MEMORY_HIGH,Major,False
5138,942,381,183,2025-03-30 05:00:50,POWER_ALARM,Minor,False
5139,4168,308,317,2025-11-06 11:29:40,SOFTWARE_CRASH,Info,True
5140,1101,329,507,2024-03-22 15:40:24,MEMORY_HIGH,Critical,False
5141,4706,314,647,2025-09-30 04:32:32,POWER_ALARM,Minor,False
5142,2018,399,765,2025-11-30 16:03:41,SIGNAL_DEGRADED,Major,True
5143,4693,38,320,2025-06-16 09:44:37,SIGNAL_DEGRADED,Minor,False
5144,1335,335,340,2024-07-25 17:37:17,SIGNAL_DEGRADED,Major,True
5145,4016,43,841,2025-12-17 17:26:03,SYNC_LOSS,Critical,True
5146,2518,213,114,2024-10-09 16:46:56,SYNC_LOSS,Minor,True
5147,43,11,309,2024-09-21 14:06:27,RBS_OVER_TEMP,Minor,False
5148,3010,346,127,2024-03-30 03:42:25,SIGNAL_DEGRADED,Info,True
5149,484,331,633,2025-11-20 08:20:26,CPU_OVERLOAD,Critical,True
5150,3502,462,680,2025-11-05 14:03:55,TRANSMISSION_ERROR,Major,False
5151,2360,187,90,2024-07-22 09:29:32,SOFTWARE_CRASH,Minor,True
5152,792,229,960,2024-06-20 19:05:32,SOFTWARE_CRASH,Critical,False
5153,2279,292,747,2024-09-17 15:23:42,SYNC_LOSS,Critical,False
5154,1745,434,617,2025-10-17 09:56:50,LINK_DOWN,Info,False
5155,2372,87,282,2025-07-23 08:55:59,LINK_DOWN,Critical,True
5156,4434,135,634,2025-08-20 13:17:33,LINK_DOWN,Minor,False
5157,278,471,180,2025-10-22 16:53:49,FIBRE_BREAK,Critical,False
5158,3647,178,617,2024-08-31 18:16:41,BATTERY_LOW,Minor,False
5159,4620,148,667,2025-08-06 21:22:45,CPU_OVERLOAD,Major,False
5160,1176,90,522,2025-06-16 12:39:40,SOFTWARE_CRASH,Minor,False
5161,4873,481,821,2025-07-28 17:28:20,SOFTWARE_CRASH,Major,False
5162,2212,334,148,2024-03-04 09:26:22,SIGNAL_DEGRADED,Critical,False
5163,1731,153,205,2025-03-27 09:48:02,MEMORY_HIGH,Info,False
5164,4887,89,669,2025-11-13 09:07:31,SIGNAL_DEGRADED,Info,False
5165,1959,353,128,2025-06-16 03:05:02,SYNC_LOSS,Minor,True
5166,4044,122,61,2025-06-19 09:38:20,SYNC_LOSS,Info,False
5167,581,437,276,2025-01-03 15:14:43,BATTERY_LOW,Critical,False
5168,4068,51,833,2025-03-27 08:41:03,RBS_OVER_TEMP,Minor,False
5169,2459,182,205,2025-11-26 22:12:34,MEMORY_HIGH,Critical,False
5170,1246,100,248,2024-05-31 14:24:59,SOFTWARE_CRASH,Info,False
5171,838,335,132,2024-10-20 11:24:23,FIBRE_BREAK,Major,False
5172,4644,418,880,2025-02-17 14:09:18,SOFTWARE_CRASH,Minor,False
5173,1246,100,248,2024-05-31 14:22:59,SYNC_LOSS,Major,False
5174,341,202,653,2024-12-01 08:05:40,POWER_ALARM,Minor,True
5175,2486,227,202,2025-06-13 12:15:58,SYNC_LOSS,Info,False
5176,4776,422,936,2025-09-15 04:49:33,POWER_ALARM,Major,False
5177,669,4,441,2024-07-03 09:34:09,MEMORY_HIGH,Minor,False
5178,1204,115,600,2024-08-24 14:13:25,FIBRE_BREAK,Critical,False
5179,391,168,320,2024-04-09 03:53:43,LINK_DOWN,Critical,False
5180,2044,338,484,2025-03-28 02:00:35,ANTENNA_FAULT,Minor,False
5181,1329,430,41,2025-09-04 02:30:34,CPU_OVERLOAD,Minor,False
5182,618,456,401,2024-11-25 17:12:47,SYNC_LOSS,Info,False
5183,1417,378,460,2024-01-19 08:45:52,TRANSMISSION_ERROR,Critical,True
5184,2480,330,946,2025-02-28 04:37:22,POWER_ALARM,Info,False
5185,3627,314,897,2024-02-03 11:39:30,SOFTWARE_CRASH,Critical,False
5186,1868,279,377,2024-12-27 13:55:43,POWER_ALARM,Major,False
5187,2633,202,296,2024-09-07 16:52:53,MEMORY_HIGH,Info,False
5188,1195,162,330,2024-04-09 15:21:01,SIGNAL_DEGRADED,Info,True
5189,866,220,854,2024-10-11 16:33:05,TRANSMISSION_ERROR,Minor,False
5190,2993,484,373,2025-10-04 08:44:44,MEMORY_HIGH,Info,False
5191,3463,97,3,2025-03-19 18:04:52,SOFTWARE_CRASH,Major,False
5192,311,185,154,2025-07-21 12:05:43,FIBRE_BREAK,Minor,False
5193,1540,44,867,2025-04-02 12:04:53,TRANSMISSION_ERROR,Info,True
5194,4940,267,502,2025-12-01 06:05:21,SOFTWARE_CRASH,Major,True
5195,3074,476,546,2025-01-10 12:41:02,FIBRE_BREAK,Critical,True
5196,1168,22,401,2025-02-21 08:24:23,MEMORY_HIGH,Major,False
5197,840,225,305,2024-09-09 00:26:44,SIGNAL_DEGRADED,Info,False
5198,1587,250,924,2024-06-11 02:36:18,SYNC_LOSS,Minor,False
5199,2963,417,592,2025-11-21 11:28:52,CPU_OVERLOAD,Major,False
5200,179,394,283,2025-01-26 17:47:46,TRANSMISSION_ERROR,Critical,False
5201,4467,456,443,2024-06-20 01:30:24,BATTERY_LOW,Critical,False
5202,687,115,832,2025-02-15 09:29:54,FIBRE_BREAK,Minor,False
5203,238,253,704,2024-03-06 11:33:10,BATTERY_LOW,Critical,False
5204,2190,125,74,2024-10-30 16:14:07,SOFTWARE_CRASH,Minor,False
5205,625,337,248,2024-09-09 07:32:53,LINK_DOWN,Critical,False
5206,1649,116,953,2025-07-26 22:26:58,MEMORY_HIGH,Major,False
5207,925,12,185,2024-08-08 22:50:01,RBS_OVER_TEMP,Minor,False
5208,3539,444,705,2024-08-27 07:18:02,RBS_OVER_TEMP,Minor,False
5209,3719,273,288,2024-02-08 23:31:46,POWER_ALARM,Critical,False
5210,2815,23,841,2024-03-24 14:54:54,SYNC_LOSS,Info,False
5211,4688,310,737,2024-06-30 09:04:17,SOFTWARE_CRASH,Info,False
5212,2146,485,913,2024-10-03 13:08:27,MEMORY_HIGH,Major,False
5213,2388,268,527,2024-01-22 14:09:10,SIGNAL_DEGRADED,Minor,False
5214,1215,108,673,2025-05-28 11:40:48,SOFTWARE_CRASH,Critical,False
5215,4783,322,35,2025-06-22 08:48:32,FIBRE_BREAK,Major,False
5216,1899,484,406,2024-10-22 10:41:34,SOFTWARE_CRASH,Major,False
5217,330,373,56,2025-10-31 12:17:22,CPU_OVERLOAD,Major,False
5218,1482,264,166,2024-12-29 04:02:20,LINK_DOWN,Major,True
5219,2315,5,778,2025-03-08 14:03:48,LINK_DOWN,Major,False
5220,4704,375,150,2024-01-28 03:13:57,POWER_ALARM,Critical,False
5221,2749,256,319,2024-10-23 22:24:10,RBS_OVER_TEMP,Major,True
5222,2118,352,465,2025-11-10 23:23:15,MEMORY_HIGH,Minor,True
5223,4076,63,430,2025-03-29 19:26:46,RBS_OVER_TEMP,Info,False
5224,560,381,322,2025-03-15 05:44:18,SOFTWARE_CRASH,Minor,False
5225,4358,161,663,2024-05-12 16:22:47,SIGNAL_DEGRADED,Minor,False
5226,722,135,514,2024-06-05 17:27:39,POWER_ALARM,Info,False
5227,1394,254,234,2024-01-29 11:06:43,SOFTWARE_CRASH,Major,True
5228,2167,87,255,2024-03-10 20:25:59,POWER_ALARM,Major,True
5229,912,272,808,2025-09-17 17:50:36,MEMORY_HIGH,Critical,True
5230,924,203,286,2024-01-17 23:08:49,RBS_OVER_TEMP,Info,False
5231,1883,321,383,2024-10-10 10:47:50,POWER_ALARM,Minor,False
5232,3435,189,251,2025-06-05 12:11:48,MEMORY_HIGH,Info,True
5233,4719,454,41,2025-10-03 12:08:12,SIGNAL_DEGRADED,Major,False
5234,442,132,525,2024-11-28 11:33:43,SYNC_LOSS,Minor,False
5235,140,162,983,2025-02-14 13:33:24,SOFTWARE_CRASH,Minor,True
5236,4705,107,218,2024-03-01 23:30:04,RBS_OVER_TEMP,Major,True
5237,893,383,158,2024-01-08 18:01:48,MEMORY_HIGH,Major,False
5238,2731,470,138,2025-05-08 20:53:06,MEMORY_HIGH,Info,False
5239,1167,361,842,2025-01-14 06:29:39,POWER_ALARM,Major,False
5240,4723,270,528,2026-01-01 20:17:54,TRANSMISSION_ERROR,Minor,True
5241,2634,140,538,2024-10-23 11:40:43,SIGNAL_DEGRADED,Minor,False
5242,3554,350,734,2025-02-07 10:43:17,CPU_OVERLOAD,Info,False
5243,4360,241,11,2025-01-25 17:45:02,TRANSMISSION_ERROR,Info,False
5244,1764,448,164,2024-11-17 06:42:02,POWER_ALARM,Info,False
5245,3564,381,56,2025-01-17 00:57:17,SYNC_LOSS,Major,True
5246,2331,76,726,2024-01-09 09:23:22,MEMORY_HIGH,Critical,True
5247,4571,100,694,2024-12-31 13:55:11,MEMORY_HIGH,Info,False
5248,3288,164,845,2024-08-25 14:13:26,ANTENNA_FAULT,Critical,False
5249,3243,316,807,2024-12-06 13:59:30,SOFTWARE_CRASH,Minor,False
5250,207,161,455,2025-07-27 23:31:22,MEMORY_HIGH,Major,True
5251,651,198,506,2024-10-30 13:34:08,SIGNAL_DEGRADED,Minor,True
5252,4879,245,126,2024-08-01 23:32:57,FIBRE_BREAK,Minor,False
5253,2331,76,726,2024-01-09 09:23:22,SIGNAL_DEGRADED,Info,False
5254,3880,292,339,2025-04-26 01:49:40,BATTERY_LOW,Major,False
5255,4537,60,214,2025-10-22 08:58:50,SYNC_LOSS,Critical,True
5256,3037,381,767,2025-10-15 23:59:33,FIBRE_BREAK,Info,False
5257,2466,417,656,2025-04-26 12:10:01,TRANSMISSION_ERROR,Major,False
5258,3604,32,251,2025-06-17 23:28:04,FIBRE_BREAK,Minor,False
5259,216,112,755,2024-08-24 17:13:02,RBS_OVER_TEMP,Major,False
5260,3543,31,521,2025-11-23 00:23:11,FIBRE_BREAK,Info,True
5261,4035,317,830,2025-07-04 08:24:31,ANTENNA_FAULT,Major,False
5262,1748,212,906,2024-08-20 04:00:16,ANTENNA_FAULT,Info,False
5263,1731,153,205,2025-03-27 10:17:02,SOFTWARE_CRASH,Minor,False
5264,3831,329,539,2025-03-22 09:14:19,MEMORY_HIGH,Major,False
5265,1061,403,651,2024-06-09 21:19:36,MEMORY_HIGH,Critical,True
5266,3344,273,140,2025-11-08 01:22:54,MEMORY_HIGH,Minor,False
5267,2463,289,801,2024-12-07 04:27:46,SYNC_LOSS,Minor,False
5268,425,390,688,2024-03-04 17:15:22,TRANSMISSION_ERROR,Info,False
5269,3272,245,7,2025-06-19 15:54:50,RBS_OVER_TEMP,Major,False
5270,666,318,444,2024-06-24 09:28:22,SOFTWARE_CRASH,Major,False
5271,1223,94,500,2025-12-10 18:34:10,CPU_OVERLOAD,Critical,False
5272,2220,280,109,2025-11-14 06:00:42,CPU_OVERLOAD,Major,False
5273,3938,321,18,2024-02-23 12:29:40,RBS_OVER_TEMP,Minor,False
5274,1388,83,108,2025-05-07 12:16:12,ANTENNA_FAULT,Info,False
5275,4035,317,830,2025-07-04 08:21:31,POWER_ALARM,Major,False
5276,3727,91,140,2024-05-27 04:47:44,ANTENNA_FAULT,Major,True
5277,4901,155,414,2024-02-25 18:55:14,FIBRE_BREAK,Critical,False
5278,2929,407,677,2025-08-16 16:39:02,BATTERY_LOW,Critical,False
5279,3791,262,142,2025-10-17 10:24:44,SOFTWARE_CRASH,Major,False
5280,669,4,441,2024-07-03 09:34:09,SYNC_LOSS,Info,False
5281,68,323,273,2025-01-12 07:48:10,SIGNAL_DEGRADED,Info,False
5282,1062,133,642,2024-07-29 17:31:34,SOFTWARE_CRASH,Major,False
5283,881,384,437,2024-11-30 20:23:00,LINK_DOWN,Info,True
5284,1355,201,513,2024-03-01 15:48:31,CPU_OVERLOAD,Minor,False
5285,4150,257,2,2024-07-15 13:30:24,ANTENNA_FAULT,Info,False
5286,2576,162,361,2024-11-27 06:30:21,POWER_ALARM,Minor,False
5287,1527,211,889,2025-09-23 03:39:22,SYNC_LOSS,Minor,True
5288,3300,32,153,2024-07-26 16:52:35,BATTERY_LOW,Info,False
5289,394,159,933,2024-07-06 22:19:36,SIGNAL_DEGRADED,Major,True
5290,523,110,353,2024-05-19 10:14:10,MEMORY_HIGH,Critical,False
5291,3416,321,269,2024-05-19 20:25:37,LINK_DOWN,Critical,True
5292,2771,232,869,2025-07-13 17:54:11,ANTENNA_FAULT,Minor,False
5293,1461,218,706,2024-11-04 06:18:32,POWER_ALARM,Info,False
5294,2523,450,578,2025-11-17 18:00:45,SOFTWARE_CRASH,Minor,False
5295,2362,369,407,2024-09-23 11:45:53,POWER_ALARM,Minor,False
5296,1848,72,143,2024-03-29 23:18:10,BATTERY_LOW,Minor,False
5297,2613,73,35,2024-03-05 16:20:40,MEMORY_HIGH,Minor,True
5298,1423,394,158,2024-06-30 23:07:14,SIGNAL_DEGRADED,Critical,False
5299,1723,387,302,2025-08-01 20:13:48,SYNC_LOSS,Minor,False
5300,3927,130,70,2024-06-12 16:23:51,FIBRE_BREAK,Minor,False
5301,1651,330,638,2025-01-26 21:59:16,SOFTWARE_CRASH,Critical,False
5302,1923,273,421,2025-05-11 11:34:04,SIGNAL_DEGRADED,Minor,False
5303,3541,387,136,2025-07-18 14:15:17,TRANSMISSION_ERROR,Info,False
5304,621,171,748,2026-01-01 20:42:01,TRANSMISSION_ERROR,Critical,False
5305,4481,340,186,2024-02-26 11:26:07,MEMORY_HIGH,Major,False
5306,1294,270,600,2025-10-14 05:31:37,SIGNAL_DEGRADED,Major,True
5307,1275,470,61,2025-11-17 16:13:05,BATTERY_LOW,Info,False
5308,1078,423,444,2025-12-17 08:45:43,MEMORY_HIGH,Critical,False
5309,1140,29,813,2024-02-08 19:47:48,POWER_ALARM,Minor,False
5310,2243,206,699,2024-08-08 12:21:23,TRANSMISSION_ERROR,Minor,True
5311,2090,195,199,2025-02-28 17:28:36,CPU_OVERLOAD,Major,False
5312,2275,369,268,2025-11-08 14:25:11,POWER_ALARM,Major,True
5313,4037,259,777,2024-02-17 13:18:42,TRANSMISSION_ERROR,Minor,False
5314,782,427,663,2024-12-02 10:36:59,CPU_OVERLOAD,Critical,True
5315,516,31,532,2025-06-05 16:40:08,MEMORY_HIGH,Major,True
5316,3015,195,654,2025-04-14 23:14:57,POWER_ALARM,Major,False
5317,4922,428,731,2024-12-18 14:06:04,LINK_DOWN,Critical,False
5318,1846,363,166,2025-11-16 15:12:39,POWER_ALARM,Minor,False
5319,4311,256,447,2025-06-25 17:14:51,MEMORY_HIGH,Critical,False
5320,2323,48,869,2024-10-12 16:04:33,SYNC_LOSS,Info,True
5321,2094,411,408,2025-03-08 03:43:09,CPU_OVERLOAD,Info,False
5322,420,416,216,2024-10-12 21:59:31,RBS_OVER_TEMP,Major,False
5323,163,463,336,2025-01-25 18:58:42,FIBRE_BREAK,Minor,True
5324,2033,306,757,2025-04-03 18:02:51,SYNC_LOSS,Minor,False
5325,3394,189,591,2024-04-30 02:14:36,SIGNAL_DEGRADED,Minor,True
5326,1701,6,645,2025-10-06 06:20:35,BATTERY_LOW,Major,True
5327,1107,159,877,2025-06-03 10:59:32,BATTERY_LOW,Major,True
5328,3783,32,693,2025-08-23 13:17:29,POWER_ALARM,Info,True
5329,1969,115,266,2024-01-12 13:37:02,TRANSMISSION_ERROR,Critical,True
5330,2379,69,149,2025-02-14 11:44:22,SOFTWARE_CRASH,Minor,False
5331,1308,154,728,2025-04-24 17:12:33,ANTENNA_FAULT,Critical,True
5332,3214,447,67,2024-02-14 20:36:23,ANTENNA_FAULT,Info,False
5333,4310,123,771,2025-10-24 17:57:27,POWER_ALARM,Info,True
5334,1829,323,732,2024-05-30 20:17:36,TRANSMISSION_ERROR,Info,False
5335,4326,60,247,2025-07-12 08:40:39,ANTENNA_FAULT,Info,False
5336,2972,83,171,2025-04-24 14:43:30,RBS_OVER_TEMP,Minor,False
5337,2044,338,484,2025-03-28 02:00:35,SIGNAL_DEGRADED,Major,False
5338,2880,334,855,2025-01-11 17:00:14,LINK_DOWN,Critical,True
5339,4684,164,852,2024-03-05 13:00:19,TRANSMISSION_ERROR,Info,False
5340,1267,468,379,2024-09-16 10:05:25,TRANSMISSION_ERROR,Info,False
5341,3485,15,682,2025-06-03 09:00:03,SOFTWARE_CRASH,Critical,False
5342,2116,429,632,2024-12-07 02:38:28,ANTENNA_FAULT,Info,False
5343,4986,226,598,2024-04-29 10:41:30,POWER_ALARM,Info,False
5344,734,35,245,2024-10-24 20:17:16,TRANSMISSION_ERROR,Major,True
5345,2856,31,790,2024-04-18 14:25:00,POWER_ALARM,Info,False
5346,4594,290,976,2025-12-23 18:43:32,POWER_ALARM,Major,False
5347,4089,219,913,2024-02-09 00:42:54,RBS_OVER_TEMP,Info,False
5348,3658,106,752,2024-10-07 11:50:16,CPU_OVERLOAD,Info,False
5349,3244,160,320,2024-03-10 04:31:43,SOFTWARE_CRASH,Minor,False
5350,4216,102,994,2025-12-01 23:40:07,ANTENNA_FAULT,Minor,True
5351,873,344,32,2024-02-10 16:15:34,POWER_ALARM,Info,True
5352,2382,245,508,2025-01-18 10:49:37,RBS_OVER_TEMP,Info,True
5353,920,270,480,2024-05-08 05:23:57,TRANSMISSION_ERROR,Major,False
5354,2024,463,914,2025-09-24 12:05:40,BATTERY_LOW,Major,True
5355,2129,106,954,2024-04-12 09:42:20,SYNC_LOSS,Info,False
5356,2025,449,735,2025-11-27 13:17:15,ANTENNA_FAULT,Info,False
5357,2143,233,646,2024-08-21 10:23:24,ANTENNA_FAULT,Info,False
5358,4218,413,12,2024-06-04 10:53:27,TRANSMISSION_ERROR,Major,False
5359,4460,113,310,2025-10-05 22:04:10,MEMORY_HIGH,Info,False
5360,4716,123,440,2025-10-18 11:31:43,POWER_ALARM,Minor,False
5361,3702,231,797,2025-11-22 08:15:35,CPU_OVERLOAD,Critical,False
5362,4645,19,90,2025-06-08 04:07:22,RBS_OVER_TEMP,Minor,False
5363,440,302,932,2025-07-11 22:55:23,SOFTWARE_CRASH,Info,False
5364,1397,70,535,2025-06-30 10:37:48,BATTERY_LOW,Critical,False
5365,1018,194,893,2024-11-09 10:13:27,MEMORY_HIGH,Minor,True
5366,4308,155,458,2025-05-14 00:24:33,LINK_DOWN,Minor,False
5367,2926,292,469,2025-10-08 15:23:48,CPU_OVERLOAD,Critical,True
5368,4900,40,925,2024-02-27 08:44:34,MEMORY_HIGH,Critical,False
5369,3461,212,613,2025-01-20 07:08:07,SYNC_LOSS,Minor,True
5370,1389,56,606,2025-06-05 07:09:27,FIBRE_BREAK,Minor,False
5371,2981,34,485,2025-04-28 13:26:20,MEMORY_HIGH,Info,True
5372,3679,392,226,2024-08-03 12:47:13,LINK_DOWN,Critical,False
5373,3077,122,797,2024-05-14 17:58:53,POWER_ALARM,Major,True
5374,2522,152,25,2025-05-13 23:08:42,ANTENNA_FAULT,Major,True
5375,4280,110,14,2024-02-08 03:38:24,TRANSMISSION_ERROR,Minor,True
5376,3817,234,64,2024-05-10 20:07:48,ANTENNA_FAULT,Major,False
5377,4797,452,423,2024-03-30 10:19:09,FIBRE_BREAK,Major,False
5378,4857,151,174,2024-07-21 15:13:10,ANTENNA_FAULT,Major,False
5379,1800,376,493,2025-12-28 10:08:37,FIBRE_BREAK,Info,True
5380,294,260,208,2025-07-11 00:13:43,SYNC_LOSS,Info,False
5381,3120,223,115,2024-01-18 18:46:56,FIBRE_BREAK,Info,False
5382,2676,132,436,2024-11-07 19:13:21,MEMORY_HIGH,Major,False
5383,717,415,976,2024-10-17 15:26:46,BATTERY_LOW,Minor,False
5384,545,294,258,2024-02-25 17:54:00,RBS_OVER_TEMP,Minor,False
5385,1964,416,536,2024-10-09 00:30:35,SYNC_LOSS,Info,True
5386,1584,376,440,2024-12-13 14:19:50,CPU_OVERLOAD,Critical,False
5387,531,259,209,2025-04-07 01:11:25,ANTENNA_FAULT,Major,False
5388,4761,194,242,2024-03-01 16:58:28,LINK_DOWN,Minor,True
5389,887,346,565,2024-11-24 20:09:54,FIBRE_BREAK,Minor,True
5390,4567,131,333,2025-06-28 12:46:03,CPU_OVERLOAD,Major,False
5391,4889,162,794,2025-01-29 06:43:33,SYNC_LOSS,Major,True
5392,1024,121,609,2025-12-18 21:08:25,BATTERY_LOW,Minor,True
5393,3499,418,860,2025-12-15 05:50:40,MEMORY_HIGH,Major,False
5394,1608,395,94,2024-01-11 04:53:38,RBS_OVER_TEMP,Minor,False
5395,404,88,888,2025-11-08 15:06:29,SYNC_LOSS,Major,False
5396,251,333,660,2025-07-01 12:21:34,FIBRE_BREAK,Minor,False
5397,2824,174,433,2025-10-14 10:35:13,SYNC_LOSS,Info,False
5398,4439,14,208,2024-05-06 15:13:22,POWER_ALARM,Major,False
5399,1028,397,659,2025-09-03 13:47:57,FIBRE_BREAK,Major,True
5400,1435,57,114,2025-01-02 14:36:23,MEMORY_HIGH,Major,False
5401,110,214,484,2024-03-11 17:06:08,SYNC_LOSS,Minor,True
5402,2612,457,988,2024-03-26 08:50:41,POWER_ALARM,Minor,True
5403,3281,394,489,2024-08-10 18:10:15,MEMORY_HIGH,Major,False
5404,72,162,541,2024-11-13 21:33:26,SOFTWARE_CRASH,Minor,False
5405,1435,57,114,2025-01-02 14:38:23,TRANSMISSION_ERROR,Major,False
5406,2683,309,239,2025-01-15 18:55:59,RBS_OVER_TEMP,Minor,False
5407,3585,258,300,2024-07-25 01:20:01,RBS_OVER_TEMP,Minor,True
5408,500,331,965,2024-05-05 16:00:24,POWER_ALARM,Critical,False
5409,2424,254,632,2024-08-13 06:12:05,LINK_DOWN,Minor,False
5410,4713,483,779,2025-09-12 17:46:43,FIBRE_BREAK,Critical,False
5411,4090,260,325,2024-02-03 20:31:20,SOFTWARE_CRASH,Major,True
5412,4344,2,481,2025-01-11 06:31:11,MEMORY_HIGH,Info,False
5413,4339,163,125,2024-11-01 01:37:34,ANTENNA_FAULT,Critical,True
5414,3433,457,652,2025-06-24 09:27:08,SIGNAL_DEGRADED,Major,False
5415,4722,376,358,2025-02-05 16:39:52,LINK_DOWN,Critical,False
5416,4362,449,322,2025-04-15 19:17:28,POWER_ALARM,Minor,False
5417,481,347,281,2024-07-17 14:09:15,BATTERY_LOW,Major,True
5418,1889,99,995,2024-02-19 08:13:33,FIBRE_BREAK,Critical,True
5419,2818,249,194,2024-08-17 12:20:29,POWER_ALARM,Critical,False
5420,41,233,201,2024-05-16 03:19:56,RBS_OVER_TEMP,Info,False
5421,1969,115,266,2024-01-12 13:34:02,CPU_OVERLOAD,Major,False
5422,4800,239,257,2025-08-17 00:56:07,CPU_OVERLOAD,Major,False
5423,3708,238,181,2025-09-25 15:08:44,BATTERY_LOW,Minor,False
5424,847,444,886,2024-12-11 22:37:54,SOFTWARE_CRASH,Info,True
5425,3259,259,165,2025-10-29 18:47:17,SYNC_LOSS,Major,False
5426,3856,438,609,2025-06-23 14:15:35,ANTENNA_FAULT,Major,False
5427,1334,79,21,2024-04-20 13:36:54,SOFTWARE_CRASH,Major,False
5428,4318,383,75,2025-10-23 18:55:15,ANTENNA_FAULT,Critical,True
5429,4464,164,310,2024-08-24 15:05:19,SYNC_LOSS,Critical,False
5430,1186,356,254,2025-01-13 16:43:34,POWER_ALARM,Major,False
5431,375,221,950,2024-03-05 05:05:11,CPU_OVERLOAD,Major,False
5432,54,112,820,2024-05-01 00:54:55,CPU_OVERLOAD,Critical,True
5433,3966,415,402,2025-07-27 10:44:50,FIBRE_BREAK,Critical,False
5434,3648,383,927,2024-04-09 17:56:32,BATTERY_LOW,Minor,False
5435,4360,241,11,2025-01-25 17:46:02,SYNC_LOSS,Info,False
5436,1045,125,135,2025-02-23 22:19:06,RBS_OVER_TEMP,Major,False
5437,3197,316,675,2024-11-02 15:24:14,SYNC_LOSS,Info,False
5438,618,456,401,2024-11-25 16:55:47,ANTENNA_FAULT,Info,True
5439,1692,70,893,2025-10-11 17:46:34,RBS_OVER_TEMP,Minor,False
5440,1965,61,893,2025-05-17 17:19:47,BATTERY_LOW,Info,False
5441,4847,496,212,2025-05-02 16:29:45,FIBRE_BREAK,Major,False
5442,918,153,463,2025-08-21 11:17:06,FIBRE_BREAK,Major,False
5443,718,294,665,2024-03-15 02:55:19,POWER_ALARM,Minor,False
5444,1514,317,607,2025-06-26 00:25:48,POWER_ALARM,Minor,False
5445,1236,231,693,2024-05-29 18:01:01,MEMORY_HIGH,Major,False
5446,3112,378,148,2025-01-02 21:03:04,FIBRE_BREAK,Major,False
5447,3730,234,758,2025-12-06 10:42:23,SYNC_LOSS,Info,False
5448,276,15,558,2025-09-11 18:55:22,SYNC_LOSS,Minor,True
5449,4768,445,274,2025-05-21 10:30:04,SYNC_LOSS,Minor,False
5450,816,67,540,2025-09-27 13:16:27,FIBRE_BREAK,Major,False
5451,4750,471,708,2024-01-29 05:12:30,LINK_DOWN,Minor,False
5452,2190,125,74,2024-10-30 16:28:07,ANTENNA_FAULT,Info,False
5453,4092,450,619,2025-06-23 08:26:50,ANTENNA_FAULT,Minor,False
5454,3124,77,772,2025-08-16 12:39:58,CPU_OVERLOAD,Info,True
5455,4619,3,151,2024-05-09 02:19:30,SIGNAL_DEGRADED,Major,True
5456,2105,161,35,2024-11-21 15:07:15,CPU_OVERLOAD,Info,True
5457,2670,31,98,2024-06-23 17:38:41,FIBRE_BREAK,Minor,False
5458,1028,397,659,2025-09-03 13:46:57,BATTERY_LOW,Minor,False
5459,3704,500,544,2025-10-04 21:59:47,SOFTWARE_CRASH,Major,True
5460,3051,39,827,2024-09-23 22:17:59,BATTERY_LOW,Major,True
5461,2725,391,809,2025-02-02 17:19:47,POWER_ALARM,Critical,True
5462,899,165,898,2025-12-14 12:56:37,MEMORY_HIGH,Minor,False
5463,993,353,742,2025-03-21 09:27:47,SIGNAL_DEGRADED,Minor,True
5464,1673,420,340,2024-08-02 23:10:28,TRANSMISSION_ERROR,Major,True
5465,3457,85,984,2025-08-14 21:02:27,FIBRE_BREAK,Info,False
5466,3199,285,285,2024-10-14 21:47:53,POWER_ALARM,Info,False
5467,3688,66,8,2024-05-17 08:10:51,SYNC_LOSS,Info,False
5468,3753,264,650,2025-06-30 17:12:05,CPU_OVERLOAD,Critical,True
5469,2412,152,296,2025-06-05 06:10:57,CPU_OVERLOAD,Info,False
5470,3635,430,118,2024-01-10 12:32:56,MEMORY_HIGH,Minor,True
5471,878,358,582,2025-09-09 14:43:35,MEMORY_HIGH,Info,False
5472,3369,210,659,2025-05-20 02:26:59,MEMORY_HIGH,Info,True
5473,1489,52,530,2025-05-14 08:41:16,RBS_OVER_TEMP,Minor,False
5474,990,452,509,2024-01-13 16:53:45,FIBRE_BREAK,Minor,False
5475,4506,223,651,2024-01-14 12:04:23,TRANSMISSION_ERROR,Minor,False
5476,1795,245,830,2025-01-29 12:03:18,SOFTWARE_CRASH,Major,False
5477,1262,282,121,2025-01-27 20:51:24,BATTERY_LOW,Critical,False
5478,2957,249,91,2025-07-27 17:07:30,MEMORY_HIGH,Critical,False
5479,2513,430,933,2024-09-08 12:50:22,LINK_DOWN,Info,False
5480,4290,209,197,2024-02-06 13:00:58,TRANSMISSION_ERROR,Minor,False
5481,4725,303,542,2024-02-07 18:09:15,SOFTWARE_CRASH,Major,False
5482,1599,226,87,2025-05-01 15:05:27,ANTENNA_FAULT,Critical,False
5483,2596,287,595,2024-02-28 18:59:47,MEMORY_HIGH,Major,False
5484,2209,30,801,2024-09-11 14:29:31,LINK_DOWN,Critical,False
5485,3875,248,678,2024-02-10 16:08:34,TRANSMISSION_ERROR,Minor,False
5486,1391,391,445,2025-02-09 07:44:19,MEMORY_HIGH,Major,True
5487,2639,468,897,2024-03-27 20:38:53,SOFTWARE_CRASH,Minor,True
5488,4275,340,85,2025-04-23 09:00:49,TRANSMISSION_ERROR,Critical,False
5489,4837,358,141,2024-04-27 14:45:23,LINK_DOWN,Info,False
5490,4165,343,238,2024-10-17 20:26:13,LINK_DOWN,Major,True
5491,4959,106,350,2025-10-25 22:27:52,CPU_OVERLOAD,Info,True
5492,81,123,475,2025-04-30 16:19:26,MEMORY_HIGH,Info,True
5493,3008,147,485,2024-12-18 16:26:28,LINK_DOWN,Major,False
5494,4625,454,609,2024-09-01 23:00:10,SOFTWARE_CRASH,Major,False
5495,2179,63,782,2024-07-01 10:34:11,LINK_DOWN,Minor,False
5496,1059,167,520,2025-02-06 14:10:46,FIBRE_BREAK,Critical,True
5497,3107,425,647,2024-10-23 13:59:05,ANTENNA_FAULT,Critical,False
5498,2646,447,903,2025-09-11 14:56:54,BATTERY_LOW,Minor,False
5499,3497,134,581,2025-07-18 08:33:37,FIBRE_BREAK,Info,False
5500,1626,343,162,2024-09-25 09:37:23,CPU_OVERLOAD,Minor,True
5501,727,105,411,2025-08-05 17:47:44,CPU_OVERLOAD,Minor,True
5502,1107,159,877,2025-06-03 11:09:32,FIBRE_BREAK,Minor,False
5503,726,142,49,2024-10-04 12:04:44,MEMORY_HIGH,Major,False
5504,1147,63,866,2025-07-15 14:39:27,FIBRE_BREAK,Minor,True
5505,1362,321,237,2025-12-14 14:04:56,LINK_DOWN,Minor,False
5506,103,129,646,2024-12-06 21:15:15,SYNC_LOSS,Minor,False
5507,2234,384,489,2024-11-02 10:41:18,POWER_ALARM,Minor,False
5508,2771,232,869,2025-07-13 18:09:11,FIBRE_BREAK,Minor,True
5509,3424,489,237,2025-05-24 09:00:32,MEMORY_HIGH,Minor,True
5510,1289,107,418,2025-04-20 12:47:38,SIGNAL_DEGRADED,Critical,True
5511,1759,119,307,2025-04-05 12:12:40,POWER_ALARM,Critical,True
5512,541,101,178,2024-11-16 17:22:32,TRANSMISSION_ERROR,Major,True
5513,3054,34,86,2025-05-13 10:07:53,CPU_OVERLOAD,Minor,False
5514,1793,112,944,2025-09-05 21:47:46,BATTERY_LOW,Minor,False
5515,3859,168,73,2025-10-31 15:44:40,CPU_OVERLOAD,Major,False
5516,3852,263,644,2024-08-24 09:12:25,SOFTWARE_CRASH,Major,False
5517,1540,44,867,2025-04-02 12:11:53,FIBRE_BREAK,Minor,True
5518,4459,315,722,2025-03-31 01:41:02,POWER_ALARM,Critical,True
5519,2990,412,194,2024-03-29 16:08:06,TRANSMISSION_ERROR,Minor,True
5520,598,447,593,2025-12-19 13:13:38,MEMORY_HIGH,Critical,True
5521,3436,374,28,2025-06-17 16:19:50,POWER_ALARM,Minor,False
5522,2672,220,879,2025-06-12 14:25:45,CPU_OVERLOAD,Info,False
5523,3128,193,910,2025-10-16 15:44:26,CPU_OVERLOAD,Major,False
5524,2792,279,214,2024-05-26 13:33:27,LINK_DOWN,Minor,False
5525,73,90,870,2024-01-20 08:40:44,BATTERY_LOW,Critical,False
5526,1524,10,193,2024-02-14 18:11:41,TRANSMISSION_ERROR,Info,False
5527,4727,209,471,2025-02-18 11:33:51,SOFTWARE_CRASH,Info,False
5528,3744,437,312,2025-03-15 16:41:34,CPU_OVERLOAD,Minor,False
5529,3995,58,817,2024-02-20 10:27:54,SOFTWARE_CRASH,Major,False
5530,2858,199,733,2024-05-29 00:07:56,MEMORY_HIGH,Minor,False
5531,3406,448,358,2025-08-25 10:29:17,SIGNAL_DEGRADED,Critical,True
5532,4952,296,677,2025-06-29 09:16:51,TRANSMISSION_ERROR,Minor,True
5533,2912,129,777,2024-11-23 08:58:08,LINK_DOWN,Major,False
5534,2428,9,622,2025-07-15 02:19:36,SYNC_LOSS,Minor,False
5535,1190,161,860,2025-12-25 01:37:06,MEMORY_HIGH,Minor,False
5536,882,373,864,2024-05-05 05:52:33,SYNC_LOSS,Minor,False
5537,1625,38,998,2025-12-01 14:37:49,ANTENNA_FAULT,Minor,False
5538,2557,283,532,2025-08-09 11:14:40,BATTERY_LOW,Critical,False
5539,3422,451,704,2025-10-05 14:47:04,CPU_OVERLOAD,Minor,False
5540,4489,25,6,2025-02-07 11:05:41,BATTERY_LOW,Minor,True
5541,3977,352,584,2025-11-06 11:32:03,SYNC_LOSS,Info,False
5542,2164,403,411,2024-08-04 12:48:49,BATTERY_LOW,Major,True
5543,2114,212,405,2024-02-16 17:09:21,FIBRE_BREAK,Info,True
5544,1735,269,154,2024-10-03 09:22:44,SIGNAL_DEGRADED,Info,False
5545,1375,84,295,2025-05-01 12:16:13,RBS_OVER_TEMP,Major,False
5546,656,426,779,2024-11-22 16:53:31,TRANSMISSION_ERROR,Minor,True
5547,1924,174,166,2024-08-11 14:46:57,SOFTWARE_CRASH,Major,True
5548,1448,330,283,2025-11-08 11:57:51,LINK_DOWN,Major,False
5549,3641,241,773,2024-08-15 13:13:51,RBS_OVER_TEMP,Major,False
5550,1086,213,437,2024-01-24 12:50:40,POWER_ALARM,Minor,True
5551,180,43,224,2024-03-12 02:55:05,BATTERY_LOW,Major,False
5552,1990,406,312,2025-11-05 15:02:09,ANTENNA_FAULT,Minor,False
5553,2201,106,920,2025-09-12 06:13:31,FIBRE_BREAK,Critical,False
5554,1141,132,314,2025-12-09 16:55:38,RBS_OVER_TEMP,Info,True
5555,11,157,30,2024-03-03 16:53:28,MEMORY_HIGH,Major,True
5556,404,88,888,2025-11-08 15:01:29,ANTENNA_FAULT,Minor,False
5557,4442,56,70,2024-08-08 13:04:31,MEMORY_HIGH,Info,False
5558,1420,151,900,2025-12-10 21:16:41,MEMORY_HIGH,Info,False
5559,1382,148,931,2025-11-13 06:13:16,POWER_ALARM,Major,False
5560,2175,91,833,2025-12-02 13:40:06,RBS_OVER_TEMP,Major,False
5561,700,402,500,2024-01-05 14:17:23,SIGNAL_DEGRADED,Minor,True
5562,2181,45,821,2024-03-21 15:35:53,MEMORY_HIGH,Major,False
5563,4470,339,76,2025-09-01 05:23:03,LINK_DOWN,Critical,True
5564,3929,425,38,2024-04-19 03:38:09,BATTERY_LOW,Minor,True
5565,1947,411,262,2024-01-13 17:56:47,POWER_ALARM,Critical,True
5566,70,199,47,2025-05-12 12:04:10,POWER_ALARM,Info,False
5567,2173,213,654,2025-08-11 21:33:48,CPU_OVERLOAD,Major,False
5568,2650,169,564,2025-01-04 21:07:35,TRANSMISSION_ERROR,Major,False
5569,377,146,571,2025-07-23 14:06:32,SOFTWARE_CRASH,Minor,False
5570,3162,73,890,2024-02-21 15:42:32,ANTENNA_FAULT,Minor,False
5571,1037,207,622,2024-02-05 12:02:59,SYNC_LOSS,Minor,False
5572,3644,173,269,2025-09-10 15:44:09,SYNC_LOSS,Minor,False
5573,1735,269,154,2024-10-03 09:34:44,POWER_ALARM,Critical,True
5574,2019,413,274,2024-12-07 16:39:58,CPU_OVERLOAD,Minor,True
5575,2070,110,799,2025-08-02 07:21:44,POWER_ALARM,Minor,False
5576,750,376,64,2025-11-06 19:04:31,SOFTWARE_CRASH,Minor,False
5577,4264,164,618,2024-06-16 10:44:27,MEMORY_HIGH,Info,True
5578,2967,146,199,2025-02-14 09:31:36,SIGNAL_DEGRADED,Major,True
5579,2799,52,905,2025-06-08 07:38:53,ANTENNA_FAULT,Major,False
5580,84,461,175,2025-01-06 14:52:04,FIBRE_BREAK,Major,False
5581,4414,145,322,2024-07-07 10:51:38,SYNC_LOSS,Minor,False
5582,84,461,175,2025-01-06 15:01:04,SIGNAL_DEGRADED,Info,False
5583,4998,186,834,2025-06-02 15:37:53,SOFTWARE_CRASH,Info,False
5584,946,359,20,2025-06-21 14:57:13,SYNC_LOSS,Critical,True
5585,4471,58,759,2025-10-30 04:22:48,BATTERY_LOW,Info,True
5586,4702,379,644,2025-03-11 08:55:42,FIBRE_BREAK,Major,True
5587,1009,260,270,2025-02-25 08:15:42,ANTENNA_FAULT,Info,True
5588,4342,135,239,2025-07-28 14:08:42,SYNC_LOSS,Minor,False
5589,1193,108,944,2025-04-17 12:03:59,FIBRE_BREAK,Minor,False
5590,4660,8,359,2025-12-08 12:57:36,POWER_ALARM,Info,False
5591,1565,190,8,2024-03-28 21:13:33,CPU_OVERLOAD,Minor,True
5592,1715,464,630,2024-04-26 16:57:46,FIBRE_BREAK,Minor,False
5593,813,35,41,2024-10-08 04:46:57,POWER_ALARM,Minor,True
5594,1904,3,660,2025-12-27 16:43:19,ANTENNA_FAULT,Critical,False
5595,834,97,911,2024-01-31 12:21:03,FIBRE_BREAK,Critical,False
5596,2732,275,561,2025-11-23 13:04:41,MEMORY_HIGH,Critical,True
5597,1694,175,127,2025-11-09 15:43:24,RBS_OVER_TEMP,Major,False
5598,4064,243,261,2024-08-12 12:49:15,SOFTWARE_CRASH,Major,False
5599,2119,131,988,2025-02-15 16:23:58,FIBRE_BREAK,Minor,False
5600,3927,130,70,2024-06-12 16:22:51,TRANSMISSION_ERROR,Major,True
5601,3628,167,95,2025-03-04 14:50:17,SIGNAL_DEGRADED,Minor,False
5602,2584,60,377,2024-02-20 16:22:08,LINK_DOWN,Minor,False
5603,13,307,422,2024-03-09 01:02:40,ANTENNA_FAULT,Minor,True
5604,404,88,888,2025-11-08 15:08:29,SOFTWARE_CRASH,Major,False
5605,2496,82,154,2024-07-24 12:16:42,MEMORY_HIGH,Critical,False
5606,1765,148,772,2025-07-03 12:50:06,SOFTWARE_CRASH,Minor,False
5607,2938,431,288,2024-03-27 11:18:43,TRANSMISSION_ERROR,Info,False
5608,1291,392,496,2025-04-21 13:44:54,CPU_OVERLOAD,Info,False
5609,4711,394,894,2024-05-03 22:49:13,RBS_OVER_TEMP,Info,True
5610,2864,60,185,2025-03-06 03:01:44,POWER_ALARM,Minor,False
5611,4813,3,259,2025-04-01 17:37:54,SOFTWARE_CRASH,Major,True
5612,389,32,952,2024-10-21 13:01:30,MEMORY_HIGH,Critical,True
5613,2119,131,988,2025-02-15 16:43:58,CPU_OVERLOAD,Critical,False
5614,3181,359,521,2025-11-06 16:47:23,MEMORY_HIGH,Critical,True
5615,4933,116,82,2024-05-20 17:07:30,MEMORY_HIGH,Major,False
5616,3644,173,269,2025-09-10 15:43:09,FIBRE_BREAK,Info,False
5617,865,490,591,2024-10-16 03:28:25,BATTERY_LOW,Minor,False
5618,3127,404,252,2025-07-13 15:43:02,TRANSMISSION_ERROR,Info,True
5619,3446,348,516,2025-02-10 10:45:25,POWER_ALARM,Major,False
5620,3876,74,793,2025-10-18 09:55:59,RBS_OVER_TEMP,Major,True
5621,1040,255,553,2025-11-03 07:46:23,SIGNAL_DEGRADED,Major,True
5622,1698,268,776,2024-01-19 12:40:33,CPU_OVERLOAD,Critical,False
5623,1406,467,469,2025-09-30 01:28:39,TRANSMISSION_ERROR,Info,True
5624,1115,246,112,2024-07-01 11:48:12,SYNC_LOSS,Minor,False
5625,4843,187,766,2024-07-15 12:31:49,CPU_OVERLOAD,Major,False
5626,1219,208,998,2025-10-13 16:30:41,SOFTWARE_CRASH,Info,False
5627,2351,170,643,2024-03-17 16:57:08,LINK_DOWN,Info,False
5628,2285,302,491,2025-07-25 13:32:31,BATTERY_LOW,Major,False
5629,4528,29,178,2025-01-22 01:43:26,LINK_DOWN,Info,False
5630,3447,406,966,2025-08-02 10:17:31,ANTENNA_FAULT,Major,False
5631,2234,384,489,2024-11-02 10:49:18,SYNC_LOSS,Minor,False
5632,2349,189,752,2024-09-20 21:26:36,TRANSMISSION_ERROR,Major,False
5633,4804,358,914,2024-03-13 18:27:53,CPU_OVERLOAD,Minor,True
5634,3959,233,683,2024-07-20 09:35:05,SOFTWARE_CRASH,Info,True
5635,2542,90,727,2025-09-27 08:44:29,SIGNAL_DEGRADED,Info,False
5636,185,341,595,2025-10-03 01:42:51,RBS_OVER_TEMP,Major,False
5637,3708,238,181,2025-09-25 14:48:44,CPU_OVERLOAD,Critical,False
5638,449,381,957,2025-01-22 12:04:06,ANTENNA_FAULT,Critical,True
5639,2539,384,621,2025-01-07 22:46:10,SIGNAL_DEGRADED,Info,False
5640,946,359,20,2025-06-21 14:51:13,RBS_OVER_TEMP,Info,False
5641,3598,161,199,2024-02-18 17:30:30,CPU_OVERLOAD,Info,False
5642,2116,429,632,2024-12-07 02:41:28,ANTENNA_FAULT,Minor,True
5643,4488,133,431,2024-01-03 18:34:56,POWER_ALARM,Major,True
5644,1439,373,878,2024-06-07 03:20:25,CPU_OVERLOAD,Minor,False
5645,163,463,336,2025-01-25 18:58:42,MEMORY_HIGH,Info,False
5646,158,56,154,2025-11-16 15:01:47,ANTENNA_FAULT,Info,False
5647,1858,403,186,2025-01-17 12:02:17,CPU_OVERLOAD,Minor,False
5648,2863,134,668,2025-10-25 19:49:39,RBS_OVER_TEMP,Major,False
5649,4349,248,14,2024-05-19 20:30:30,ANTENNA_FAULT,Major,False
5650,245,73,609,2025-05-26 15:22:41,POWER_ALARM,Minor,True
5651,231,113,759,2024-04-24 08:18:17,RBS_OVER_TEMP,Critical,True
5652,2347,121,906,2024-04-21 09:44:19,SYNC_LOSS,Major,True
5653,2286,408,998,2025-11-16 11:12:32,SOFTWARE_CRASH,Minor,False
5654,1620,254,408,2024-02-08 13:47:13,MEMORY_HIGH,Minor,False
5655,1338,78,573,2024-12-26 13:52:03,CPU_OVERLOAD,Major,False
5656,679,346,966,2024-04-23 17:18:55,POWER_ALARM,Minor,True
5657,1691,276,10,2024-02-18 04:54:09,POWER_ALARM,Minor,True
5658,3468,52,557,2024-07-15 12:54:36,FIBRE_BREAK,Major,False
5659,542,242,99,2024-11-10 03:54:42,SIGNAL_DEGRADED,Minor,False
5660,3362,490,531,2024-06-05 18:12:16,SOFTWARE_CRASH,Minor,False
5661,4429,216,256,2024-08-23 15:00:01,SYNC_LOSS,Major,False
5662,4873,481,821,2025-07-28 17:03:20,TRANSMISSION_ERROR,Info,False
5663,1224,450,320,2025-01-19 11:36:48,POWER_ALARM,Major,False
5664,1407,345,19,2024-03-11 10:25:39,TRANSMISSION_ERROR,Major,True
5665,50,48,790,2024-02-11 13:48:15,SIGNAL_DEGRADED,Critical,False
5666,328,179,571,2025-02-06 14:10:08,SIGNAL_DEGRADED,Minor,False
5667,4994,484,371,2024-12-07 17:58:06,POWER_ALARM,Info,False
5668,1097,141,413,2024-10-16 08:40:15,SYNC_LOSS,Info,True
5669,4933,116,82,2024-05-20 16:56:30,POWER_ALARM,Major,False
5670,3272,245,7,2025-06-19 15:56:50,ANTENNA_FAULT,Minor,False
5671,3707,189,163,2025-12-16 17:45:56,SIGNAL_DEGRADED,Info,True
5672,1597,330,894,2025-07-21 19:31:57,TRANSMISSION_ERROR,Minor,False
5673,4052,11,693,2025-12-04 10:46:21,POWER_ALARM,Major,True
5674,2873,370,982,2025-02-19 13:17:04,MEMORY_HIGH,Minor,False
5675,2675,491,788,2025-09-28 13:31:02,POWER_ALARM,Critical,True
5676,1239,496,65,2024-10-20 16:44:42,BATTERY_LOW,Critical,False
5677,2795,111,773,2025-11-24 16:41:16,LINK_DOWN,Minor,False
5678,2889,282,132,2025-07-05 10:21:08,RBS_OVER_TEMP,Info,False
5679,4723,270,528,2026-01-01 20:17:54,ANTENNA_FAULT,Major,True
5680,767,381,666,2024-12-09 11:24:10,CPU_OVERLOAD,Minor,False
5681,3220,402,465,2024-03-12 23:17:27,TRANSMISSION_ERROR,Minor,False
5682,3761,455,129,2024-08-18 14:39:05,MEMORY_HIGH,Info,False
5683,2982,264,366,2025-09-17 04:29:49,MEMORY_HIGH,Minor,False
5684,3912,167,76,2025-02-11 13:54:33,SIGNAL_DEGRADED,Major,True
5685,4022,223,591,2024-10-13 11:42:27,SIGNAL_DEGRADED,Info,False
5686,3938,321,18,2024-02-23 12:30:40,POWER_ALARM,Minor,True
5687,2242,300,754,2025-11-14 13:54:58,SYNC_LOSS,Minor,False
5688,2652,166,751,2025-05-06 18:14:58,BATTERY_LOW,Info,False
5689,1027,22,467,2025-04-05 02:58:51,SIGNAL_DEGRADED,Minor,True
5690,992,168,812,2025-07-23 23:16:24,ANTENNA_FAULT,Major,False
5691,363,189,427,2024-11-08 10:45:19,SOFTWARE_CRASH,Critical,True
5692,1298,404,210,2024-05-12 17:42:49,TRANSMISSION_ERROR,Minor,False
5693,2441,33,213,2024-05-16 08:51:24,SYNC_LOSS,Info,False
5694,4216,102,994,2025-12-01 23:45:07,SOFTWARE_CRASH,Info,False
5695,3274,7,291,2024-08-13 07:25:58,SOFTWARE_CRASH,Minor,False
5696,119,382,289,2024-07-11 17:40:50,SOFTWARE_CRASH,Info,False
5697,2606,257,683,2024-02-23 18:28:50,SYNC_LOSS,Minor,False
5698,3344,273,140,2025-11-08 01:22:54,SYNC_LOSS,Critical,True
5699,1371,150,951,2024-10-06 07:40:20,SYNC_LOSS,Minor,True
5700,3506,138,229,2025-11-15 02:35:25,SIGNAL_DEGRADED,Critical,False
5701,3178,342,96,2024-03-20 01:41:49,RBS_OVER_TEMP,Info,False
5702,3710,391,68,2024-11-05 18:22:09,RBS_OVER_TEMP,Info,True
5703,4987,499,162,2025-02-05 14:06:02,POWER_ALARM,Minor,False
5704,28,176,815,2024-06-30 14:47:14,RBS_OVER_TEMP,Major,False
5705,4861,248,232,2025-05-08 14:57:02,CPU_OVERLOAD,Minor,True
5706,3689,316,614,2024-12-17 21:58:46,SOFTWARE_CRASH,Critical,False
5707,1608,395,94,2024-01-11 05:01:38,SOFTWARE_CRASH,Info,False
5708,4034,65,403,2025-02-10 03:53:00,POWER_ALARM,Minor,False
5709,2352,135,484,2025-08-31 17:39:52,POWER_ALARM,Major,False
5710,948,9,187,2024-07-07 11:48:31,RBS_OVER_TEMP,Minor,False
5711,4145,191,375,2025-05-05 16:50:10,LINK_DOWN,Info,True
5712,3488,222,360,2024-05-02 08:25:22,SYNC_LOSS,Critical,True
5713,833,110,862,2025-03-08 11:28:50,POWER_ALARM,Minor,False
5714,1849,54,393,2024-09-13 17:39:23,TRANSMISSION_ERROR,Info,False
5715,2185,453,410,2024-06-22 12:17:19,CPU_OVERLOAD,Critical,False
5716,494,13,262,2024-12-15 06:42:01,FIBRE_BREAK,Minor,False
5717,194,282,116,2025-03-11 13:51:32,RBS_OVER_TEMP,Minor,False
5718,3419,495,529,2025-09-22 15:48:29,ANTENNA_FAULT,Info,False
5719,550,359,879,2025-08-02 00:06:33,TRANSMISSION_ERROR,Major,False
5720,4522,143,515,2024-12-31 09:40:14,ANTENNA_FAULT,Minor,False
5721,4388,192,258,2025-08-12 10:10:08,FIBRE_BREAK,Major,True
5722,3727,91,140,2024-05-27 04:43:44,RBS_OVER_TEMP,Minor,False
5723,3472,491,819,2024-06-14 17:39:44,FIBRE_BREAK,Critical,True
5724,2882,144,721,2024-05-01 18:04:26,RBS_OVER_TEMP,Minor,False
5725,894,384,200,2025-11-07 13:26:40,MEMORY_HIGH,Minor,True
5726,3327,124,550,2024-07-17 07:28:31,RBS_OVER_TEMP,Major,False
5727,3476,327,790,2024-05-13 09:07:42,ANTENNA_FAULT,Minor,False
5728,4686,337,501,2024-05-06 15:43:46,BATTERY_LOW,Major,False
5729,720,119,142,2024-08-30 10:07:25,SYNC_LOSS,Major,True
5730,1624,154,19,2024-10-13 10:35:18,ANTENNA_FAULT,Major,False
5731,2222,281,85,2025-04-23 03:11:02,FIBRE_BREAK,Minor,False
5732,46,228,804,2024-05-31 08:30:10,POWER_ALARM,Minor,False
5733,4475,86,45,2024-05-09 12:27:53,RBS_OVER_TEMP,Info,False
5734,669,4,441,2024-07-03 09:26:09,LINK_DOWN,Minor,True
5735,3659,404,811,2024-08-03 17:35:52,ANTENNA_FAULT,Major,False
5736,3062,297,97,2025-01-11 08:16:38,RBS_OVER_TEMP,Minor,True
5737,136,86,365,2024-06-13 03:20:25,SYNC_LOSS,Major,True
5738,366,83,587,2024-03-28 08:59:26,LINK_DOWN,Info,False
5739,1287,166,729,2024-11-07 01:24:14,BATTERY_LOW,Info,False
5740,390,232,832,2025-04-26 18:01:16,SYNC_LOSS,Minor,True
5741,25,182,888,2025-08-13 17:44:14,BATTERY_LOW,Minor,True
5742,2060,319,149,2025-08-31 02:51:41,MEMORY_HIGH,Info,True
5743,3286,241,983,2024-10-16 08:48:56,SOFTWARE_CRASH,Minor,False
5744,3365,161,902,2025-02-24 21:13:52,CPU_OVERLOAD,Info,False
5745,4118,41,424,2025-09-21 15:30:18,SOFTWARE_CRASH,Info,False
5746,2876,352,468,2024-01-09 14:53:12,RBS_OVER_TEMP,Minor,False
5747,3553,251,160,2024-03-04 18:40:29,FIBRE_BREAK,Minor,True
5748,1902,192,828,2025-04-07 12:47:02,RBS_OVER_TEMP,Minor,False
5749,2243,206,699,2024-08-08 12:16:23,ANTENNA_FAULT,Major,False
5750,4053,330,200,2025-10-23 10:26:36,BATTERY_LOW,Minor,False
5751,3393,240,556,2025-09-21 11:18:28,ANTENNA_FAULT,Minor,False
5752,1310,454,74,2024-01-08 15:12:00,TRANSMISSION_ERROR,Major,True
5753,4916,146,135,2025-02-25 11:27:07,BATTERY_LOW,Major,False
5754,4886,256,632,2024-12-15 17:47:30,TRANSMISSION_ERROR,Critical,False
5755,3209,364,411,2025-02-28 11:15:44,ANTENNA_FAULT,Critical,False
5756,3071,337,765,2024-03-26 11:02:24,POWER_ALARM,Minor,False
5757,2061,440,156,2024-03-03 17:16:16,SOFTWARE_CRASH,Minor,False
5758,3185,102,281,2024-12-18 07:19:10,SIGNAL_DEGRADED,Info,True
5759,1187,64,976,2024-04-24 12:59:22,ANTENNA_FAULT,Minor,False
5760,3605,272,545,2024-12-09 15:29:12,SYNC_LOSS,Minor,False
5761,750,376,64,2025-11-06 19:01:31,RBS_OVER_TEMP,Minor,True
5762,307,6,951,2025-03-11 16:55:06,BATTERY_LOW,Critical,True
5763,1615,367,834,2025-08-09 14:29:13,SIGNAL_DEGRADED,Info,False
5764,2433,67,701,2025-07-26 11:55:19,SOFTWARE_CRASH,Major,False
5765,2091,248,259,2024-12-22 09:28:54,BATTERY_LOW,Critical,False
5766,3840,400,83,2025-11-12 22:03:28,SIGNAL_DEGRADED,Major,True
5767,2696,117,559,2024-10-01 18:05:08,FIBRE_BREAK,Critical,False
5768,1456,281,876,2024-10-08 07:13:38,POWER_ALARM,Info,False
5769,655,203,24,2024-10-25 11:44:55,SOFTWARE_CRASH,Major,False
5770,1221,201,348,2025-09-06 01:14:45,BATTERY_LOW,Info,True
5771,2317,297,527,2024-12-20 08:36:47,MEMORY_HIGH,Info,False
5772,3733,265,292,2025-02-14 13:17:19,MEMORY_HIGH,Major,False
5773,4994,484,371,2024-12-07 17:24:06,BATTERY_LOW,Major,False
5774,1918,171,748,2025-12-16 23:57:36,LINK_DOWN,Info,False
5775,2028,69,506,2025-10-21 19:49:45,SIGNAL_DEGRADED,Minor,False
5776,3099,368,471,2025-04-29 12:44:19,LINK_DOWN,Major,False
5777,2323,48,869,2024-10-12 16:03:33,MEMORY_HIGH,Critical,False
5778,897,106,499,2024-04-05 16:44:51,POWER_ALARM,Info,False
5779,343,344,776,2025-09-02 02:10:53,SIGNAL_DEGRADED,Minor,True
5780,4252,222,753,2024-09-28 17:41:16,SOFTWARE_CRASH,Critical,False
5781,3059,364,744,2024-09-17 18:06:37,SOFTWARE_CRASH,Major,True
5782,3479,391,502,2025-06-22 00:04:04,TRANSMISSION_ERROR,Minor,False
5783,2195,213,940,2024-10-01 12:49:14,LINK_DOWN,Minor,True
5784,3475,176,18,2025-07-22 22:15:10,SIGNAL_DEGRADED,Minor,False
5785,4663,486,538,2025-11-23 17:00:49,CPU_OVERLOAD,Info,False
5786,4910,266,861,2025-03-25 07:06:54,CPU_OVERLOAD,Minor,False
5787,4717,86,443,2025-12-10 14:49:09,TRANSMISSION_ERROR,Minor,False
5788,127,292,998,2025-04-13 07:45:27,SYNC_LOSS,Info,True
5789,5000,310,228,2025-04-28 15:13:29,RBS_OVER_TEMP,Major,False
5790,767,381,666,2024-12-09 11:24:10,FIBRE_BREAK,Info,True
5791,922,97,292,2025-05-31 02:52:42,TRANSMISSION_ERROR,Info,False
5792,4667,453,85,2024-01-12 19:20:14,FIBRE_BREAK,Info,True
5793,4583,373,863,2024-01-11 22:35:58,BATTERY_LOW,Info,False
5794,1100,139,771,2025-07-21 23:36:59,TRANSMISSION_ERROR,Minor,False
5795,901,325,934,2025-04-29 21:54:45,LINK_DOWN,Info,False
5796,1076,45,871,2025-10-02 22:14:39,POWER_ALARM,Minor,False
5797,540,5,110,2025-07-24 17:00:03,MEMORY_HIGH,Critical,False
5798,966,16,54,2024-02-05 00:18:17,RBS_OVER_TEMP,Minor,False
5799,1191,20,490,2025-01-18 00:54:11,SIGNAL_DEGRADED,Minor,True
5800,1819,348,412,2025-01-13 12:18:15,SOFTWARE_CRASH,Major,False
5801,3843,272,473,2024-06-24 23:38:57,ANTENNA_FAULT,Info,False
5802,4438,383,420,2025-07-28 16:31:32,FIBRE_BREAK,Info,False
5803,2028,69,506,2025-10-21 19:35:45,SIGNAL_DEGRADED,Minor,False
5804,2171,63,41,2024-08-22 06:01:36,SIGNAL_DEGRADED,Major,True
5805,3556,307,586,2025-01-14 06:30:52,LINK_DOWN,Critical,True
5806,4965,489,791,2025-09-07 16:47:32,RBS_OVER_TEMP,Critical,False
5807,2787,140,291,2024-07-17 02:24:43,CPU_OVERLOAD,Critical,False
5808,3153,97,72,2024-04-27 17:24:40,BATTERY_LOW,Critical,True
5809,1670,270,471,2025-08-04 16:31:37,CPU_OVERLOAD,Minor,False
5810,809,142,691,2024-03-19 20:49:34,FIBRE_BREAK,Major,True
5811,4083,396,631,2025-08-06 12:21:09,RBS_OVER_TEMP,Info,False
5812,910,139,506,2025-08-06 12:27:23,FIBRE_BREAK,Minor,True
5813,528,138,512,2025-06-02 16:45:23,RBS_OVER_TEMP,Major,False
5814,2515,179,294,2025-10-22 07:21:19,FIBRE_BREAK,Minor,False
5815,3802,213,899,2024-03-23 10:55:08,CPU_OVERLOAD,Minor,True
5816,305,188,471,2025-04-10 03:40:30,ANTENNA_FAULT,Minor,False
5817,2207,268,121,2025-02-24 13:16:03,MEMORY_HIGH,Info,False
5818,3899,65,753,2024-11-12 07:48:20,MEMORY_HIGH,Major,False
5819,634,41,310,2025-07-11 13:11:29,TRANSMISSION_ERROR,Minor,True
5820,1380,323,445,2025-01-06 08:43:31,SIGNAL_DEGRADED,Major,False
5821,2627,88,762,2024-08-04 11:57:15,MEMORY_HIGH,Minor,False
5822,4609,24,552,2024-08-30 06:53:02,LINK_DOWN,Critical,True
5823,389,32,952,2024-10-21 12:17:30,BATTERY_LOW,Critical,False
5824,4817,204,449,2024-12-30 16:33:44,MEMORY_HIGH,Info,False
5825,3242,151,598,2024-03-23 15:22:04,ANTENNA_FAULT,Major,False
5826,1970,281,673,2024-10-18 14:34:29,RBS_OVER_TEMP,Major,False
5827,3178,342,96,2024-03-20 01:34:49,SIGNAL_DEGRADED,Critical,False
5828,3998,310,323,2024-02-13 16:55:32,TRANSMISSION_ERROR,Critical,False
5829,2778,285,846,2024-09-25 12:40:43,LINK_DOWN,Major,False
5830,183,111,840,2024-03-28 13:50:30,TRANSMISSION_ERROR,Info,False
5831,4648,296,860,2024-03-08 05:46:57,RBS_OVER_TEMP,Info,False
5832,1290,415,827,2024-04-23 05:17:21,SOFTWARE_CRASH,Major,True
5833,4866,21,455,2025-10-28 03:46:32,FIBRE_BREAK,Info,True
5834,2830,149,6,2024-12-11 12:53:36,RBS_OVER_TEMP,Info,False
5835,4638,179,979,2024-06-12 01:55:50,RBS_OVER_TEMP,Major,True
5836,920,270,480,2024-05-08 05:33:57,TRANSMISSION_ERROR,Minor,False
5837,842,259,770,2025-12-02 11:45:53,SIGNAL_DEGRADED,Info,True
5838,4377,201,411,2024-01-20 13:45:21,SYNC_LOSS,Critical,False
5839,3723,429,464,2024-02-16 09:45:25,BATTERY_LOW,Major,False
5840,4165,343,238,2024-10-17 20:41:13,LINK_DOWN,Major,False
5841,3957,72,244,2025-01-31 14:32:57,CPU_OVERLOAD,Minor,True
5842,1187,64,976,2024-04-24 13:01:22,FIBRE_BREAK,Minor,False
5843,3685,217,318,2025-10-31 15:42:06,ANTENNA_FAULT,Major,False
5844,317,96,995,2024-03-28 23:20:46,FIBRE_BREAK,Info,True
5845,4556,81,309,2024-02-19 12:33:01,LINK_DOWN,Info,False
5846,1180,96,733,2025-01-02 10:12:20,POWER_ALARM,Minor,True
5847,2452,382,616,2024-04-25 15:59:52,BATTERY_LOW,Major,False
5848,404,88,888,2025-11-08 16:07:29,MEMORY_HIGH,Critical,False
5849,1312,256,124,2024-09-15 17:03:05,TRANSMISSION_ERROR,Info,False
5850,3989,106,143,2025-10-25 11:43:36,ANTENNA_FAULT,Critical,False
5851,1822,128,55,2024-12-13 12:51:12,FIBRE_BREAK,Critical,True
5852,794,176,68,2025-05-03 08:45:19,BATTERY_LOW,Major,False
5853,4675,324,33,2024-08-13 16:24:55,CPU_OVERLOAD,Major,False
5854,1071,341,768,2025-11-05 07:29:23,MEMORY_HIGH,Major,True
5855,1582,217,284,2024-10-05 09:08:32,LINK_DOWN,Minor,False
5856,3887,23,888,2024-09-25 01:32:21,TRANSMISSION_ERROR,Major,False
5857,450,262,180,2025-06-19 16:34:39,ANTENNA_FAULT,Info,False
5858,1295,95,588,2025-08-11 06:49:36,SOFTWARE_CRASH,Minor,False
5859,2244,310,48,2024-04-04 09:25:03,BATTERY_LOW,Minor,False
5860,4738,52,300,2024-05-15 06:15:03,ANTENNA_FAULT,Info,True
5861,4032,234,724,2025-08-14 09:41:26,MEMORY_HIGH,Minor,False
5862,4586,455,166,2025-11-04 01:16:35,POWER_ALARM,Critical,False
5863,408,419,814,2024-08-21 11:48:26,TRANSMISSION_ERROR,Info,False
5864,1382,148,931,2025-11-13 06:28:16,FIBRE_BREAK,Critical,True
5865,2022,131,663,2025-08-04 15:13:59,SYNC_LOSS,Major,False
5866,506,350,180,2024-06-18 04:06:52,FIBRE_BREAK,Minor,True
5867,2320,316,994,2024-10-21 22:22:48,LINK_DOWN,Major,True
5868,2159,59,468,2024-04-07 20:51:55,SOFTWARE_CRASH,Info,True
5869,461,20,243,2024-10-16 16:16:47,RBS_OVER_TEMP,Info,False
5870,43,11,309,2024-09-21 13:06:27,RBS_OVER_TEMP,Minor,False
5871,2782,168,810,2024-04-29 04:26:11,SIGNAL_DEGRADED,Minor,True
5872,802,463,342,2025-04-29 15:11:06,SOFTWARE_CRASH,Info,True
5873,4739,8,493,2024-09-14 14:46:08,SYNC_LOSS,Info,True
5874,4477,430,258,2025-07-15 10:19:24,SOFTWARE_CRASH,Major,False
5875,4220,4,429,2025-06-04 14:06:46,CPU_OVERLOAD,Info,False
5876,2001,232,141,2025-08-16 04:26:49,MEMORY_HIGH,Minor,True
5877,4417,348,21,2025-10-15 09:11:30,SIGNAL_DEGRADED,Major,False
5878,3438,460,290,2024-05-15 14:12:18,CPU_OVERLOAD,Major,False
5879,4058,349,346,2024-09-13 09:33:36,POWER_ALARM,Info,False
5880,2286,408,998,2025-11-16 11:01:32,SYNC_LOSS,Minor,False
5881,1614,333,137,2025-01-10 14:23:31,BATTERY_LOW,Minor,False
5882,3836,41,40,2024-05-21 11:28:38,ANTENNA_FAULT,Minor,False
5883,4123,386,951,2025-12-14 19:47:38,RBS_OVER_TEMP,Major,False
5884,4660,8,359,2025-12-08 12:57:36,BATTERY_LOW,Info,True
5885,3452,159,627,2024-04-11 16:08:02,SYNC_LOSS,Major,False
5886,3162,73,890,2024-02-21 15:42:32,BATTERY_LOW,Info,True
5887,319,414,899,2024-09-27 21:18:02,LINK_DOWN,Major,False
5888,3211,85,413,2024-05-14 22:30:43,POWER_ALARM,Minor,False
5889,82,460,701,2025-01-07 08:24:39,FIBRE_BREAK,Info,False
5890,778,266,997,2024-12-28 15:55:20,SOFTWARE_CRASH,Info,False
5891,3593,322,737,2024-06-08 20:57:48,MEMORY_HIGH,Minor,True
5892,4876,469,301,2024-01-28 15:37:08,MEMORY_HIGH,Critical,False
5893,1912,460,547,2024-04-30 17:21:19,FIBRE_BREAK,Major,True
5894,3892,155,278,2025-12-28 08:08:51,RBS_OVER_TEMP,Major,False
5895,2220,280,109,2025-11-14 05:49:42,SIGNAL_DEGRADED,Minor,True
5896,4163,215,73,2025-12-17 17:23:36,RBS_OVER_TEMP,Major,False
5897,2172,7,973,2024-10-20 13:35:56,TRANSMISSION_ERROR,Minor,False
5898,3305,226,93,2025-09-09 20:53:50,SYNC_LOSS,Major,False
5899,291,332,228,2025-07-30 05:36:58,BATTERY_LOW,Critical,True
5900,4854,130,355,2025-10-29 16:03:44,SOFTWARE_CRASH,Major,False
5901,4916,146,135,2025-02-25 11:23:07,ANTENNA_FAULT,Major,False
5902,1539,39,281,2024-10-06 14:53:00,ANTENNA_FAULT,Critical,True
5903,950,150,750,2024-06-03 08:52:19,SYNC_LOSS,Minor,True
5904,1570,138,942,2025-05-08 13:55:26,MEMORY_HIGH,Minor,True
5905,3914,175,805,2024-02-16 17:11:25,MEMORY_HIGH,Minor,False
5906,1850,114,638,2025-05-13 16:47:17,MEMORY_HIGH,Critical,False
5907,1231,112,671,2024-10-30 18:13:44,FIBRE_BREAK,Critical,False
5908,4004,56,962,2025-02-04 12:54:39,SIGNAL_DEGRADED,Critical,False
5909,4215,322,934,2025-12-02 12:58:48,POWER_ALARM,Minor,False
5910,684,469,35,2025-08-26 01:52:20,SYNC_LOSS,Minor,False
5911,434,55,707,2024-05-14 03:41:04,RBS_OVER_TEMP,Info,True
5912,4345,64,825,2024-11-04 15:14:35,RBS_OVER_TEMP,Major,False
5913,3043,45,574,2024-12-25 16:27:33,TRANSMISSION_ERROR,Minor,True
5914,3166,328,420,2024-11-09 15:24:11,RBS_OVER_TEMP,Critical,True
5915,2653,231,181,2024-03-06 07:14:39,SYNC_LOSS,Minor,False
5916,4607,29,340,2024-09-29 17:46:09,TRANSMISSION_ERROR,Info,False
5917,1929,63,713,2024-12-13 11:30:40,POWER_ALARM,Major,False
5918,1676,401,921,2025-07-25 14:06:43,SIGNAL_DEGRADED,Minor,True
5919,2781,462,856,2025-04-19 22:17:56,CPU_OVERLOAD,Major,False
5920,4283,455,436,2024-06-13 15:43:23,MEMORY_HIGH,Major,True
5921,3545,297,25,2025-08-21 16:05:03,CPU_OVERLOAD,Info,False
5922,540,5,110,2025-07-24 17:04:03,RBS_OVER_TEMP,Info,True
5923,212,164,279,2025-05-18 02:11:13,SIGNAL_DEGRADED,Info,False
5924,1287,166,729,2024-11-07 01:21:14,FIBRE_BREAK,Major,False
5925,4599,16,751,2024-08-15 13:56:09,ANTENNA_FAULT,Major,True
5926,2708,244,191,2024-10-03 16:08:25,SYNC_LOSS,Critical,True
5927,1169,20,400,2024-07-30 08:26:33,MEMORY_HIGH,Minor,True
5928,4230,274,264,2024-08-19 15:59:54,LINK_DOWN,Minor,False
5929,1081,467,63,2024-07-29 04:44:13,FIBRE_BREAK,Minor,False
5930,1807,484,817,2024-03-08 17:21:42,MEMORY_HIGH,Info,False
5931,378,35,418,2024-10-04 15:57:13,RBS_OVER_TEMP,Major,False
5932,4509,327,632,2025-10-26 16:35:19,TRANSMISSION_ERROR,Critical,True
5933,158,56,154,2025-11-16 15:05:47,FIBRE_BREAK,Info,True
5934,870,383,787,2025-11-23 18:14:20,FIBRE_BREAK,Critical,False
5935,2304,461,99,2025-07-07 16:56:02,BATTERY_LOW,Info,False
5936,1229,118,800,2025-05-02 12:18:37,POWER_ALARM,Major,False
5937,1612,282,925,2025-10-12 14:54:16,LINK_DOWN,Minor,False
5938,3544,337,86,2025-01-22 14:42:54,SOFTWARE_CRASH,Minor,False
5939,3025,487,50,2025-11-22 00:09:24,CPU_OVERLOAD,Major,True
5940,1387,213,619,2024-03-24 17:45:39,SOFTWARE_CRASH,Minor,False
5941,1995,279,704,2025-07-16 10:11:26,BATTERY_LOW,Minor,False
5942,1761,319,235,2025-10-07 08:13:18,POWER_ALARM,Critical,True
5943,2892,389,704,2024-01-13 17:42:52,ANTENNA_FAULT,Minor,False
5944,2034,306,34,2024-07-11 17:57:20,CPU_OVERLOAD,Critical,False
5945,3541,387,136,2025-07-18 14:14:17,LINK_DOWN,Minor,False
5946,2982,264,366,2025-09-17 04:33:49,SIGNAL_DEGRADED,Info,False
5947,3925,22,542,2024-02-11 08:07:53,BATTERY_LOW,Major,False
5948,1054,99,411,2025-05-26 10:03:42,RBS_OVER_TEMP,Info,True
5949,3567,413,460,2024-09-08 10:55:18,TRANSMISSION_ERROR,Info,False
5950,1648,222,796,2025-06-19 09:00:22,FIBRE_BREAK,Critical,True
5951,3346,256,162,2024-06-01 20:44:07,MEMORY_HIGH,Minor,False
5952,1327,376,444,2024-04-09 05:56:08,FIBRE_BREAK,Major,False
5953,4605,293,624,2025-03-27 09:17:53,FIBRE_BREAK,Info,False
5954,3848,404,849,2025-07-20 10:33:01,SYNC_LOSS,Minor,False
5955,488,387,599,2025-06-19 10:46:46,TRANSMISSION_ERROR,Critical,False
5956,3334,49,89,2024-03-17 21:46:20,LINK_DOWN,Info,True
5957,886,199,765,2025-07-04 15:00:52,SIGNAL_DEGRADED,Minor,True
5958,4493,208,843,2025-01-19 11:21:10,SYNC_LOSS,Info,False
5959,4906,261,475,2024-06-06 20:15:27,ANTENNA_FAULT,Major,False
5960,758,312,14,2024-09-29 14:29:11,SIGNAL_DEGRADED,Minor,False
5961,1868,279,377,2024-12-27 14:05:43,SOFTWARE_CRASH,Critical,False
5962,1092,307,534,2025-02-15 16:06:42,LINK_DOWN,Minor,False
5963,3418,129,597,2024-09-22 01:07:27,SIGNAL_DEGRADED,Info,False
5964,4634,59,36,2024-01-28 10:47:52,POWER_ALARM,Major,False
5965,4732,241,95,2025-08-10 20:15:39,RBS_OVER_TEMP,Major,False
5966,2621,133,362,2024-12-25 18:15:37,SIGNAL_DEGRADED,Info,False
5967,531,259,209,2025-04-07 01:46:25,FIBRE_BREAK,Major,True
5968,2884,491,744,2025-03-11 12:11:06,RBS_OVER_TEMP,Minor,True
5969,1802,379,336,2025-01-04 14:19:32,RBS_OVER_TEMP,Critical,True
5970,4163,215,73,2025-12-17 17:33:36,BATTERY_LOW,Minor,False
5971,4449,37,811,2024-10-30 22:18:22,ANTENNA_FAULT,Major,False
5972,892,347,543,2025-12-16 17:30:46,SYNC_LOSS,Critical,False
5973,4528,29,178,2025-01-22 01:52:26,SYNC_LOSS,Info,False
5974,4776,422,936,2025-09-15 04:41:33,SIGNAL_DEGRADED,Major,False
5975,1327,376,444,2024-04-09 05:54:08,FIBRE_BREAK,Minor,True
5976,964,227,74,2024-09-07 15:53:38,FIBRE_BREAK,Major,False
5977,1012,473,865,2024-01-21 07:22:39,ANTENNA_FAULT,Critical,True
5978,3498,219,828,2024-06-13 11:41:55,CPU_OVERLOAD,Critical,True
5979,4032,234,724,2025-08-14 09:42:26,SIGNAL_DEGRADED,Major,False
5980,4896,9,446,2024-01-28 01:44:26,MEMORY_HIGH,Major,False
5981,4332,64,858,2024-11-22 16:15:39,RBS_OVER_TEMP,Info,False
5982,3399,91,63,2025-10-26 16:22:08,ANTENNA_FAULT,Minor,False
5983,4363,208,50,2025-05-18 02:35:36,SYNC_LOSS,Info,False
5984,4262,424,903,2025-07-24 09:35:22,LINK_DOWN,Info,False
5985,3643,312,793,2025-07-07 21:29:46,POWER_ALARM,Major,False
5986,2635,182,475,2025-09-30 12:19:07,POWER_ALARM,Minor,True
5987,4490,151,662,2025-03-01 00:05:40,SIGNAL_DEGRADED,Info,False
5988,4717,86,443,2025-12-10 14:43:09,LINK_DOWN,Info,True
5989,3196,8,459,2024-05-27 06:28:31,LINK_DOWN,Critical,False
5990,4895,198,64,2025-05-29 14:53:32,SIGNAL_DEGRADED,Major,False
5991,3112,378,148,2025-01-02 21:17:04,TRANSMISSION_ERROR,Major,False
5992,3093,119,749,2025-04-02 19:35:49,BATTERY_LOW,Info,False
5993,3837,485,408,2024-08-07 10:24:23,TRANSMISSION_ERROR,Critical,False
5994,866,220,854,2024-10-11 16:30:05,FIBRE_BREAK,Major,False
5995,818,28,246,2024-03-04 15:50:43,BATTERY_LOW,Major,False
5996,2683,309,239,2025-01-15 18:47:59,SOFTWARE_CRASH,Minor,True
5997,4104,306,118,2025-03-19 14:18:32,POWER_ALARM,Info,False
5998,1546,468,909,2025-02-21 05:09:09,RBS_OVER_TEMP,Minor,False
5999,3811,485,20,2024-08-03 05:59:24,MEMORY_HIGH,Minor,False
6000,424,244,734,2025-01-22 16:16:22,ANTENNA_FAULT,Major,True
6001,3286,241,983,2024-10-16 08:46:56,POWER_ALARM,Major,True
6002,2299,340,607,2024-03-04 12:35:52,CPU_OVERLOAD,Info,False
6003,1463,178,135,2024-02-19 16:27:58,ANTENNA_FAULT,Info,False
6004,3274,7,291,2024-08-13 07:28:58,RBS_OVER_TEMP,Minor,True
6005,4310,123,771,2025-10-24 17:58:27,LINK_DOWN,Minor,False
6006,2421,1,767,2024-05-06 14:52:45,LINK_DOWN,Major,False
6007,2706,142,509,2024-02-26 11:02:44,SOFTWARE_CRASH,Major,False
6008,4791,138,472,2024-01-08 22:55:12,RBS_OVER_TEMP,Critical,True
6009,219,217,886,2025-08-22 13:00:52,FIBRE_BREAK,Critical,False
6010,3928,296,845,2024-11-16 09:45:59,POWER_ALARM,Minor,False
6011,1311,431,679,2024-08-27 00:28:03,FIBRE_BREAK,Major,False
6012,1673,420,340,2024-08-02 23:14:28,BATTERY_LOW,Critical,False
6013,1008,456,637,2025-02-15 19:29:17,MEMORY_HIGH,Major,False
6014,1746,37,892,2025-07-15 15:48:32,MEMORY_HIGH,Minor,False
6015,1583,494,771,2024-11-27 17:10:31,POWER_ALARM,Critical,False
6016,1062,133,642,2024-07-29 17:26:34,SIGNAL_DEGRADED,Minor,True
6017,1502,207,127,2025-08-24 22:27:08,SOFTWARE_CRASH,Minor,True
6018,3668,209,160,2024-03-18 04:24:22,CPU_OVERLOAD,Major,False
6019,1603,275,498,2024-12-01 13:13:22,ANTENNA_FAULT,Minor,False
6020,4314,406,605,2024-12-05 08:27:02,TRANSMISSION_ERROR,Minor,True
6021,1434,64,358,2025-12-08 03:17:41,RBS_OVER_TEMP,Critical,False
6022,1241,331,646,2025-09-18 18:20:44,SOFTWARE_CRASH,Critical,False
6023,163,463,336,2025-01-25 18:58:42,BATTERY_LOW,Critical,False
6024,9,323,529,2024-10-21 23:25:06,FIBRE_BREAK,Info,False
6025,3186,492,831,2025-12-10 20:03:20,SYNC_LOSS,Major,True
6026,399,197,42,2024-05-16 13:16:07,RBS_OVER_TEMP,Minor,False
6027,4508,262,202,2024-01-17 13:03:10,RBS_OVER_TEMP,Major,False
6028,944,42,679,2025-04-09 08:51:49,POWER_ALARM,Info,True
6029,1557,311,452,2025-11-02 11:33:08,SIGNAL_DEGRADED,Critical,False
6030,3766,285,507,2024-06-06 19:52:51,ANTENNA_FAULT,Info,False
6031,4860,483,867,2024-04-07 16:43:33,SOFTWARE_CRASH,Minor,False
6032,4168,308,317,2025-11-06 11:39:40,RBS_OVER_TEMP,Major,False
6033,871,88,127,2024-04-24 01:02:33,CPU_OVERLOAD,Critical,False
6034,4100,438,32,2025-04-20 13:42:43,BATTERY_LOW,Info,True
6035,4302,94,885,2025-10-07 16:08:11,CPU_OVERLOAD,Minor,False
6036,2387,100,872,2025-09-15 00:56:57,CPU_OVERLOAD,Info,False
6037,130,484,37,2024-04-03 01:12:23,LINK_DOWN,Minor,False
6038,2037,332,513,2025-09-10 09:30:43,BATTERY_LOW,Info,False
6039,1734,174,149,2024-03-15 03:07:30,MEMORY_HIGH,Minor,False
6040,4016,43,841,2025-12-17 17:26:03,RBS_OVER_TEMP,Info,False
6041,2894,492,392,2024-12-01 10:22:25,BATTERY_LOW,Critical,False
6042,255,28,802,2024-05-26 14:13:55,SIGNAL_DEGRADED,Minor,False
6043,3036,458,142,2024-07-02 17:03:55,FIBRE_BREAK,Info,False
6044,3736,387,193,2025-01-21 11:38:06,MEMORY_HIGH,Critical,False
6045,2543,46,804,2025-11-03 13:05:14,ANTENNA_FAULT,Minor,True
6046,3545,297,25,2025-08-21 16:14:03,TRANSMISSION_ERROR,Minor,False
6047,1474,129,289,2025-05-25 17:09:56,SYNC_LOSS,Info,False
6048,885,370,52,2024-11-13 09:54:48,ANTENNA_FAULT,Info,True
6049,2598,306,358,2024-08-30 13:44:33,FIBRE_BREAK,Critical,True
6050,3741,189,280,2024-06-21 02:12:36,MEMORY_HIGH,Major,False
6051,4528,29,178,2025-01-22 01:52:26,FIBRE_BREAK,Minor,False
6052,2083,420,454,2025-04-12 13:18:47,SOFTWARE_CRASH,Major,False
6053,2620,290,928,2024-10-20 07:47:26,SIGNAL_DEGRADED,Minor,False
6054,1336,314,691,2024-03-20 01:22:07,RBS_OVER_TEMP,Minor,False
6055,2074,61,532,2025-06-03 17:01:31,CPU_OVERLOAD,Info,True
6056,1703,491,358,2025-01-16 18:10:25,CPU_OVERLOAD,Critical,False
6057,1176,90,522,2025-06-16 11:14:40,BATTERY_LOW,Minor,False
6058,1147,63,866,2025-07-15 14:29:27,SOFTWARE_CRASH,Info,False
6059,2067,462,642,2025-11-11 13:36:27,FIBRE_BREAK,Minor,False
6060,4669,271,516,2024-01-29 08:16:35,SOFTWARE_CRASH,Minor,True
6061,3357,170,84,2024-06-30 13:50:38,FIBRE_BREAK,Major,False
6062,2219,485,810,2025-02-23 10:24:33,SYNC_LOSS,Major,False
6063,82,460,701,2025-01-07 08:52:39,TRANSMISSION_ERROR,Minor,True
6064,479,135,884,2025-04-12 03:51:56,CPU_OVERLOAD,Minor,False
6065,47,436,74,2025-04-06 12:48:34,FIBRE_BREAK,Minor,True
6066,552,20,899,2025-02-16 09:05:30,ANTENNA_FAULT,Minor,False
6067,4984,394,71,2024-04-21 01:52:30,FIBRE_BREAK,Minor,False
6068,3446,348,516,2025-02-10 10:44:25,TRANSMISSION_ERROR,Info,False
6069,3120,223,115,2024-01-18 18:35:56,MEMORY_HIGH,Major,False
6070,1207,466,731,2024-10-28 08:15:30,BATTERY_LOW,Minor,False
6071,4716,123,440,2025-10-18 11:40:43,MEMORY_HIGH,Critical,True
6072,2841,232,279,2025-06-18 21:02:04,LINK_DOWN,Major,False
6073,2515,179,294,2025-10-22 07:27:19,CPU_OVERLOAD,Minor,False
6074,4253,382,527,2024-08-11 10:55:56,MEMORY_HIGH,Minor,False
6075,3333,369,537,2025-04-08 09:43:18,SYNC_LOSS,Critical,False
6076,4425,327,690,2025-10-14 11:40:58,ANTENNA_FAULT,Major,False
6077,3222,211,677,2025-03-10 17:17:46,SIGNAL_DEGRADED,Critical,False
6078,518,132,571,2025-01-20 12:11:02,MEMORY_HIGH,Minor,True
6079,969,308,565,2025-05-25 11:52:10,ANTENNA_FAULT,Info,False
6080,1464,491,364,2025-08-10 04:02:19,ANTENNA_FAULT,Major,False
6081,133,61,344,2024-12-05 15:12:21,FIBRE_BREAK,Minor,False
6082,1843,320,487,2024-08-18 18:03:45,CPU_OVERLOAD,Major,False
6083,421,1,34,2024-07-25 14:47:31,SOFTWARE_CRASH,Minor,False
6084,3730,234,758,2025-12-06 10:38:23,CPU_OVERLOAD,Minor,False
6085,1989,150,429,2024-06-07 13:40:08,FIBRE_BREAK,Minor,True
6086,97,282,623,2025-01-02 16:45:20,LINK_DOWN,Info,True
6087,2765,440,875,2024-02-19 09:34:25,FIBRE_BREAK,Critical,True
6088,1827,191,578,2024-07-21 12:10:49,SOFTWARE_CRASH,Minor,False
6089,2106,448,263,2025-06-12 08:30:19,LINK_DOWN,Info,True
6090,3453,194,815,2025-04-21 14:29:36,CPU_OVERLOAD,Critical,False
6091,390,232,832,2025-04-26 18:04:16,FIBRE_BREAK,Minor,True
6092,1648,222,796,2025-06-19 09:37:22,TRANSMISSION_ERROR,Critical,False
6093,953,96,624,2025-06-28 12:50:34,ANTENNA_FAULT,Info,False
6094,742,114,562,2025-09-24 20:58:17,BATTERY_LOW,Critical,False
6095,4364,244,295,2025-09-23 07:10:07,ANTENNA_FAULT,Info,False
6096,3161,263,923,2025-03-06 16:10:36,MEMORY_HIGH,Major,True
6097,1101,329,507,2024-03-22 15:42:24,SYNC_LOSS,Info,True
6098,3011,86,951,2024-01-02 16:51:42,ANTENNA_FAULT,Info,False
6099,4935,158,230,2025-03-21 00:38:39,TRANSMISSION_ERROR,Minor,True
6100,426,138,862,2024-06-11 06:13:24,ANTENNA_FAULT,Minor,False
6101,2142,236,348,2025-03-04 18:23:13,POWER_ALARM,Minor,False
6102,1059,167,520,2025-02-06 14:06:46,MEMORY_HIGH,Minor,False
6103,3225,165,461,2024-11-13 12:12:25,FIBRE_BREAK,Major,False
6104,2587,86,312,2025-08-14 10:51:24,RBS_OVER_TEMP,Critical,False
6105,4025,246,652,2024-12-28 01:02:02,LINK_DOWN,Minor,False
6106,1921,203,533,2024-04-30 10:29:58,MEMORY_HIGH,Minor,False
6107,3684,222,954,2024-10-19 16:41:42,TRANSMISSION_ERROR,Minor,False
6108,1161,277,270,2024-07-16 19:49:04,FIBRE_BREAK,Critical,False
6109,2494,139,821,2024-07-29 04:56:38,CPU_OVERLOAD,Info,False
6110,3061,356,102,2024-07-30 08:22:45,MEMORY_HIGH,Minor,True
6111,2724,499,491,2024-09-07 09:05:31,CPU_OVERLOAD,Minor,False
6112,937,142,947,2025-03-01 02:51:09,BATTERY_LOW,Info,False
6113,3873,412,685,2025-08-27 09:09:55,SYNC_LOSS,Major,False
6114,3366,33,309,2025-11-17 14:04:52,RBS_OVER_TEMP,Major,True
6115,2154,244,281,2025-03-23 04:24:24,SOFTWARE_CRASH,Critical,False
6116,4343,142,95,2025-01-30 09:45:49,FIBRE_BREAK,Minor,True
6117,28,176,815,2024-06-30 14:55:14,SOFTWARE_CRASH,Info,True
6118,4783,322,35,2025-06-22 08:33:32,TRANSMISSION_ERROR,Critical,True
6119,2672,220,879,2025-06-12 14:24:45,CPU_OVERLOAD,Info,False
6120,1909,297,14,2024-03-04 11:54:03,MEMORY_HIGH,Info,False
6121,1411,154,417,2024-10-21 22:00:40,SOFTWARE_CRASH,Info,False
6122,1035,398,609,2024-02-03 13:59:14,SIGNAL_DEGRADED,Info,False
6123,4410,171,480,2025-04-29 12:28:29,SYNC_LOSS,Minor,False
6124,2582,467,818,2024-07-03 15:10:30,TRANSMISSION_ERROR,Major,True
6125,2587,86,312,2025-08-14 10:57:24,CPU_OVERLOAD,Major,False
6126,487,342,481,2025-02-15 14:31:43,LINK_DOWN,Minor,True
6127,4847,496,212,2025-05-02 16:21:45,CPU_OVERLOAD,Minor,True
6128,395,82,453,2025-01-19 13:53:00,ANTENNA_FAULT,Minor,False
6129,3114,402,291,2024-08-05 16:59:12,SYNC_LOSS,Info,True
6130,3995,58,817,2024-02-20 10:26:54,POWER_ALARM,Info,False
6131,4659,441,102,2024-03-02 08:39:47,SYNC_LOSS,Info,False
6132,661,353,793,2024-10-06 23:43:12,SOFTWARE_CRASH,Minor,False
6133,2388,268,527,2024-01-22 13:54:10,SIGNAL_DEGRADED,Major,False
6134,1719,481,406,2024-03-11 14:25:41,ANTENNA_FAULT,Info,False
6135,320,358,535,2024-11-01 17:02:40,MEMORY_HIGH,Info,False
6136,2412,152,296,2025-06-05 06:20:57,SYNC_LOSS,Major,False
6137,3560,425,87,2025-01-15 09:01:00,TRANSMISSION_ERROR,Info,True
6138,643,370,91,2025-10-28 17:01:10,CPU_OVERLOAD,Critical,False
6139,2904,178,736,2024-11-04 13:37:27,SIGNAL_DEGRADED,Minor,True
6140,745,345,333,2024-10-06 07:28:49,ANTENNA_FAULT,Major,False
6141,1213,199,966,2025-08-15 11:00:47,SYNC_LOSS,Minor,False
6142,3702,231,797,2025-11-22 08:16:35,FIBRE_BREAK,Info,False
6143,3334,49,89,2024-03-17 21:32:20,SIGNAL_DEGRADED,Major,False
6144,4149,51,42,2025-04-02 16:52:07,ANTENNA_FAULT,Major,False
6145,2277,17,811,2025-02-18 12:20:30,LINK_DOWN,Major,True
6146,976,280,237,2024-08-19 13:19:22,CPU_OVERLOAD,Major,False
6147,3840,400,83,2025-11-12 21:58:28,BATTERY_LOW,Minor,True
6148,3846,396,664,2025-05-11 16:14:22,MEMORY_HIGH,Major,False
6149,314,273,601,2025-12-01 09:56:46,BATTERY_LOW,Minor,False
6150,3569,156,534,2024-05-01 15:56:18,MEMORY_HIGH,Major,False
6151,1761,319,235,2025-10-07 08:14:18,FIBRE_BREAK,Minor,False
6152,3600,94,651,2025-11-02 15:15:44,SOFTWARE_CRASH,Major,False
6153,1634,35,618,2024-10-21 22:04:58,CPU_OVERLOAD,Critical,True
6154,1819,348,412,2025-01-13 11:53:15,ANTENNA_FAULT,Minor,False
6155,3811,485,20,2024-08-03 05:58:24,SIGNAL_DEGRADED,Minor,True
6156,2676,132,436,2024-11-07 19:18:21,LINK_DOWN,Info,False
6157,2074,61,532,2025-06-03 16:55:31,SOFTWARE_CRASH,Info,False
6158,4818,376,400,2024-08-17 01:52:44,RBS_OVER_TEMP,Major,False
6159,3833,233,786,2025-10-28 13:11:30,SOFTWARE_CRASH,Major,True
6160,3889,100,633,2025-02-26 16:08:46,SYNC_LOSS,Minor,True
6161,1490,84,916,2024-05-16 16:56:24,RBS_OVER_TEMP,Major,False
6162,4489,25,6,2025-02-07 11:26:41,CPU_OVERLOAD,Minor,False
6163,2069,329,440,2024-09-22 12:33:04,ANTENNA_FAULT,Major,False
6164,4339,163,125,2024-11-01 01:36:34,BATTERY_LOW,Info,False
6165,2394,304,588,2024-05-23 12:33:46,BATTERY_LOW,Minor,False
6166,3763,490,919,2025-06-24 10:12:53,FIBRE_BREAK,Major,False
6167,3868,421,278,2025-12-28 17:07:00,FIBRE_BREAK,Info,False
6168,2967,146,199,2025-02-14 09:19:36,SYNC_LOSS,Major,False
6169,2006,80,654,2024-02-04 03:54:43,BATTERY_LOW,Minor,True
6170,4417,348,21,2025-10-15 09:11:30,POWER_ALARM,Minor,True
6171,420,416,216,2024-10-12 21:59:31,SOFTWARE_CRASH,Minor,False
6172,2711,244,572,2025-03-13 21:36:01,TRANSMISSION_ERROR,Major,False
6173,894,384,200,2025-11-07 13:24:40,LINK_DOWN,Info,False
6174,2109,394,808,2024-02-19 09:45:48,ANTENNA_FAULT,Critical,False
6175,1268,9,316,2024-08-02 00:14:28,SYNC_LOSS,Critical,False
6176,3813,310,675,2024-09-11 09:20:57,RBS_OVER_TEMP,Minor,False
6177,2478,120,979,2024-06-28 19:58:44,SIGNAL_DEGRADED,Major,False
6178,1188,354,959,2024-06-23 20:25:28,ANTENNA_FAULT,Info,True
6179,612,12,133,2024-12-11 17:59:18,POWER_ALARM,Info,False
6180,1120,299,705,2024-06-25 23:21:16,ANTENNA_FAULT,Minor,False
6181,1830,252,722,2025-07-30 00:29:49,LINK_DOWN,Info,True
6182,710,335,814,2024-07-16 09:52:14,RBS_OVER_TEMP,Major,True
6183,1533,8,900,2024-01-24 12:09:59,SYNC_LOSS,Major,False
6184,3851,484,73,2024-07-25 10:12:54,POWER_ALARM,Minor,True
6185,1026,424,569,2025-07-05 08:54:25,MEMORY_HIGH,Info,False
6186,4009,54,497,2024-03-11 16:15:38,RBS_OVER_TEMP,Critical,False
6187,75,174,263,2024-11-06 11:18:01,BATTERY_LOW,Info,False
6188,3540,126,857,2025-12-29 17:33:49,TRANSMISSION_ERROR,Minor,False
6189,350,278,545,2025-08-22 17:03:04,BATTERY_LOW,Major,False
6190,3367,126,446,2024-03-06 09:00:50,ANTENNA_FAULT,Minor,False
6191,4581,363,426,2025-02-23 10:47:32,CPU_OVERLOAD,Major,True
6192,3729,387,90,2025-08-20 12:40:37,RBS_OVER_TEMP,Major,False
6193,4191,308,196,2025-09-12 07:07:38,SIGNAL_DEGRADED,Minor,False
6194,1049,46,309,2025-03-05 17:01:22,SOFTWARE_CRASH,Minor,False
6195,3418,129,597,2024-09-22 00:42:27,LINK_DOWN,Minor,True
6196,4822,130,777,2024-01-17 04:59:06,SIGNAL_DEGRADED,Minor,False
6197,1092,307,534,2025-02-15 16:09:42,SYNC_LOSS,Major,False
6198,1460,273,673,2024-11-28 12:21:26,CPU_OVERLOAD,Minor,False
6199,1900,398,389,2024-12-04 03:31:58,POWER_ALARM,Minor,False
6200,3136,92,591,2024-07-04 13:46:37,POWER_ALARM,Minor,True
6201,2165,287,670,2024-11-22 03:08:26,SIGNAL_DEGRADED,Minor,False
6202,3870,73,464,2025-09-01 06:56:01,FIBRE_BREAK,Minor,True
6203,723,114,669,2024-02-10 04:09:31,TRANSMISSION_ERROR,Minor,False
6204,3676,59,137,2025-11-25 10:03:07,RBS_OVER_TEMP,Minor,False
6205,2339,152,45,2025-06-22 14:43:56,RBS_OVER_TEMP,Minor,False
6206,144,234,430,2024-12-22 09:18:27,FIBRE_BREAK,Info,False
6207,2983,92,415,2024-04-24 15:05:25,CPU_OVERLOAD,Minor,False
6208,262,394,830,2025-04-15 15:22:08,MEMORY_HIGH,Minor,True
6209,3328,412,12,2024-10-27 04:07:27,SIGNAL_DEGRADED,Info,True
6210,88,290,878,2025-01-25 13:24:43,FIBRE_BREAK,Minor,False
6211,4243,250,311,2025-07-22 09:47:31,CPU_OVERLOAD,Minor,False
6212,3814,71,360,2024-02-13 12:04:48,FIBRE_BREAK,Critical,False
6213,1268,9,316,2024-08-02 00:13:28,MEMORY_HIGH,Critical,True
6214,579,480,982,2025-10-15 21:09:45,SYNC_LOSS,Info,True
6215,1123,287,942,2025-01-30 11:04:38,POWER_ALARM,Major,False
6216,2913,6,106,2025-09-08 02:32:27,SYNC_LOSS,Info,True
6217,1861,379,540,2025-08-11 14:34:25,SYNC_LOSS,Minor,True
6218,4386,158,199,2024-08-14 16:56:40,LINK_DOWN,Minor,False
6219,754,385,331,2025-05-23 12:49:25,SYNC_LOSS,Info,True
6220,257,302,366,2025-06-08 03:07:46,RBS_OVER_TEMP,Critical,False
6221,1996,240,656,2024-03-15 17:11:37,SOFTWARE_CRASH,Major,False
6222,904,58,971,2024-01-30 20:03:47,BATTERY_LOW,Critical,False
6223,1872,447,800,2024-01-20 09:56:50,TRANSMISSION_ERROR,Minor,False
6224,3116,337,63,2024-11-28 17:43:39,MEMORY_HIGH,Minor,True
6225,1324,289,50,2024-10-25 19:02:33,SOFTWARE_CRASH,Minor,True
6226,2633,202,296,2024-09-07 16:51:53,POWER_ALARM,Info,False
6227,4389,27,771,2025-05-07 09:39:32,POWER_ALARM,Minor,False
6228,207,161,455,2025-07-27 23:43:22,ANTENNA_FAULT,Minor,True
6229,2938,431,288,2024-03-27 11:15:43,CPU_OVERLOAD,Info,True
6230,3732,170,985,2025-09-24 11:19:34,FIBRE_BREAK,Info,False
6231,3408,497,314,2025-02-17 03:56:57,MEMORY_HIGH,Major,True
6232,4394,102,389,2025-02-16 10:40:09,POWER_ALARM,Minor,False
6233,3889,100,633,2025-02-26 16:12:46,RBS_OVER_TEMP,Minor,False
6234,1565,190,8,2024-03-28 21:12:33,RBS_OVER_TEMP,Major,False
6235,3545,297,25,2025-08-21 16:16:03,FIBRE_BREAK,Minor,True
6236,4083,396,631,2025-08-06 12:18:09,CPU_OVERLOAD,Major,True
6237,3655,369,903,2024-05-31 20:33:43,MEMORY_HIGH,Minor,True
6238,933,256,518,2024-05-13 02:17:39,FIBRE_BREAK,Critical,False
6239,3200,432,692,2024-06-24 13:12:45,BATTERY_LOW,Major,False
6240,1325,332,845,2024-12-23 05:06:44,POWER_ALARM,Major,False
6241,4072,467,971,2025-09-08 17:40:11,SIGNAL_DEGRADED,Critical,True
6242,4662,352,860,2025-11-11 06:06:39,MEMORY_HIGH,Minor,False
6243,3052,406,64,2024-06-07 14:47:36,SYNC_LOSS,Minor,False
6244,1753,237,741,2024-07-31 09:22:09,SIGNAL_DEGRADED,Major,False
6245,4923,259,760,2024-02-11 09:57:49,SIGNAL_DEGRADED,Minor,True
6246,3324,404,813,2024-06-28 13:48:33,SYNC_LOSS,Minor,False
6247,643,370,91,2025-10-28 16:22:10,BATTERY_LOW,Critical,True
6248,3566,205,572,2024-01-04 16:59:12,MEMORY_HIGH,Info,True
6249,2084,11,551,2025-10-12 09:51:47,CPU_OVERLOAD,Info,False
6250,4916,146,135,2025-02-25 11:06:07,TRANSMISSION_ERROR,Info,False
6251,4741,139,371,2025-07-10 16:32:09,LINK_DOWN,Info,True
6252,878,358,582,2025-09-09 14:47:35,BATTERY_LOW,Minor,False
6253,445,287,312,2025-07-26 04:52:08,TRANSMISSION_ERROR,Minor,True
6254,3936,101,994,2025-03-18 07:35:28,RBS_OVER_TEMP,Critical,True
6255,3556,307,586,2025-01-14 06:32:52,FIBRE_BREAK,Info,False
6256,3252,400,412,2025-10-10 13:29:21,POWER_ALARM,Major,False
6257,1889,99,995,2024-02-19 08:14:33,BATTERY_LOW,Major,False
6258,2943,33,895,2024-01-27 16:58:06,SIGNAL_DEGRADED,Critical,False
6259,3808,491,590,2025-09-08 10:22:29,POWER_ALARM,Minor,False
6260,513,276,175,2024-04-03 14:06:17,LINK_DOWN,Critical,False
6261,2775,48,353,2024-11-18 15:36:21,ANTENNA_FAULT,Info,False
6262,2965,458,950,2025-11-29 22:14:06,BATTERY_LOW,Critical,False
6263,2407,14,977,2024-03-17 08:59:33,BATTERY_LOW,Major,False
6264,850,70,911,2025-02-26 06:30:36,SOFTWARE_CRASH,Major,False
6265,4663,486,538,2025-11-23 17:11:49,LINK_DOWN,Info,True
6266,3712,341,364,2024-09-15 13:29:01,SYNC_LOSS,Minor,False
6267,1598,39,75,2025-06-26 11:09:38,TRANSMISSION_ERROR,Info,False
6268,4614,454,775,2024-06-10 02:57:07,SYNC_LOSS,Info,False
6269,4837,358,141,2024-04-27 14:53:23,LINK_DOWN,Info,True
6270,3353,25,994,2024-11-03 10:24:41,MEMORY_HIGH,Info,False
6271,2535,389,709,2025-10-12 13:27:15,MEMORY_HIGH,Minor,False
6272,3482,66,11,2024-10-08 14:45:40,FIBRE_BREAK,Major,True
6273,1639,383,796,2024-12-24 09:56:45,SYNC_LOSS,Info,False
6274,3585,258,300,2024-07-25 01:18:01,LINK_DOWN,Info,False
6275,3244,160,320,2024-03-10 04:37:43,SOFTWARE_CRASH,Minor,True
6276,2129,106,954,2024-04-12 09:41:20,CPU_OVERLOAD,Minor,False
6277,3743,36,228,2024-02-13 17:59:13,POWER_ALARM,Major,False
6278,2755,29,918,2025-01-16 03:39:04,SOFTWARE_CRASH,Minor,True
6279,4462,435,844,2024-09-03 18:11:07,ANTENNA_FAULT,Critical,True
6280,3779,23,2,2024-10-29 15:09:22,POWER_ALARM,Minor,False
6281,3450,355,591,2024-07-05 17:30:25,BATTERY_LOW,Minor,False
6282,4317,460,203,2025-12-03 16:22:48,CPU_OVERLOAD,Major,False
6283,1681,330,562,2024-02-03 11:50:51,MEMORY_HIGH,Minor,True
6284,2934,33,639,2025-10-25 07:27:37,BATTERY_LOW,Info,False
6285,2980,274,235,2025-08-29 18:24:57,RBS_OVER_TEMP,Minor,True
6286,3352,165,336,2025-01-08 04:12:49,RBS_OVER_TEMP,Critical,True
6287,4146,364,811,2024-07-15 11:26:15,TRANSMISSION_ERROR,Minor,True
6288,1209,217,775,2024-07-25 22:24:12,FIBRE_BREAK,Critical,True
6289,1606,55,619,2024-04-02 17:45:27,LINK_DOWN,Major,False
6290,2664,83,59,2024-12-20 18:25:22,ANTENNA_FAULT,Info,True
6291,1584,376,440,2024-12-13 14:42:50,POWER_ALARM,Critical,False
6292,314,273,601,2025-12-01 09:56:46,POWER_ALARM,Info,True
6293,2435,90,616,2024-01-17 13:54:14,SYNC_LOSS,Major,False
6294,4763,375,730,2025-03-10 00:29:06,LINK_DOWN,Critical,False
6295,1097,141,413,2024-10-16 08:12:15,ANTENNA_FAULT,Critical,False
6296,4592,403,585,2025-09-08 15:04:43,BATTERY_LOW,Info,True
6297,1977,273,83,2025-11-04 07:33:33,SYNC_LOSS,Major,True
6298,358,222,724,2025-12-14 03:52:02,SYNC_LOSS,Major,True
6299,2377,495,360,2024-09-14 02:58:05,ANTENNA_FAULT,Minor,True
6300,871,88,127,2024-04-24 01:01:33,RBS_OVER_TEMP,Info,False
6301,4900,40,925,2024-02-27 08:44:34,POWER_ALARM,Major,False
6302,924,203,286,2024-01-17 22:56:49,SOFTWARE_CRASH,Minor,False
6303,1359,236,824,2024-12-24 12:17:24,TRANSMISSION_ERROR,Critical,False
6304,2284,258,378,2024-06-10 16:07:01,SYNC_LOSS,Info,True
6305,1067,103,351,2025-08-10 20:01:20,POWER_ALARM,Info,True
6306,2937,40,206,2025-12-07 12:33:45,FIBRE_BREAK,Minor,True
6307,1667,222,667,2024-11-16 22:36:20,CPU_OVERLOAD,Minor,True
6308,4925,374,962,2024-06-04 08:33:34,SOFTWARE_CRASH,Major,False
6309,89,117,17,2024-12-19 00:17:54,CPU_OVERLOAD,Info,False
6310,2851,90,54,2025-01-11 13:58:57,SOFTWARE_CRASH,Info,False
6311,2957,249,91,2025-07-27 17:13:30,POWER_ALARM,Info,False
6312,1272,280,563,2025-11-28 09:06:17,SIGNAL_DEGRADED,Minor,False
6313,3257,113,45,2025-06-24 11:22:41,SYNC_LOSS,Minor,False
6314,1129,70,479,2024-03-22 04:17:35,POWER_ALARM,Critical,False
6315,3629,51,984,2025-04-07 11:38:31,POWER_ALARM,Minor,False
6316,4339,163,125,2024-11-01 01:41:34,MEMORY_HIGH,Minor,False
6317,395,82,453,2025-01-19 13:53:00,TRANSMISSION_ERROR,Minor,False
6318,809,142,691,2024-03-19 23:36:34,SIGNAL_DEGRADED,Minor,True
6319,3543,31,521,2025-11-23 00:24:11,SYNC_LOSS,Minor,True
6320,3537,275,238,2024-07-07 16:42:44,ANTENNA_FAULT,Major,False
6321,2656,34,3,2024-05-21 03:28:11,TRANSMISSION_ERROR,Major,False
6322,2412,152,296,2025-06-05 06:18:57,SOFTWARE_CRASH,Minor,True
6323,2880,334,855,2025-01-11 20:59:14,BATTERY_LOW,Critical,False
6324,4418,312,301,2025-03-13 07:39:17,BATTERY_LOW,Minor,False
6325,3522,91,456,2025-12-11 20:11:15,SOFTWARE_CRASH,Info,True
6326,4329,356,36,2024-08-29 18:49:47,BATTERY_LOW,Info,False
6327,4209,80,98,2025-09-09 09:15:06,MEMORY_HIGH,Minor,False
6328,595,131,419,2024-03-18 16:14:53,TRANSMISSION_ERROR,Critical,True
6329,4756,431,954,2025-04-14 23:00:12,SOFTWARE_CRASH,Minor,False
6330,572,137,604,2024-06-13 16:52:48,FIBRE_BREAK,Major,False
6331,1089,124,723,2024-05-11 14:37:56,TRANSMISSION_ERROR,Minor,False
6332,3924,162,166,2025-07-18 04:09:01,SOFTWARE_CRASH,Major,False
6333,894,384,200,2025-11-07 13:22:40,BATTERY_LOW,Major,False
6334,3686,237,243,2025-01-09 16:00:38,SIGNAL_DEGRADED,Major,False
6335,4682,332,840,2024-04-28 06:34:45,CPU_OVERLOAD,Minor,False
6336,3367,126,446,2024-03-06 09:08:50,LINK_DOWN,Info,False
6337,3294,450,759,2024-08-02 07:20:02,TRANSMISSION_ERROR,Major,True
6338,187,329,547,2025-06-20 16:34:30,MEMORY_HIGH,Major,False
6339,2984,329,434,2024-05-21 13:32:15,BATTERY_LOW,Minor,False
6340,2981,34,485,2025-04-28 13:26:20,SIGNAL_DEGRADED,Critical,False
6341,2323,48,869,2024-10-12 16:02:33,MEMORY_HIGH,Minor,True
6342,3103,156,59,2024-10-03 11:26:29,ANTENNA_FAULT,Major,True
6343,2821,44,582,2024-07-18 21:56:42,TRANSMISSION_ERROR,Minor,False
6344,203,355,644,2025-08-19 19:47:59,RBS_OVER_TEMP,Info,False
6345,3190,269,35,2024-01-15 04:47:48,ANTENNA_FAULT,Major,False
6346,340,2,330,2025-05-05 15:02:58,TRANSMISSION_ERROR,Critical,False
6347,2721,95,329,2024-06-12 10:53:20,SYNC_LOSS,Info,False
6348,501,90,839,2025-04-26 09:10:58,MEMORY_HIGH,Minor,True
6349,2609,209,372,2024-12-25 09:56:06,LINK_DOWN,Critical,False
6350,3627,314,897,2024-02-03 11:28:30,RBS_OVER_TEMP,Major,False
6351,3955,480,851,2025-02-20 06:53:28,BATTERY_LOW,Major,False
6352,168,408,801,2024-04-24 18:56:41,FIBRE_BREAK,Minor,False
6353,4749,291,539,2025-11-13 21:11:26,SYNC_LOSS,Major,False
6354,1219,208,998,2025-10-13 16:37:41,POWER_ALARM,Info,True
6355,908,274,490,2024-04-19 12:05:45,RBS_OVER_TEMP,Minor,True
6356,2242,300,754,2025-11-14 13:43:58,POWER_ALARM,Major,False
6357,3712,341,364,2024-09-15 13:19:01,SIGNAL_DEGRADED,Critical,False
6358,1556,118,741,2025-07-23 16:04:00,ANTENNA_FAULT,Minor,False
6359,3348,143,151,2025-05-03 16:07:19,TRANSMISSION_ERROR,Info,True
6360,3767,325,922,2025-01-15 12:00:14,BATTERY_LOW,Info,False
6361,4099,19,385,2025-10-17 17:14:32,BATTERY_LOW,Minor,False
6362,3203,6,843,2024-05-28 18:32:02,ANTENNA_FAULT,Minor,False
6363,2597,398,681,2025-10-09 18:02:05,FIBRE_BREAK,Minor,False
6364,1411,154,417,2024-10-21 21:57:40,FIBRE_BREAK,Info,True
6365,3622,376,357,2024-02-03 16:29:40,BATTERY_LOW,Minor,False
6366,2109,394,808,2024-02-19 09:46:48,FIBRE_BREAK,Minor,False
6367,3554,350,734,2025-02-07 10:32:17,TRANSMISSION_ERROR,Major,False
6368,2185,453,410,2024-06-22 12:20:19,ANTENNA_FAULT,Minor,False
6369,2313,37,177,2024-04-22 11:42:10,SYNC_LOSS,Minor,False
6370,699,63,289,2025-10-06 05:36:15,POWER_ALARM,Critical,False
6371,3758,397,461,2024-12-14 15:45:26,CPU_OVERLOAD,Critical,False
6372,3336,367,849,2025-06-13 14:06:10,MEMORY_HIGH,Info,False
6373,1044,498,697,2024-02-22 11:35:07,BATTERY_LOW,Major,False
6374,4870,20,480,2025-05-23 23:21:01,RBS_OVER_TEMP,Major,False
6375,4506,223,651,2024-01-14 12:09:23,CPU_OVERLOAD,Info,True
6376,1310,454,74,2024-01-08 15:39:00,MEMORY_HIGH,Minor,False
6377,881,384,437,2024-11-30 20:25:00,ANTENNA_FAULT,Info,False
6378,1609,385,491,2025-01-01 09:06:13,SOFTWARE_CRASH,Info,False
6379,3129,404,156,2025-08-31 17:30:17,ANTENNA_FAULT,Minor,True
6380,3358,412,1,2025-11-30 12:47:03,BATTERY_LOW,Minor,False
6381,58,384,893,2025-12-04 00:12:25,SYNC_LOSS,Critical,False
6382,3030,69,345,2025-11-16 12:11:53,SOFTWARE_CRASH,Minor,False
6383,4205,462,817,2025-06-09 11:13:47,CPU_OVERLOAD,Critical,False
6384,2745,98,98,2024-08-21 14:01:40,TRANSMISSION_ERROR,Info,False
6385,3239,316,598,2024-08-11 13:12:16,LINK_DOWN,Info,False
6386,487,342,481,2025-02-15 14:34:43,TRANSMISSION_ERROR,Info,False
6387,1258,202,223,2025-04-29 14:55:33,SIGNAL_DEGRADED,Major,False
6388,1762,316,907,2024-03-12 22:05:50,MEMORY_HIGH,Major,True
6389,3166,328,420,2024-11-09 15:36:11,RBS_OVER_TEMP,Info,False
6390,1666,229,701,2024-09-13 15:54:25,SYNC_LOSS,Info,False
6391,2314,336,356,2024-01-21 03:40:31,BATTERY_LOW,Major,False
6392,1120,299,705,2024-06-25 22:41:16,BATTERY_LOW,Critical,False
6393,3082,144,990,2025-08-26 18:05:56,MEMORY_HIGH,Major,False
6394,4692,441,730,2025-08-15 01:39:14,MEMORY_HIGH,Major,True
6395,484,331,633,2025-11-20 08:38:26,ANTENNA_FAULT,Major,False
6396,20,461,244,2025-04-25 19:50:39,LINK_DOWN,Info,False
6397,3718,207,525,2024-12-29 01:20:21,RBS_OVER_TEMP,Minor,False
6398,3951,308,695,2025-04-30 03:22:10,MEMORY_HIGH,Major,False
6399,4484,151,318,2024-09-25 17:15:05,SYNC_LOSS,Minor,True
6400,3554,350,734,2025-02-07 10:34:17,FIBRE_BREAK,Minor,False
6401,526,222,926,2025-08-29 08:49:19,POWER_ALARM,Minor,False
6402,4945,131,660,2025-02-08 14:38:02,SIGNAL_DEGRADED,Minor,True
6403,260,404,362,2025-06-21 01:33:41,TRANSMISSION_ERROR,Minor,False
6404,886,199,765,2025-07-04 14:48:52,BATTERY_LOW,Info,False
6405,551,295,541,2024-10-03 15:13:42,SOFTWARE_CRASH,Minor,False
6406,277,25,791,2025-06-05 17:05:45,LINK_DOWN,Minor,False
6407,194,282,116,2025-03-11 13:47:32,RBS_OVER_TEMP,Minor,False
6408,1263,336,576,2025-03-19 06:09:47,MEMORY_HIGH,Critical,False
6409,1060,74,248,2025-10-09 12:02:34,FIBRE_BREAK,Minor,False
6410,4558,186,70,2024-07-20 13:30:22,LINK_DOWN,Info,False
6411,4455,18,306,2024-12-09 16:50:35,SIGNAL_DEGRADED,Critical,False
6412,2020,73,174,2025-03-01 18:39:09,FIBRE_BREAK,Minor,False
6413,810,54,371,2024-09-05 05:28:08,MEMORY_HIGH,Minor,False
6414,159,60,643,2025-12-19 22:48:31,CPU_OVERLOAD,Major,False
6415,1887,253,488,2024-02-26 13:47:07,LINK_DOWN,Major,False
6416,3714,452,716,2025-02-20 15:35:19,SYNC_LOSS,Minor,False
6417,1385,206,140,2024-08-01 08:19:51,SYNC_LOSS,Minor,True
6418,4116,176,575,2025-05-21 15:58:42,TRANSMISSION_ERROR,Major,True
6419,648,76,252,2025-10-25 08:36:14,TRANSMISSION_ERROR,Major,True
6420,2054,280,654,2025-04-03 13:28:27,SIGNAL_DEGRADED,Info,False
6421,2337,381,907,2024-03-06 09:29:59,POWER_ALARM,Info,True
6422,1200,17,588,2025-07-10 14:24:38,RBS_OVER_TEMP,Major,False
6423,4035,317,830,2025-07-04 08:25:31,SIGNAL_DEGRADED,Info,False
6424,3048,306,728,2025-06-06 15:17:29,TRANSMISSION_ERROR,Info,True
6425,4,198,145,2024-12-24 22:46:33,SYNC_LOSS,Major,False
6426,825,275,132,2024-09-19 09:02:48,ANTENNA_FAULT,Critical,False
6427,4423,82,198,2025-11-11 14:51:55,BATTERY_LOW,Minor,False
6428,1098,99,702,2024-07-23 16:00:25,CPU_OVERLOAD,Minor,False
6429,202,430,387,2024-12-27 18:14:09,SOFTWARE_CRASH,Info,False
6430,2253,240,327,2024-10-14 14:53:33,SYNC_LOSS,Critical,False
6431,829,424,31,2024-02-22 03:03:09,TRANSMISSION_ERROR,Major,False
6432,3894,220,307,2025-08-05 23:20:04,ANTENNA_FAULT,Major,True
6433,4009,54,497,2024-03-11 16:44:38,FIBRE_BREAK,Info,False
6434,1003,402,716,2025-10-23 12:12:04,FIBRE_BREAK,Major,False
6435,2226,396,636,2025-07-16 12:48:55,SYNC_LOSS,Major,False
6436,2844,290,205,2025-07-22 18:15:18,CPU_OVERLOAD,Minor,False
6437,473,65,85,2024-08-12 16:45:20,ANTENNA_FAULT,Info,False
6438,2514,428,205,2024-01-15 02:20:01,POWER_ALARM,Info,False
6439,4458,483,813,2024-07-05 04:41:14,POWER_ALARM,Critical,False
6440,3900,200,630,2024-05-09 15:37:22,POWER_ALARM,Info,True
6441,2056,326,380,2025-11-02 04:15:41,BATTERY_LOW,Info,True
6442,3081,197,788,2024-01-10 10:27:56,FIBRE_BREAK,Minor,False
6443,444,345,971,2025-09-03 09:12:23,TRANSMISSION_ERROR,Info,False
6444,733,340,275,2025-10-10 10:00:23,SOFTWARE_CRASH,Info,False
6445,3441,120,346,2024-01-21 19:41:59,MEMORY_HIGH,Major,True
6446,1529,432,179,2024-04-11 15:42:47,TRANSMISSION_ERROR,Critical,False
6447,389,32,952,2024-10-21 12:14:30,SOFTWARE_CRASH,Major,False
6448,570,17,381,2024-07-04 17:53:31,CPU_OVERLOAD,Minor,True
6449,1370,226,767,2025-03-29 05:56:29,POWER_ALARM,Info,False
6450,4966,160,884,2024-08-12 02:34:35,SYNC_LOSS,Minor,True
6451,1795,245,830,2025-01-29 11:49:18,POWER_ALARM,Info,False
6452,1310,454,74,2024-01-08 15:34:00,FIBRE_BREAK,Info,False
6453,1411,154,417,2024-10-21 22:02:40,FIBRE_BREAK,Info,True
6454,4673,369,803,2024-02-26 02:45:51,FIBRE_BREAK,Info,False
6455,3494,266,971,2025-06-10 17:25:29,SIGNAL_DEGRADED,Major,True
6456,2810,480,98,2025-12-20 14:00:30,CPU_OVERLOAD,Minor,True
6457,4081,174,908,2024-09-24 17:45:45,TRANSMISSION_ERROR,Major,True
6458,1847,168,36,2025-06-13 01:10:37,POWER_ALARM,Major,False
6459,1635,367,571,2025-07-05 12:13:20,SOFTWARE_CRASH,Major,False
6460,850,70,911,2025-02-26 06:29:36,TRANSMISSION_ERROR,Info,False
6461,2305,449,76,2024-06-27 10:32:24,TRANSMISSION_ERROR,Info,True
6462,3726,243,962,2024-11-14 11:41:15,LINK_DOWN,Info,False
6463,3900,200,630,2024-05-09 15:57:22,POWER_ALARM,Minor,False
6464,3873,412,685,2025-08-27 09:12:55,POWER_ALARM,Minor,False
6465,2108,461,713,2026-01-01 17:49:00,FIBRE_BREAK,Critical,False
6466,1479,94,137,2025-08-22 12:42:08,ANTENNA_FAULT,Info,False
6467,254,216,448,2025-10-15 19:21:57,BATTERY_LOW,Info,True
6468,1674,157,245,2024-12-11 08:53:00,LINK_DOWN,Minor,False
6469,4979,268,159,2025-09-20 16:50:10,POWER_ALARM,Minor,True
6470,1429,286,547,2025-04-21 10:25:55,SOFTWARE_CRASH,Info,False
6471,1126,43,462,2024-10-29 16:41:24,LINK_DOWN,Critical,False
6472,1842,6,379,2025-12-08 14:06:50,CPU_OVERLOAD,Info,True
6473,69,99,639,2024-06-28 17:26:16,SYNC_LOSS,Info,True
6474,3405,76,396,2025-10-30 10:58:12,SYNC_LOSS,Minor,False
6475,96,209,710,2024-12-15 20:20:20,RBS_OVER_TEMP,Major,False
6476,4956,45,845,2024-01-09 08:14:42,RBS_OVER_TEMP,Minor,True
6477,3029,233,455,2025-06-24 13:11:56,MEMORY_HIGH,Critical,False
6478,1641,219,355,2024-12-06 10:22:08,FIBRE_BREAK,Major,True
6479,2193,273,237,2025-04-05 11:59:33,LINK_DOWN,Critical,True
6480,204,374,384,2025-01-30 09:56:49,CPU_OVERLOAD,Critical,False
6481,3717,329,48,2025-06-06 17:22:41,TRANSMISSION_ERROR,Info,False
6482,3641,241,773,2024-08-15 13:13:51,SYNC_LOSS,Major,False
6483,3288,164,845,2024-08-25 14:41:26,SIGNAL_DEGRADED,Info,False
6484,1797,271,230,2024-04-27 15:42:44,POWER_ALARM,Minor,True
6485,1022,354,895,2025-05-02 17:28:11,SOFTWARE_CRASH,Minor,True
6486,3982,429,468,2025-05-27 17:17:35,TRANSMISSION_ERROR,Critical,False
6487,4395,328,682,2024-04-18 03:32:34,POWER_ALARM,Minor,False
6488,2582,467,818,2024-07-03 15:07:30,SIGNAL_DEGRADED,Info,False
6489,3220,402,465,2024-03-12 23:14:27,TRANSMISSION_ERROR,Info,False
6490,69,99,639,2024-06-28 17:34:16,RBS_OVER_TEMP,Major,True
6491,595,131,419,2024-03-18 16:05:53,TRANSMISSION_ERROR,Major,False
6492,1846,363,166,2025-11-16 15:28:39,SIGNAL_DEGRADED,Info,True
6493,1452,299,677,2024-09-22 22:50:16,MEMORY_HIGH,Minor,False
6494,643,370,91,2025-10-28 17:19:10,TRANSMISSION_ERROR,Critical,True
6495,3211,85,413,2024-05-14 22:31:43,MEMORY_HIGH,Minor,False
6496,375,221,950,2024-03-05 03:24:11,SOFTWARE_CRASH,Critical,True
6497,725,296,992,2024-01-08 10:11:42,POWER_ALARM,Critical,False
6498,398,278,43,2024-08-30 12:44:20,CPU_OVERLOAD,Major,False
6499,4295,394,23,2025-11-18 04:12:44,POWER_ALARM,Info,True
6500,3090,458,155,2025-04-21 19:08:18,LINK_DOWN,Major,False
6501,4896,9,446,2024-01-28 01:30:26,CPU_OVERLOAD,Minor,False
6502,3698,306,455,2025-06-02 17:29:48,FIBRE_BREAK,Minor,False
6503,4671,203,43,2025-04-02 10:35:50,BATTERY_LOW,Minor,False
6504,1671,28,69,2024-02-22 09:38:25,MEMORY_HIGH,Critical,False
6505,4213,254,249,2024-07-11 17:04:18,RBS_OVER_TEMP,Critical,False
6506,3650,346,564,2024-12-15 10:49:02,BATTERY_LOW,Minor,False
6507,4109,316,874,2024-02-03 18:27:31,MEMORY_HIGH,Info,False
6508,4943,89,799,2025-07-28 14:54:23,SOFTWARE_CRASH,Minor,False
6509,4366,161,228,2024-10-12 18:18:44,ANTENNA_FAULT,Critical,False
6510,2138,277,510,2025-10-20 16:44:06,RBS_OVER_TEMP,Minor,True
6511,3216,499,834,2024-11-08 11:09:34,SYNC_LOSS,Critical,False
6512,4357,15,506,2024-06-28 08:29:06,RBS_OVER_TEMP,Minor,False
6513,983,334,176,2025-05-22 13:35:56,CPU_OVERLOAD,Info,False
6514,2869,116,500,2024-11-29 11:49:41,BATTERY_LOW,Major,True
6515,2848,469,859,2025-09-02 01:33:27,TRANSMISSION_ERROR,Info,True
6516,2995,422,585,2024-12-31 03:17:48,POWER_ALARM,Major,False
6517,1888,462,331,2024-03-07 21:02:48,ANTENNA_FAULT,Minor,True
6518,1279,405,741,2025-05-25 18:54:50,MEMORY_HIGH,Major,False
6519,4477,430,258,2025-07-15 10:16:24,SYNC_LOSS,Major,True
6520,4697,37,847,2025-06-13 09:42:17,BATTERY_LOW,Minor,False
6521,395,82,453,2025-01-19 13:53:00,SIGNAL_DEGRADED,Minor,False
6522,315,68,973,2025-11-27 01:47:09,SYNC_LOSS,Critical,False
6523,982,128,215,2024-08-26 15:30:18,TRANSMISSION_ERROR,Info,False
6524,2711,244,572,2025-03-13 21:41:01,LINK_DOWN,Major,False
6525,2080,369,89,2024-11-04 16:12:56,MEMORY_HIGH,Minor,True
6526,2154,244,281,2025-03-23 04:22:24,MEMORY_HIGH,Major,True
6527,3526,429,839,2024-04-26 01:04:09,TRANSMISSION_ERROR,Minor,False
6528,576,367,669,2024-03-06 21:25:49,SOFTWARE_CRASH,Major,True
6529,3964,494,503,2025-11-12 07:54:31,ANTENNA_FAULT,Info,False
6530,1174,159,440,2024-05-18 13:14:50,ANTENNA_FAULT,Info,False
6531,3097,70,243,2025-12-17 14:01:58,RBS_OVER_TEMP,Major,False
6532,4697,37,847,2025-06-13 09:42:17,BATTERY_LOW,Minor,True
6533,1846,363,166,2025-11-16 15:18:39,CPU_OVERLOAD,Info,False
6534,1502,207,127,2025-08-24 22:26:08,FIBRE_BREAK,Info,False
6535,4389,27,771,2025-05-07 09:47:32,BATTERY_LOW,Info,True
6536,2309,204,182,2025-11-21 02:48:45,MEMORY_HIGH,Minor,True
6537,2782,168,810,2024-04-29 04:24:11,FIBRE_BREAK,Minor,True
6538,1448,330,283,2025-11-08 12:14:51,SOFTWARE_CRASH,Critical,False
6539,4454,373,939,2025-05-27 14:46:23,FIBRE_BREAK,Major,False
6540,765,477,314,2024-05-21 14:49:32,TRANSMISSION_ERROR,Major,False
6541,1425,309,890,2025-02-04 15:13:25,SOFTWARE_CRASH,Critical,False
6542,1881,393,966,2025-03-21 11:18:42,ANTENNA_FAULT,Minor,False
6543,1664,266,150,2025-01-01 23:27:24,RBS_OVER_TEMP,Major,False
6544,2115,305,526,2024-07-20 10:07:40,RBS_OVER_TEMP,Info,True
6545,4615,312,448,2025-04-01 01:23:03,SYNC_LOSS,Minor,False
6546,2977,62,871,2025-04-10 10:11:17,RBS_OVER_TEMP,Major,False
6547,3896,424,117,2024-08-30 10:40:13,BATTERY_LOW,Major,False
6548,310,257,168,2024-01-12 20:59:46,FIBRE_BREAK,Info,False
6549,4658,72,823,2025-12-26 17:38:42,MEMORY_HIGH,Minor,True
6550,852,74,730,2024-11-26 01:25:34,TRANSMISSION_ERROR,Minor,True
6551,4290,209,197,2024-02-06 13:04:58,ANTENNA_FAULT,Major,True
6552,3704,500,544,2025-10-04 21:37:47,SIGNAL_DEGRADED,Critical,False
6553,1885,434,674,2025-04-13 20:24:44,MEMORY_HIGH,Major,False
6554,1660,132,819,2025-07-31 12:18:44,ANTENNA_FAULT,Critical,False
6555,644,300,151,2024-12-25 18:51:02,ANTENNA_FAULT,Info,False
6556,579,480,982,2025-10-15 21:09:45,TRANSMISSION_ERROR,Info,True
6557,3229,44,944,2025-05-27 11:34:09,BATTERY_LOW,Critical,True
6558,2918,132,170,2024-01-26 23:58:05,POWER_ALARM,Info,True
6559,2283,289,385,2024-07-23 14:07:07,SIGNAL_DEGRADED,Info,False
6560,2674,175,137,2025-07-25 01:04:27,MEMORY_HIGH,Minor,False
6561,2256,397,45,2025-03-17 07:25:12,RBS_OVER_TEMP,Major,False
6562,3358,412,1,2025-11-30 12:47:03,SOFTWARE_CRASH,Info,False
6563,1453,258,16,2024-09-22 21:34:38,ANTENNA_FAULT,Info,True
6564,2865,200,902,2025-08-20 15:21:46,SYNC_LOSS,Major,False
6565,2626,49,595,2025-09-25 12:03:31,CPU_OVERLOAD,Major,False
6566,1135,202,920,2025-08-18 04:47:39,BATTERY_LOW,Minor,False
6567,4852,314,406,2025-11-16 19:59:34,SIGNAL_DEGRADED,Critical,False
6568,1849,54,393,2024-09-13 17:41:23,POWER_ALARM,Minor,False
6569,4895,198,64,2025-05-29 15:11:32,FIBRE_BREAK,Major,True
6570,3977,352,584,2025-11-06 11:27:03,TRANSMISSION_ERROR,Info,False
6571,1759,119,307,2025-04-05 11:41:40,BATTERY_LOW,Info,True
6572,2382,245,508,2025-01-18 10:49:37,BATTERY_LOW,Major,False
6573,512,342,253,2025-05-29 15:40:48,POWER_ALARM,Critical,False
6574,1975,344,738,2025-11-24 10:29:26,POWER_ALARM,Info,True
6575,2792,279,214,2024-05-26 13:28:27,SIGNAL_DEGRADED,Info,True
6576,1606,55,619,2024-04-02 17:41:27,SYNC_LOSS,Major,True
6577,1803,464,355,2025-08-02 06:57:54,BATTERY_LOW,Info,True
6578,3453,194,815,2025-04-21 14:43:36,LINK_DOWN,Minor,True
6579,2114,212,405,2024-02-16 17:10:21,ANTENNA_FAULT,Info,False
6580,3775,319,380,2025-04-10 08:06:42,BATTERY_LOW,Info,False
6581,4610,22,254,2024-02-13 16:15:31,SOFTWARE_CRASH,Major,True
6582,3444,344,260,2025-05-16 22:37:54,LINK_DOWN,Major,False
6583,4012,462,92,2024-07-12 02:20:01,RBS_OVER_TEMP,Major,False
6584,243,231,291,2026-01-01 07:35:56,SOFTWARE_CRASH,Info,False
6585,3044,97,215,2025-11-05 18:05:46,SOFTWARE_CRASH,Major,False
6586,107,237,801,2025-11-26 16:53:56,MEMORY_HIGH,Major,True
6587,1652,176,414,2025-01-15 18:00:38,FIBRE_BREAK,Info,True
6588,3269,203,67,2025-03-03 12:03:40,BATTERY_LOW,Major,False
6589,4599,16,751,2024-08-15 14:25:09,ANTENNA_FAULT,Info,False
6590,1978,247,389,2025-06-14 17:26:58,FIBRE_BREAK,Minor,True
6591,4417,348,21,2025-10-15 09:12:30,CPU_OVERLOAD,Info,True
6592,3054,34,86,2025-05-13 10:12:53,MEMORY_HIGH,Critical,True
6593,4665,222,861,2024-10-02 23:13:15,POWER_ALARM,Major,True
6594,621,171,748,2026-01-01 20:46:01,CPU_OVERLOAD,Info,True
6595,4661,271,851,2024-05-26 14:06:21,POWER_ALARM,Info,False
6596,3135,326,715,2024-11-14 14:20:37,SYNC_LOSS,Major,True
6597,491,480,129,2024-08-19 22:12:54,POWER_ALARM,Info,True
6598,3564,381,56,2025-01-17 00:53:17,SYNC_LOSS,Minor,False
6599,521,187,770,2025-06-29 03:31:40,POWER_ALARM,Critical,False
6600,1095,100,456,2025-06-29 14:36:26,ANTENNA_FAULT,Major,False
6601,532,132,569,2025-12-04 16:38:47,ANTENNA_FAULT,Info,False
6602,2008,106,377,2024-02-06 18:23:04,TRANSMISSION_ERROR,Major,True
6603,589,208,402,2024-07-03 13:07:00,MEMORY_HIGH,Major,False
6604,4071,53,2,2024-12-24 16:40:07,ANTENNA_FAULT,Major,False
6605,4238,138,762,2024-02-19 23:00:07,LINK_DOWN,Info,False
6606,4501,191,245,2024-08-01 00:09:45,LINK_DOWN,Critical,False
6607,2978,440,337,2025-03-07 04:31:55,TRANSMISSION_ERROR,Major,False
6608,4642,195,189,2025-07-04 13:11:25,POWER_ALARM,Critical,False
6609,2327,401,813,2024-09-17 07:41:20,BATTERY_LOW,Minor,False
6610,3907,177,996,2025-05-23 14:53:35,SIGNAL_DEGRADED,Minor,True
6611,377,146,571,2025-07-23 14:08:32,ANTENNA_FAULT,Minor,False
6612,4087,91,341,2025-07-26 16:05:55,RBS_OVER_TEMP,Minor,False
6613,4892,160,286,2025-07-24 17:31:51,MEMORY_HIGH,Info,True
6614,4690,69,349,2024-10-18 15:19:29,RBS_OVER_TEMP,Minor,False
6615,3549,380,771,2024-04-14 07:52:07,MEMORY_HIGH,Info,False
6616,119,382,289,2024-07-11 17:39:50,ANTENNA_FAULT,Minor,False
6617,3951,308,695,2025-04-30 03:08:10,SOFTWARE_CRASH,Major,False
6618,4883,169,125,2025-11-18 09:51:41,CPU_OVERLOAD,Major,False
6619,153,129,613,2025-12-09 15:25:39,ANTENNA_FAULT,Major,False
6620,3118,198,251,2025-10-03 15:08:17,POWER_ALARM,Minor,True
6621,2926,292,469,2025-10-08 15:32:48,POWER_ALARM,Info,False
6622,1750,288,402,2025-02-08 11:14:55,SOFTWARE_CRASH,Minor,False
6623,583,218,950,2025-05-03 23:20:04,SYNC_LOSS,Critical,True
6624,1276,109,235,2024-09-19 09:27:59,RBS_OVER_TEMP,Critical,False
6625,3388,111,108,2024-01-15 12:59:57,FIBRE_BREAK,Minor,False
6626,1847,168,36,2025-06-13 00:53:37,POWER_ALARM,Minor,True
6627,2699,358,930,2025-08-07 22:10:25,MEMORY_HIGH,Major,False
6628,4122,476,864,2025-05-23 11:50:26,BATTERY_LOW,Critical,False
6629,2925,75,141,2025-07-03 11:39:42,CPU_OVERLOAD,Minor,False
6630,4922,428,731,2024-12-18 14:04:04,TRANSMISSION_ERROR,Major,False
6631,1577,450,741,2025-07-24 21:41:48,FIBRE_BREAK,Info,False
6632,1944,53,453,2024-12-21 04:22:49,MEMORY_HIGH,Major,False
6633,1896,43,526,2026-01-01 13:12:43,FIBRE_BREAK,Minor,False
6634,2355,35,439,2025-06-23 04:06:48,ANTENNA_FAULT,Major,False
6635,4605,293,624,2025-03-27 09:18:53,MEMORY_HIGH,Minor,True
6636,1500,497,258,2024-11-29 00:23:15,POWER_ALARM,Info,False
6637,3636,482,717,2025-02-10 09:14:45,POWER_ALARM,Info,True
6638,4423,82,198,2025-11-11 15:02:55,BATTERY_LOW,Major,True
6639,917,167,747,2024-05-26 14:17:35,MEMORY_HIGH,Info,False
6640,3942,448,123,2024-06-26 23:31:00,BATTERY_LOW,Critical,False
6641,900,420,192,2025-10-02 19:42:59,POWER_ALARM,Critical,True
6642,379,380,682,2024-04-11 15:40:12,FIBRE_BREAK,Major,True
6643,4692,441,730,2025-08-15 01:24:14,FIBRE_BREAK,Major,False
6644,1955,119,485,2025-03-20 12:10:24,MEMORY_HIGH,Major,False
6645,3189,474,93,2025-03-02 14:04:53,FIBRE_BREAK,Info,False
6646,4560,493,732,2025-07-17 20:30:39,MEMORY_HIGH,Minor,False
6647,1079,224,642,2024-09-23 17:46:35,CPU_OVERLOAD,Major,False
6648,4735,483,963,2025-03-21 12:54:46,CPU_OVERLOAD,Info,True
6649,7,356,127,2024-04-22 09:06:02,POWER_ALARM,Minor,True
6650,3130,171,928,2025-11-16 21:33:44,RBS_OVER_TEMP,Info,False
6651,1790,345,764,2024-05-30 18:30:43,ANTENNA_FAULT,Major,False
6652,3643,312,793,2025-07-07 21:32:46,MEMORY_HIGH,Minor,False
6653,4089,219,913,2024-02-09 00:40:54,MEMORY_HIGH,Minor,True
6654,4578,21,313,2025-08-17 11:47:13,POWER_ALARM,Info,True
6655,2583,449,258,2024-01-03 16:16:06,SYNC_LOSS,Info,False
6656,2553,445,286,2025-01-16 07:05:37,LINK_DOWN,Info,False
6657,4557,67,748,2025-12-29 15:04:08,SYNC_LOSS,Major,True
6658,429,267,500,2025-01-07 05:56:03,BATTERY_LOW,Critical,True
6659,2656,34,3,2024-05-21 03:17:11,SYNC_LOSS,Major,False
6660,851,266,612,2024-06-19 04:46:38,CPU_OVERLOAD,Info,True
6661,1036,428,187,2024-01-29 19:05:35,SIGNAL_DEGRADED,Major,False
6662,1114,190,499,2024-05-10 21:57:57,TRANSMISSION_ERROR,Minor,True
6663,342,21,781,2024-01-31 09:42:20,TRANSMISSION_ERROR,Critical,False
6664,4305,472,825,2025-03-16 10:07:40,TRANSMISSION_ERROR,Minor,True
6665,3219,494,664,2025-06-29 10:56:23,BATTERY_LOW,Info,True
6666,4885,313,389,2025-07-14 22:35:44,TRANSMISSION_ERROR,Minor,False
6667,3865,374,17,2024-04-07 10:14:32,SYNC_LOSS,Info,False
6668,2776,22,736,2024-10-17 13:30:16,SIGNAL_DEGRADED,Major,False
6669,3084,350,855,2024-03-28 02:01:54,RBS_OVER_TEMP,Critical,True
6670,980,324,395,2025-08-24 09:08:32,ANTENNA_FAULT,Minor,False
6671,680,347,789,2024-06-04 12:50:56,LINK_DOWN,Info,True
6672,3518,69,809,2024-10-03 15:18:49,SIGNAL_DEGRADED,Minor,True
6673,3142,473,801,2024-09-06 16:50:01,SIGNAL_DEGRADED,Minor,False
6674,4886,256,632,2024-12-15 17:42:30,LINK_DOWN,Major,False
6675,2538,24,127,2025-04-19 13:29:57,SOFTWARE_CRASH,Info,True
6676,650,220,978,2024-01-29 10:23:26,SOFTWARE_CRASH,Critical,False
6677,3325,233,963,2024-10-03 14:15:34,LINK_DOWN,Minor,True
6678,4527,212,5,2024-12-20 15:35:23,CPU_OVERLOAD,Minor,False
6679,2860,102,163,2024-01-14 10:13:57,POWER_ALARM,Minor,True
6680,3986,258,653,2024-10-13 15:35:01,CPU_OVERLOAD,Critical,True
6681,4397,378,885,2024-03-21 19:00:57,SIGNAL_DEGRADED,Info,False
6682,1237,142,948,2024-12-28 16:36:18,SYNC_LOSS,Critical,False
6683,4228,161,486,2024-02-28 19:05:03,SYNC_LOSS,Major,False
6684,3970,224,469,2025-12-11 17:36:52,SIGNAL_DEGRADED,Major,False
6685,3274,7,291,2024-08-13 07:26:58,TRANSMISSION_ERROR,Info,False
6686,4236,180,196,2024-10-14 17:15:30,BATTERY_LOW,Major,False
6687,1653,219,758,2025-11-06 07:55:52,ANTENNA_FAULT,Info,False
6688,2756,455,845,2025-01-09 12:08:20,BATTERY_LOW,Minor,True
6689,2862,182,522,2025-03-26 13:40:40,SOFTWARE_CRASH,Info,False
6690,1436,175,703,2025-10-08 03:45:41,TRANSMISSION_ERROR,Major,False
6691,3775,319,380,2025-04-10 08:03:42,SYNC_LOSS,Minor,False
6692,4475,86,45,2024-05-09 12:45:53,SIGNAL_DEGRADED,Info,False
6693,2853,305,379,2024-01-10 20:18:50,SYNC_LOSS,Minor,False
6694,1345,267,119,2025-12-30 16:36:54,TRANSMISSION_ERROR,Minor,True
6695,1128,139,662,2024-11-27 17:39:32,SIGNAL_DEGRADED,Major,False
6696,2757,213,995,2025-08-02 13:34:52,SYNC_LOSS,Info,False
6697,1019,396,410,2024-11-17 01:30:39,SOFTWARE_CRASH,Info,False
6698,4626,131,731,2024-04-24 09:16:22,SOFTWARE_CRASH,Critical,False
6699,1153,417,497,2025-01-04 15:38:21,SOFTWARE_CRASH,Info,False
6700,20,461,244,2025-04-25 19:44:39,POWER_ALARM,Major,False
6701,4715,80,323,2025-06-10 15:43:26,MEMORY_HIGH,Minor,False
6702,4028,169,284,2024-03-10 10:24:00,BATTERY_LOW,Minor,False
6703,1592,103,254,2025-06-13 15:01:47,LINK_DOWN,Minor,True
6704,2920,235,933,2025-05-11 12:01:51,MEMORY_HIGH,Critical,False
6705,315,68,973,2025-11-27 02:19:09,SIGNAL_DEGRADED,Minor,True
6706,546,132,596,2024-09-21 00:29:17,SIGNAL_DEGRADED,Info,False
6707,2002,260,854,2024-10-26 18:47:37,ANTENNA_FAULT,Critical,True
6708,2814,75,612,2025-02-08 18:21:04,SIGNAL_DEGRADED,Major,True
6709,2593,131,845,2025-11-21 02:13:26,CPU_OVERLOAD,Critical,False
6710,3437,261,681,2025-11-18 17:34:34,RBS_OVER_TEMP,Info,False
6711,3301,364,96,2025-06-17 04:20:03,ANTENNA_FAULT,Major,False
6712,1459,253,537,2024-10-13 15:04:27,FIBRE_BREAK,Minor,True
6713,2872,24,829,2024-11-09 13:11:30,RBS_OVER_TEMP,Major,False
6714,4912,91,12,2025-08-09 12:39:25,LINK_DOWN,Info,False
6715,410,337,718,2024-06-10 18:09:39,SOFTWARE_CRASH,Major,True
6716,629,110,802,2025-01-10 04:04:55,LINK_DOWN,Major,True
6717,4925,374,962,2024-06-04 08:31:34,ANTENNA_FAULT,Major,False
6718,899,165,898,2025-12-14 13:00:37,BATTERY_LOW,Info,False
6719,3937,250,638,2025-04-17 15:52:55,MEMORY_HIGH,Critical,False
6720,3401,230,30,2025-08-11 13:17:24,FIBRE_BREAK,Major,False
6721,1592,103,254,2025-06-13 14:52:47,MEMORY_HIGH,Info,False
6722,1420,151,900,2025-12-10 21:37:41,SIGNAL_DEGRADED,Minor,True
6723,4229,104,394,2024-02-17 16:20:48,POWER_ALARM,Major,True
6724,657,167,183,2025-02-08 17:09:58,POWER_ALARM,Minor,False
6725,225,237,855,2025-01-11 07:53:14,TRANSMISSION_ERROR,Minor,True
6726,2388,268,527,2024-01-22 13:46:10,MEMORY_HIGH,Major,False
6727,3484,276,831,2024-09-04 19:00:12,FIBRE_BREAK,Major,False
6728,4020,172,336,2025-10-16 09:56:24,LINK_DOWN,Info,False
6729,3837,485,408,2024-08-07 10:51:23,MEMORY_HIGH,Info,True
6730,2372,87,282,2025-07-23 08:54:59,LINK_DOWN,Critical,False
6731,2529,403,91,2024-11-12 14:30:00,SIGNAL_DEGRADED,Major,False
6732,422,413,622,2025-09-13 13:46:52,BATTERY_LOW,Major,True
6733,693,48,124,2025-11-30 19:58:07,RBS_OVER_TEMP,Major,False
6734,4134,180,46,2025-09-20 15:17:09,SOFTWARE_CRASH,Info,False
6735,3891,461,45,2024-08-22 10:07:04,SOFTWARE_CRASH,Critical,False
6736,3995,58,817,2024-02-20 10:26:54,MEMORY_HIGH,Minor,True
6737,1708,213,790,2025-04-05 09:28:02,ANTENNA_FAULT,Info,False
6738,4767,389,871,2024-08-01 17:35:33,ANTENNA_FAULT,Critical,False
6739,1766,161,188,2024-10-19 09:22:19,MEMORY_HIGH,Critical,False
6740,435,153,382,2025-01-31 17:13:14,POWER_ALARM,Info,False
6741,342,21,781,2024-01-31 09:40:20,TRANSMISSION_ERROR,Minor,False
6742,4660,8,359,2025-12-08 13:00:36,SYNC_LOSS,Critical,False
6743,2272,101,449,2024-02-10 10:22:16,RBS_OVER_TEMP,Minor,False
6744,1621,363,195,2025-06-18 12:10:39,TRANSMISSION_ERROR,Info,False
6745,2542,90,727,2025-09-27 08:45:29,TRANSMISSION_ERROR,Info,False
6746,4381,367,130,2024-08-10 20:19:46,CPU_OVERLOAD,Critical,True
6747,2510,168,297,2024-11-22 20:54:37,RBS_OVER_TEMP,Major,False
6748,2224,70,720,2025-12-05 18:48:55,BATTERY_LOW,Critical,False
6749,3209,364,411,2025-02-28 12:00:44,CPU_OVERLOAD,Minor,False
6750,3916,353,692,2024-04-03 17:22:45,SIGNAL_DEGRADED,Critical,False
6751,2768,302,371,2024-12-01 17:40:08,BATTERY_LOW,Major,False
6752,1907,72,772,2024-09-11 15:20:59,SIGNAL_DEGRADED,Minor,False
6753,4355,92,890,2025-09-08 01:08:18,MEMORY_HIGH,Critical,False
6754,4255,12,380,2024-04-06 11:10:19,TRANSMISSION_ERROR,Minor,True
6755,335,342,261,2025-02-28 12:14:51,SOFTWARE_CRASH,Minor,True
6756,4921,81,955,2024-09-17 22:05:39,CPU_OVERLOAD,Info,False
6757,2671,363,30,2025-09-18 07:38:57,SYNC_LOSS,Info,True
6758,3841,261,404,2024-01-22 18:18:46,BATTERY_LOW,Minor,True
6759,2793,138,435,2025-12-16 16:56:38,SOFTWARE_CRASH,Major,True
6760,4569,204,517,2024-01-08 10:57:17,SYNC_LOSS,Minor,False
6761,1252,223,325,2025-01-20 15:16:07,SIGNAL_DEGRADED,Major,False
6762,1586,192,521,2024-06-05 11:16:10,SOFTWARE_CRASH,Major,False
6763,4301,432,303,2024-10-02 11:37:56,TRANSMISSION_ERROR,Minor,False
6764,200,400,281,2025-02-23 21:49:08,TRANSMISSION_ERROR,Major,False
6765,537,334,763,2025-07-04 16:23:44,SYNC_LOSS,Info,False
6766,2463,289,801,2024-12-07 04:26:46,FIBRE_BREAK,Minor,False
6767,2319,94,225,2025-10-05 12:23:00,POWER_ALARM,Minor,False
6768,339,447,227,2024-11-23 07:55:59,FIBRE_BREAK,Minor,False
6769,1543,312,558,2024-10-25 18:09:16,BATTERY_LOW,Critical,True
6770,2229,250,548,2024-03-20 06:30:40,BATTERY_LOW,Minor,False
6771,1768,445,913,2025-06-18 16:00:02,TRANSMISSION_ERROR,Minor,False
6772,1434,64,358,2025-12-08 02:55:41,LINK_DOWN,Info,False
6773,312,120,85,2025-12-29 15:31:48,ANTENNA_FAULT,Minor,False
6774,4298,430,996,2025-10-29 13:08:30,FIBRE_BREAK,Info,True
6775,4443,118,737,2025-07-11 05:18:39,CPU_OVERLOAD,Minor,True
6776,1723,387,302,2025-08-01 20:12:48,CPU_OVERLOAD,Info,True
6777,427,258,312,2024-01-11 21:20:24,TRANSMISSION_ERROR,Major,False
6778,3806,480,289,2024-07-12 14:39:22,LINK_DOWN,Info,True
6779,623,487,442,2025-03-30 13:52:57,SIGNAL_DEGRADED,Info,False
6780,2321,113,588,2024-09-12 13:27:11,FIBRE_BREAK,Major,True
6781,723,114,669,2024-02-10 03:57:31,FIBRE_BREAK,Critical,False
6782,1331,17,872,2024-02-09 14:25:52,MEMORY_HIGH,Major,False
6783,807,19,139,2025-01-03 09:16:57,LINK_DOWN,Info,True
6784,2943,33,895,2024-01-27 16:55:06,TRANSMISSION_ERROR,Minor,False
6785,2249,418,959,2025-11-21 10:09:51,SYNC_LOSS,Minor,True
6786,2316,421,149,2025-10-31 17:47:00,RBS_OVER_TEMP,Info,False
6787,2742,488,350,2024-11-28 03:48:37,CPU_OVERLOAD,Info,False
6788,2006,80,654,2024-02-04 03:54:43,SIGNAL_DEGRADED,Major,True
6789,4014,186,281,2025-02-09 18:09:39,SOFTWARE_CRASH,Minor,False
6790,2515,179,294,2025-10-22 07:26:19,SIGNAL_DEGRADED,Major,True
6791,2113,241,337,2025-10-12 22:49:49,RBS_OVER_TEMP,Major,True
6792,1499,130,827,2024-10-15 17:38:47,POWER_ALARM,Info,False
6793,1254,424,371,2024-08-22 08:11:19,MEMORY_HIGH,Info,False
6794,4152,223,160,2024-06-19 12:47:25,FIBRE_BREAK,Major,False
6795,4833,213,472,2024-03-13 15:15:04,FIBRE_BREAK,Minor,False
6796,243,231,291,2026-01-01 07:59:56,CPU_OVERLOAD,Major,False
6797,1829,323,732,2024-05-30 20:16:36,MEMORY_HIGH,Info,True
6798,365,344,860,2025-01-10 13:35:42,SOFTWARE_CRASH,Major,False
6799,2669,123,859,2025-07-19 13:23:12,POWER_ALARM,Info,True
6800,1228,183,480,2024-06-05 14:51:00,ANTENNA_FAULT,Info,False
6801,1321,274,361,2024-09-25 03:37:54,SOFTWARE_CRASH,Major,False
6802,1570,138,942,2025-05-08 13:57:26,SOFTWARE_CRASH,Major,False
6803,2990,412,194,2024-03-29 15:19:06,MEMORY_HIGH,Major,False
6804,2341,426,454,2025-08-11 09:27:54,TRANSMISSION_ERROR,Info,False
6805,978,40,491,2025-02-14 20:37:08,FIBRE_BREAK,Major,False
6806,3776,367,788,2025-01-09 11:21:01,POWER_ALARM,Info,False
6807,1404,89,4,2024-11-22 10:04:14,RBS_OVER_TEMP,Minor,False
6808,3417,337,600,2024-03-17 08:13:08,CPU_OVERLOAD,Major,False
6809,733,340,275,2025-10-10 10:52:23,SOFTWARE_CRASH,Info,False
6810,4180,100,79,2025-01-14 16:32:10,POWER_ALARM,Minor,False
6811,2548,324,803,2024-03-18 19:23:34,POWER_ALARM,Major,False
6812,1557,311,452,2025-11-02 11:29:08,BATTERY_LOW,Info,False
6813,656,426,779,2024-11-22 15:52:31,SYNC_LOSS,Minor,False
6814,3731,279,803,2025-06-16 10:29:01,FIBRE_BREAK,Minor,False
6815,132,369,644,2024-12-16 15:31:22,FIBRE_BREAK,Critical,False
6816,2610,476,59,2025-12-16 15:43:38,SOFTWARE_CRASH,Critical,True
6817,3098,93,99,2024-04-04 00:50:29,CPU_OVERLOAD,Info,True
6818,3207,482,740,2025-02-24 13:09:35,ANTENNA_FAULT,Minor,False
6819,1547,175,24,2025-03-30 17:53:50,ANTENNA_FAULT,Major,False
6820,2092,267,748,2024-08-21 07:38:40,FIBRE_BREAK,Major,False
6821,1334,79,21,2024-04-20 13:22:54,BATTERY_LOW,Minor,True
6822,2972,83,171,2025-04-24 14:02:30,BATTERY_LOW,Minor,False
6823,4866,21,455,2025-10-28 03:54:32,CPU_OVERLOAD,Critical,True
6824,2505,277,564,2025-12-25 11:02:52,POWER_ALARM,Info,False
6825,2721,95,329,2024-06-12 10:51:20,TRANSMISSION_ERROR,Major,False
6826,111,221,538,2025-12-11 09:14:21,RBS_OVER_TEMP,Major,True
6827,4432,334,840,2024-10-31 02:47:05,MEMORY_HIGH,Info,False
6828,4515,499,891,2024-03-31 19:33:10,ANTENNA_FAULT,Minor,True
6829,4057,346,986,2024-12-19 08:45:25,POWER_ALARM,Major,True
6830,4430,499,315,2025-04-03 06:35:05,ANTENNA_FAULT,Critical,False
6831,4305,472,825,2025-03-16 10:10:40,FIBRE_BREAK,Minor,False
6832,3370,274,200,2025-11-23 12:27:42,TRANSMISSION_ERROR,Info,False
6833,2204,307,124,2024-12-25 16:25:56,FIBRE_BREAK,Critical,False
6834,3810,318,362,2024-09-28 14:07:46,SYNC_LOSS,Info,True
6835,1846,363,166,2025-11-16 15:33:39,SOFTWARE_CRASH,Major,True
6836,1426,448,505,2025-03-17 17:37:23,ANTENNA_FAULT,Critical,False
6837,4329,356,36,2024-08-29 18:58:47,SOFTWARE_CRASH,Info,True
6838,4605,293,624,2025-03-27 09:33:53,MEMORY_HIGH,Info,True
6839,2178,408,565,2024-08-06 06:21:20,BATTERY_LOW,Minor,False
6840,4001,485,38,2024-11-10 10:17:43,MEMORY_HIGH,Minor,False
6841,3086,281,456,2024-08-11 12:05:52,RBS_OVER_TEMP,Critical,True
6842,3856,438,609,2025-06-23 14:19:35,TRANSMISSION_ERROR,Minor,True
6843,131,73,268,2025-05-28 12:48:16,SYNC_LOSS,Major,False
6844,4929,47,334,2025-09-16 05:47:50,CPU_OVERLOAD,Minor,False
6845,688,267,61,2025-09-23 08:27:46,ANTENNA_FAULT,Info,False
6846,840,225,305,2024-09-09 00:28:44,FIBRE_BREAK,Info,False
6847,669,4,441,2024-07-03 09:27:09,POWER_ALARM,Info,False
6848,4293,456,149,2024-05-15 09:47:37,FIBRE_BREAK,Info,True
6849,4126,94,684,2024-11-26 06:37:38,TRANSMISSION_ERROR,Minor,False
6850,2924,312,182,2025-11-08 05:32:24,TRANSMISSION_ERROR,Major,False
6851,873,344,32,2024-02-10 16:27:34,RBS_OVER_TEMP,Info,False
6852,2633,202,296,2024-09-07 16:53:53,CPU_OVERLOAD,Minor,False
6853,4541,29,128,2024-12-07 18:06:09,SOFTWARE_CRASH,Major,False
6854,4120,466,300,2026-01-01 08:37:28,TRANSMISSION_ERROR,Minor,True
6855,2965,458,950,2025-11-29 22:47:06,SYNC_LOSS,Info,False
6856,4723,270,528,2026-01-01 20:17:54,RBS_OVER_TEMP,Minor,False
6857,1485,239,539,2025-10-12 10:28:37,SYNC_LOSS,Critical,False
6858,1737,451,896,2025-06-07 22:40:41,ANTENNA_FAULT,Major,False
6859,2236,291,820,2025-11-05 04:42:16,LINK_DOWN,Critical,False
6860,2124,401,111,2025-10-22 17:10:12,POWER_ALARM,Critical,False
6861,125,194,809,2024-10-02 10:06:44,BATTERY_LOW,Minor,False
6862,2084,11,551,2025-10-12 09:56:47,TRANSMISSION_ERROR,Minor,False
6863,2279,292,747,2024-09-17 15:27:42,MEMORY_HIGH,Critical,False
6864,3819,194,737,2025-11-14 13:06:27,ANTENNA_FAULT,Info,False
6865,2479,272,775,2025-01-21 07:50:51,BATTERY_LOW,Info,False
6866,2267,374,733,2025-06-17 12:24:31,POWER_ALARM,Minor,False
6867,4448,440,256,2024-06-08 17:42:43,SYNC_LOSS,Minor,False
6868,1298,404,210,2024-05-12 17:39:49,TRANSMISSION_ERROR,Major,False
6869,72,162,541,2024-11-13 21:32:26,FIBRE_BREAK,Critical,False
6870,494,13,262,2024-12-15 06:42:01,TRANSMISSION_ERROR,Major,True
6871,271,130,817,2025-01-23 14:27:13,MEMORY_HIGH,Major,False
6872,3684,222,954,2024-10-19 16:41:42,ANTENNA_FAULT,Critical,False
6873,1904,3,660,2025-12-27 16:45:19,BATTERY_LOW,Major,False
6874,1824,10,373,2024-06-19 12:03:16,RBS_OVER_TEMP,Major,False
6875,4249,430,38,2024-11-10 00:25:15,SOFTWARE_CRASH,Major,False
6876,1121,86,372,2024-07-04 05:07:58,LINK_DOWN,Major,False
6877,4042,267,549,2025-07-16 07:49:19,LINK_DOWN,Major,True
6878,1275,470,61,2025-11-17 16:12:05,LINK_DOWN,Minor,True
6879,806,166,389,2025-08-21 15:02:15,ANTENNA_FAULT,Minor,False
6880,3733,265,292,2025-02-14 13:26:19,SOFTWARE_CRASH,Critical,False
6881,3589,73,313,2024-12-30 19:39:24,SOFTWARE_CRASH,Major,True
6882,3351,233,526,2025-09-19 00:07:51,FIBRE_BREAK,Info,False
6883,3853,413,346,2025-02-10 11:09:02,FIBRE_BREAK,Info,True
6884,3564,381,56,2025-01-17 00:47:17,SIGNAL_DEGRADED,Info,False
6885,4877,245,573,2024-09-23 15:00:37,RBS_OVER_TEMP,Minor,False
6886,205,451,283,2024-05-08 14:32:29,BATTERY_LOW,Info,True
6887,4811,448,438,2024-11-16 02:53:47,LINK_DOWN,Info,True
6888,3363,66,479,2025-01-18 18:48:22,SIGNAL_DEGRADED,Major,False
6889,4680,156,720,2025-12-22 18:54:33,MEMORY_HIGH,Major,True
6890,2272,101,449,2024-02-10 10:21:16,ANTENNA_FAULT,Info,False
6891,4739,8,493,2024-09-14 14:46:08,SIGNAL_DEGRADED,Minor,True
6892,2096,199,57,2025-10-02 14:03:43,BATTERY_LOW,Minor,False
6893,1558,453,532,2024-02-18 12:56:59,LINK_DOWN,Info,False
6894,286,43,903,2024-02-26 13:55:45,MEMORY_HIGH,Info,True
6895,1141,132,314,2025-12-09 16:54:38,LINK_DOWN,Minor,False
6896,4514,350,319,2025-11-19 09:12:39,SIGNAL_DEGRADED,Major,True
6897,2498,453,863,2025-05-07 08:05:38,FIBRE_BREAK,Info,False
6898,3756,279,809,2024-09-30 00:52:39,BATTERY_LOW,Minor,True
6899,4843,187,766,2024-07-15 12:19:49,TRANSMISSION_ERROR,Critical,False
6900,4164,422,878,2025-09-01 11:04:32,ANTENNA_FAULT,Critical,True
6901,4628,139,135,2025-02-17 15:45:49,SOFTWARE_CRASH,Minor,False
6902,526,222,926,2025-08-29 08:52:19,SYNC_LOSS,Major,True
6903,4427,445,87,2025-07-27 04:51:26,FIBRE_BREAK,Major,False
6904,4882,377,439,2024-06-27 03:05:06,SYNC_LOSS,Minor,False
6905,537,334,763,2025-07-04 16:18:44,MEMORY_HIGH,Major,False
6906,4695,413,88,2024-02-18 10:49:24,ANTENNA_FAULT,Minor,True
6907,630,197,768,2025-06-13 11:47:32,POWER_ALARM,Minor,False
6908,1361,173,387,2024-06-02 16:50:22,LINK_DOWN,Major,False
6909,4131,303,555,2025-09-23 15:39:00,SIGNAL_DEGRADED,Major,False
6910,1842,6,379,2025-12-08 14:09:50,SIGNAL_DEGRADED,Info,False
6911,3643,312,793,2025-07-07 21:36:46,LINK_DOWN,Minor,True
6912,1108,377,964,2025-01-02 06:27:40,MEMORY_HIGH,Major,True
6913,3431,255,17,2025-07-30 16:59:21,TRANSMISSION_ERROR,Major,False
6914,1627,237,610,2024-03-31 08:49:32,RBS_OVER_TEMP,Major,False
6915,3268,212,71,2025-10-10 12:57:56,MEMORY_HIGH,Minor,False
6916,3585,258,300,2024-07-25 01:00:01,CPU_OVERLOAD,Minor,True
6917,4219,17,743,2025-11-24 06:36:57,BATTERY_LOW,Critical,False
6918,2865,200,902,2025-08-20 15:21:46,SIGNAL_DEGRADED,Minor,True
6919,4244,13,138,2024-10-06 17:37:30,MEMORY_HIGH,Info,False
6920,102,474,331,2024-01-14 11:12:19,LINK_DOWN,Minor,True
6921,9,323,529,2024-10-21 23:42:06,LINK_DOWN,Info,False
6922,1887,253,488,2024-02-26 13:48:07,LINK_DOWN,Minor,False
6923,4447,208,444,2025-05-09 10:25:12,CPU_OVERLOAD,Critical,False
6924,1475,276,845,2025-12-02 16:16:47,SOFTWARE_CRASH,Info,False
6925,4119,440,830,2024-12-16 04:44:48,FIBRE_BREAK,Info,False
6926,2268,302,741,2025-08-25 12:13:23,FIBRE_BREAK,Minor,False
6927,984,106,556,2024-09-13 18:10:43,SOFTWARE_CRASH,Major,False
6928,2945,480,653,2025-05-05 03:19:59,SOFTWARE_CRASH,Info,False
6929,443,362,634,2025-01-22 22:22:40,RBS_OVER_TEMP,Info,False
6930,3071,337,765,2024-03-26 11:27:24,MEMORY_HIGH,Major,False
6931,3060,442,342,2024-03-27 10:56:35,FIBRE_BREAK,Minor,False
6932,3776,367,788,2025-01-09 11:03:01,SIGNAL_DEGRADED,Info,True
6933,251,333,660,2025-07-01 12:23:34,SOFTWARE_CRASH,Minor,False
6934,4198,304,708,2025-03-10 15:44:37,CPU_OVERLOAD,Info,False
6935,2946,313,575,2024-03-20 18:27:38,SOFTWARE_CRASH,Minor,True
6936,4128,437,713,2025-09-17 04:48:06,BATTERY_LOW,Info,True
6937,988,482,181,2025-04-26 19:22:52,SIGNAL_DEGRADED,Info,False
6938,1618,424,234,2024-04-25 21:16:53,FIBRE_BREAK,Major,False
6939,4245,121,711,2025-12-02 09:21:30,ANTENNA_FAULT,Info,True
6940,3992,338,252,2024-08-04 11:46:37,CPU_OVERLOAD,Info,False
6941,544,452,280,2025-12-04 15:40:29,SOFTWARE_CRASH,Major,False
6942,3577,212,236,2025-02-12 00:42:30,SIGNAL_DEGRADED,Major,True
6943,4575,445,733,2024-10-05 13:01:48,FIBRE_BREAK,Major,True
6944,1652,176,414,2025-01-15 18:04:38,BATTERY_LOW,Info,True
6945,161,447,105,2024-10-06 15:46:56,SYNC_LOSS,Major,False
6946,2201,106,920,2025-09-12 06:09:31,BATTERY_LOW,Minor,False
6947,4798,406,774,2024-07-23 09:01:07,TRANSMISSION_ERROR,Minor,True
6948,1911,239,6,2025-05-19 13:30:08,SIGNAL_DEGRADED,Minor,True
6949,2747,198,750,2024-04-18 09:31:06,SOFTWARE_CRASH,Minor,True
6950,1732,107,389,2025-06-10 00:23:06,CPU_OVERLOAD,Info,False
6951,1004,188,190,2024-02-10 10:49:36,ANTENNA_FAULT,Critical,False
6952,288,474,842,2025-06-28 12:58:16,LINK_DOWN,Info,False
6953,896,249,525,2024-03-17 09:29:36,BATTERY_LOW,Minor,True
6954,2787,140,291,2024-07-17 02:28:43,POWER_ALARM,Minor,False
6955,1035,398,609,2024-02-03 13:27:14,FIBRE_BREAK,Info,False
6956,4714,331,146,2024-09-19 02:13:25,SIGNAL_DEGRADED,Minor,False
6957,99,225,642,2025-05-12 14:34:44,CPU_OVERLOAD,Major,True
6958,3439,399,114,2024-11-01 07:39:16,ANTENNA_FAULT,Info,True
6959,2346,98,652,2025-04-29 11:03:03,FIBRE_BREAK,Info,False
6960,449,381,957,2025-01-22 12:06:06,SOFTWARE_CRASH,Minor,True
6961,479,135,884,2025-04-12 03:14:56,SYNC_LOSS,Major,False
6962,1446,43,252,2025-11-10 15:39:09,CPU_OVERLOAD,Minor,True
6963,3436,374,28,2025-06-17 15:50:50,BATTERY_LOW,Critical,False
6964,1278,424,491,2024-02-16 22:35:59,SYNC_LOSS,Critical,True
6965,4948,449,649,2024-06-07 20:44:27,FIBRE_BREAK,Minor,True
6966,442,132,525,2024-11-28 11:35:43,SIGNAL_DEGRADED,Critical,False
6967,3518,69,809,2024-10-03 15:22:49,LINK_DOWN,Minor,False
6968,4053,330,200,2025-10-23 10:28:36,CPU_OVERLOAD,Minor,True
6969,3328,412,12,2024-10-27 04:00:27,ANTENNA_FAULT,Info,True
6970,2549,444,524,2025-04-22 17:19:29,SYNC_LOSS,Minor,False
6971,1151,218,873,2024-04-04 00:35:26,MEMORY_HIGH,Major,False
6972,1999,15,117,2024-10-20 08:48:55,SIGNAL_DEGRADED,Minor,False
6973,34,344,925,2024-10-19 10:49:35,SOFTWARE_CRASH,Critical,False
6974,4709,393,120,2024-10-28 17:40:14,RBS_OVER_TEMP,Minor,False
6975,3572,436,930,2025-11-25 09:11:04,TRANSMISSION_ERROR,Critical,False
6976,229,91,985,2025-03-04 06:38:18,TRANSMISSION_ERROR,Minor,True
6977,349,363,420,2025-10-17 00:11:38,SOFTWARE_CRASH,Minor,False
6978,4355,92,890,2025-09-08 00:31:18,ANTENNA_FAULT,Major,False
6979,3932,170,842,2025-11-24 01:02:05,SOFTWARE_CRASH,Critical,False
6980,3597,256,161,2024-02-18 09:29:54,MEMORY_HIGH,Critical,False
6981,679,346,966,2024-04-23 17:20:55,RBS_OVER_TEMP,Major,False
6982,4041,179,919,2025-09-28 21:20:46,ANTENNA_FAULT,Info,False
6983,2296,164,613,2024-08-01 10:41:18,BATTERY_LOW,Info,False
6984,1989,150,429,2024-06-07 13:44:08,ANTENNA_FAULT,Minor,False
6985,322,379,585,2024-04-06 10:21:28,RBS_OVER_TEMP,Minor,True
6986,2229,250,548,2024-03-20 06:26:40,SIGNAL_DEGRADED,Minor,False
6987,3030,69,345,2025-11-16 12:02:53,FIBRE_BREAK,Minor,True
6988,95,494,31,2024-08-28 14:23:47,ANTENNA_FAULT,Info,False
6989,3404,462,780,2024-07-31 05:58:53,ANTENNA_FAULT,Critical,False
6990,1612,282,925,2025-10-12 14:56:16,SIGNAL_DEGRADED,Minor,False
6991,4138,286,615,2024-12-19 13:55:29,ANTENNA_FAULT,Info,False
6992,1609,385,491,2025-01-01 09:12:13,MEMORY_HIGH,Info,False
6993,4068,51,833,2025-03-27 08:41:03,POWER_ALARM,Info,False
6994,4543,13,397,2024-05-26 12:58:28,SYNC_LOSS,Minor,True
6995,242,330,665,2024-02-29 19:37:33,FIBRE_BREAK,Minor,True
6996,2703,394,933,2025-01-30 09:07:07,CPU_OVERLOAD,Major,False
6997,3025,487,50,2025-11-22 00:20:24,RBS_OVER_TEMP,Major,False
6998,3083,489,107,2024-08-06 20:58:30,TRANSMISSION_ERROR,Critical,False
6999,982,128,215,2024-08-26 15:27:18,FIBRE_BREAK,Major,False
7000,3760,58,673,2024-01-31 12:02:50,MEMORY_HIGH,Critical,False
7001,2306,35,401,2024-01-09 13:21:32,TRANSMISSION_ERROR,Major,False
7002,926,210,158,2024-01-01 03:32:17,SIGNAL_DEGRADED,Minor,False
7003,1590,460,744,2024-03-14 15:05:22,SOFTWARE_CRASH,Major,False
7004,1119,114,684,2025-01-15 21:54:07,MEMORY_HIGH,Minor,False
7005,4775,489,819,2025-07-11 15:07:45,TRANSMISSION_ERROR,Critical,False
7006,4379,116,286,2024-04-02 08:51:53,BATTERY_LOW,Major,True
7007,447,1,59,2025-04-20 00:22:39,SIGNAL_DEGRADED,Minor,False
7008,4014,186,281,2025-02-09 18:27:39,CPU_OVERLOAD,Critical,False
7009,3348,143,151,2025-05-03 16:06:19,TRANSMISSION_ERROR,Minor,False
7010,1754,28,395,2025-10-13 18:10:23,POWER_ALARM,Critical,True
7011,157,303,304,2025-12-14 07:57:45,BATTERY_LOW,Major,False
7012,273,277,208,2024-06-22 00:51:26,LINK_DOWN,Info,False
7013,3568,191,573,2024-08-23 11:23:05,SIGNAL_DEGRADED,Info,False
7014,4060,293,326,2025-05-20 11:21:42,MEMORY_HIGH,Minor,False
7015,2941,393,937,2025-05-25 08:45:36,CPU_OVERLOAD,Minor,True
7016,4859,55,572,2024-11-14 16:46:08,SYNC_LOSS,Critical,False
7017,1423,394,158,2024-06-30 23:11:14,LINK_DOWN,Info,False
7018,1275,470,61,2025-11-17 16:10:05,LINK_DOWN,Minor,True
7019,2638,490,540,2025-04-04 19:58:49,ANTENNA_FAULT,Critical,False
7020,1751,57,165,2025-12-05 16:36:35,CPU_OVERLOAD,Major,False
7021,3204,488,65,2024-12-19 02:01:02,RBS_OVER_TEMP,Minor,True
7022,463,37,619,2024-11-22 14:09:13,SIGNAL_DEGRADED,Critical,False
7023,1115,246,112,2024-07-01 12:08:12,SOFTWARE_CRASH,Minor,False
7024,4120,466,300,2026-01-01 08:39:28,SIGNAL_DEGRADED,Major,False
7025,4896,9,446,2024-01-28 01:53:26,SIGNAL_DEGRADED,Critical,False
7026,394,159,933,2024-07-06 22:28:36,RBS_OVER_TEMP,Major,False
7027,3234,480,382,2024-05-17 06:12:28,TRANSMISSION_ERROR,Minor,False
7028,4429,216,256,2024-08-23 15:17:01,BATTERY_LOW,Critical,False
7029,1667,222,667,2024-11-16 21:38:20,SYNC_LOSS,Major,False
7030,4279,278,686,2024-01-01 22:53:41,CPU_OVERLOAD,Critical,False
7031,44,182,319,2025-12-20 13:04:00,POWER_ALARM,Minor,True
7032,4064,243,261,2024-08-12 12:48:15,ANTENNA_FAULT,Critical,True
7033,3336,367,849,2025-06-13 13:59:10,BATTERY_LOW,Info,False
7034,2088,178,469,2024-05-06 23:15:27,MEMORY_HIGH,Minor,False
7035,2791,219,610,2025-06-06 10:22:51,FIBRE_BREAK,Major,False
7036,2458,30,628,2024-07-11 11:13:37,LINK_DOWN,Info,False
7037,4457,84,962,2024-10-29 15:22:38,LINK_DOWN,Minor,True
7038,4344,2,481,2025-01-11 06:33:11,TRANSMISSION_ERROR,Critical,True
7039,561,237,827,2025-04-10 07:43:04,RBS_OVER_TEMP,Info,False
7040,3792,407,836,2025-04-16 06:23:41,RBS_OVER_TEMP,Critical,False
7041,3543,31,521,2025-11-23 00:23:11,SOFTWARE_CRASH,Info,False
7042,3550,381,635,2025-06-06 16:13:04,SYNC_LOSS,Info,False
7043,1380,323,445,2025-01-06 08:44:31,CPU_OVERLOAD,Minor,True
7044,2539,384,621,2025-01-07 22:39:10,POWER_ALARM,Critical,True
7045,4345,64,825,2024-11-04 15:21:35,BATTERY_LOW,Critical,True
7046,3931,376,323,2025-01-04 10:41:21,RBS_OVER_TEMP,Info,False
7047,1454,318,157,2025-07-26 10:06:35,SYNC_LOSS,Minor,False
7048,4480,9,242,2024-01-31 04:20:57,RBS_OVER_TEMP,Minor,False
7049,4080,213,31,2024-07-24 15:35:49,SOFTWARE_CRASH,Major,False
7050,2131,299,540,2025-01-16 07:18:27,FIBRE_BREAK,Major,True
7051,4015,445,527,2024-01-07 12:43:57,CPU_OVERLOAD,Critical,True
7052,4348,52,939,2025-05-24 15:47:37,CPU_OVERLOAD,Info,False
7053,4176,385,97,2024-11-25 15:03:40,MEMORY_HIGH,Major,False
7054,2493,422,618,2024-05-12 17:28:43,SOFTWARE_CRASH,Info,True
7055,3401,230,30,2025-08-11 14:03:24,CPU_OVERLOAD,Minor,False
7056,4294,183,799,2025-08-10 15:14:10,SOFTWARE_CRASH,Minor,False
7057,1617,251,734,2024-06-15 11:21:47,TRANSMISSION_ERROR,Minor,False
7058,2486,227,202,2025-06-13 12:10:58,ANTENNA_FAULT,Info,False
7059,4411,279,363,2025-07-12 23:06:58,LINK_DOWN,Major,False
7060,4041,179,919,2025-09-28 21:21:46,SYNC_LOSS,Major,True
7061,4729,483,996,2025-02-15 06:38:03,FIBRE_BREAK,Critical,True
7062,545,294,258,2024-02-25 17:40:00,POWER_ALARM,Critical,False
7063,876,69,293,2024-11-02 20:47:06,SOFTWARE_CRASH,Minor,True
7064,4118,41,424,2025-09-21 15:33:18,SYNC_LOSS,Minor,True
7065,798,288,594,2024-08-06 12:15:22,POWER_ALARM,Minor,False
7066,4109,316,874,2024-02-03 19:02:31,LINK_DOWN,Minor,False
7067,645,268,551,2024-01-21 16:49:43,CPU_OVERLOAD,Minor,True
7068,3186,492,831,2025-12-10 20:26:20,SYNC_LOSS,Info,False
7069,1386,492,125,2024-05-23 23:06:52,BATTERY_LOW,Info,True
7070,4522,143,515,2024-12-31 09:40:14,FIBRE_BREAK,Info,True
7071,236,160,956,2024-08-24 12:09:50,POWER_ALARM,Info,False
7072,1537,10,556,2025-06-11 11:48:22,TRANSMISSION_ERROR,Critical,True
7073,4625,454,609,2024-09-01 23:17:10,ANTENNA_FAULT,Major,True
7074,156,280,323,2025-12-24 19:14:38,SYNC_LOSS,Minor,False
7075,768,191,983,2025-12-14 15:36:26,SIGNAL_DEGRADED,Major,False
7076,255,28,802,2024-05-26 14:14:55,MEMORY_HIGH,Minor,True
7077,349,363,420,2025-10-17 00:20:38,FIBRE_BREAK,Major,False
7078,4172,420,121,2025-12-16 08:24:43,BATTERY_LOW,Major,False
7079,773,493,515,2025-02-22 16:10:22,FIBRE_BREAK,Major,True
7080,3349,18,269,2025-07-10 15:10:08,SYNC_LOSS,Minor,False
7081,4369,13,122,2025-04-07 14:40:12,MEMORY_HIGH,Major,False
7082,4720,487,687,2025-08-31 07:13:07,SYNC_LOSS,Major,False
7083,3049,268,811,2024-09-04 17:46:02,POWER_ALARM,Critical,False
7084,4393,164,243,2024-04-05 15:21:58,CPU_OVERLOAD,Major,False
7085,1988,202,904,2024-05-02 12:26:24,SOFTWARE_CRASH,Major,False
7086,2586,398,988,2024-08-11 14:20:56,SOFTWARE_CRASH,Major,False
7087,250,183,816,2024-09-08 12:21:01,POWER_ALARM,Info,False
7088,1337,340,648,2024-03-10 06:56:22,CPU_OVERLOAD,Minor,False
7089,4707,105,726,2024-09-25 16:52:41,SIGNAL_DEGRADED,Major,False
7090,3616,46,307,2024-09-22 13:13:50,CPU_OVERLOAD,Minor,False
7091,2771,232,869,2025-07-13 17:33:11,SOFTWARE_CRASH,Critical,False
7092,1463,178,135,2024-02-19 16:09:58,RBS_OVER_TEMP,Minor,False
7093,2660,225,236,2025-03-01 20:58:00,MEMORY_HIGH,Major,False
7094,1636,102,914,2025-06-03 17:59:35,MEMORY_HIGH,Minor,True
7095,4354,309,376,2025-05-07 15:20:44,SIGNAL_DEGRADED,Major,True
7096,1367,227,818,2025-05-24 18:02:13,LINK_DOWN,Info,True
7097,896,249,525,2024-03-17 09:36:36,CPU_OVERLOAD,Info,False
7098,1933,495,949,2024-05-23 18:31:40,SYNC_LOSS,Critical,False
7099,1272,280,563,2025-11-28 09:15:17,CPU_OVERLOAD,Minor,False
7100,1990,406,312,2025-11-05 14:59:09,BATTERY_LOW,Info,False
7101,2184,397,916,2024-01-30 09:28:09,BATTERY_LOW,Minor,False
7102,503,6,550,2025-05-09 14:34:20,CPU_OVERLOAD,Info,False
7103,4531,319,443,2024-02-22 00:57:38,TRANSMISSION_ERROR,Info,False
7104,3129,404,156,2025-08-31 17:56:17,FIBRE_BREAK,Minor,False
7105,4720,487,687,2025-08-31 07:10:07,ANTENNA_FAULT,Minor,False
7106,623,487,442,2025-03-30 14:05:57,MEMORY_HIGH,Minor,False
7107,556,442,745,2024-09-15 10:17:43,LINK_DOWN,Critical,False
7108,2746,498,596,2024-11-14 01:47:37,CPU_OVERLOAD,Minor,False
7109,3943,355,253,2025-07-02 03:30:24,SIGNAL_DEGRADED,Info,False
7110,4864,281,314,2024-04-06 14:03:57,CPU_OVERLOAD,Major,False
7111,4265,120,181,2025-11-04 09:20:29,POWER_ALARM,Minor,False
7112,4856,120,455,2024-09-07 14:05:56,RBS_OVER_TEMP,Critical,True
7113,4468,395,41,2025-07-11 15:58:40,MEMORY_HIGH,Major,False
7114,827,212,495,2024-12-22 08:56:24,SYNC_LOSS,Info,True
7115,4591,379,624,2024-04-11 20:06:32,ANTENNA_FAULT,Major,False
7116,357,386,973,2025-12-13 22:44:46,LINK_DOWN,Critical,True
7117,2350,247,412,2025-09-12 18:31:29,SIGNAL_DEGRADED,Info,False
7118,2315,5,778,2025-03-08 14:31:48,ANTENNA_FAULT,Major,False
7119,2400,490,141,2025-04-16 13:59:41,MEMORY_HIGH,Minor,False
7120,3604,32,251,2025-06-17 23:32:04,SYNC_LOSS,Minor,False
7121,997,257,583,2024-06-27 15:54:23,ANTENNA_FAULT,Major,False
7122,1723,387,302,2025-08-01 20:15:48,TRANSMISSION_ERROR,Minor,False
7123,1654,451,843,2025-03-29 16:42:14,MEMORY_HIGH,Critical,False
7124,3297,187,883,2024-08-02 08:45:21,BATTERY_LOW,Minor,False
7125,4015,445,527,2024-01-07 12:46:57,MEMORY_HIGH,Minor,False
7126,1554,31,508,2024-03-04 23:29:51,POWER_ALARM,Info,False
7127,1036,428,187,2024-01-29 17:17:35,RBS_OVER_TEMP,Major,False
7128,1766,161,188,2024-10-19 09:20:19,MEMORY_HIGH,Minor,False
7129,3580,315,544,2025-03-03 10:52:18,LINK_DOWN,Critical,False
7130,4902,328,404,2024-04-23 11:06:35,RBS_OVER_TEMP,Info,False
7131,3219,494,664,2025-06-29 10:34:23,CPU_OVERLOAD,Major,False
7132,2012,201,182,2024-05-24 18:15:18,ANTENNA_FAULT,Info,True
7133,1984,331,928,2025-07-13 10:07:20,FIBRE_BREAK,Major,False
7134,3905,25,730,2024-03-19 14:41:19,FIBRE_BREAK,Major,False
7135,677,46,420,2025-07-04 12:47:08,TRANSMISSION_ERROR,Minor,False
7136,2808,413,390,2025-06-29 04:21:32,ANTENNA_FAULT,Info,False
7137,1936,292,392,2024-05-23 19:53:13,CPU_OVERLOAD,Major,True
7138,4177,228,337,2025-06-26 23:30:58,SYNC_LOSS,Critical,False
7139,2026,373,418,2024-08-05 13:50:05,POWER_ALARM,Info,False
7140,1271,495,62,2025-12-12 18:16:05,SYNC_LOSS,Info,False
7141,4782,78,763,2025-05-19 09:38:24,RBS_OVER_TEMP,Major,False
7142,4137,150,263,2024-08-08 15:35:22,BATTERY_LOW,Critical,False
7143,3735,167,81,2024-04-05 06:13:15,ANTENNA_FAULT,Major,True
7144,4469,177,519,2025-06-27 13:12:41,LINK_DOWN,Critical,True
7145,4130,470,245,2024-02-01 14:46:41,FIBRE_BREAK,Minor,False
7146,1643,421,472,2025-03-17 15:58:13,FIBRE_BREAK,Major,False
7147,465,391,153,2024-07-04 17:29:50,TRANSMISSION_ERROR,Minor,False
7148,4808,122,292,2025-11-26 02:07:20,SYNC_LOSS,Info,False
7149,3251,347,479,2024-10-21 14:46:30,SIGNAL_DEGRADED,Info,True
7150,2578,354,329,2025-07-19 16:27:20,ANTENNA_FAULT,Major,True
7151,115,261,172,2024-08-24 00:23:17,ANTENNA_FAULT,Major,False
7152,2143,233,646,2024-08-21 10:12:24,FIBRE_BREAK,Major,False
7153,1832,404,429,2025-07-24 20:12:55,SIGNAL_DEGRADED,Info,True
7154,4596,426,191,2024-03-25 13:37:02,FIBRE_BREAK,Info,True
7155,2998,124,830,2024-12-07 15:31:02,ANTENNA_FAULT,Major,False
7156,4184,297,182,2024-02-22 07:53:35,BATTERY_LOW,Info,True
7157,851,266,612,2024-06-19 04:47:38,TRANSMISSION_ERROR,Minor,False
7158,1630,380,83,2025-01-30 20:10:22,FIBRE_BREAK,Major,False
7159,2157,101,766,2024-11-13 13:29:02,MEMORY_HIGH,Major,False
7160,722,135,514,2024-06-05 17:25:39,ANTENNA_FAULT,Minor,False
7161,151,28,223,2025-04-09 18:26:32,CPU_OVERLOAD,Minor,False
7162,619,279,714,2024-01-22 20:11:54,SIGNAL_DEGRADED,Info,False
7163,284,319,47,2025-04-14 18:55:40,CPU_OVERLOAD,Major,False
7164,575,69,251,2025-06-27 11:17:35,TRANSMISSION_ERROR,Info,False
7165,1885,434,674,2025-04-13 20:39:44,SIGNAL_DEGRADED,Major,True
7166,2112,30,840,2024-07-25 01:04:05,SYNC_LOSS,Info,False
7167,183,111,840,2024-03-28 13:54:30,ANTENNA_FAULT,Minor,False
7168,714,139,479,2025-07-21 18:41:56,ANTENNA_FAULT,Info,False
7169,1929,63,713,2024-12-13 11:33:40,SIGNAL_DEGRADED,Info,True
7170,260,404,362,2025-06-21 01:21:41,MEMORY_HIGH,Major,True
7171,3500,466,482,2025-03-28 13:22:28,POWER_ALARM,Major,False
7172,899,165,898,2025-12-14 12:58:37,RBS_OVER_TEMP,Minor,True
7173,3601,495,609,2024-01-17 10:20:17,FIBRE_BREAK,Minor,False
7174,2035,413,972,2025-09-01 09:39:45,LINK_DOWN,Minor,True
7175,533,406,148,2025-12-18 14:16:23,BATTERY_LOW,Major,True
7176,4272,302,692,2025-10-13 19:12:47,ANTENNA_FAULT,Minor,True
7177,4862,123,394,2024-02-06 15:03:21,FIBRE_BREAK,Info,True
7178,4426,76,146,2025-01-05 03:28:50,SIGNAL_DEGRADED,Critical,False
7179,4610,22,254,2024-02-13 15:24:31,POWER_ALARM,Major,False
7180,1387,213,619,2024-03-24 17:45:39,BATTERY_LOW,Major,False
7181,2834,16,43,2024-09-16 22:13:52,RBS_OVER_TEMP,Minor,False
7182,2735,289,392,2024-02-20 03:48:47,CPU_OVERLOAD,Major,False
7183,1485,239,539,2025-10-12 10:37:37,TRANSMISSION_ERROR,Minor,False
7184,2612,457,988,2024-03-26 08:48:41,SOFTWARE_CRASH,Minor,True
7185,2474,193,13,2025-07-21 14:37:38,SIGNAL_DEGRADED,Major,True
7186,1095,100,456,2025-06-29 14:33:26,RBS_OVER_TEMP,Minor,True
7187,1632,19,497,2024-11-17 17:37:02,RBS_OVER_TEMP,Critical,False
7188,3271,214,608,2025-06-23 15:15:45,RBS_OVER_TEMP,Minor,False
7189,668,192,986,2025-11-30 08:00:03,MEMORY_HIGH,Critical,False
7190,3770,50,246,2024-02-04 16:31:38,ANTENNA_FAULT,Critical,True
7191,1525,124,530,2025-07-29 13:46:22,SIGNAL_DEGRADED,Info,False
7192,4449,37,811,2024-10-30 22:34:22,RBS_OVER_TEMP,Critical,False
7193,64,263,436,2024-11-06 13:21:56,TRANSMISSION_ERROR,Minor,True
7194,4744,279,973,2024-05-07 18:18:12,TRANSMISSION_ERROR,Minor,False
7195,26,481,96,2025-12-20 11:25:23,LINK_DOWN,Info,True
7196,920,270,480,2024-05-08 07:33:57,SYNC_LOSS,Minor,False
7197,414,234,114,2025-09-10 16:40:31,SYNC_LOSS,Major,True
7198,482,223,989,2025-05-03 04:22:47,SOFTWARE_CRASH,Major,True
7199,4550,483,361,2024-02-05 21:16:06,RBS_OVER_TEMP,Minor,False
7200,2085,472,261,2024-07-02 04:06:46,LINK_DOWN,Minor,False
7201,3924,162,166,2025-07-18 04:22:01,MEMORY_HIGH,Critical,False
7202,567,166,166,2025-05-14 22:42:22,POWER_ALARM,Minor,False
7203,1340,43,121,2024-06-20 13:39:23,ANTENNA_FAULT,Minor,False
7204,4552,150,770,2025-11-28 18:54:44,POWER_ALARM,Info,True
7205,283,368,895,2025-01-25 10:15:52,POWER_ALARM,Info,True
7206,961,294,36,2025-06-29 20:08:04,SYNC_LOSS,Major,False
7207,3692,250,28,2025-04-23 04:42:28,SYNC_LOSS,Major,False
7208,4126,94,684,2024-11-26 06:43:38,BATTERY_LOW,Major,True
7209,808,138,141,2024-08-01 16:49:55,RBS_OVER_TEMP,Minor,False
7210,3693,321,265,2025-07-27 10:38:26,SIGNAL_DEGRADED,Minor,False
7211,270,16,638,2024-10-25 10:03:11,BATTERY_LOW,Minor,True
7212,2799,52,905,2025-06-08 07:37:53,SYNC_LOSS,Info,True
7213,1159,71,244,2024-03-14 10:09:59,ANTENNA_FAULT,Minor,False
7214,1240,67,125,2024-03-07 09:16:48,SIGNAL_DEGRADED,Major,True
7215,1807,484,817,2024-03-08 17:21:42,SOFTWARE_CRASH,Minor,True
7216,1375,84,295,2025-05-01 12:40:13,LINK_DOWN,Info,True
7217,1741,103,935,2025-05-06 12:18:29,MEMORY_HIGH,Major,False
7218,4244,13,138,2024-10-06 17:47:30,CPU_OVERLOAD,Critical,True
7219,4248,233,716,2025-08-14 08:37:38,LINK_DOWN,Info,False
7220,4526,93,574,2024-08-16 20:29:47,SYNC_LOSS,Info,False
7221,2001,232,141,2025-08-16 04:10:49,BATTERY_LOW,Major,False
7222,607,105,426,2025-01-21 02:22:16,SYNC_LOSS,Info,False
7223,1717,113,692,2025-12-25 14:44:06,SIGNAL_DEGRADED,Minor,False
7224,167,245,36,2025-01-28 20:57:57,SIGNAL_DEGRADED,Minor,True
7225,4283,455,436,2024-06-13 15:25:23,MEMORY_HIGH,Minor,False
7226,777,268,142,2024-03-07 17:35:02,BATTERY_LOW,Minor,True
7227,766,86,966,2025-12-21 07:52:06,TRANSMISSION_ERROR,Minor,False
7228,4599,16,751,2024-08-15 16:12:09,CPU_OVERLOAD,Minor,False
7229,4006,297,218,2024-09-07 22:33:20,RBS_OVER_TEMP,Info,False
7230,820,479,623,2024-10-21 00:12:37,TRANSMISSION_ERROR,Minor,False
7231,3215,193,801,2025-09-05 02:46:35,ANTENNA_FAULT,Info,True
7232,2872,24,829,2024-11-09 12:01:30,LINK_DOWN,Critical,False
7233,2091,248,259,2024-12-22 09:37:54,TRANSMISSION_ERROR,Critical,False
7234,4393,164,243,2024-04-05 15:13:58,BATTERY_LOW,Critical,True
7235,575,69,251,2025-06-27 11:25:35,RBS_OVER_TEMP,Minor,False
7236,3468,52,557,2024-07-15 12:53:36,RBS_OVER_TEMP,Critical,True
7237,2086,141,356,2024-09-04 10:07:53,MEMORY_HIGH,Major,False
7238,2506,66,897,2025-03-08 07:29:59,LINK_DOWN,Minor,False
7239,4114,167,922,2024-09-04 04:56:49,RBS_OVER_TEMP,Major,False
7240,4607,29,340,2024-09-29 17:12:09,SOFTWARE_CRASH,Major,False
7241,3435,189,251,2025-06-05 12:07:48,POWER_ALARM,Info,True
7242,4624,190,465,2025-11-14 12:01:16,MEMORY_HIGH,Minor,False
7243,2046,305,929,2024-04-30 02:40:38,SIGNAL_DEGRADED,Info,False
7244,1361,173,387,2024-06-02 16:56:22,SYNC_LOSS,Major,False
7245,3756,279,809,2024-09-30 01:03:39,ANTENNA_FAULT,Info,False
7246,2403,251,95,2025-01-17 10:04:30,SYNC_LOSS,Major,False
7247,1662,56,193,2025-04-21 13:16:39,SOFTWARE_CRASH,Minor,False
7248,132,369,644,2024-12-16 15:28:22,SOFTWARE_CRASH,Minor,True
7249,1099,158,784,2024-02-01 14:23:20,BATTERY_LOW,Major,False
7250,4797,452,423,2024-03-30 10:17:09,MEMORY_HIGH,Major,False
7251,1221,201,348,2025-09-06 01:27:45,TRANSMISSION_ERROR,Major,False
7252,4201,259,216,2025-06-22 15:08:29,SOFTWARE_CRASH,Minor,True
7253,2757,213,995,2025-08-02 13:40:52,SOFTWARE_CRASH,Major,False
7254,4804,358,914,2024-03-13 18:17:53,POWER_ALARM,Major,False
7255,2868,466,135,2024-03-16 09:18:00,ANTENNA_FAULT,Minor,False
7256,4886,256,632,2024-12-15 17:53:30,CPU_OVERLOAD,Info,False
7257,619,279,714,2024-01-22 20:08:54,FIBRE_BREAK,Major,False
7258,4831,317,353,2024-12-03 04:22:38,CPU_OVERLOAD,Major,False
7259,2586,398,988,2024-08-11 14:23:56,TRANSMISSION_ERROR,Major,False
7260,4249,430,38,2024-11-10 00:27:15,POWER_ALARM,Major,False
7261,435,153,382,2025-01-31 17:18:14,LINK_DOWN,Info,False
7262,3981,170,154,2024-07-08 09:11:07,TRANSMISSION_ERROR,Minor,True
7263,4853,162,612,2025-09-08 13:00:54,RBS_OVER_TEMP,Info,False
7264,3742,400,826,2024-07-13 22:55:38,LINK_DOWN,Critical,False
7265,1333,133,525,2025-07-02 20:57:37,BATTERY_LOW,Minor,False
7266,272,114,905,2024-06-16 14:57:50,CPU_OVERLOAD,Major,False
7267,4304,164,287,2025-12-10 09:31:33,ANTENNA_FAULT,Minor,False
7268,1548,184,6,2024-11-27 15:56:25,MEMORY_HIGH,Minor,True
7269,3846,396,664,2025-05-11 16:10:22,CPU_OVERLOAD,Minor,False
7270,3297,187,883,2024-08-02 08:28:21,RBS_OVER_TEMP,Info,True
7271,1499,130,827,2024-10-15 17:28:47,LINK_DOWN,Info,False
7272,1419,183,662,2025-01-22 10:22:16,CPU_OVERLOAD,Minor,False
7273,1864,240,247,2024-02-01 08:19:51,TRANSMISSION_ERROR,Major,True
7274,1363,324,428,2025-06-22 11:28:05,SYNC_LOSS,Info,True
7275,3064,57,879,2024-12-02 15:04:55,SYNC_LOSS,Info,True
7276,1000,484,950,2024-07-16 22:24:38,LINK_DOWN,Major,False
7277,2526,441,847,2025-09-06 11:35:27,TRANSMISSION_ERROR,Critical,False
7278,4097,252,195,2025-01-12 12:46:25,SIGNAL_DEGRADED,Critical,False
7279,4516,27,425,2025-02-12 00:01:56,POWER_ALARM,Info,False
7280,3863,152,250,2024-03-14 16:46:31,SOFTWARE_CRASH,Major,False
7281,2937,40,206,2025-12-07 12:36:45,POWER_ALARM,Info,True
7282,4404,5,267,2024-08-02 14:18:38,CPU_OVERLOAD,Minor,False
7283,4311,256,447,2025-06-25 17:02:51,POWER_ALARM,Major,True
7284,223,248,524,2024-06-12 18:31:35,CPU_OVERLOAD,Info,True
7285,4060,293,326,2025-05-20 11:24:42,BATTERY_LOW,Info,False
7286,4183,298,523,2025-11-05 13:59:31,MEMORY_HIGH,Minor,False
7287,1857,278,784,2024-09-28 06:16:09,TRANSMISSION_ERROR,Major,False
7288,2108,461,713,2026-01-01 17:40:00,ANTENNA_FAULT,Critical,True
7289,3256,255,374,2024-09-14 17:34:45,CPU_OVERLOAD,Info,False
7290,1667,222,667,2024-11-16 21:48:20,SYNC_LOSS,Major,False
7291,411,469,399,2025-04-08 20:13:32,FIBRE_BREAK,Minor,False
7292,924,203,286,2024-01-17 22:46:49,CPU_OVERLOAD,Minor,False
7293,1304,323,327,2025-06-24 12:38:42,TRANSMISSION_ERROR,Info,True
7294,1146,44,290,2025-04-24 02:52:58,BATTERY_LOW,Info,False
7295,3148,125,435,2024-06-29 23:13:40,SYNC_LOSS,Minor,False
7296,3642,51,131,2024-11-18 10:13:14,RBS_OVER_TEMP,Info,True
7297,2787,140,291,2024-07-17 02:55:43,FIBRE_BREAK,Minor,False
7298,958,307,258,2025-01-22 08:34:03,ANTENNA_FAULT,Info,False
7299,333,346,416,2024-03-28 11:48:19,POWER_ALARM,Minor,False
7300,1350,310,408,2024-11-05 17:20:46,MEMORY_HIGH,Minor,False
7301,2057,496,767,2025-07-02 13:54:38,SIGNAL_DEGRADED,Major,True
7302,174,232,6,2025-05-23 18:40:33,RBS_OVER_TEMP,Major,False
7303,2552,262,652,2024-11-05 04:18:34,SIGNAL_DEGRADED,Minor,True
7304,4167,134,38,2025-03-04 05:56:06,BATTERY_LOW,Minor,False
7305,3343,324,259,2024-08-20 09:00:31,SOFTWARE_CRASH,Major,True
7306,787,323,709,2025-11-12 08:23:06,SIGNAL_DEGRADED,Info,True
7307,2134,419,644,2024-10-29 05:00:38,BATTERY_LOW,Info,True
7308,3834,54,13,2025-03-15 08:31:56,FIBRE_BREAK,Info,False
7309,190,108,915,2024-06-11 15:12:04,RBS_OVER_TEMP,Info,False
7310,3803,262,481,2024-10-19 13:37:42,SIGNAL_DEGRADED,Major,False
7311,1759,119,307,2025-04-05 11:48:40,SYNC_LOSS,Info,False
7312,784,256,527,2024-05-25 06:06:05,BATTERY_LOW,Minor,False
7313,1361,173,387,2024-06-02 16:52:22,POWER_ALARM,Major,False
7314,2825,443,928,2024-05-25 12:15:42,RBS_OVER_TEMP,Critical,False
7315,971,316,816,2024-04-19 13:08:07,SOFTWARE_CRASH,Major,False
7316,178,163,264,2025-07-30 23:16:00,SOFTWARE_CRASH,Info,False
7317,3493,276,236,2025-07-16 04:57:21,SOFTWARE_CRASH,Major,True
7318,2822,308,422,2025-07-21 00:15:14,TRANSMISSION_ERROR,Major,True
7319,2954,373,556,2024-05-01 12:42:47,SIGNAL_DEGRADED,Major,True
7320,1789,361,225,2024-12-03 00:10:54,SOFTWARE_CRASH,Major,False
7321,540,5,110,2025-07-24 17:07:03,ANTENNA_FAULT,Minor,True
7322,2576,162,361,2024-11-27 06:29:21,SOFTWARE_CRASH,Minor,False
7323,2214,209,932,2025-10-11 16:08:44,CPU_OVERLOAD,Info,False
7324,389,32,952,2024-10-21 12:38:30,SOFTWARE_CRASH,Minor,False
7325,2742,488,350,2024-11-28 03:24:37,TRANSMISSION_ERROR,Critical,True
7326,1546,468,909,2025-02-21 05:13:09,SOFTWARE_CRASH,Info,True
7327,2064,61,634,2024-04-30 13:42:36,RBS_OVER_TEMP,Minor,False
7328,4327,433,78,2025-09-01 02:13:40,BATTERY_LOW,Minor,False
7329,4570,450,753,2024-09-01 14:09:50,FIBRE_BREAK,Major,True
7330,2001,232,141,2025-08-16 04:20:49,TRANSMISSION_ERROR,Minor,True
7331,3648,383,927,2024-04-09 18:04:32,POWER_ALARM,Critical,False
7332,4809,2,237,2025-10-19 16:52:25,TRANSMISSION_ERROR,Major,False
7333,431,469,278,2024-12-24 22:06:06,ANTENNA_FAULT,Info,False
7334,3151,44,24,2025-05-15 05:38:37,TRANSMISSION_ERROR,Critical,False
7335,1819,348,412,2025-01-13 11:55:15,CPU_OVERLOAD,Minor,False
7336,3321,99,329,2024-02-09 20:23:32,LINK_DOWN,Minor,False
7337,4788,296,791,2024-05-31 03:03:05,ANTENNA_FAULT,Minor,False
7338,2400,490,141,2025-04-16 14:02:41,CPU_OVERLOAD,Minor,False
7339,1957,107,90,2024-09-26 12:16:11,MEMORY_HIGH,Critical,True
7340,1098,99,702,2024-07-23 16:03:25,RBS_OVER_TEMP,Info,False
7341,2416,68,444,2025-11-13 15:40:07,SIGNAL_DEGRADED,Major,False
7342,2481,175,24,2024-02-01 00:32:46,BATTERY_LOW,Info,False
7343,1313,347,200,2025-08-05 01:34:54,SIGNAL_DEGRADED,Major,False
7344,1332,381,414,2025-04-16 03:41:26,LINK_DOWN,Major,False
7345,719,197,592,2025-12-16 15:46:01,RBS_OVER_TEMP,Major,False
7346,2319,94,225,2025-10-05 12:41:00,ANTENNA_FAULT,Info,False
7347,904,58,971,2024-01-30 19:54:47,POWER_ALARM,Critical,False
7348,971,316,816,2024-04-19 12:30:07,SIGNAL_DEGRADED,Minor,True
7349,2827,379,59,2025-06-26 21:38:56,POWER_ALARM,Minor,True
7350,283,368,895,2025-01-25 10:23:52,SOFTWARE_CRASH,Minor,False
7351,3777,246,940,2024-10-07 19:23:32,CPU_OVERLOAD,Info,True
7352,3138,142,173,2025-11-05 14:00:20,ANTENNA_FAULT,Minor,False
7353,4376,34,475,2024-07-08 12:02:20,POWER_ALARM,Minor,True
7354,2329,349,578,2024-11-01 23:30:34,FIBRE_BREAK,Major,False
7355,439,421,17,2025-04-04 10:41:21,TRANSMISSION_ERROR,Info,True
7356,1482,264,166,2024-12-29 04:00:20,SIGNAL_DEGRADED,Minor,False
7357,1451,337,287,2024-03-01 13:52:26,BATTERY_LOW,Major,False
7358,4558,186,70,2024-07-20 13:40:22,SIGNAL_DEGRADED,Info,True
7359,575,69,251,2025-06-27 11:10:35,ANTENNA_FAULT,Major,False
7360,2135,296,122,2024-10-22 15:48:06,RBS_OVER_TEMP,Minor,False
7361,1685,36,924,2025-10-04 13:51:32,SYNC_LOSS,Info,True
7362,4146,364,811,2024-07-15 11:27:15,RBS_OVER_TEMP,Info,False
7363,3541,387,136,2025-07-18 14:19:17,SIGNAL_DEGRADED,Major,False
7364,443,362,634,2025-01-22 22:22:40,ANTENNA_FAULT,Minor,False
7365,1815,124,789,2024-10-29 16:40:49,TRANSMISSION_ERROR,Critical,True
7366,3182,234,418,2024-04-06 19:30:19,BATTERY_LOW,Major,True
7367,3910,122,81,2024-07-15 16:41:12,RBS_OVER_TEMP,Major,False
7368,3081,197,788,2024-01-10 10:19:56,CPU_OVERLOAD,Critical,True
7369,3273,49,466,2025-05-29 23:13:03,TRANSMISSION_ERROR,Minor,False
7370,1292,478,788,2024-10-22 17:54:50,POWER_ALARM,Critical,True
7371,1833,410,263,2025-10-19 01:53:46,TRANSMISSION_ERROR,Info,False
7372,3772,433,408,2025-04-16 06:53:07,SOFTWARE_CRASH,Info,False
7373,1843,320,487,2024-08-18 18:00:45,SYNC_LOSS,Critical,True
7374,1470,357,534,2024-11-29 09:48:45,CPU_OVERLOAD,Minor,True
7375,3120,223,115,2024-01-18 18:38:56,SIGNAL_DEGRADED,Info,False
7376,3437,261,681,2025-11-18 17:44:34,CPU_OVERLOAD,Info,False
7377,3708,238,181,2025-09-25 15:06:44,MEMORY_HIGH,Minor,False
7378,2856,31,790,2024-04-18 14:36:00,BATTERY_LOW,Minor,False
7379,1743,389,574,2024-10-21 13:33:53,SIGNAL_DEGRADED,Info,True
7380,2685,334,594,2025-11-22 13:41:17,POWER_ALARM,Info,False
7381,119,382,289,2024-07-11 17:41:50,SYNC_LOSS,Info,False
7382,359,105,558,2025-04-07 08:46:41,RBS_OVER_TEMP,Minor,False
7383,459,489,793,2025-03-16 05:21:50,FIBRE_BREAK,Info,False
7384,4649,394,916,2025-05-09 04:14:08,TRANSMISSION_ERROR,Major,True
7385,3170,305,55,2024-09-11 01:51:03,SYNC_LOSS,Minor,True
7386,4066,18,44,2025-08-12 05:04:15,BATTERY_LOW,Info,True
7387,3301,364,96,2025-06-17 04:15:03,MEMORY_HIGH,Major,False
7388,3332,161,148,2024-10-04 12:01:46,RBS_OVER_TEMP,Minor,True
7389,648,76,252,2025-10-25 08:33:14,FIBRE_BREAK,Minor,False
7390,4625,454,609,2024-09-01 22:48:10,LINK_DOWN,Info,True
7391,4320,123,580,2025-07-12 17:15:31,RBS_OVER_TEMP,Info,True
7392,3323,234,54,2024-08-25 02:49:54,MEMORY_HIGH,Critical,False
7393,385,91,716,2025-02-04 23:33:38,ANTENNA_FAULT,Info,True
7394,4711,394,894,2024-05-03 22:46:13,RBS_OVER_TEMP,Major,False
7395,4690,69,349,2024-10-18 15:20:29,POWER_ALARM,Critical,False
7396,2272,101,449,2024-02-10 10:21:16,SYNC_LOSS,Critical,True
7397,4245,121,711,2025-12-02 09:18:30,BATTERY_LOW,Info,False
7398,2493,422,618,2024-05-12 17:29:43,LINK_DOWN,Minor,False
7399,336,297,70,2025-11-13 10:47:12,MEMORY_HIGH,Critical,False
7400,564,464,969,2025-05-07 23:13:59,SYNC_LOSS,Major,False
7401,156,280,323,2025-12-24 19:31:38,MEMORY_HIGH,Critical,False
7402,2855,316,653,2025-06-24 16:37:06,ANTENNA_FAULT,Major,False
7403,4363,208,50,2025-05-18 02:37:36,POWER_ALARM,Major,False
7404,895,110,758,2025-08-18 06:14:51,CPU_OVERLOAD,Major,False
7405,1030,203,141,2024-04-10 16:57:01,SIGNAL_DEGRADED,Critical,False
7406,1262,282,121,2025-01-27 20:43:24,SIGNAL_DEGRADED,Info,True
7407,4694,8,241,2024-10-12 19:01:16,CPU_OVERLOAD,Info,True
7408,294,260,208,2025-07-11 00:14:43,CPU_OVERLOAD,Minor,False
7409,4605,293,624,2025-03-27 09:31:53,SIGNAL_DEGRADED,Minor,False
7410,4557,67,748,2025-12-29 15:02:08,POWER_ALARM,Info,True
7411,3774,195,696,2024-10-21 16:57:35,POWER_ALARM,Info,True
7412,3431,255,17,2025-07-30 16:46:21,SOFTWARE_CRASH,Major,False
7413,2448,170,822,2025-08-23 15:25:23,TRANSMISSION_ERROR,Info,False
7414,4947,145,84,2025-11-28 08:48:12,SYNC_LOSS,Major,False
7415,4229,104,394,2024-02-17 16:12:48,BATTERY_LOW,Info,True
7416,4244,13,138,2024-10-06 18:26:30,SIGNAL_DEGRADED,Major,False
7417,2386,57,218,2025-05-12 23:10:47,TRANSMISSION_ERROR,Critical,True
7418,3707,189,163,2025-12-16 17:45:56,RBS_OVER_TEMP,Major,False
7419,4457,84,962,2024-10-29 15:25:38,ANTENNA_FAULT,Info,True
7420,813,35,41,2024-10-08 04:48:57,SYNC_LOSS,Info,False
7421,1406,467,469,2025-09-30 01:35:39,CPU_OVERLOAD,Minor,False
7422,2583,449,258,2024-01-03 16:14:06,ANTENNA_FAULT,Minor,False
7423,4871,16,168,2025-02-27 15:38:37,LINK_DOWN,Info,False
7424,85,131,813,2024-04-29 16:13:19,SIGNAL_DEGRADED,Critical,False
7425,79,488,461,2025-05-09 10:29:03,RBS_OVER_TEMP,Critical,False
7426,4878,351,622,2025-04-29 01:21:37,BATTERY_LOW,Critical,False
7427,60,476,756,2025-12-09 16:17:29,LINK_DOWN,Critical,False
7428,1967,425,848,2024-08-12 13:07:05,SIGNAL_DEGRADED,Info,False
7429,3792,407,836,2025-04-16 06:22:41,SIGNAL_DEGRADED,Minor,False
7430,1114,190,499,2024-05-10 21:38:57,LINK_DOWN,Info,True
7431,2481,175,24,2024-02-01 01:11:46,BATTERY_LOW,Critical,False
7432,4514,350,319,2025-11-19 09:09:39,LINK_DOWN,Minor,False
7433,1162,387,48,2025-07-24 13:52:35,RBS_OVER_TEMP,Minor,True
7434,2274,225,803,2025-06-15 15:26:17,SOFTWARE_CRASH,Minor,True
7435,1068,177,635,2025-08-20 00:12:59,ANTENNA_FAULT,Critical,False
7436,3377,132,811,2025-03-31 21:09:09,TRANSMISSION_ERROR,Major,True
7437,4388,192,258,2025-08-12 10:03:08,LINK_DOWN,Info,False
7438,1631,396,415,2024-01-27 16:34:56,MEMORY_HIGH,Major,True
7439,1403,316,331,2025-05-26 17:12:01,MEMORY_HIGH,Info,False
7440,125,194,809,2024-10-02 10:09:44,CPU_OVERLOAD,Info,False
7441,1794,84,874,2024-06-26 17:31:33,MEMORY_HIGH,Minor,False
7442,4895,198,64,2025-05-29 14:53:32,MEMORY_HIGH,Info,False
7443,1102,195,186,2024-06-14 16:19:43,CPU_OVERLOAD,Minor,True
7444,4552,150,770,2025-11-28 18:55:44,TRANSMISSION_ERROR,Info,True
7445,3944,208,753,2024-07-05 01:27:00,SOFTWARE_CRASH,Critical,False
7446,864,207,990,2025-05-29 12:28:59,LINK_DOWN,Minor,True
7447,2979,90,635,2025-10-27 10:58:47,MEMORY_HIGH,Major,False
7448,135,115,663,2025-06-06 09:50:01,SOFTWARE_CRASH,Minor,False
7449,3305,226,93,2025-09-09 18:16:50,MEMORY_HIGH,Major,False
7450,757,279,113,2025-05-31 13:59:15,CPU_OVERLOAD,Minor,True
7451,1262,282,121,2025-01-27 20:36:24,SOFTWARE_CRASH,Critical,False
7452,2976,445,912,2024-10-20 17:55:03,SIGNAL_DEGRADED,Info,False
7453,853,373,452,2025-08-08 03:10:50,RBS_OVER_TEMP,Minor,False
7454,3191,24,288,2025-01-26 00:40:29,SYNC_LOSS,Minor,True
7455,3436,374,28,2025-06-17 15:45:50,CPU_OVERLOAD,Major,True
7456,3579,87,555,2025-12-31 14:06:59,SIGNAL_DEGRADED,Minor,False
7457,3819,194,737,2025-11-14 13:12:27,SIGNAL_DEGRADED,Minor,True
7458,2402,20,259,2025-03-11 21:43:09,ANTENNA_FAULT,Info,False
7459,4879,245,126,2024-08-01 23:34:57,TRANSMISSION_ERROR,Info,False
7460,4657,438,495,2024-02-06 21:59:33,TRANSMISSION_ERROR,Info,True
7461,3611,54,208,2025-11-28 11:28:41,CPU_OVERLOAD,Critical,False
7462,4013,44,940,2025-12-20 23:27:39,SIGNAL_DEGRADED,Minor,False
7463,660,156,332,2025-08-04 11:06:11,SOFTWARE_CRASH,Minor,False
7464,256,457,477,2025-10-15 10:09:09,SIGNAL_DEGRADED,Major,False
7465,4918,318,474,2024-05-12 16:18:47,SYNC_LOSS,Major,True
7466,1318,13,800,2024-08-27 09:48:44,ANTENNA_FAULT,Major,True
7467,1288,252,79,2025-09-28 07:13:35,MEMORY_HIGH,Minor,False
7468,997,257,583,2024-06-27 16:20:23,TRANSMISSION_ERROR,Major,False
7469,4028,169,284,2024-03-10 09:46:00,ANTENNA_FAULT,Minor,False
7470,4491,50,267,2025-09-24 21:34:51,SYNC_LOSS,Info,False
7471,2067,462,642,2025-11-11 13:19:27,SIGNAL_DEGRADED,Minor,False
7472,808,138,141,2024-08-01 17:03:55,CPU_OVERLOAD,Major,True
7473,774,110,431,2025-10-26 11:22:20,MEMORY_HIGH,Major,False
7474,1931,459,594,2025-04-25 18:02:16,MEMORY_HIGH,Info,False
7475,2466,417,656,2025-04-26 13:02:01,SYNC_LOSS,Major,False
7476,3428,318,906,2024-09-17 05:08:29,SYNC_LOSS,Info,True
7477,4646,251,730,2025-11-17 17:31:38,MEMORY_HIGH,Minor,False
7478,2571,278,994,2025-12-24 10:51:14,SOFTWARE_CRASH,Minor,False
7479,1104,341,309,2024-05-07 13:39:02,ANTENNA_FAULT,Info,False
7480,3527,429,514,2024-04-23 10:59:37,SOFTWARE_CRASH,Minor,False
7481,260,404,362,2025-06-21 01:28:41,SYNC_LOSS,Major,False
7482,1167,361,842,2025-01-14 05:03:39,POWER_ALARM,Info,False
7483,2210,458,591,2024-02-28 11:38:17,SOFTWARE_CRASH,Info,False
7484,4459,315,722,2025-03-31 01:41:02,TRANSMISSION_ERROR,Minor,False
7485,2750,172,847,2025-06-05 15:29:55,SYNC_LOSS,Info,False
7486,4324,182,723,2025-08-14 17:23:25,POWER_ALARM,Major,False
7487,4648,296,860,2024-03-08 05:32:57,LINK_DOWN,Minor,False
7488,1563,278,739,2025-04-16 11:41:15,SOFTWARE_CRASH,Info,False
7489,3716,111,26,2024-08-06 21:00:13,TRANSMISSION_ERROR,Minor,False
7490,374,287,164,2024-08-26 01:03:13,SIGNAL_DEGRADED,Info,True
7491,12,100,503,2025-08-01 13:48:33,FIBRE_BREAK,Minor,True
7492,2676,132,436,2024-11-07 19:08:21,LINK_DOWN,Info,False
7493,1948,245,401,2025-09-29 17:24:07,TRANSMISSION_ERROR,Minor,False
7494,1731,153,205,2025-03-27 10:16:02,BATTERY_LOW,Minor,False
7495,976,280,237,2024-08-19 13:25:22,SOFTWARE_CRASH,Info,False
7496,150,190,581,2024-03-18 10:15:39,ANTENNA_FAULT,Minor,False
7497,3262,294,310,2025-05-22 17:15:59,MEMORY_HIGH,Minor,True
7498,4137,150,263,2024-08-08 15:37:22,SYNC_LOSS,Minor,True
7499,2704,485,265,2024-04-19 17:19:17,SOFTWARE_CRASH,Major,True
7500,3635,430,118,2024-01-10 12:34:56,BATTERY_LOW,Major,False
7501,2512,159,405,2025-07-22 08:16:05,SIGNAL_DEGRADED,Info,False
7502,1978,247,389,2025-06-14 17:39:58,POWER_ALARM,Info,True
7503,830,121,786,2024-08-03 05:01:46,SOFTWARE_CRASH,Major,True
7504,249,451,677,2024-11-04 12:56:27,ANTENNA_FAULT,Major,False
7505,4653,43,43,2025-09-17 17:41:09,CPU_OVERLOAD,Major,True
7506,4005,427,265,2024-03-01 17:24:54,MEMORY_HIGH,Minor,False
7507,3611,54,208,2025-11-28 11:26:41,BATTERY_LOW,Minor,False
7508,3684,222,954,2024-10-19 16:42:42,TRANSMISSION_ERROR,Info,False
7509,2584,60,377,2024-02-20 16:19:08,BATTERY_LOW,Minor,False
7510,2180,129,863,2024-01-25 00:45:11,ANTENNA_FAULT,Info,False
7511,4389,27,771,2025-05-07 09:41:32,SYNC_LOSS,Minor,False
7512,4868,2,640,2025-02-04 08:38:16,MEMORY_HIGH,Minor,True
7513,3240,160,607,2024-02-23 19:25:05,TRANSMISSION_ERROR,Critical,False
7514,2505,277,564,2025-12-25 11:03:52,SOFTWARE_CRASH,Minor,False
7515,1786,201,949,2025-07-26 13:37:47,MEMORY_HIGH,Critical,False
7516,1760,478,786,2024-12-09 02:25:39,RBS_OVER_TEMP,Minor,True
7517,3057,282,545,2024-02-19 13:01:17,SOFTWARE_CRASH,Minor,False
7518,3690,219,286,2025-03-26 01:40:32,POWER_ALARM,Minor,False
7519,4956,45,845,2024-01-09 07:26:42,MEMORY_HIGH,Minor,False
7520,462,229,183,2024-05-26 05:13:02,ANTENNA_FAULT,Critical,True
7521,2122,175,970,2025-05-19 21:49:24,TRANSMISSION_ERROR,Minor,True
7522,1428,153,970,2025-05-03 17:04:38,SOFTWARE_CRASH,Info,False
7523,1150,455,657,2025-09-27 10:40:53,SIGNAL_DEGRADED,Minor,False
7524,749,368,992,2025-05-12 13:45:03,RBS_OVER_TEMP,Minor,False
7525,183,111,840,2024-03-28 13:54:30,SIGNAL_DEGRADED,Minor,False
7526,3642,51,131,2024-11-18 09:10:14,BATTERY_LOW,Major,True
7527,3548,254,933,2024-11-20 10:26:45,SYNC_LOSS,Critical,False
7528,1730,269,63,2025-08-01 11:09:42,SIGNAL_DEGRADED,Minor,False
7529,2750,172,847,2025-06-05 15:27:55,RBS_OVER_TEMP,Info,False
7530,169,262,909,2024-11-30 13:41:33,FIBRE_BREAK,Major,False
7531,4118,41,424,2025-09-21 15:40:18,SOFTWARE_CRASH,Info,False
7532,711,217,160,2024-05-09 08:17:31,RBS_OVER_TEMP,Major,False
7533,3508,292,994,2025-02-25 11:36:18,LINK_DOWN,Info,True
7534,2836,303,835,2024-08-04 08:23:25,POWER_ALARM,Minor,False
7535,3698,306,455,2025-06-02 17:21:48,FIBRE_BREAK,Major,True
7536,708,420,248,2024-06-13 12:32:36,BATTERY_LOW,Major,False
7537,1316,370,838,2024-12-19 01:57:25,SYNC_LOSS,Major,False
7538,4819,153,666,2025-04-17 20:28:47,TRANSMISSION_ERROR,Major,False
7539,4392,84,223,2024-08-11 07:40:49,BATTERY_LOW,Minor,True
7540,4489,25,6,2025-02-07 10:53:41,CPU_OVERLOAD,Critical,True
7541,1036,428,187,2024-01-29 17:08:35,SOFTWARE_CRASH,Major,False
7542,3938,321,18,2024-02-23 12:31:40,TRANSMISSION_ERROR,Major,False
7543,3907,177,996,2025-05-23 15:07:35,LINK_DOWN,Minor,True
7544,4789,450,13,2024-09-02 02:30:43,CPU_OVERLOAD,Major,False
7545,1835,450,508,2024-02-18 01:20:55,POWER_ALARM,Minor,True
7546,2428,9,622,2025-07-15 02:09:36,TRANSMISSION_ERROR,Minor,False
7547,4595,378,566,2024-09-29 11:25:21,SYNC_LOSS,Major,False
7548,2216,105,794,2025-09-13 08:05:59,CPU_OVERLOAD,Minor,True
7549,3128,193,910,2025-10-16 16:18:26,MEMORY_HIGH,Critical,True
7550,86,89,177,2025-04-15 17:12:26,MEMORY_HIGH,Minor,True
7551,2692,173,589,2025-09-06 12:06:36,SIGNAL_DEGRADED,Minor,False
7552,3294,450,759,2024-08-02 07:23:02,CPU_OVERLOAD,Major,False
7553,2137,266,743,2024-03-29 17:30:53,SYNC_LOSS,Major,True
7554,4838,207,24,2025-10-30 09:06:17,FIBRE_BREAK,Major,False
7555,3882,476,596,2024-07-05 10:57:06,FIBRE_BREAK,Minor,False
7556,4307,318,655,2024-07-29 15:59:24,SIGNAL_DEGRADED,Major,False
7557,357,386,973,2025-12-13 22:45:46,POWER_ALARM,Minor,False
7558,1279,405,741,2025-05-25 18:40:50,POWER_ALARM,Minor,False
7559,1324,289,50,2024-10-25 19:00:33,FIBRE_BREAK,Minor,True
7560,1817,264,119,2026-01-01 22:59:26,TRANSMISSION_ERROR,Minor,False
7561,4083,396,631,2025-08-06 12:05:09,POWER_ALARM,Critical,True
7562,2968,435,947,2024-11-27 10:32:28,FIBRE_BREAK,Critical,False
7563,4367,230,467,2024-10-29 08:23:34,SOFTWARE_CRASH,Minor,True
7564,2806,131,282,2024-06-15 03:36:11,TRANSMISSION_ERROR,Info,False
7565,3000,430,486,2024-05-05 15:59:59,FIBRE_BREAK,Minor,True
7566,4259,447,494,2024-03-10 13:47:39,RBS_OVER_TEMP,Minor,True
7567,2182,96,277,2024-08-13 04:43:19,RBS_OVER_TEMP,Info,False
7568,474,85,111,2025-08-17 14:29:59,TRANSMISSION_ERROR,Info,False
7569,4337,212,580,2024-04-09 12:22:24,LINK_DOWN,Major,False
7570,562,492,37,2024-12-26 17:59:51,SYNC_LOSS,Info,False
7571,3194,356,262,2024-04-08 15:50:56,SIGNAL_DEGRADED,Minor,True
7572,3133,112,307,2024-07-04 04:56:55,SIGNAL_DEGRADED,Info,False
7573,4177,228,337,2025-06-26 23:36:58,MEMORY_HIGH,Minor,False
7574,2104,428,318,2024-03-29 19:42:13,LINK_DOWN,Info,False
7575,1599,226,87,2025-05-01 14:49:27,TRANSMISSION_ERROR,Critical,False
7576,3634,175,118,2024-04-03 14:39:36,TRANSMISSION_ERROR,Minor,False
7577,4072,467,971,2025-09-08 17:38:11,LINK_DOWN,Critical,False
7578,995,302,736,2024-10-12 02:09:37,LINK_DOWN,Minor,True
7579,1500,497,258,2024-11-29 00:14:15,MEMORY_HIGH,Critical,False
7580,1476,194,985,2025-10-26 12:02:25,ANTENNA_FAULT,Info,True
7581,4107,199,658,2024-10-30 12:57:57,CPU_OVERLOAD,Info,True
7582,3875,248,678,2024-02-10 16:07:34,RBS_OVER_TEMP,Critical,False
7583,899,165,898,2025-12-14 13:00:37,SIGNAL_DEGRADED,Minor,True
7584,3956,53,263,2025-06-03 13:19:37,FIBRE_BREAK,Major,False
7585,1350,310,408,2024-11-05 17:20:46,RBS_OVER_TEMP,Info,True
7586,4945,131,660,2025-02-08 14:37:02,LINK_DOWN,Major,False
7587,2800,341,585,2024-04-23 14:11:42,BATTERY_LOW,Critical,True
7588,604,434,727,2024-12-15 13:24:37,FIBRE_BREAK,Major,False
7589,1060,74,248,2025-10-09 11:59:34,LINK_DOWN,Minor,False
7590,960,395,516,2024-02-04 03:07:58,POWER_ALARM,Minor,True
7591,2353,271,393,2025-01-27 16:34:19,POWER_ALARM,Info,False
7592,546,132,596,2024-09-21 00:51:17,LINK_DOWN,Info,False
7593,2380,239,187,2024-03-01 14:52:21,LINK_DOWN,Minor,False
7594,3219,494,664,2025-06-29 10:42:23,SOFTWARE_CRASH,Major,False
7595,1680,380,632,2025-07-10 10:40:19,BATTERY_LOW,Major,False
7596,548,317,926,2025-04-25 10:18:25,FIBRE_BREAK,Info,False
7597,3087,328,243,2025-09-26 16:53:50,MEMORY_HIGH,Minor,False
7598,115,261,172,2024-08-24 00:22:17,LINK_DOWN,Minor,True
7599,4264,164,618,2024-06-16 11:05:27,LINK_DOWN,Critical,False
7600,511,317,101,2025-08-25 18:01:46,SIGNAL_DEGRADED,Minor,False
7601,2426,396,914,2025-09-15 16:18:59,SYNC_LOSS,Info,False
7602,3075,191,244,2024-02-28 12:10:18,TRANSMISSION_ERROR,Minor,True
7603,3151,44,24,2025-05-15 05:37:37,SYNC_LOSS,Critical,False
7604,4878,351,622,2025-04-29 01:26:37,SYNC_LOSS,Info,True
7605,464,471,941,2024-12-30 16:02:57,CPU_OVERLOAD,Critical,True
7606,1793,112,944,2025-09-05 21:56:46,CPU_OVERLOAD,Minor,False
7607,3196,8,459,2024-05-27 06:34:31,SIGNAL_DEGRADED,Info,False
7608,1112,243,127,2024-05-19 18:05:40,SYNC_LOSS,Critical,True
7609,2544,82,183,2024-01-21 13:05:29,ANTENNA_FAULT,Minor,False
7610,3967,350,148,2024-11-25 17:30:58,SYNC_LOSS,Minor,False
7611,3048,306,728,2025-06-06 15:26:29,CPU_OVERLOAD,Critical,True
7612,2163,493,712,2024-08-06 18:10:39,POWER_ALARM,Major,False
7613,1483,287,891,2024-04-26 06:19:56,BATTERY_LOW,Major,False
7614,839,90,686,2024-05-31 16:03:25,MEMORY_HIGH,Critical,True
7615,4984,394,71,2024-04-21 01:53:30,BATTERY_LOW,Major,True
7616,4127,131,168,2024-12-16 07:42:53,CPU_OVERLOAD,Minor,False
7617,365,344,860,2025-01-10 13:32:42,SYNC_LOSS,Major,False
7618,3724,360,540,2025-04-11 19:00:54,BATTERY_LOW,Info,True
7619,3719,273,288,2024-02-08 23:29:46,ANTENNA_FAULT,Major,True
7620,1931,459,594,2025-04-25 18:07:16,SYNC_LOSS,Major,False
7621,4416,47,170,2025-06-18 05:25:37,ANTENNA_FAULT,Major,False
7622,4472,395,151,2024-01-20 18:03:48,RBS_OVER_TEMP,Critical,True
7623,2284,258,378,2024-06-10 16:05:01,SOFTWARE_CRASH,Info,True
7624,10,483,950,2025-08-17 13:24:12,TRANSMISSION_ERROR,Info,False
7625,4436,458,834,2025-08-04 00:54:19,SIGNAL_DEGRADED,Info,False
7626,983,334,176,2025-05-22 13:35:56,FIBRE_BREAK,Info,True
7627,4765,66,435,2024-08-12 12:22:23,LINK_DOWN,Info,False
7628,4706,314,647,2025-09-30 04:35:32,TRANSMISSION_ERROR,Major,False
7629,3178,342,96,2024-03-20 01:45:49,SYNC_LOSS,Major,True
7630,435,153,382,2025-01-31 17:10:14,SIGNAL_DEGRADED,Minor,False
7631,1750,288,402,2025-02-08 11:22:55,SIGNAL_DEGRADED,Minor,False
7632,409,405,946,2025-10-26 18:35:16,MEMORY_HIGH,Critical,True
7633,2110,244,107,2025-06-07 09:20:41,POWER_ALARM,Info,True
7634,4542,291,362,2025-04-02 02:50:50,SYNC_LOSS,Major,False
7635,2121,62,69,2024-03-18 05:53:37,POWER_ALARM,Major,False
7636,860,282,820,2024-09-22 19:21:56,FIBRE_BREAK,Minor,False
7637,4689,266,739,2025-02-13 02:58:34,POWER_ALARM,Critical,True
7638,534,130,423,2025-12-29 11:20:00,LINK_DOWN,Critical,False
7639,4818,376,400,2024-08-17 02:00:44,FIBRE_BREAK,Minor,False
7640,1301,344,917,2025-09-30 15:58:33,SOFTWARE_CRASH,Critical,False
7641,825,275,132,2024-09-19 09:07:48,POWER_ALARM,Critical,True
7642,4512,279,578,2024-03-18 12:48:20,SYNC_LOSS,Major,True
7643,4968,214,584,2024-12-03 13:21:59,SIGNAL_DEGRADED,Critical,False
7644,855,265,736,2025-06-10 17:33:13,FIBRE_BREAK,Major,False
7645,229,91,985,2025-03-04 07:30:18,BATTERY_LOW,Major,True
7646,2169,5,34,2025-08-22 06:26:14,FIBRE_BREAK,Info,False
7647,616,37,857,2024-03-15 23:51:34,POWER_ALARM,Minor,False
7648,890,354,526,2024-03-18 02:32:33,TRANSMISSION_ERROR,Minor,False
7649,1865,344,11,2024-03-02 13:48:14,SYNC_LOSS,Critical,False
7650,2440,323,567,2024-01-22 10:24:52,MEMORY_HIGH,Major,True
7651,1590,460,744,2024-03-14 15:06:22,CPU_OVERLOAD,Info,False
7652,2461,353,906,2024-12-14 13:53:12,POWER_ALARM,Info,False
7653,1707,380,204,2025-10-16 20:37:20,POWER_ALARM,Critical,False
7654,2875,203,222,2024-05-18 17:38:47,BATTERY_LOW,Minor,False
7655,1816,313,390,2025-08-14 11:00:54,SYNC_LOSS,Minor,False
7656,1648,222,796,2025-06-19 09:34:22,POWER_ALARM,Major,False
7657,3585,258,300,2024-07-25 01:03:01,CPU_OVERLOAD,Info,False
7658,2978,440,337,2025-03-07 04:32:55,BATTERY_LOW,Critical,False
7659,1116,289,179,2025-08-12 03:18:25,MEMORY_HIGH,Major,True
7660,4415,57,595,2025-03-02 15:19:16,MEMORY_HIGH,Critical,False
7661,4180,100,79,2025-01-14 16:34:10,CPU_OVERLOAD,Minor,False
7662,1771,97,661,2024-04-13 15:36:01,SYNC_LOSS,Info,False
7663,3806,480,289,2024-07-12 14:38:22,LINK_DOWN,Info,True
7664,2293,425,870,2025-08-19 10:37:34,RBS_OVER_TEMP,Critical,False
7665,2739,412,283,2025-11-15 12:04:00,LINK_DOWN,Minor,False
7666,2902,479,444,2025-07-03 18:59:10,TRANSMISSION_ERROR,Minor,False
7667,2100,258,456,2024-04-15 17:29:40,RBS_OVER_TEMP,Minor,False
7668,1365,388,516,2024-03-11 09:42:27,CPU_OVERLOAD,Minor,False
7669,230,431,509,2025-02-09 19:34:24,MEMORY_HIGH,Minor,True
7670,1898,140,409,2025-04-23 08:02:14,MEMORY_HIGH,Minor,False
7671,4508,262,202,2024-01-17 12:58:10,SIGNAL_DEGRADED,Critical,False
7672,2160,462,293,2025-03-29 13:20:27,POWER_ALARM,Major,False
7673,928,326,719,2025-06-20 04:49:12,RBS_OVER_TEMP,Major,False
7674,721,250,60,2025-01-22 09:24:24,CPU_OVERLOAD,Info,True
7675,1243,374,549,2024-06-10 17:25:28,SYNC_LOSS,Minor,False
7676,1627,237,610,2024-03-31 08:31:32,ANTENNA_FAULT,Minor,False
7677,525,399,165,2025-07-09 14:14:54,TRANSMISSION_ERROR,Major,False
7678,2036,329,552,2025-08-13 18:04:48,LINK_DOWN,Critical,True
7679,3741,189,280,2024-06-21 02:13:36,BATTERY_LOW,Critical,True
7680,1910,172,632,2024-05-15 19:06:25,SYNC_LOSS,Critical,False
7681,555,299,400,2024-05-31 08:36:38,SOFTWARE_CRASH,Minor,False
7682,625,337,248,2024-09-09 07:59:53,ANTENNA_FAULT,Minor,False
7683,2777,202,734,2024-11-24 08:49:32,POWER_ALARM,Critical,False
7684,1337,340,648,2024-03-10 06:58:22,SYNC_LOSS,Info,True
7685,2868,466,135,2024-03-16 08:36:00,TRANSMISSION_ERROR,Info,True
7686,140,162,983,2025-02-14 13:41:24,MEMORY_HIGH,Info,False
7687,2096,199,57,2025-10-02 14:16:43,SYNC_LOSS,Info,True
7688,973,485,844,2024-08-31 12:33:31,SYNC_LOSS,Major,True
7689,4464,164,310,2024-08-24 15:07:19,CPU_OVERLOAD,Info,False
7690,1314,336,809,2024-10-29 14:45:37,POWER_ALARM,Minor,True
7691,3506,138,229,2025-11-15 02:40:25,SYNC_LOSS,Minor,False
7692,4232,1,566,2024-12-28 10:30:06,ANTENNA_FAULT,Minor,True
7693,2923,63,734,2025-09-02 05:01:12,POWER_ALARM,Minor,True
7694,2567,422,360,2024-11-13 08:47:25,LINK_DOWN,Major,True
7695,1917,433,807,2025-12-19 23:24:21,SIGNAL_DEGRADED,Info,False
7696,900,420,192,2025-10-02 19:39:59,LINK_DOWN,Minor,True
7697,3854,470,929,2024-12-08 08:51:55,SYNC_LOSS,Info,False
7698,1770,230,41,2024-05-05 16:51:44,RBS_OVER_TEMP,Major,False
7699,2582,467,818,2024-07-03 15:06:30,ANTENNA_FAULT,Info,False
7700,3984,159,616,2025-06-10 15:05:36,TRANSMISSION_ERROR,Major,False
7701,4807,275,445,2024-02-02 11:00:36,SYNC_LOSS,Info,False
7702,2033,306,757,2025-04-03 18:14:51,LINK_DOWN,Info,False
7703,1765,148,772,2025-07-03 12:49:06,ANTENNA_FAULT,Minor,False
7704,3415,361,465,2024-10-20 10:49:33,FIBRE_BREAK,Minor,True
7705,2267,374,733,2025-06-17 12:31:31,POWER_ALARM,Major,True
7706,4736,178,669,2025-01-09 16:02:24,RBS_OVER_TEMP,Major,False
7707,4757,322,517,2025-01-29 09:58:51,BATTERY_LOW,Critical,False
7708,2117,221,144,2024-02-03 22:21:42,BATTERY_LOW,Minor,False
7709,1043,226,697,2025-08-31 00:43:02,BATTERY_LOW,Info,False
7710,305,188,471,2025-04-10 03:40:30,SOFTWARE_CRASH,Major,False
7711,3956,53,263,2025-06-03 13:07:37,BATTERY_LOW,Info,False
7712,82,460,701,2025-01-07 09:07:39,TRANSMISSION_ERROR,Minor,False
7713,2630,443,853,2024-06-18 12:05:48,SYNC_LOSS,Critical,False
7714,843,277,472,2024-02-29 15:17:51,BATTERY_LOW,Minor,False
7715,2798,336,913,2024-05-20 14:17:23,SYNC_LOSS,Major,False
7716,2361,443,814,2024-01-17 13:13:34,BATTERY_LOW,Minor,True
7717,4912,91,12,2025-08-09 12:37:25,POWER_ALARM,Major,False
7718,4133,347,105,2024-12-25 10:25:37,ANTENNA_FAULT,Critical,False
7719,257,302,366,2025-06-08 02:54:46,MEMORY_HIGH,Info,False
7720,2913,6,106,2025-09-08 02:36:27,POWER_ALARM,Info,False
7721,2973,432,896,2024-09-24 20:10:18,SIGNAL_DEGRADED,Major,True
7722,466,392,567,2024-08-13 17:08:27,LINK_DOWN,Minor,False
7723,191,178,283,2025-08-22 09:57:59,POWER_ALARM,Major,False
7724,985,368,958,2024-10-01 09:49:32,ANTENNA_FAULT,Critical,False
7725,4327,433,78,2025-09-01 02:07:40,TRANSMISSION_ERROR,Minor,False
7726,287,173,149,2025-07-11 18:25:14,SIGNAL_DEGRADED,Major,False
7727,1764,448,164,2024-11-17 06:40:02,FIBRE_BREAK,Minor,False
7728,338,181,610,2024-08-29 14:52:09,TRANSMISSION_ERROR,Major,True
7729,731,9,58,2024-10-13 06:37:31,RBS_OVER_TEMP,Minor,True
7730,2822,308,422,2025-07-20 23:45:14,FIBRE_BREAK,Info,False
7731,1628,182,852,2025-03-15 05:25:13,CPU_OVERLOAD,Major,True
7732,4128,437,713,2025-09-17 04:59:06,ANTENNA_FAULT,Minor,True
7733,1090,8,767,2024-07-31 22:22:13,BATTERY_LOW,Critical,True
7734,3034,99,776,2024-07-29 17:11:05,LINK_DOWN,Minor,False
7735,4365,383,958,2025-04-29 07:45:52,CPU_OVERLOAD,Minor,False
7736,952,414,376,2025-06-24 13:38:50,MEMORY_HIGH,Minor,False
7737,2510,168,297,2024-11-22 20:55:37,CPU_OVERLOAD,Minor,False
7738,1231,112,671,2024-10-30 18:02:44,MEMORY_HIGH,Critical,False
7739,2312,72,453,2024-12-31 15:10:09,TRANSMISSION_ERROR,Info,False
7740,1960,99,617,2025-04-11 08:38:38,SOFTWARE_CRASH,Minor,False
7741,143,52,529,2024-10-24 12:53:43,SYNC_LOSS,Info,True
7742,1164,182,915,2025-05-18 15:05:17,ANTENNA_FAULT,Info,False
7743,3385,137,155,2024-08-24 23:37:49,TRANSMISSION_ERROR,Minor,False
7744,150,190,581,2024-03-18 10:20:39,SIGNAL_DEGRADED,Critical,False
7745,3365,161,902,2025-02-24 21:12:52,CPU_OVERLOAD,Major,True
7746,4047,128,391,2025-10-01 20:40:44,SIGNAL_DEGRADED,Minor,True
7747,1770,230,41,2024-05-05 16:52:44,MEMORY_HIGH,Minor,False
7748,4787,164,700,2024-08-11 10:06:56,ANTENNA_FAULT,Info,False
7749,3629,51,984,2025-04-07 11:44:31,RBS_OVER_TEMP,Major,False
7750,338,181,610,2024-08-29 14:45:09,LINK_DOWN,Major,True
7751,731,9,58,2024-10-13 06:47:31,SYNC_LOSS,Critical,False
7752,1753,237,741,2024-07-31 09:27:09,RBS_OVER_TEMP,Critical,True
7753,1285,295,506,2025-10-06 14:54:55,RBS_OVER_TEMP,Minor,False
7754,4264,164,618,2024-06-16 10:48:27,MEMORY_HIGH,Minor,False
7755,115,261,172,2024-08-24 00:26:17,BATTERY_LOW,Info,False
7756,3001,178,495,2025-06-06 13:18:37,BATTERY_LOW,Critical,True
7757,1005,149,992,2024-06-17 06:42:53,FIBRE_BREAK,Major,True
7758,4574,124,404,2025-09-16 11:58:51,SYNC_LOSS,Minor,False
7759,4932,190,185,2025-04-10 11:18:53,SIGNAL_DEGRADED,Critical,False
7760,2714,131,945,2024-03-12 00:40:50,CPU_OVERLOAD,Major,False
7761,148,112,137,2025-03-21 00:56:39,RBS_OVER_TEMP,Major,False
7762,97,282,623,2025-01-02 16:46:20,SYNC_LOSS,Info,False
7763,4645,19,90,2025-06-08 03:52:22,TRANSMISSION_ERROR,Info,True
7764,4472,395,151,2024-01-20 17:37:48,SOFTWARE_CRASH,Minor,False
7765,2449,289,821,2024-08-30 05:36:12,LINK_DOWN,Info,False
7766,3946,117,630,2025-05-04 01:42:35,RBS_OVER_TEMP,Critical,False
7767,507,142,57,2024-09-28 08:19:41,SIGNAL_DEGRADED,Major,True
7768,2515,179,294,2025-10-22 07:31:19,CPU_OVERLOAD,Critical,False
7769,2399,163,481,2024-09-16 17:06:34,MEMORY_HIGH,Info,True
7770,288,474,842,2025-06-28 12:59:16,ANTENNA_FAULT,Info,False
7771,4866,21,455,2025-10-28 03:43:32,TRANSMISSION_ERROR,Minor,False
7772,3215,193,801,2025-09-05 02:32:35,POWER_ALARM,Minor,False
7773,3277,431,113,2025-09-30 02:34:12,MEMORY_HIGH,Major,False
7774,3078,250,939,2025-07-28 10:44:09,POWER_ALARM,Info,True
7775,4023,108,954,2024-01-01 16:14:51,LINK_DOWN,Minor,False
7776,4908,88,378,2024-03-23 03:56:54,TRANSMISSION_ERROR,Minor,False
7777,4578,21,313,2025-08-17 11:39:13,FIBRE_BREAK,Major,True
7778,1875,395,818,2025-08-12 15:29:34,MEMORY_HIGH,Major,False
7779,1085,318,168,2025-03-31 14:05:18,BATTERY_LOW,Major,False
7780,1680,380,632,2025-07-10 10:41:19,MEMORY_HIGH,Critical,False
7781,4336,419,157,2024-08-26 09:30:39,TRANSMISSION_ERROR,Info,True
7782,1333,133,525,2025-07-02 20:50:37,CPU_OVERLOAD,Info,False
7783,1495,257,552,2024-10-23 09:13:08,TRANSMISSION_ERROR,Major,False
7784,2776,22,736,2024-10-17 13:39:16,FIBRE_BREAK,Critical,False
7785,2440,323,567,2024-01-22 10:19:52,SIGNAL_DEGRADED,Info,False
7786,2589,162,729,2024-01-26 09:02:32,MEMORY_HIGH,Info,True
7787,2368,231,1,2025-06-05 15:27:10,POWER_ALARM,Minor,True
7788,3207,482,740,2025-02-24 12:31:35,BATTERY_LOW,Major,True
7789,4623,112,379,2024-04-16 17:39:28,MEMORY_HIGH,Major,False
7790,712,92,158,2025-01-28 18:15:01,ANTENNA_FAULT,Info,False
7791,3089,468,777,2025-10-19 11:14:06,FIBRE_BREAK,Major,False
7792,3283,69,169,2025-04-09 15:20:17,BATTERY_LOW,Critical,False
7793,1868,279,377,2024-12-27 13:53:43,SYNC_LOSS,Minor,True
7794,558,400,876,2024-06-08 15:04:40,MEMORY_HIGH,Minor,False
7795,246,156,314,2024-08-25 12:59:40,LINK_DOWN,Minor,True
7796,1302,219,441,2024-02-22 14:17:13,MEMORY_HIGH,Minor,False
7797,1122,456,13,2025-06-06 06:59:56,ANTENNA_FAULT,Info,False
7798,4110,35,871,2024-02-19 07:24:32,SOFTWARE_CRASH,Minor,False
7799,776,212,551,2024-02-21 16:20:37,FIBRE_BREAK,Critical,False
7800,4228,161,486,2024-02-28 19:16:03,TRANSMISSION_ERROR,Minor,True
7801,3131,364,550,2024-11-06 22:17:21,LINK_DOWN,Info,True
7802,594,461,85,2025-08-12 12:04:39,SYNC_LOSS,Major,False
7803,4329,356,36,2024-08-29 18:44:47,LINK_DOWN,Minor,False
7804,4186,365,235,2024-12-17 01:56:41,SOFTWARE_CRASH,Minor,False
7805,4265,120,181,2025-11-04 09:22:29,MEMORY_HIGH,Minor,False
7806,4366,161,228,2024-10-12 18:18:44,TRANSMISSION_ERROR,Major,False
7807,228,158,676,2024-06-15 04:23:24,RBS_OVER_TEMP,Major,False
7808,3063,410,661,2024-12-10 10:52:36,MEMORY_HIGH,Minor,True
7809,4647,354,807,2024-09-27 12:49:31,RBS_OVER_TEMP,Minor,True
7810,3431,255,17,2025-07-30 16:54:21,SIGNAL_DEGRADED,Minor,True
7811,3492,14,140,2024-01-22 04:45:31,RBS_OVER_TEMP,Info,False
7812,1098,99,702,2024-07-23 16:03:25,LINK_DOWN,Info,True
7813,2600,251,299,2025-07-16 08:24:35,MEMORY_HIGH,Info,False
7814,3591,161,522,2025-09-30 04:04:24,SOFTWARE_CRASH,Critical,True
7815,1044,498,697,2024-02-22 11:39:07,BATTERY_LOW,Minor,True
7816,2247,303,476,2025-10-01 13:40:11,SYNC_LOSS,Major,True
7817,2569,227,925,2024-09-15 08:49:25,POWER_ALARM,Critical,True
7818,250,183,816,2024-09-08 12:20:01,BATTERY_LOW,Info,False
7819,2612,457,988,2024-03-26 08:48:41,MEMORY_HIGH,Critical,False
7820,3119,432,267,2024-10-31 14:08:43,POWER_ALARM,Minor,False
7821,1317,408,385,2024-10-24 08:10:13,TRANSMISSION_ERROR,Critical,True
7822,1580,8,715,2025-07-10 05:44:09,TRANSMISSION_ERROR,Major,True
7823,2101,408,587,2025-04-26 17:49:39,TRANSMISSION_ERROR,Major,False
7824,3529,204,583,2025-04-21 09:50:59,RBS_OVER_TEMP,Major,False
7825,544,452,280,2025-12-04 15:53:29,SIGNAL_DEGRADED,Critical,False
7826,187,329,547,2025-06-20 16:43:30,SIGNAL_DEGRADED,Critical,True
7827,3913,117,871,2025-09-30 11:35:51,FIBRE_BREAK,Critical,False
7828,4814,184,629,2024-01-01 14:50:21,RBS_OVER_TEMP,Major,False
7829,2285,302,491,2025-07-25 13:31:31,POWER_ALARM,Info,False
7830,811,428,387,2025-12-11 05:21:28,SIGNAL_DEGRADED,Info,False
7831,2970,264,219,2024-09-19 13:49:55,BATTERY_LOW,Major,True
7832,1711,263,54,2025-12-27 09:06:58,RBS_OVER_TEMP,Minor,False
7833,2010,462,910,2024-10-31 12:30:57,BATTERY_LOW,Major,True
7834,3790,398,961,2025-02-10 08:48:44,CPU_OVERLOAD,Minor,False
7835,1608,395,94,2024-01-11 05:07:38,BATTERY_LOW,Info,False
7836,1846,363,166,2025-11-16 15:29:39,SYNC_LOSS,Minor,False
7837,3389,263,650,2024-04-27 22:53:35,POWER_ALARM,Info,False
7838,4522,143,515,2024-12-31 09:42:14,MEMORY_HIGH,Info,True
7839,1336,314,691,2024-03-20 01:58:07,SIGNAL_DEGRADED,Minor,True
7840,734,35,245,2024-10-24 20:08:16,FIBRE_BREAK,Critical,True
7841,494,13,262,2024-12-15 06:43:01,LINK_DOWN,Minor,False
7842,629,110,802,2025-01-10 04:21:55,ANTENNA_FAULT,Critical,False
7843,2474,193,13,2025-07-21 14:37:38,TRANSMISSION_ERROR,Info,False
7844,1944,53,453,2024-12-21 04:23:49,CPU_OVERLOAD,Minor,False
7845,4429,216,256,2024-08-23 15:07:01,LINK_DOWN,Minor,True
7846,4231,199,16,2024-02-01 01:19:36,CPU_OVERLOAD,Minor,True
7847,1297,285,31,2024-02-28 10:22:03,LINK_DOWN,Major,False
7848,3116,337,63,2024-11-28 17:52:39,BATTERY_LOW,Major,False
7849,1307,134,405,2025-03-03 12:21:44,ANTENNA_FAULT,Minor,False
7850,2726,266,783,2025-04-10 00:56:27,POWER_ALARM,Minor,False
7851,1988,202,904,2024-05-02 12:54:24,LINK_DOWN,Major,False
7852,770,17,894,2025-09-06 17:22:09,LINK_DOWN,Minor,False
7853,3347,222,71,2024-10-07 16:55:38,TRANSMISSION_ERROR,Info,False
7854,4546,368,17,2024-09-01 13:47:41,POWER_ALARM,Info,False
7855,950,150,750,2024-06-03 08:42:19,FIBRE_BREAK,Minor,False
7856,2592,260,421,2025-09-10 00:12:10,BATTERY_LOW,Info,False
7857,1197,90,939,2025-06-29 13:11:25,SOFTWARE_CRASH,Info,False
7858,2880,334,855,2025-01-11 16:55:14,FIBRE_BREAK,Critical,False
7859,3075,191,244,2024-02-28 12:35:18,LINK_DOWN,Critical,False
7860,1834,257,354,2024-04-08 15:55:15,POWER_ALARM,Minor,False
7861,4207,268,342,2025-06-11 08:49:16,TRANSMISSION_ERROR,Critical,False
7862,2824,174,433,2025-10-14 10:26:13,SIGNAL_DEGRADED,Minor,False
7863,249,451,677,2024-11-04 13:17:27,MEMORY_HIGH,Minor,False
7864,165,340,912,2025-09-16 22:36:32,CPU_OVERLOAD,Minor,False
7865,4913,337,732,2025-10-19 23:37:26,MEMORY_HIGH,Major,False
7866,4350,64,468,2025-06-17 13:44:49,SIGNAL_DEGRADED,Info,True
7867,554,442,824,2024-01-01 21:03:36,POWER_ALARM,Info,True
7868,2137,266,743,2024-03-29 18:08:53,BATTERY_LOW,Info,False
7869,3800,185,312,2025-10-18 00:14:54,CPU_OVERLOAD,Info,True
7870,2677,88,131,2024-03-13 09:41:36,BATTERY_LOW,Info,True
7871,4192,184,48,2025-10-09 07:57:44,FIBRE_BREAK,Major,False
7872,4246,427,295,2024-07-24 12:43:06,MEMORY_HIGH,Critical,True
7873,1324,289,50,2024-10-25 18:52:33,LINK_DOWN,Info,True
7874,3928,296,845,2024-11-16 09:53:59,RBS_OVER_TEMP,Minor,False
7875,3154,225,670,2025-03-26 03:51:42,CPU_OVERLOAD,Critical,False
7876,3728,12,74,2024-07-17 12:52:58,RBS_OVER_TEMP,Major,False
7877,3529,204,583,2025-04-21 09:51:59,FIBRE_BREAK,Info,True
7878,2928,206,966,2024-04-27 14:03:59,SOFTWARE_CRASH,Minor,False
7879,4232,1,566,2024-12-28 10:28:06,SOFTWARE_CRASH,Critical,True
7880,4514,350,319,2025-11-19 09:44:39,MEMORY_HIGH,Minor,False
7881,2252,315,649,2024-08-18 03:27:36,SOFTWARE_CRASH,Critical,False
7882,764,323,197,2024-03-01 21:15:43,SIGNAL_DEGRADED,Info,False
7883,3759,351,62,2025-05-05 11:53:53,RBS_OVER_TEMP,Minor,False
7884,4198,304,708,2025-03-10 15:45:37,BATTERY_LOW,Critical,False
7885,4328,198,221,2025-04-15 16:31:27,MEMORY_HIGH,Info,False
7886,183,111,840,2024-03-28 13:52:30,SIGNAL_DEGRADED,Info,False
7887,1068,177,635,2025-08-19 23:54:59,LINK_DOWN,Major,True
7888,3748,121,837,2025-01-09 15:37:01,SIGNAL_DEGRADED,Critical,False
7889,4109,316,874,2024-02-03 18:45:31,MEMORY_HIGH,Info,True
7890,4707,105,726,2024-09-25 16:42:41,LINK_DOWN,Critical,False
7891,4958,170,338,2025-08-26 00:01:46,POWER_ALARM,Info,False
7892,1827,191,578,2024-07-21 12:12:49,ANTENNA_FAULT,Major,False
7893,2493,422,618,2024-05-12 17:35:43,POWER_ALARM,Minor,True
7894,2597,398,681,2025-10-09 18:08:05,SIGNAL_DEGRADED,Minor,True
7895,2024,463,914,2025-09-24 12:53:40,RBS_OVER_TEMP,Minor,False
7896,3575,339,427,2025-01-17 15:22:15,POWER_ALARM,Critical,False
7897,812,88,521,2024-02-05 08:38:56,SIGNAL_DEGRADED,Minor,True
7898,4794,318,3,2024-05-30 15:14:16,POWER_ALARM,Minor,True
7899,475,234,745,2025-06-10 02:15:31,LINK_DOWN,Minor,False
7900,3203,6,843,2024-05-28 18:46:02,MEMORY_HIGH,Minor,False
7901,1588,115,263,2025-05-03 18:40:07,ANTENNA_FAULT,Minor,False
7902,381,92,347,2024-09-08 11:25:44,BATTERY_LOW,Info,True
7903,3935,215,735,2025-09-19 08:54:52,ANTENNA_FAULT,Minor,True
7904,3739,65,652,2025-05-09 13:51:16,SOFTWARE_CRASH,Major,False
7905,3563,330,637,2025-05-22 01:15:22,SYNC_LOSS,Minor,True
7906,2160,462,293,2025-03-29 13:11:27,LINK_DOWN,Minor,False
7907,1556,118,741,2025-07-23 16:03:00,RBS_OVER_TEMP,Critical,False
7908,673,474,430,2025-03-05 10:10:49,FIBRE_BREAK,Critical,True
7909,3512,376,245,2025-01-13 02:53:43,SYNC_LOSS,Info,True
7910,1167,361,842,2025-01-14 06:22:39,CPU_OVERLOAD,Info,True
7911,903,332,491,2025-04-24 03:57:10,FIBRE_BREAK,Major,True
7912,1928,327,108,2025-04-30 10:39:54,SIGNAL_DEGRADED,Major,False
7913,1155,155,888,2025-06-24 15:01:28,MEMORY_HIGH,Critical,False
7914,889,16,99,2025-09-16 04:43:03,SOFTWARE_CRASH,Minor,False
7915,2381,388,183,2025-06-20 22:39:17,SIGNAL_DEGRADED,Minor,False
7916,1980,130,896,2025-07-29 11:05:16,MEMORY_HIGH,Critical,True
7917,3595,17,248,2025-11-16 06:23:51,RBS_OVER_TEMP,Major,True
7918,3028,322,778,2025-04-08 13:50:17,TRANSMISSION_ERROR,Info,False
7919,2635,182,475,2025-09-30 12:16:07,MEMORY_HIGH,Minor,False
7920,4132,457,330,2024-09-14 11:04:13,POWER_ALARM,Major,False
7921,3694,376,885,2024-07-17 22:01:26,FIBRE_BREAK,Critical,True
7922,3539,444,705,2024-08-27 07:16:02,CPU_OVERLOAD,Major,False
7923,4804,358,914,2024-03-13 18:22:53,POWER_ALARM,Minor,True
7924,1907,72,772,2024-09-11 15:20:59,BATTERY_LOW,Minor,True
7925,3471,420,220,2024-09-20 14:18:00,LINK_DOWN,Major,False
7926,4122,476,864,2025-05-23 12:00:26,SIGNAL_DEGRADED,Info,True
7927,3122,363,743,2025-01-29 07:31:01,BATTERY_LOW,Critical,False
7928,2402,20,259,2025-03-11 21:38:09,SOFTWARE_CRASH,Major,False
7929,3023,267,441,2025-07-14 10:32:56,CPU_OVERLOAD,Info,False
7930,235,284,389,2025-03-15 16:23:50,LINK_DOWN,Minor,True
7931,3250,408,139,2024-12-29 02:57:20,FIBRE_BREAK,Info,False
7932,897,106,499,2024-04-05 17:16:51,RBS_OVER_TEMP,Critical,False
7933,4577,8,999,2024-09-17 08:50:18,POWER_ALARM,Critical,False
7934,913,122,214,2024-04-13 11:59:04,SIGNAL_DEGRADED,Major,False
7935,872,56,536,2024-07-19 09:32:37,FIBRE_BREAK,Minor,True
7936,4886,256,632,2024-12-15 17:49:30,TRANSMISSION_ERROR,Minor,True
7937,3656,191,68,2024-09-24 15:41:19,POWER_ALARM,Critical,False
7938,2207,268,121,2025-02-24 13:16:03,BATTERY_LOW,Minor,True
7939,3075,191,244,2024-02-28 12:26:18,RBS_OVER_TEMP,Critical,True
7940,2732,275,561,2025-11-23 13:06:41,CPU_OVERLOAD,Minor,False
7941,4521,243,122,2025-02-18 21:31:42,RBS_OVER_TEMP,Minor,False
7942,1553,339,235,2024-03-13 17:15:21,FIBRE_BREAK,Major,False
7943,4563,98,821,2025-04-25 15:55:33,SOFTWARE_CRASH,Critical,True
7944,3845,88,807,2024-11-10 23:03:38,SYNC_LOSS,Major,False
7945,1989,150,429,2024-06-07 13:37:08,CPU_OVERLOAD,Critical,False
7946,1789,361,225,2024-12-02 23:48:54,CPU_OVERLOAD,Critical,False
7947,3134,125,810,2025-08-23 13:08:50,TRANSMISSION_ERROR,Info,True
7948,801,17,828,2024-12-01 14:21:16,SIGNAL_DEGRADED,Major,True
7949,1231,112,671,2024-10-30 17:34:44,SIGNAL_DEGRADED,Critical,True
7950,2032,332,187,2025-06-14 14:42:12,SYNC_LOSS,Major,False
7951,2561,476,624,2024-10-21 17:56:02,BATTERY_LOW,Major,False
7952,3678,148,986,2024-05-07 16:42:43,SOFTWARE_CRASH,Major,True
7953,1853,418,16,2025-10-28 00:27:38,FIBRE_BREAK,Minor,True
7954,4467,456,443,2024-06-20 00:28:24,FIBRE_BREAK,Major,True
7955,4085,122,400,2024-11-13 11:46:12,LINK_DOWN,Major,False
7956,3693,321,265,2025-07-27 10:37:26,TRANSMISSION_ERROR,Major,False
7957,4897,120,339,2024-03-07 10:37:30,TRANSMISSION_ERROR,Minor,False
7958,4914,130,256,2024-12-21 16:14:04,TRANSMISSION_ERROR,Critical,True
7959,967,91,764,2025-01-15 03:08:52,BATTERY_LOW,Major,False
7960,2804,451,273,2024-04-02 10:37:03,BATTERY_LOW,Critical,False
7961,878,358,582,2025-09-09 14:42:35,BATTERY_LOW,Info,False
7962,5000,310,228,2025-04-28 14:56:29,RBS_OVER_TEMP,Critical,False
7963,4215,322,934,2025-12-02 12:52:48,BATTERY_LOW,Minor,False
7964,647,448,355,2024-05-18 05:40:52,ANTENNA_FAULT,Critical,False
7965,380,65,853,2025-03-06 08:56:20,SYNC_LOSS,Major,False
7966,1970,281,673,2024-10-18 15:25:29,FIBRE_BREAK,Minor,True
7967,2176,183,561,2024-01-06 14:48:20,TRANSMISSION_ERROR,Critical,False
7968,621,171,748,2026-01-01 20:49:01,SYNC_LOSS,Critical,True
7969,515,27,390,2025-12-13 07:52:21,MEMORY_HIGH,Minor,False
7970,674,11,668,2025-05-30 23:15:11,SOFTWARE_CRASH,Major,False
7971,3470,112,96,2025-08-30 12:35:06,MEMORY_HIGH,Minor,True
7972,3637,461,202,2024-04-14 13:33:46,ANTENNA_FAULT,Minor,False
7973,1503,44,614,2025-09-30 19:50:24,TRANSMISSION_ERROR,Info,False
7974,2254,307,82,2025-07-08 01:58:41,LINK_DOWN,Minor,True
7975,423,136,816,2024-01-12 20:26:14,SIGNAL_DEGRADED,Critical,False
7976,4247,370,750,2024-01-11 14:21:11,MEMORY_HIGH,Critical,False
7977,631,267,865,2025-09-20 00:03:44,SYNC_LOSS,Minor,False
7978,1861,379,540,2025-08-11 14:43:25,LINK_DOWN,Critical,False
7979,3060,442,342,2024-03-27 10:47:35,SYNC_LOSS,Minor,False
7980,2172,7,973,2024-10-20 13:46:56,CPU_OVERLOAD,Minor,False
7981,434,55,707,2024-05-14 03:33:04,MEMORY_HIGH,Major,True
7982,3161,263,923,2025-03-06 16:03:36,FIBRE_BREAK,Minor,False
7983,1888,462,331,2024-03-07 21:11:48,FIBRE_BREAK,Major,False
7984,3622,376,357,2024-02-03 16:33:40,SYNC_LOSS,Minor,True
7985,1438,140,267,2024-02-08 04:07:02,SOFTWARE_CRASH,Critical,True
7986,2763,477,376,2025-07-03 15:03:30,BATTERY_LOW,Critical,False
7987,2108,461,713,2026-01-01 18:29:00,TRANSMISSION_ERROR,Minor,False
7988,1844,472,531,2025-02-04 22:24:42,CPU_OVERLOAD,Info,False
7989,1388,83,108,2025-05-07 12:03:12,FIBRE_BREAK,Major,False
7990,1270,428,697,2024-10-10 14:49:42,FIBRE_BREAK,Major,False
7991,964,227,74,2024-09-07 16:19:38,TRANSMISSION_ERROR,Info,False
7992,4882,377,439,2024-06-27 03:13:06,SOFTWARE_CRASH,Critical,False
7993,4580,367,866,2025-04-26 06:07:55,SYNC_LOSS,Minor,False
7994,1797,271,230,2024-04-27 15:54:44,ANTENNA_FAULT,Info,False
7995,4878,351,622,2025-04-29 01:36:37,LINK_DOWN,Minor,False
7996,912,272,808,2025-09-17 17:59:36,SIGNAL_DEGRADED,Critical,False
7997,2652,166,751,2025-05-06 18:18:58,FIBRE_BREAK,Info,True
7998,2247,303,476,2025-10-01 13:44:11,FIBRE_BREAK,Info,True
7999,4175,345,774,2025-05-23 07:00:41,BATTERY_LOW,Major,False
8000,1079,224,642,2024-09-23 17:46:35,SIGNAL_DEGRADED,Major,False
8001,3564,381,56,2025-01-17 00:48:17,RBS_OVER_TEMP,Major,False
8002,3888,416,848,2024-06-22 10:02:01,ANTENNA_FAULT,Major,True
8003,1659,336,989,2024-08-25 07:06:34,POWER_ALARM,Major,False
8004,4863,9,402,2025-04-30 05:57:46,CPU_OVERLOAD,Info,False
8005,3585,258,300,2024-07-25 01:08:01,CPU_OVERLOAD,Major,False
8006,81,123,475,2025-04-30 16:07:26,TRANSMISSION_ERROR,Major,False
8007,1695,13,755,2025-12-25 09:53:08,CPU_OVERLOAD,Info,True
8008,1628,182,852,2025-03-15 05:33:13,MEMORY_HIGH,Major,False
8009,1146,44,290,2025-04-24 02:45:58,SIGNAL_DEGRADED,Minor,False
8010,3991,30,498,2025-09-26 04:35:48,POWER_ALARM,Major,False
8011,1584,376,440,2024-12-13 14:54:50,CPU_OVERLOAD,Critical,False
8012,2427,264,623,2025-10-22 16:14:01,LINK_DOWN,Info,False
8013,3517,68,829,2025-09-19 14:09:10,POWER_ALARM,Critical,True
8014,2484,368,689,2025-04-11 03:05:54,MEMORY_HIGH,Critical,False
8015,2033,306,757,2025-04-03 18:16:51,FIBRE_BREAK,Minor,True
8016,2306,35,401,2024-01-09 13:24:32,MEMORY_HIGH,Info,False
8017,2667,322,902,2024-01-13 09:46:08,POWER_ALARM,Info,False
8018,2858,199,733,2024-05-29 00:14:56,RBS_OVER_TEMP,Minor,True
8019,918,153,463,2025-08-21 12:09:06,RBS_OVER_TEMP,Critical,False
8020,4882,377,439,2024-06-27 03:08:06,CPU_OVERLOAD,Info,False
8021,1201,465,563,2024-08-17 09:48:44,MEMORY_HIGH,Major,True
8022,1764,448,164,2024-11-17 06:39:02,LINK_DOWN,Major,True
8023,2449,289,821,2024-08-30 05:33:12,CPU_OVERLOAD,Info,False
8024,2886,310,439,2025-10-03 12:41:59,TRANSMISSION_ERROR,Critical,False
8025,2555,335,793,2024-08-06 10:54:47,SOFTWARE_CRASH,Major,False
8026,365,344,860,2025-01-10 13:49:42,SIGNAL_DEGRADED,Minor,False
8027,2601,136,508,2024-07-14 11:42:21,ANTENNA_FAULT,Info,False
8028,4571,100,694,2024-12-31 13:54:11,ANTENNA_FAULT,Minor,True
8029,4377,201,411,2024-01-20 14:32:21,POWER_ALARM,Critical,False
8030,1188,354,959,2024-06-23 20:24:28,SIGNAL_DEGRADED,Info,False
8031,2770,427,366,2025-04-02 11:58:14,ANTENNA_FAULT,Info,True
8032,850,70,911,2025-02-26 06:24:36,RBS_OVER_TEMP,Info,False
8033,2219,485,810,2025-02-23 10:26:33,SYNC_LOSS,Minor,False
8034,1779,223,730,2025-02-16 13:25:45,BATTERY_LOW,Info,False
8035,3338,399,464,2025-10-20 15:23:15,POWER_ALARM,Minor,False
8036,3930,95,29,2024-06-12 16:25:00,POWER_ALARM,Info,True
8037,2079,193,915,2024-06-26 04:58:42,CPU_OVERLOAD,Major,False
8038,1396,447,597,2024-01-27 10:26:06,ANTENNA_FAULT,Info,False
8039,355,343,112,2025-10-23 15:52:27,BATTERY_LOW,Critical,False
8040,633,62,863,2024-08-11 03:53:55,SYNC_LOSS,Critical,False
8041,1367,227,818,2025-05-24 17:59:13,TRANSMISSION_ERROR,Info,False
8042,2042,399,26,2025-04-26 16:21:52,MEMORY_HIGH,Minor,False
8043,4292,436,776,2025-06-10 11:33:32,SIGNAL_DEGRADED,Major,False
8044,4432,334,840,2024-10-31 02:56:05,LINK_DOWN,Minor,True
8045,1226,379,904,2024-09-30 10:18:40,SIGNAL_DEGRADED,Major,True
8046,1311,431,679,2024-08-27 00:35:03,SIGNAL_DEGRADED,Major,False
8047,2587,86,312,2025-08-14 12:56:24,FIBRE_BREAK,Info,True
8048,1243,374,549,2024-06-10 17:04:28,CPU_OVERLOAD,Major,False
8049,4060,293,326,2025-05-20 11:24:42,RBS_OVER_TEMP,Info,False
8050,2650,169,564,2025-01-04 20:57:35,TRANSMISSION_ERROR,Critical,False
8051,284,319,47,2025-04-14 18:49:40,POWER_ALARM,Minor,False
8052,2338,35,506,2025-07-19 06:37:04,SIGNAL_DEGRADED,Minor,True
8053,330,373,56,2025-10-31 12:26:22,TRANSMISSION_ERROR,Info,False
8054,3390,57,515,2024-03-17 17:45:05,LINK_DOWN,Info,True
8055,3823,198,431,2024-02-06 14:50:37,RBS_OVER_TEMP,Critical,False
8056,2337,381,907,2024-03-06 09:31:59,MEMORY_HIGH,Minor,False
8057,247,319,425,2024-11-01 19:32:26,FIBRE_BREAK,Critical,True
8058,4461,383,178,2024-09-17 01:28:38,TRANSMISSION_ERROR,Info,False
8059,2327,401,813,2024-09-17 07:37:20,TRANSMISSION_ERROR,Major,True
8060,868,476,244,2025-02-02 16:13:12,SYNC_LOSS,Major,False
8061,782,427,663,2024-12-02 10:37:59,TRANSMISSION_ERROR,Minor,False
8062,1554,31,508,2024-03-04 23:11:51,CPU_OVERLOAD,Major,True
8063,3211,85,413,2024-05-14 22:38:43,FIBRE_BREAK,Major,True
8064,2756,455,845,2025-01-09 12:03:20,SIGNAL_DEGRADED,Critical,False
8065,1668,267,487,2024-06-15 16:59:27,BATTERY_LOW,Minor,False
8066,4126,94,684,2024-11-26 06:43:38,TRANSMISSION_ERROR,Major,False
8067,2583,449,258,2024-01-03 16:10:06,SOFTWARE_CRASH,Minor,False
8068,1151,218,873,2024-04-04 00:42:26,LINK_DOWN,Info,False
8069,4226,120,765,2024-11-07 11:57:51,POWER_ALARM,Info,False
8070,3113,161,724,2024-02-16 16:12:34,BATTERY_LOW,Minor,False
8071,2437,170,373,2025-02-16 12:51:23,TRANSMISSION_ERROR,Critical,False
8072,1495,257,552,2024-10-23 09:09:08,POWER_ALARM,Major,True
8073,2267,374,733,2025-06-17 12:26:31,RBS_OVER_TEMP,Info,True
8074,4122,476,864,2025-05-23 11:53:26,SOFTWARE_CRASH,Critical,True
8075,4663,486,538,2025-11-23 16:48:49,RBS_OVER_TEMP,Info,False
8076,1309,468,793,2025-06-11 04:42:26,CPU_OVERLOAD,Info,False
8077,4614,454,775,2024-06-10 03:04:07,SIGNAL_DEGRADED,Major,False
8078,815,13,697,2025-05-23 18:06:55,SYNC_LOSS,Critical,False
8079,1160,447,221,2024-10-01 11:50:09,BATTERY_LOW,Critical,False
8080,2346,98,652,2025-04-29 11:13:03,MEMORY_HIGH,Critical,False
8081,1930,376,100,2025-08-06 09:46:11,BATTERY_LOW,Info,False
8082,3430,350,896,2025-08-29 15:51:44,ANTENNA_FAULT,Major,False
8083,1985,48,978,2025-04-26 02:42:49,MEMORY_HIGH,Info,False
8084,2555,335,793,2024-08-06 11:09:47,BATTERY_LOW,Minor,False
8085,1426,448,505,2025-03-17 17:51:23,FIBRE_BREAK,Minor,False
8086,4774,21,795,2024-11-29 11:45:59,SOFTWARE_CRASH,Critical,False
8087,4976,398,24,2024-07-20 07:43:00,CPU_OVERLOAD,Minor,True
8088,472,250,34,2025-03-15 07:06:38,SOFTWARE_CRASH,Minor,False
8089,1113,277,739,2025-08-25 18:46:14,BATTERY_LOW,Major,True
8090,4383,71,383,2025-08-14 13:15:11,MEMORY_HIGH,Critical,False
8091,2892,389,704,2024-01-13 17:48:52,SIGNAL_DEGRADED,Minor,False
8092,1698,268,776,2024-01-19 12:49:33,MEMORY_HIGH,Major,True
8093,3525,60,647,2025-10-13 23:40:41,LINK_DOWN,Info,False
8094,4465,421,854,2025-11-11 00:15:11,BATTERY_LOW,Critical,True
8095,4482,496,587,2025-04-21 03:19:31,MEMORY_HIGH,Critical,False
8096,1698,268,776,2024-01-19 13:15:33,SYNC_LOSS,Info,False
8097,2543,46,804,2025-11-03 13:02:14,POWER_ALARM,Info,False
8098,3940,243,24,2024-06-13 18:37:26,CPU_OVERLOAD,Critical,False
8099,4585,253,474,2024-04-20 03:41:37,SYNC_LOSS,Minor,True
8100,4830,285,562,2025-12-11 16:55:37,BATTERY_LOW,Minor,True
8101,212,164,279,2025-05-18 02:11:13,SIGNAL_DEGRADED,Info,False
8102,2801,461,969,2024-06-26 13:13:18,TRANSMISSION_ERROR,Info,False
8103,3651,333,661,2025-09-05 17:37:24,MEMORY_HIGH,Critical,True
8104,2317,297,527,2024-12-20 08:32:47,MEMORY_HIGH,Major,True
8105,860,282,820,2024-09-22 19:02:56,LINK_DOWN,Minor,False
8106,2925,75,141,2025-07-03 11:36:42,MEMORY_HIGH,Major,True
8107,416,246,544,2025-03-24 12:54:52,LINK_DOWN,Minor,False
8108,1458,412,936,2024-02-08 13:49:01,TRANSMISSION_ERROR,Major,False
8109,1898,140,409,2025-04-23 07:48:14,SYNC_LOSS,Minor,True
8110,2223,429,386,2025-04-26 14:09:48,TRANSMISSION_ERROR,Minor,True
8111,3453,194,815,2025-04-21 14:30:36,MEMORY_HIGH,Critical,False
8112,3210,317,389,2024-08-28 15:36:08,LINK_DOWN,Minor,False
8113,3140,13,391,2024-10-21 09:50:58,MEMORY_HIGH,Critical,False
8114,2217,18,23,2025-01-24 15:24:20,SIGNAL_DEGRADED,Info,False
8115,2901,313,39,2025-12-19 13:15:05,LINK_DOWN,Critical,True
8116,4176,385,97,2024-11-25 14:22:40,FIBRE_BREAK,Critical,False
8117,3117,172,647,2024-03-26 00:11:23,MEMORY_HIGH,Minor,True
8118,1710,59,674,2025-01-30 13:13:36,SYNC_LOSS,Critical,True
8119,1496,140,664,2025-07-05 11:13:32,RBS_OVER_TEMP,Critical,False
8120,1387,213,619,2024-03-24 17:45:39,SOFTWARE_CRASH,Info,False
8121,3663,491,475,2024-12-30 19:17:58,MEMORY_HIGH,Info,False
8122,3,414,226,2024-12-09 10:22:36,CPU_OVERLOAD,Critical,False
8123,1437,437,466,2025-04-20 11:44:49,LINK_DOWN,Info,False
8124,1564,392,865,2025-12-13 07:23:27,FIBRE_BREAK,Info,False
8125,2812,371,481,2024-03-14 00:50:22,ANTENNA_FAULT,Critical,False
8126,3519,319,321,2024-02-04 12:48:20,ANTENNA_FAULT,Critical,True
8127,4202,416,524,2024-08-05 15:14:31,MEMORY_HIGH,Info,True
8128,2479,272,775,2025-01-21 06:13:51,RBS_OVER_TEMP,Info,True
8129,4972,165,895,2025-12-02 00:57:06,RBS_OVER_TEMP,Minor,False
8130,500,331,965,2024-05-05 15:56:24,LINK_DOWN,Minor,True
8131,3942,448,123,2024-06-26 23:30:00,SOFTWARE_CRASH,Info,False
8132,4097,252,195,2025-01-12 12:35:25,POWER_ALARM,Major,False
8133,2627,88,762,2024-08-04 11:42:15,SIGNAL_DEGRADED,Info,False
8134,4549,388,894,2024-02-20 13:50:52,TRANSMISSION_ERROR,Critical,False
8135,1289,107,418,2025-04-20 12:47:38,CPU_OVERLOAD,Info,True
8136,4660,8,359,2025-12-08 12:57:36,BATTERY_LOW,Minor,False
8137,1730,269,63,2025-08-01 10:59:42,MEMORY_HIGH,Minor,False
8138,1441,37,202,2024-12-16 18:50:01,SYNC_LOSS,Major,False
8139,395,82,453,2025-01-19 13:53:00,MEMORY_HIGH,Minor,False
8140,189,276,854,2025-06-22 15:06:44,SIGNAL_DEGRADED,Major,False
8141,1083,84,566,2025-11-14 03:24:21,LINK_DOWN,Minor,False
8142,2,129,137,2025-07-02 17:30:48,TRANSMISSION_ERROR,Major,False
8143,4079,3,255,2024-08-10 16:12:28,MEMORY_HIGH,Info,False
8144,1501,407,854,2024-06-10 13:19:09,FIBRE_BREAK,Minor,False
8145,4612,4,281,2024-05-10 07:55:15,CPU_OVERLOAD,Minor,True
8146,2179,63,782,2024-07-01 10:33:11,TRANSMISSION_ERROR,Minor,True
8147,3961,372,17,2025-12-25 03:42:54,TRANSMISSION_ERROR,Minor,False
8148,4719,454,41,2025-10-03 12:16:12,LINK_DOWN,Major,False
8149,3480,399,732,2024-08-04 00:32:44,MEMORY_HIGH,Major,True
8150,3547,306,913,2024-07-09 00:13:07,TRANSMISSION_ERROR,Info,False
8151,1913,198,423,2025-09-06 04:37:35,FIBRE_BREAK,Critical,True
8152,4844,261,244,2024-03-11 14:26:33,SYNC_LOSS,Major,False
8153,4777,106,985,2025-08-26 14:38:43,POWER_ALARM,Major,False
8154,996,483,76,2024-04-22 21:32:37,ANTENNA_FAULT,Minor,False
8155,2375,302,778,2025-06-11 12:23:59,SYNC_LOSS,Info,False
8156,1328,427,691,2024-08-29 15:10:50,SOFTWARE_CRASH,Major,False
8157,1009,260,270,2025-02-25 08:17:42,ANTENNA_FAULT,Critical,False
8158,4391,164,370,2025-05-06 14:00:10,ANTENNA_FAULT,Info,False
8159,1191,20,490,2025-01-18 00:51:11,POWER_ALARM,Minor,False
8160,914,347,878,2025-01-26 12:13:11,SIGNAL_DEGRADED,Critical,True
8161,4156,146,429,2024-05-01 05:47:05,SIGNAL_DEGRADED,Critical,False
8162,173,421,945,2025-05-10 02:23:19,TRANSMISSION_ERROR,Minor,True
8163,800,36,599,2025-06-30 14:10:44,SOFTWARE_CRASH,Major,False
8164,2901,313,39,2025-12-19 13:02:05,MEMORY_HIGH,Minor,False
8165,1520,199,248,2024-09-26 13:36:40,LINK_DOWN,Info,False
8166,4352,42,385,2025-06-01 23:08:47,SOFTWARE_CRASH,Minor,False
8167,20,461,244,2025-04-25 19:45:39,ANTENNA_FAULT,Info,False
8168,51,143,754,2024-07-04 14:36:23,SIGNAL_DEGRADED,Minor,False
8169,3405,76,396,2025-10-30 10:58:12,SOFTWARE_CRASH,Major,False
8170,3731,279,803,2025-06-16 10:56:01,TRANSMISSION_ERROR,Critical,False
8171,4738,52,300,2024-05-15 06:22:03,SIGNAL_DEGRADED,Minor,False
8172,2906,498,467,2024-03-03 17:11:25,RBS_OVER_TEMP,Minor,False
8173,1342,288,95,2024-06-22 14:18:40,SYNC_LOSS,Info,True
8174,958,307,258,2025-01-22 08:33:03,TRANSMISSION_ERROR,Minor,False
8175,4610,22,254,2024-02-13 16:38:31,BATTERY_LOW,Critical,False
8176,4885,313,389,2025-07-14 22:34:44,POWER_ALARM,Info,True
8177,4721,91,108,2025-09-24 08:49:10,BATTERY_LOW,Info,False
8178,4064,243,261,2024-08-12 12:49:15,SYNC_LOSS,Minor,False
8179,4856,120,455,2024-09-07 13:24:56,BATTERY_LOW,Major,True
8180,3298,273,830,2024-01-31 16:35:43,POWER_ALARM,Info,False
8181,3396,205,801,2024-12-12 06:06:38,BATTERY_LOW,Major,False
8182,792,229,960,2024-06-20 19:37:32,ANTENNA_FAULT,Major,False
8183,1288,252,79,2025-09-28 06:58:35,SYNC_LOSS,Major,False
8184,3703,401,780,2025-04-05 15:07:13,SOFTWARE_CRASH,Info,False
8185,4191,308,196,2025-09-12 07:42:38,POWER_ALARM,Info,False
8186,4172,420,121,2025-12-16 08:10:43,SIGNAL_DEGRADED,Major,True
8187,2926,292,469,2025-10-08 15:25:48,MEMORY_HIGH,Major,True
8188,1670,270,471,2025-08-04 16:37:37,SOFTWARE_CRASH,Major,True
8189,2525,262,293,2024-06-06 09:18:30,ANTENNA_FAULT,Minor,False
8190,17,361,883,2025-09-03 17:41:42,MEMORY_HIGH,Minor,False
8191,1665,171,834,2024-11-10 22:54:24,POWER_ALARM,Info,True
8192,3630,472,41,2024-12-18 14:50:20,POWER_ALARM,Critical,False
8193,2597,398,681,2025-10-09 18:26:05,FIBRE_BREAK,Major,False
8194,1168,22,401,2025-02-21 08:09:23,FIBRE_BREAK,Critical,True
8195,3581,276,880,2024-11-23 18:04:01,RBS_OVER_TEMP,Minor,False
8196,2839,101,524,2025-08-01 15:20:17,CPU_OVERLOAD,Info,False
8197,693,48,124,2025-11-30 20:15:07,SYNC_LOSS,Major,False
8198,4469,177,519,2025-06-27 13:12:41,BATTERY_LOW,Major,False
8199,4150,257,2,2024-07-15 13:35:24,CPU_OVERLOAD,Minor,True
8200,3720,275,307,2024-07-16 18:34:20,POWER_ALARM,Major,False
8201,2828,103,616,2024-05-15 14:02:23,SIGNAL_DEGRADED,Info,True
8202,1595,465,210,2024-10-27 17:22:39,ANTENNA_FAULT,Major,True
8203,237,249,382,2024-10-29 21:21:09,SOFTWARE_CRASH,Major,False
8204,4140,235,321,2025-06-19 04:44:07,LINK_DOWN,Minor,True
8205,1331,17,872,2024-02-09 14:26:52,FIBRE_BREAK,Minor,True
8206,2040,412,234,2025-11-02 17:54:51,SIGNAL_DEGRADED,Minor,False
8207,647,448,355,2024-05-18 05:37:52,BATTERY_LOW,Minor,False
8208,198,317,743,2024-12-16 18:37:10,SOFTWARE_CRASH,Critical,False
8209,2773,33,391,2025-11-15 14:30:34,LINK_DOWN,Minor,False
8210,3671,183,549,2025-11-10 22:39:38,MEMORY_HIGH,Info,False
8211,4740,399,456,2025-07-06 09:28:29,RBS_OVER_TEMP,Critical,False
8212,2019,413,274,2024-12-07 16:40:58,SYNC_LOSS,Info,False
8213,1011,391,304,2024-08-08 17:16:05,LINK_DOWN,Info,False
8214,3159,154,891,2024-10-26 15:30:05,LINK_DOWN,Major,False
8215,1810,443,936,2024-11-11 04:11:56,MEMORY_HIGH,Info,True
8216,424,244,734,2025-01-22 16:16:22,CPU_OVERLOAD,Minor,False
8217,4428,404,775,2024-10-04 13:17:50,BATTERY_LOW,Critical,False
8218,3563,330,637,2025-05-22 00:51:22,SYNC_LOSS,Critical,False
8219,2649,415,105,2025-07-03 12:50:07,FIBRE_BREAK,Minor,False
8220,368,371,165,2025-12-18 12:44:42,RBS_OVER_TEMP,Minor,True
8221,4149,51,42,2025-04-02 16:59:07,SOFTWARE_CRASH,Major,False
8222,719,197,592,2025-12-16 16:11:01,BATTERY_LOW,Minor,False
8223,3583,29,978,2025-05-11 14:39:42,ANTENNA_FAULT,Critical,False
8224,3255,229,285,2025-01-26 10:41:54,BATTERY_LOW,Minor,False
8225,4763,375,730,2025-03-10 00:26:06,SYNC_LOSS,Minor,False
8226,2908,369,112,2025-07-19 17:37:32,FIBRE_BREAK,Major,True
8227,4150,257,2,2024-07-15 13:22:24,CPU_OVERLOAD,Major,True
8228,1375,84,295,2025-05-01 12:24:13,LINK_DOWN,Minor,False
8229,314,273,601,2025-12-01 09:58:46,ANTENNA_FAULT,Info,True
8230,302,279,45,2024-08-30 15:10:37,MEMORY_HIGH,Minor,False
8231,960,395,516,2024-02-04 03:02:58,ANTENNA_FAULT,Major,False
8232,2610,476,59,2025-12-16 15:42:38,SOFTWARE_CRASH,Minor,False
8233,3744,437,312,2025-03-15 17:06:34,FIBRE_BREAK,Critical,True
8234,341,202,653,2024-12-01 08:08:40,SOFTWARE_CRASH,Minor,False
8235,412,310,100,2024-12-17 08:14:45,SIGNAL_DEGRADED,Major,True
8236,4922,428,731,2024-12-18 14:13:04,MEMORY_HIGH,Major,True
8237,497,484,402,2024-10-24 23:16:18,ANTENNA_FAULT,Minor,False
8238,2422,454,880,2025-02-13 20:06:09,SIGNAL_DEGRADED,Info,True
8239,3185,102,281,2024-12-18 07:26:10,RBS_OVER_TEMP,Minor,False
8240,1989,150,429,2024-06-07 13:43:08,TRANSMISSION_ERROR,Major,False
8241,863,251,818,2024-01-30 17:55:47,ANTENNA_FAULT,Info,True
8242,3059,364,744,2024-09-17 18:26:37,TRANSMISSION_ERROR,Minor,False
8243,3165,285,93,2024-09-24 12:50:24,BATTERY_LOW,Major,False
8244,4663,486,538,2025-11-23 16:37:49,SYNC_LOSS,Minor,False
8245,3485,15,682,2025-06-03 09:21:03,SIGNAL_DEGRADED,Major,False
8246,4678,26,411,2025-03-05 10:20:03,SYNC_LOSS,Minor,False
8247,2314,336,356,2024-01-21 04:11:31,MEMORY_HIGH,Info,True
8248,3365,161,902,2025-02-24 21:27:52,SIGNAL_DEGRADED,Info,False
8249,40,499,138,2025-07-06 14:25:15,LINK_DOWN,Major,True
8250,184,310,627,2024-04-24 15:06:30,SIGNAL_DEGRADED,Major,True
8251,1081,467,63,2024-07-29 04:49:13,MEMORY_HIGH,Critical,False
8252,2898,370,689,2024-11-24 00:12:40,ANTENNA_FAULT,Critical,False
8253,3441,120,346,2024-01-21 18:54:59,CPU_OVERLOAD,Minor,False
8254,587,26,904,2024-09-07 16:40:47,MEMORY_HIGH,Info,True
8255,4877,245,573,2024-09-23 14:59:37,SYNC_LOSS,Major,True
8256,1033,462,470,2024-01-25 08:32:13,POWER_ALARM,Critical,False
8257,4048,211,39,2024-04-17 02:39:02,CPU_OVERLOAD,Major,False
8258,2095,311,825,2024-02-04 13:14:22,SIGNAL_DEGRADED,Major,False
8259,3816,463,506,2025-01-18 19:18:38,ANTENNA_FAULT,Critical,True
8260,3721,466,393,2024-02-16 02:26:46,BATTERY_LOW,Critical,False
8261,566,121,930,2025-10-09 11:51:26,BATTERY_LOW,Critical,False
8262,2444,17,557,2024-06-21 10:48:06,SOFTWARE_CRASH,Critical,False
8263,4465,421,854,2025-11-11 00:12:11,CPU_OVERLOAD,Minor,True
8264,408,419,814,2024-08-21 12:12:26,SYNC_LOSS,Critical,True
8265,1667,222,667,2024-11-16 21:23:20,LINK_DOWN,Critical,False
8266,3184,257,699,2025-12-05 19:03:15,SYNC_LOSS,Info,True
8267,3603,426,751,2025-12-11 17:13:38,SOFTWARE_CRASH,Info,False
8268,1489,52,530,2025-05-14 08:59:16,CPU_OVERLOAD,Info,False
8269,1424,215,883,2024-02-22 09:06:15,BATTERY_LOW,Info,False
8270,3366,33,309,2025-11-17 14:07:52,LINK_DOWN,Critical,True
8271,4582,350,303,2025-02-22 11:22:09,MEMORY_HIGH,Major,True
8272,4397,378,885,2024-03-21 19:00:57,POWER_ALARM,Info,True
8273,3990,170,89,2025-09-02 17:20:12,LINK_DOWN,Info,False
8274,3251,347,479,2024-10-21 14:31:30,SOFTWARE_CRASH,Minor,True
8275,1524,10,193,2024-02-14 17:53:41,FIBRE_BREAK,Minor,False
8276,300,296,512,2024-10-26 12:40:25,SYNC_LOSS,Minor,False
8277,341,202,653,2024-12-01 08:07:40,SYNC_LOSS,Minor,False
8278,3224,308,579,2025-01-16 13:09:18,FIBRE_BREAK,Critical,False
8279,645,268,551,2024-01-21 16:50:43,RBS_OVER_TEMP,Minor,True
8280,3199,285,285,2024-10-14 20:21:53,CPU_OVERLOAD,Major,False
8281,913,122,214,2024-04-13 12:04:04,ANTENNA_FAULT,Minor,False
8282,4925,374,962,2024-06-04 08:31:34,POWER_ALARM,Minor,True
8283,4878,351,622,2025-04-29 01:25:37,SIGNAL_DEGRADED,Info,False
8284,3355,22,652,2025-10-05 19:22:43,ANTENNA_FAULT,Minor,False
8285,431,469,278,2024-12-24 22:08:06,TRANSMISSION_ERROR,Minor,False
8286,630,197,768,2025-06-13 11:28:32,RBS_OVER_TEMP,Critical,False
8287,4662,352,860,2025-11-11 06:07:39,SYNC_LOSS,Info,False
8288,3866,490,616,2025-04-15 17:02:21,MEMORY_HIGH,Info,False
8289,4943,89,799,2025-07-28 14:51:23,SIGNAL_DEGRADED,Info,True
8290,1095,100,456,2025-06-29 14:34:26,CPU_OVERLOAD,Major,True
8291,1892,438,852,2024-05-06 18:04:09,SIGNAL_DEGRADED,Minor,False
8292,2724,499,491,2024-09-07 09:05:31,SOFTWARE_CRASH,Info,False
8293,1852,123,952,2025-05-18 08:23:03,SIGNAL_DEGRADED,Info,False
8294,4903,52,763,2025-04-25 05:09:14,ANTENNA_FAULT,Minor,True
8295,4038,175,460,2024-06-27 09:55:45,SOFTWARE_CRASH,Critical,True
8296,4256,482,109,2024-09-12 05:49:22,SOFTWARE_CRASH,Critical,True
8297,2515,179,294,2025-10-22 07:30:19,FIBRE_BREAK,Major,False
8298,2392,368,266,2024-03-09 13:12:30,SOFTWARE_CRASH,Info,False
8299,357,386,973,2025-12-13 22:48:46,CPU_OVERLOAD,Info,False
8300,1607,435,474,2025-09-14 13:16:26,ANTENNA_FAULT,Minor,True
8301,1823,117,340,2025-03-10 09:46:30,LINK_DOWN,Minor,False
8302,3596,443,175,2025-06-03 12:39:47,RBS_OVER_TEMP,Info,False
8303,3528,109,96,2024-10-23 12:30:57,ANTENNA_FAULT,Minor,False
8304,2607,498,134,2024-09-03 07:50:34,CPU_OVERLOAD,Info,True
8305,2333,418,395,2024-09-14 04:09:15,TRANSMISSION_ERROR,Info,False
8306,1208,33,766,2025-05-12 05:20:10,TRANSMISSION_ERROR,Minor,False
8307,690,183,587,2024-10-15 14:00:14,ANTENNA_FAULT,Major,False
8308,1643,421,472,2025-03-17 15:47:13,LINK_DOWN,Major,True
8309,1465,271,928,2024-04-24 00:24:18,BATTERY_LOW,Minor,False
8310,167,245,36,2025-01-28 20:53:57,SOFTWARE_CRASH,Info,False
8311,1694,175,127,2025-11-09 15:54:24,ANTENNA_FAULT,Critical,True
8312,4216,102,994,2025-12-01 23:38:07,FIBRE_BREAK,Info,True
8313,2234,384,489,2024-11-02 10:58:18,SIGNAL_DEGRADED,Minor,False
8314,1226,379,904,2024-09-30 10:09:40,SYNC_LOSS,Minor,False
8315,2277,17,811,2025-02-18 12:16:30,LINK_DOWN,Minor,False
8316,3963,63,650,2025-04-08 18:16:27,TRANSMISSION_ERROR,Info,False
8317,3130,171,928,2025-11-16 21:46:44,SOFTWARE_CRASH,Minor,False
8318,2740,54,719,2024-06-28 19:36:21,BATTERY_LOW,Info,False
8319,1701,6,645,2025-10-06 06:16:35,FIBRE_BREAK,Minor,False
8320,2506,66,897,2025-03-08 07:43:59,SYNC_LOSS,Major,False
8321,4586,455,166,2025-11-04 01:16:35,FIBRE_BREAK,Info,False
8322,1783,401,65,2025-06-14 03:29:10,MEMORY_HIGH,Minor,False
8323,4718,281,572,2025-01-10 09:55:04,FIBRE_BREAK,Critical,False
8324,1662,56,193,2025-04-21 13:07:39,SIGNAL_DEGRADED,Minor,False
8325,4870,20,480,2025-05-23 23:10:01,BATTERY_LOW,Info,False
8326,1792,232,4,2025-11-05 16:31:37,ANTENNA_FAULT,Critical,False
8327,2970,264,219,2024-09-19 13:17:55,SYNC_LOSS,Major,True
8328,2465,367,521,2025-08-03 16:53:15,BATTERY_LOW,Critical,False
8329,3649,252,55,2024-01-27 13:24:06,FIBRE_BREAK,Major,True
8330,515,27,390,2025-12-13 07:53:21,SOFTWARE_CRASH,Minor,False
8331,2350,247,412,2025-09-12 18:19:29,POWER_ALARM,Major,False
8332,3140,13,391,2024-10-21 09:34:58,TRANSMISSION_ERROR,Critical,True
8333,129,185,129,2024-05-19 10:32:29,RBS_OVER_TEMP,Major,False
8334,4839,354,696,2024-03-12 04:03:59,MEMORY_HIGH,Minor,False
8335,923,352,699,2025-10-29 04:42:56,RBS_OVER_TEMP,Critical,True
8336,3962,259,701,2025-05-09 18:51:41,TRANSMISSION_ERROR,Info,False
8337,3878,170,762,2024-01-15 17:48:59,SOFTWARE_CRASH,Major,True
8338,4114,167,922,2024-09-04 05:11:49,FIBRE_BREAK,Info,False
8339,3468,52,557,2024-07-15 12:54:36,LINK_DOWN,Info,True
8340,4050,47,206,2025-08-20 08:13:45,POWER_ALARM,Critical,False
8341,3910,122,81,2024-07-15 16:19:12,SOFTWARE_CRASH,Minor,False
8342,2473,487,694,2024-03-01 12:06:56,SYNC_LOSS,Minor,False
8343,1722,205,500,2025-11-24 04:41:48,SIGNAL_DEGRADED,Info,True
8344,4527,212,5,2024-12-20 15:30:23,SIGNAL_DEGRADED,Major,False
8345,2143,233,646,2024-08-21 10:22:24,FIBRE_BREAK,Critical,False
8346,1497,346,636,2024-02-01 17:05:24,FIBRE_BREAK,Major,False
8347,3084,350,855,2024-03-28 01:43:54,TRANSMISSION_ERROR,Minor,False
8348,1826,336,782,2025-07-19 17:12:24,CPU_OVERLOAD,Minor,False
8349,4826,276,924,2024-02-18 08:20:55,BATTERY_LOW,Info,True
8350,2457,493,750,2024-03-14 09:42:32,CPU_OVERLOAD,Info,False
8351,4527,212,5,2024-12-20 15:34:23,POWER_ALARM,Minor,False
8352,198,317,743,2024-12-16 18:02:10,MEMORY_HIGH,Info,False
8353,2348,193,710,2024-06-21 19:38:30,MEMORY_HIGH,Major,False
8354,4585,253,474,2024-04-20 03:35:37,ANTENNA_FAULT,Minor,False
8355,1733,323,993,2024-09-29 16:12:42,SYNC_LOSS,Info,False
8356,1503,44,614,2025-09-30 19:51:24,BATTERY_LOW,Minor,False
8357,4722,376,358,2025-02-05 16:34:52,CPU_OVERLOAD,Minor,True
8358,3935,215,735,2025-09-19 09:06:52,SYNC_LOSS,Info,True
8359,2979,90,635,2025-10-27 11:00:47,CPU_OVERLOAD,Minor,False
8360,64,263,436,2024-11-06 13:21:56,TRANSMISSION_ERROR,Info,False
8361,2947,243,20,2024-03-10 11:57:12,LINK_DOWN,Info,False
8362,3454,344,732,2025-11-06 12:37:05,RBS_OVER_TEMP,Minor,False
8363,2660,225,236,2025-03-01 20:56:00,BATTERY_LOW,Minor,False
8364,3183,226,720,2024-04-02 02:32:57,TRANSMISSION_ERROR,Minor,False
8365,4047,128,391,2025-10-01 20:52:44,FIBRE_BREAK,Info,False
8366,4246,427,295,2024-07-24 12:43:06,BATTERY_LOW,Major,False
8367,3976,270,603,2025-05-17 15:02:37,SYNC_LOSS,Minor,False
8368,3475,176,18,2025-07-22 22:10:10,SYNC_LOSS,Minor,False
8369,2616,261,281,2025-06-22 16:48:50,MEMORY_HIGH,Major,False
8370,911,237,207,2025-01-02 13:37:19,BATTERY_LOW,Major,False
8371,894,384,200,2025-11-07 13:21:40,MEMORY_HIGH,Info,True
8372,2503,393,715,2025-02-18 15:42:26,POWER_ALARM,Major,False
8373,390,232,832,2025-04-26 17:54:16,FIBRE_BREAK,Major,True
8374,4932,190,185,2025-04-10 11:14:53,FIBRE_BREAK,Critical,False
8375,4559,348,38,2024-04-06 14:56:14,TRANSMISSION_ERROR,Info,True
8376,763,231,340,2025-07-28 16:56:43,CPU_OVERLOAD,Info,False
8377,3703,401,780,2025-04-05 15:07:13,CPU_OVERLOAD,Minor,True
8378,2511,193,422,2025-09-14 18:10:25,POWER_ALARM,Major,False
8379,1093,429,737,2024-01-18 16:38:53,TRANSMISSION_ERROR,Major,False
8380,2134,419,644,2024-10-29 04:55:38,SYNC_LOSS,Major,False
8381,4387,187,795,2025-08-20 21:13:08,RBS_OVER_TEMP,Major,True
8382,1322,166,932,2024-01-05 18:52:25,BATTERY_LOW,Minor,True
8383,2769,170,334,2025-09-12 16:51:59,FIBRE_BREAK,Minor,False
8384,4411,279,363,2025-07-12 23:03:58,SYNC_LOSS,Critical,True
8385,1596,471,912,2024-09-06 17:43:58,SOFTWARE_CRASH,Info,True
8386,1759,119,307,2025-04-05 12:01:40,TRANSMISSION_ERROR,Minor,True
8387,406,102,647,2024-02-25 11:36:38,POWER_ALARM,Major,False
8388,911,237,207,2025-01-02 13:39:19,TRANSMISSION_ERROR,Major,False
8389,4881,54,215,2025-12-27 17:21:45,POWER_ALARM,Major,False
8390,475,234,745,2025-06-10 02:16:31,TRANSMISSION_ERROR,Major,False
8391,2715,293,150,2025-01-30 17:47:58,SIGNAL_DEGRADED,Minor,False
8392,4008,24,214,2025-07-30 17:16:26,SOFTWARE_CRASH,Major,False
8393,3708,238,181,2025-09-25 15:01:44,SIGNAL_DEGRADED,Info,False
8394,1681,330,562,2024-02-03 11:49:51,ANTENNA_FAULT,Major,True
8395,3025,487,50,2025-11-22 00:06:24,CPU_OVERLOAD,Major,True
8396,4139,94,493,2025-04-12 00:46:29,BATTERY_LOW,Major,False
8397,2685,334,594,2025-11-22 13:43:17,FIBRE_BREAK,Info,True
8398,4160,369,792,2025-04-05 12:49:55,TRANSMISSION_ERROR,Major,True
8399,613,111,459,2025-09-04 05:34:44,MEMORY_HIGH,Critical,False
8400,2952,187,410,2025-12-27 16:40:37,FIBRE_BREAK,Minor,False
8401,3420,357,617,2025-11-01 08:33:05,SIGNAL_DEGRADED,Major,False
8402,4081,174,908,2024-09-24 17:47:45,POWER_ALARM,Minor,True
8403,1715,464,630,2024-04-26 16:20:46,BATTERY_LOW,Critical,True
8404,821,488,266,2025-11-12 15:06:13,MEMORY_HIGH,Info,False
8405,3854,470,929,2024-12-08 08:52:55,SYNC_LOSS,Minor,True
8406,1394,254,234,2024-01-29 11:08:43,RBS_OVER_TEMP,Major,False
8407,77,370,442,2025-03-04 17:58:55,SIGNAL_DEGRADED,Info,False
8408,1121,86,372,2024-07-04 05:39:58,RBS_OVER_TEMP,Minor,False
8409,2087,10,75,2024-03-18 08:57:51,ANTENNA_FAULT,Major,False
8410,2043,46,667,2024-08-22 15:21:25,BATTERY_LOW,Info,False
8411,2235,87,710,2024-05-10 02:32:47,RBS_OVER_TEMP,Minor,False
8412,3451,445,631,2025-05-19 20:30:38,SIGNAL_DEGRADED,Info,False
8413,4900,40,925,2024-02-27 08:17:34,RBS_OVER_TEMP,Info,False
8414,2489,90,309,2024-10-03 00:48:28,SOFTWARE_CRASH,Minor,False
8415,1459,253,537,2024-10-13 15:05:27,POWER_ALARM,Minor,False
8416,4007,110,924,2025-03-25 19:15:55,ANTENNA_FAULT,Minor,False
8417,1181,357,182,2025-02-12 21:16:02,POWER_ALARM,Minor,False
8418,2508,192,931,2025-01-05 05:00:25,SYNC_LOSS,Minor,False
8419,103,129,646,2024-12-06 21:16:15,BATTERY_LOW,Minor,False
8420,2490,181,9,2025-04-06 15:01:21,POWER_ALARM,Minor,False
8421,2451,119,7,2024-10-06 16:41:51,BATTERY_LOW,Minor,False
8422,1327,376,444,2024-04-09 05:57:08,RBS_OVER_TEMP,Info,False
8423,4135,124,811,2024-02-11 15:02:17,SOFTWARE_CRASH,Major,True
8424,1124,116,905,2024-05-30 16:00:33,POWER_ALARM,Minor,False
8425,2652,166,751,2025-05-06 18:14:58,FIBRE_BREAK,Minor,False
8426,2506,66,897,2025-03-08 07:35:59,SIGNAL_DEGRADED,Major,True
8427,700,402,500,2024-01-05 14:14:23,RBS_OVER_TEMP,Major,False
8428,350,278,545,2025-08-22 16:32:04,TRANSMISSION_ERROR,Info,True
8429,1296,48,71,2025-09-13 09:00:32,TRANSMISSION_ERROR,Critical,False
8430,3192,127,15,2024-03-01 16:48:50,SOFTWARE_CRASH,Info,False
8431,2989,164,474,2024-04-05 10:46:32,ANTENNA_FAULT,Major,False
8432,3181,359,521,2025-11-06 15:59:23,RBS_OVER_TEMP,Major,True
8433,82,460,701,2025-01-07 08:30:39,ANTENNA_FAULT,Minor,False
8434,3189,474,93,2025-03-02 14:08:53,SOFTWARE_CRASH,Info,False
8435,42,82,53,2025-08-03 19:01:25,POWER_ALARM,Major,True
8436,797,500,53,2025-06-03 16:02:29,MEMORY_HIGH,Minor,False
8437,2860,102,163,2024-01-14 11:14:57,MEMORY_HIGH,Minor,False
8438,429,267,500,2025-01-07 05:34:03,SIGNAL_DEGRADED,Major,False
8439,4593,390,737,2025-02-28 17:44:11,CPU_OVERLOAD,Minor,False
8440,3864,238,273,2025-09-28 18:06:46,POWER_ALARM,Major,False
8441,4851,218,324,2025-05-28 10:14:19,MEMORY_HIGH,Critical,False
8442,1307,134,405,2025-03-03 12:19:44,FIBRE_BREAK,Minor,False
8443,1435,57,114,2025-01-02 14:41:23,CPU_OVERLOAD,Info,True
8444,4707,105,726,2024-09-25 17:25:41,ANTENNA_FAULT,Major,True
8445,3990,170,89,2025-09-02 17:10:12,MEMORY_HIGH,Critical,False
8446,2374,267,522,2024-03-26 02:12:46,SOFTWARE_CRASH,Minor,False
8447,1994,389,186,2024-06-05 06:14:36,RBS_OVER_TEMP,Minor,False
8448,4491,50,267,2025-09-24 22:40:51,ANTENNA_FAULT,Minor,False
8449,1988,202,904,2024-05-02 12:47:24,TRANSMISSION_ERROR,Critical,True
8450,4374,333,85,2024-10-05 16:35:26,ANTENNA_FAULT,Critical,False
8451,2930,313,802,2024-12-22 16:32:15,ANTENNA_FAULT,Minor,False
8452,4915,258,965,2024-10-17 22:39:38,RBS_OVER_TEMP,Critical,False
8453,1209,217,775,2024-07-25 22:36:12,ANTENNA_FAULT,Major,False
8454,3323,234,54,2024-08-25 02:37:54,TRANSMISSION_ERROR,Minor,False
8455,1916,284,322,2025-01-04 00:53:51,RBS_OVER_TEMP,Minor,True
8456,3000,430,486,2024-05-05 16:07:59,TRANSMISSION_ERROR,Info,True
8457,4194,43,268,2024-05-27 12:05:52,ANTENNA_FAULT,Major,True
8458,1645,303,727,2024-06-24 19:37:34,TRANSMISSION_ERROR,Info,True
8459,1540,44,867,2025-04-02 11:52:53,BATTERY_LOW,Critical,True
8460,4124,212,89,2025-07-03 12:11:49,SIGNAL_DEGRADED,Major,True
8461,554,442,824,2024-01-01 21:05:36,TRANSMISSION_ERROR,Info,False
8462,4956,45,845,2024-01-09 08:10:42,SYNC_LOSS,Critical,False
8463,1284,208,392,2025-10-09 21:54:22,SOFTWARE_CRASH,Minor,True
8464,4661,271,851,2024-05-26 14:15:21,SIGNAL_DEGRADED,Major,False
8465,1387,213,619,2024-03-24 17:45:39,TRANSMISSION_ERROR,Major,False
8466,4904,481,421,2024-09-05 10:52:24,SOFTWARE_CRASH,Major,False
8467,178,163,264,2025-07-30 22:59:00,LINK_DOWN,Minor,True
8468,3088,214,586,2024-11-13 16:50:06,LINK_DOWN,Major,False
8469,4131,303,555,2025-09-23 15:21:00,SYNC_LOSS,Info,False
8470,4361,378,844,2024-07-11 09:42:26,BATTERY_LOW,Critical,False
8471,2240,229,69,2024-09-04 17:52:26,SIGNAL_DEGRADED,Minor,False
8472,1823,117,340,2025-03-10 10:30:30,CPU_OVERLOAD,Critical,True
8473,3600,94,651,2025-11-02 15:24:44,TRANSMISSION_ERROR,Major,False
8474,2539,384,621,2025-01-07 22:49:10,RBS_OVER_TEMP,Major,True
8475,2377,495,360,2024-09-14 05:49:05,POWER_ALARM,Critical,True
8476,1931,459,594,2025-04-25 18:01:16,CPU_OVERLOAD,Minor,False
8477,1993,122,565,2025-11-16 16:10:56,LINK_DOWN,Major,False
8478,3590,51,912,2024-12-11 13:48:43,SIGNAL_DEGRADED,Info,False
8479,4201,259,216,2025-06-22 16:01:29,CPU_OVERLOAD,Minor,False
8480,3385,137,155,2024-08-24 23:37:49,SIGNAL_DEGRADED,Info,False
8481,1525,124,530,2025-07-29 13:50:22,SIGNAL_DEGRADED,Info,False
8482,84,461,175,2025-01-06 14:55:04,MEMORY_HIGH,Info,False
8483,994,211,573,2024-11-12 03:43:51,BATTERY_LOW,Info,False
8484,4321,313,579,2024-05-03 00:32:28,SOFTWARE_CRASH,Info,False
8485,2602,300,45,2024-09-05 17:37:20,ANTENNA_FAULT,Info,False
8486,2825,443,928,2024-05-25 12:42:42,SIGNAL_DEGRADED,Info,False
8487,2748,476,192,2025-03-09 15:09:50,LINK_DOWN,Major,True
8488,4202,416,524,2024-08-05 15:21:31,SOFTWARE_CRASH,Info,False
8489,1485,239,539,2025-10-12 09:57:37,CPU_OVERLOAD,Critical,False
8490,1696,292,784,2025-05-30 17:48:10,MEMORY_HIGH,Info,False
8491,2535,389,709,2025-10-12 13:05:15,SIGNAL_DEGRADED,Minor,False
8492,3851,484,73,2024-07-25 10:05:54,SYNC_LOSS,Minor,False
8493,670,312,443,2025-06-15 11:29:33,SYNC_LOSS,Major,True
8494,178,163,264,2025-07-30 22:38:00,SIGNAL_DEGRADED,Critical,False
8495,4085,122,400,2024-11-13 12:07:12,SYNC_LOSS,Minor,True
8496,1598,39,75,2025-06-26 11:17:38,BATTERY_LOW,Info,False
8497,4735,483,963,2025-03-21 12:44:46,POWER_ALARM,Major,True
8498,923,352,699,2025-10-29 04:54:56,RBS_OVER_TEMP,Major,False
8499,2907,189,50,2025-01-12 14:02:49,LINK_DOWN,Critical,True
8500,2029,426,671,2025-06-01 18:40:37,POWER_ALARM,Major,False
8501,2563,209,331,2024-11-30 11:36:52,SOFTWARE_CRASH,Minor,False
8502,2505,277,564,2025-12-25 11:08:52,FIBRE_BREAK,Minor,False
8503,3009,242,878,2025-05-02 12:00:54,FIBRE_BREAK,Info,False
8504,644,300,151,2024-12-25 18:37:02,RBS_OVER_TEMP,Minor,False
8505,2688,407,337,2024-03-23 13:52:29,POWER_ALARM,Info,False
8506,4138,286,615,2024-12-19 13:54:29,POWER_ALARM,Major,False
8507,4378,416,225,2024-12-08 04:21:54,SOFTWARE_CRASH,Minor,True
8508,1181,357,182,2025-02-12 21:08:02,POWER_ALARM,Major,False
8509,4367,230,467,2024-10-29 08:23:34,LINK_DOWN,Major,False
8510,3945,25,753,2024-08-29 14:44:20,MEMORY_HIGH,Info,True
8511,1110,349,896,2024-06-13 03:11:11,SIGNAL_DEGRADED,Info,False
8512,427,258,312,2024-01-11 21:23:24,SYNC_LOSS,Info,False
8513,1392,198,625,2025-06-18 17:18:29,SYNC_LOSS,Critical,False
8514,1747,146,305,2025-10-05 15:36:23,LINK_DOWN,Info,True
8515,4171,498,176,2025-11-22 15:11:24,LINK_DOWN,Minor,False
8516,480,419,882,2024-04-25 17:30:26,MEMORY_HIGH,Info,False
8517,1253,22,967,2025-04-25 19:17:46,CPU_OVERLOAD,Critical,False
8518,2299,340,607,2024-03-04 12:33:52,TRANSMISSION_ERROR,Minor,False
8519,4514,350,319,2025-11-19 09:44:39,BATTERY_LOW,Critical,False
8520,3973,27,868,2024-03-13 09:10:17,TRANSMISSION_ERROR,Minor,True
8521,824,326,480,2025-02-22 18:56:49,RBS_OVER_TEMP,Major,False
8522,952,414,376,2025-06-24 13:02:50,MEMORY_HIGH,Critical,False
8523,3416,321,269,2024-05-19 20:27:37,POWER_ALARM,Critical,False
8524,1569,414,723,2024-01-03 03:11:35,MEMORY_HIGH,Info,False
8525,1530,412,130,2025-09-07 13:02:06,SIGNAL_DEGRADED,Major,False
8526,2711,244,572,2025-03-13 21:20:01,TRANSMISSION_ERROR,Major,False
8527,547,493,836,2024-05-03 15:26:39,SOFTWARE_CRASH,Critical,False
8528,474,85,111,2025-08-17 14:28:59,FIBRE_BREAK,Minor,True
8529,784,256,527,2024-05-25 05:57:05,LINK_DOWN,Critical,False
8530,4496,263,822,2025-08-05 06:10:16,SIGNAL_DEGRADED,Critical,True
8531,3359,272,373,2024-10-02 05:06:29,FIBRE_BREAK,Info,False
8532,1887,253,488,2024-02-26 13:47:07,BATTERY_LOW,Info,True
8533,2665,77,469,2024-06-04 18:56:00,RBS_OVER_TEMP,Critical,False
8534,113,167,184,2025-12-31 08:37:02,SYNC_LOSS,Major,False
8535,4972,165,895,2025-12-02 00:53:06,POWER_ALARM,Info,False
8536,2850,360,677,2025-03-01 12:24:48,BATTERY_LOW,Info,True
8537,4482,496,587,2025-04-21 04:00:31,TRANSMISSION_ERROR,Minor,False
8538,2860,102,163,2024-01-14 10:24:57,TRANSMISSION_ERROR,Major,False
8539,3809,267,904,2024-12-04 02:52:39,MEMORY_HIGH,Minor,False
8540,4272,302,692,2025-10-13 19:08:47,BATTERY_LOW,Minor,False
8541,1758,218,370,2024-04-18 15:04:23,CPU_OVERLOAD,Info,False
8542,3573,364,528,2024-08-02 15:24:18,SIGNAL_DEGRADED,Minor,False
8543,4977,192,169,2025-09-16 12:11:53,ANTENNA_FAULT,Info,False
8544,786,244,630,2025-04-23 23:15:46,LINK_DOWN,Minor,False
8545,4111,235,337,2025-04-05 09:34:47,ANTENNA_FAULT,Critical,False
8546,2061,440,156,2024-03-03 17:09:16,RBS_OVER_TEMP,Info,False
8547,1772,120,910,2024-01-24 14:10:17,TRANSMISSION_ERROR,Major,True
8548,3500,466,482,2025-03-28 13:27:28,FIBRE_BREAK,Critical,False
8549,3588,102,105,2025-09-05 04:00:58,BATTERY_LOW,Minor,False
8550,1377,372,528,2024-06-11 20:40:22,POWER_ALARM,Minor,False
8551,3976,270,603,2025-05-17 15:45:37,FIBRE_BREAK,Critical,False
8552,1164,182,915,2025-05-18 14:49:17,RBS_OVER_TEMP,Info,True
8553,2485,399,526,2024-04-14 11:49:10,POWER_ALARM,Critical,False
8554,1720,268,889,2024-12-08 10:25:48,FIBRE_BREAK,Major,False
8555,428,114,205,2025-08-13 23:33:24,TRANSMISSION_ERROR,Minor,False
8556,2347,121,906,2024-04-21 10:19:19,SOFTWARE_CRASH,Info,False
8557,3239,316,598,2024-08-11 13:14:16,MEMORY_HIGH,Minor,True
8558,4893,81,660,2025-12-13 12:25:57,CPU_OVERLOAD,Major,True
8559,1440,274,974,2025-08-24 00:46:29,ANTENNA_FAULT,Info,True
8560,297,88,150,2025-11-13 20:28:11,RBS_OVER_TEMP,Major,True
8561,959,352,715,2025-04-17 02:21:06,MEMORY_HIGH,Minor,False
8562,272,114,905,2024-06-16 15:00:50,LINK_DOWN,Info,False
8563,2004,366,732,2025-12-21 12:05:16,SYNC_LOSS,Minor,False
8564,1349,48,580,2024-10-28 14:06:06,ANTENNA_FAULT,Critical,False
8565,2110,244,107,2025-06-07 09:20:41,MEMORY_HIGH,Major,False
8566,3696,33,605,2024-12-22 08:41:35,SOFTWARE_CRASH,Critical,False
8567,4806,416,869,2025-12-15 16:16:20,FIBRE_BREAK,Info,False
8568,3470,112,96,2025-08-30 12:51:06,SOFTWARE_CRASH,Minor,True
8569,4198,304,708,2025-03-10 15:45:37,POWER_ALARM,Major,False
8570,2934,33,639,2025-10-25 07:32:37,RBS_OVER_TEMP,Major,False
8571,959,352,715,2025-04-17 02:27:06,ANTENNA_FAULT,Major,True
8572,1945,122,860,2024-02-07 18:03:41,TRANSMISSION_ERROR,Major,True
8573,4123,386,951,2025-12-14 19:55:38,CPU_OVERLOAD,Major,False
8574,4124,212,89,2025-07-03 12:09:49,FIBRE_BREAK,Minor,False
8575,718,294,665,2024-03-15 02:54:19,BATTERY_LOW,Info,False
8576,316,216,307,2024-08-16 20:13:02,LINK_DOWN,Minor,False
8577,4789,450,13,2024-09-02 02:38:43,MEMORY_HIGH,Info,False
8578,3795,120,251,2025-06-24 08:13:08,LINK_DOWN,Critical,False
8579,4042,267,549,2025-07-16 07:54:19,SIGNAL_DEGRADED,Info,False
8580,1689,242,37,2025-02-19 12:59:27,MEMORY_HIGH,Major,False
8581,2349,189,752,2024-09-20 20:34:36,BATTERY_LOW,Minor,False
8582,1639,383,796,2024-12-24 09:41:45,CPU_OVERLOAD,Critical,True
8583,2409,54,422,2024-10-15 14:10:45,LINK_DOWN,Minor,False
8584,2581,329,658,2024-05-19 04:34:19,SOFTWARE_CRASH,Major,False
8585,3681,382,47,2025-11-29 14:39:52,FIBRE_BREAK,Major,False
8586,2713,494,381,2025-07-27 11:43:20,ANTENNA_FAULT,Minor,False
8587,1817,264,119,2026-01-01 23:00:26,MEMORY_HIGH,Critical,False
8588,3909,27,726,2024-06-15 02:52:32,MEMORY_HIGH,Info,False
8589,1334,79,21,2024-04-20 13:37:54,CPU_OVERLOAD,Minor,False
8590,4304,164,287,2025-12-10 09:31:33,ANTENNA_FAULT,Major,False
8591,3819,194,737,2025-11-14 13:14:27,BATTERY_LOW,Minor,True
8592,1445,286,29,2025-01-27 17:39:16,SYNC_LOSS,Minor,False
8593,293,341,135,2025-05-13 10:12:22,RBS_OVER_TEMP,Info,False
8594,4446,413,791,2025-05-24 04:01:27,CPU_OVERLOAD,Major,True
8595,468,187,344,2024-12-02 16:02:23,POWER_ALARM,Critical,False
8596,4801,497,547,2024-07-30 09:18:35,POWER_ALARM,Info,False
8597,3233,104,29,2025-06-11 08:25:16,FIBRE_BREAK,Minor,False
8598,284,319,47,2025-04-14 18:48:40,POWER_ALARM,Info,False
8599,4975,268,136,2024-12-16 10:40:33,LINK_DOWN,Info,True
8600,4677,329,958,2024-07-17 14:45:13,SOFTWARE_CRASH,Minor,False
8601,3373,98,526,2024-04-10 04:43:44,LINK_DOWN,Info,False
8602,2884,491,744,2025-03-11 12:13:06,LINK_DOWN,Minor,False
8603,2544,82,183,2024-01-21 13:30:29,TRANSMISSION_ERROR,Minor,False
8604,898,10,417,2024-10-23 07:29:11,SIGNAL_DEGRADED,Major,True
8605,4924,441,495,2025-03-01 15:57:35,FIBRE_BREAK,Info,False
8606,2907,189,50,2025-01-12 13:29:49,RBS_OVER_TEMP,Major,False
8607,4779,52,521,2025-09-02 10:15:43,FIBRE_BREAK,Minor,False
8608,4452,353,368,2024-05-04 09:06:16,SIGNAL_DEGRADED,Minor,True
8609,187,329,547,2025-06-20 16:30:30,FIBRE_BREAK,Critical,False
8610,582,25,751,2024-07-22 10:30:58,ANTENNA_FAULT,Critical,True
8611,1653,219,758,2025-11-06 07:22:52,TRANSMISSION_ERROR,Major,True
8612,183,111,840,2024-03-28 13:47:30,MEMORY_HIGH,Major,False
8613,2187,440,975,2024-08-24 05:13:33,MEMORY_HIGH,Minor,False
8614,3477,498,231,2025-03-05 17:09:02,SIGNAL_DEGRADED,Minor,False
8615,3683,392,597,2024-01-21 08:25:49,SYNC_LOSS,Info,False
8616,1251,288,429,2025-11-18 17:00:52,POWER_ALARM,Minor,False
8617,4364,244,295,2025-09-23 07:07:07,SYNC_LOSS,Info,False
8618,3042,1,153,2024-05-06 10:04:38,CPU_OVERLOAD,Info,False
8619,841,211,144,2024-07-21 08:54:05,CPU_OVERLOAD,Info,False
8620,2441,33,213,2024-05-16 08:51:24,CPU_OVERLOAD,Minor,False
8621,2621,133,362,2024-12-25 18:14:37,RBS_OVER_TEMP,Major,False
8622,3025,487,50,2025-11-22 00:43:24,CPU_OVERLOAD,Info,True
8623,1911,239,6,2025-05-19 13:32:08,CPU_OVERLOAD,Minor,False
8624,3416,321,269,2024-05-19 20:27:37,POWER_ALARM,Info,False
8625,4470,339,76,2025-09-01 05:37:03,RBS_OVER_TEMP,Minor,False
8626,2360,187,90,2024-07-22 09:40:32,MEMORY_HIGH,Major,False
8627,2805,28,404,2025-11-08 06:40:42,CPU_OVERLOAD,Info,False
8628,2925,75,141,2025-07-03 11:21:42,ANTENNA_FAULT,Critical,False
8629,1657,4,614,2025-03-20 19:59:24,CPU_OVERLOAD,Critical,False
8630,1878,363,660,2025-02-11 01:09:30,LINK_DOWN,Major,True
8631,203,355,644,2025-08-19 19:10:59,SOFTWARE_CRASH,Critical,False
8632,2851,90,54,2025-01-11 13:54:57,LINK_DOWN,Minor,True
8633,476,148,612,2024-02-14 07:51:45,POWER_ALARM,Minor,False
8634,3676,59,137,2025-11-25 10:04:07,RBS_OVER_TEMP,Info,False
8635,1135,202,920,2025-08-18 04:32:39,TRANSMISSION_ERROR,Major,False
8636,2125,7,641,2025-11-25 00:23:57,FIBRE_BREAK,Minor,False
8637,3410,310,708,2024-11-05 14:57:38,SOFTWARE_CRASH,Minor,False
8638,1931,459,594,2025-04-25 18:07:16,LINK_DOWN,Minor,True
8639,2208,357,319,2024-08-01 13:32:56,ANTENNA_FAULT,Minor,False
8640,494,13,262,2024-12-15 06:39:01,SYNC_LOSS,Minor,False
8641,4121,90,909,2025-03-12 19:14:06,CPU_OVERLOAD,Minor,False
8642,3423,250,62,2024-01-28 09:56:55,RBS_OVER_TEMP,Major,False
8643,245,73,609,2025-05-26 15:26:41,POWER_ALARM,Major,False
8644,3061,356,102,2024-07-30 08:29:45,SOFTWARE_CRASH,Minor,True
8645,2414,250,762,2025-02-08 12:47:35,TRANSMISSION_ERROR,Critical,False
8646,4181,467,919,2025-05-25 13:50:25,RBS_OVER_TEMP,Critical,False
8647,896,249,525,2024-03-17 08:58:36,SYNC_LOSS,Critical,False
8648,132,369,644,2024-12-16 15:35:22,SYNC_LOSS,Info,False
8649,1635,367,571,2025-07-05 12:30:20,POWER_ALARM,Major,False
8650,297,88,150,2025-11-13 20:24:11,POWER_ALARM,Minor,False
8651,2825,443,928,2024-05-25 12:15:42,SIGNAL_DEGRADED,Minor,False
8652,3092,266,959,2024-12-10 06:39:45,CPU_OVERLOAD,Minor,True
8653,97,282,623,2025-01-02 16:44:20,FIBRE_BREAK,Info,True
8654,2832,25,970,2025-10-22 11:00:18,SIGNAL_DEGRADED,Major,False
8655,1357,213,246,2025-04-29 17:20:38,ANTENNA_FAULT,Minor,False
8656,98,369,707,2024-05-27 14:07:44,CPU_OVERLOAD,Major,True
8657,2917,201,993,2024-03-12 21:00:45,RBS_OVER_TEMP,Critical,True
8658,4891,208,22,2024-01-03 01:35:34,TRANSMISSION_ERROR,Minor,True
8659,1997,222,873,2024-01-22 21:20:04,SYNC_LOSS,Critical,False
8660,4265,120,181,2025-11-04 09:19:29,SIGNAL_DEGRADED,Minor,False
8661,3621,239,600,2025-04-25 11:43:09,POWER_ALARM,Major,False
8662,1825,477,987,2024-01-25 04:50:50,CPU_OVERLOAD,Info,False
8663,3390,57,515,2024-03-17 17:46:05,MEMORY_HIGH,Info,True
8664,3254,265,351,2025-05-13 09:12:32,ANTENNA_FAULT,Info,False
8665,2774,454,809,2025-08-06 14:18:21,TRANSMISSION_ERROR,Info,False
8666,3856,438,609,2025-06-23 14:04:35,LINK_DOWN,Minor,False
8667,3158,64,513,2025-07-07 16:24:33,BATTERY_LOW,Critical,False
8668,266,219,828,2025-06-22 14:52:32,ANTENNA_FAULT,Info,True
8669,2436,377,563,2024-03-09 10:34:45,ANTENNA_FAULT,Minor,True
8670,507,142,57,2024-09-28 08:18:41,CPU_OVERLOAD,Minor,False
8671,3612,471,362,2025-07-21 12:14:42,SYNC_LOSS,Critical,False
8672,3404,462,780,2024-07-31 05:40:53,BATTERY_LOW,Critical,False
8673,57,321,601,2025-06-19 02:11:36,TRANSMISSION_ERROR,Major,False
8674,698,62,763,2025-02-14 19:45:51,MEMORY_HIGH,Minor,False
8675,2698,355,721,2024-09-28 16:53:43,CPU_OVERLOAD,Info,True
8676,3336,367,849,2025-06-13 13:52:10,BATTERY_LOW,Critical,True
8677,4244,13,138,2024-10-06 18:12:30,SOFTWARE_CRASH,Info,True
8678,1532,259,760,2025-12-05 16:48:41,SYNC_LOSS,Major,True
8679,4207,268,342,2025-06-11 09:31:16,ANTENNA_FAULT,Minor,True
8680,2029,426,671,2025-06-01 18:44:37,RBS_OVER_TEMP,Minor,False
8681,887,346,565,2024-11-24 20:09:54,BATTERY_LOW,Info,False
8682,568,489,983,2025-01-12 13:39:47,SIGNAL_DEGRADED,Critical,False
8683,3504,470,103,2024-07-08 08:27:50,MEMORY_HIGH,Minor,False
8684,2527,170,185,2025-01-30 10:46:14,SYNC_LOSS,Info,True
8685,3888,416,848,2024-06-22 10:04:01,TRANSMISSION_ERROR,Info,False
8686,4227,470,704,2024-06-02 06:41:22,SYNC_LOSS,Minor,False
8687,4028,169,284,2024-03-10 09:52:00,CPU_OVERLOAD,Major,False
8688,300,296,512,2024-10-26 13:08:25,MEMORY_HIGH,Major,False
8689,1194,119,11,2025-12-28 03:03:04,CPU_OVERLOAD,Major,True
8690,2993,484,373,2025-10-04 08:44:44,CPU_OVERLOAD,Minor,False
8691,225,237,855,2025-01-11 07:48:14,TRANSMISSION_ERROR,Info,True
8692,356,88,750,2024-07-19 08:29:20,FIBRE_BREAK,Critical,False
8693,635,250,696,2025-12-24 01:51:15,SIGNAL_DEGRADED,Major,False
8694,1069,353,592,2024-09-20 10:22:19,SYNC_LOSS,Major,False
8695,3263,389,517,2025-11-23 19:03:38,FIBRE_BREAK,Info,False
8696,3755,232,416,2025-10-19 21:03:28,MEMORY_HIGH,Info,True
8697,1671,28,69,2024-02-22 09:44:25,SIGNAL_DEGRADED,Critical,True
8698,3437,261,681,2025-11-18 17:26:34,BATTERY_LOW,Info,False
8699,2392,368,266,2024-03-09 13:06:30,BATTERY_LOW,Critical,False
8700,2408,169,117,2025-05-21 01:56:43,ANTENNA_FAULT,Major,True
8701,803,403,379,2024-03-10 02:52:31,MEMORY_HIGH,Info,False
8702,3702,231,797,2025-11-22 08:18:35,FIBRE_BREAK,Critical,False
8703,2316,421,149,2025-10-31 17:39:00,BATTERY_LOW,Minor,False
8704,1040,255,553,2025-11-03 07:46:23,SIGNAL_DEGRADED,Minor,False
8705,2370,306,239,2025-08-26 16:35:49,TRANSMISSION_ERROR,Critical,False
8706,569,74,316,2024-10-07 13:38:41,SOFTWARE_CRASH,Critical,False
8707,4093,89,524,2024-05-29 11:56:29,CPU_OVERLOAD,Major,False
8708,4003,75,124,2025-11-22 23:37:17,ANTENNA_FAULT,Info,False
8709,1970,281,673,2024-10-18 14:52:29,BATTERY_LOW,Major,False
8710,3395,165,927,2025-08-18 19:17:10,SOFTWARE_CRASH,Major,False
8711,1591,228,538,2024-05-23 18:17:45,BATTERY_LOW,Minor,False
8712,4555,401,564,2024-03-10 10:51:17,LINK_DOWN,Info,False
8713,2520,398,208,2024-06-20 19:24:56,LINK_DOWN,Major,False
8714,4554,472,399,2025-11-07 10:05:59,POWER_ALARM,Major,True
8715,736,456,881,2024-04-30 23:19:28,CPU_OVERLOAD,Major,False
8716,537,334,763,2025-07-04 16:19:44,FIBRE_BREAK,Info,False
8717,3508,292,994,2025-02-25 11:46:18,MEMORY_HIGH,Info,False
8718,1614,333,137,2025-01-10 14:20:31,BATTERY_LOW,Major,False
8719,4917,192,920,2024-11-26 20:32:25,RBS_OVER_TEMP,Minor,False
8720,3370,274,200,2025-11-23 12:08:42,SYNC_LOSS,Major,False
8721,2829,450,348,2025-02-03 14:40:26,SIGNAL_DEGRADED,Info,False
8722,1950,495,887,2024-10-27 09:56:45,FIBRE_BREAK,Info,False
8723,2291,441,661,2025-12-18 10:40:39,LINK_DOWN,Minor,True
8724,3266,179,610,2025-09-12 10:54:26,LINK_DOWN,Info,False
8725,3587,115,16,2025-07-21 22:18:03,MEMORY_HIGH,Major,True
8726,3031,417,820,2025-11-07 17:03:54,POWER_ALARM,Critical,False
8727,870,383,787,2025-11-23 18:08:20,RBS_OVER_TEMP,Critical,False
8728,3076,136,604,2024-06-04 19:05:30,RBS_OVER_TEMP,Critical,False
8729,2881,421,958,2024-08-28 23:11:54,FIBRE_BREAK,Info,False
8730,3919,252,386,2025-03-20 10:25:50,TRANSMISSION_ERROR,Info,False
8731,2737,176,962,2024-03-30 05:03:43,ANTENNA_FAULT,Info,False
8732,2992,300,203,2024-04-20 10:53:04,CPU_OVERLOAD,Critical,False
8733,1199,217,892,2025-09-04 02:10:12,ANTENNA_FAULT,Minor,False
8734,2154,244,281,2025-03-23 03:49:24,SYNC_LOSS,Major,True
8735,3606,462,71,2024-07-27 17:44:18,FIBRE_BREAK,Minor,False
8736,2692,173,589,2025-09-06 11:39:36,FIBRE_BREAK,Critical,True
8737,834,97,911,2024-01-31 12:16:03,BATTERY_LOW,Critical,False
8738,2784,346,468,2025-07-10 21:42:16,SIGNAL_DEGRADED,Major,False
8739,3728,12,74,2024-07-17 12:53:58,CPU_OVERLOAD,Info,False
8740,2936,257,852,2025-01-11 14:22:32,BATTERY_LOW,Minor,False
8741,45,440,726,2025-11-28 15:53:39,RBS_OVER_TEMP,Major,True
8742,4603,195,252,2024-02-11 16:04:19,SYNC_LOSS,Minor,False
8743,201,218,857,2025-01-12 10:17:31,POWER_ALARM,Minor,True
8744,1188,354,959,2024-06-23 20:29:28,CPU_OVERLOAD,Major,False
8745,2566,105,96,2025-02-27 09:00:53,SOFTWARE_CRASH,Info,False
8746,117,70,145,2024-03-05 17:14:01,MEMORY_HIGH,Major,False
8747,47,436,74,2025-04-06 12:53:34,SIGNAL_DEGRADED,Info,False
8748,4282,73,670,2024-03-08 15:17:31,SIGNAL_DEGRADED,Minor,False
8749,642,229,540,2025-11-06 17:59:34,RBS_OVER_TEMP,Info,False
8750,416,246,544,2025-03-24 13:28:52,SIGNAL_DEGRADED,Major,False
8751,2856,31,790,2024-04-18 14:24:00,TRANSMISSION_ERROR,Critical,False
8752,1516,37,128,2025-04-09 20:36:16,POWER_ALARM,Major,False
8753,4340,197,491,2024-05-12 08:53:11,LINK_DOWN,Major,False
8754,1426,448,505,2025-03-17 18:17:23,CPU_OVERLOAD,Critical,False
8755,2143,233,646,2024-08-21 10:20:24,FIBRE_BREAK,Minor,True
8756,2249,418,959,2025-11-21 10:05:51,RBS_OVER_TEMP,Info,False
8757,2063,45,160,2025-04-04 17:18:33,BATTERY_LOW,Critical,False
8758,704,441,692,2024-06-15 11:12:26,CPU_OVERLOAD,Info,True
8759,668,192,986,2025-11-30 07:59:03,MEMORY_HIGH,Major,False
8760,5,460,337,2024-12-31 10:24:18,ANTENNA_FAULT,Critical,False
8761,449,381,957,2025-01-22 12:01:06,CPU_OVERLOAD,Info,False
8762,3715,343,771,2025-09-29 14:19:12,BATTERY_LOW,Info,False
8763,2129,106,954,2024-04-12 09:39:20,TRANSMISSION_ERROR,Minor,True
8764,2877,305,335,2025-04-07 20:48:23,MEMORY_HIGH,Minor,False
8765,180,43,224,2024-03-12 02:55:05,SYNC_LOSS,Minor,False
8766,4451,30,397,2025-08-20 15:04:55,LINK_DOWN,Major,False
8767,2885,91,959,2024-10-30 15:53:07,CPU_OVERLOAD,Major,False
8768,4900,40,925,2024-02-27 08:28:34,SYNC_LOSS,Critical,True
8769,3999,432,65,2024-02-19 19:45:20,CPU_OVERLOAD,Major,False
8770,716,332,533,2025-04-22 15:28:57,MEMORY_HIGH,Info,True
8771,2959,198,657,2025-12-10 16:23:22,BATTERY_LOW,Info,True
8772,695,189,38,2024-02-14 03:58:36,LINK_DOWN,Minor,False
8773,3574,220,202,2025-03-17 06:57:48,SIGNAL_DEGRADED,Info,False
8774,1646,487,584,2025-02-14 19:23:21,SOFTWARE_CRASH,Critical,True
8775,517,436,441,2024-10-21 14:00:12,MEMORY_HIGH,Minor,False
8776,884,77,408,2025-11-21 20:49:45,ANTENNA_FAULT,Info,False
8777,4154,280,195,2024-09-19 00:23:46,FIBRE_BREAK,Minor,False
8778,2206,302,196,2024-11-28 11:36:57,SYNC_LOSS,Minor,False
8779,2531,45,536,2024-12-07 14:45:05,POWER_ALARM,Info,True
8780,4338,404,315,2025-06-20 08:36:56,CPU_OVERLOAD,Minor,True
8781,1158,318,9,2025-01-26 19:12:34,MEMORY_HIGH,Info,False
8782,2037,332,513,2025-09-10 09:37:43,SOFTWARE_CRASH,Critical,False
8783,3472,491,819,2024-06-14 17:35:44,LINK_DOWN,Major,True
8784,1211,131,174,2024-11-03 06:01:01,LINK_DOWN,Minor,False
8785,4877,245,573,2024-09-23 15:00:37,SYNC_LOSS,Info,True
8786,2972,83,171,2025-04-24 14:08:30,RBS_OVER_TEMP,Major,False
8787,2897,490,342,2024-07-15 07:41:48,BATTERY_LOW,Info,False
8788,2058,205,248,2024-05-17 14:57:16,SIGNAL_DEGRADED,Info,False
8789,3480,399,732,2024-08-04 00:48:44,TRANSMISSION_ERROR,Minor,True
8790,2165,287,670,2024-11-22 03:05:26,ANTENNA_FAULT,Major,False
8791,1747,146,305,2025-10-05 15:44:23,ANTENNA_FAULT,Info,False
8792,946,359,20,2025-06-21 15:11:13,SIGNAL_DEGRADED,Major,False
8793,236,160,956,2024-08-24 12:21:50,LINK_DOWN,Minor,True
8794,4942,285,755,2024-10-30 11:23:49,CPU_OVERLOAD,Info,True
8795,2502,261,769,2024-02-01 13:16:34,RBS_OVER_TEMP,Minor,False
8796,1985,48,978,2025-04-26 02:53:49,ANTENNA_FAULT,Minor,False
8797,2133,452,529,2025-08-09 15:04:25,LINK_DOWN,Info,False
8798,998,77,895,2025-03-18 22:47:14,SOFTWARE_CRASH,Major,False
8799,2570,489,281,2025-08-16 02:51:25,CPU_OVERLOAD,Info,False
8800,1516,37,128,2025-04-09 20:42:16,CPU_OVERLOAD,Info,False
8801,79,488,461,2025-05-09 10:27:03,ANTENNA_FAULT,Info,True
8802,876,69,293,2024-11-02 20:35:06,TRANSMISSION_ERROR,Info,False
8803,2628,129,292,2024-04-14 12:40:37,ANTENNA_FAULT,Critical,False
8804,3223,230,351,2024-02-26 10:24:25,BATTERY_LOW,Critical,True
8805,3343,324,259,2024-08-20 09:03:31,FIBRE_BREAK,Minor,False
8806,4970,162,213,2025-06-05 16:24:45,MEMORY_HIGH,Minor,False
8807,2984,329,434,2024-05-21 13:24:15,POWER_ALARM,Info,False
8808,4004,56,962,2025-02-04 12:43:39,BATTERY_LOW,Major,False
8809,2893,86,920,2025-02-19 13:59:00,SIGNAL_DEGRADED,Major,False
8810,4410,171,480,2025-04-29 12:25:29,MEMORY_HIGH,Minor,False
8811,3150,466,632,2025-01-28 00:00:40,CPU_OVERLOAD,Minor,False
8812,4630,86,338,2025-12-12 22:22:56,LINK_DOWN,Info,True
8813,3048,306,728,2025-06-06 15:21:29,ANTENNA_FAULT,Major,False
8814,2117,221,144,2024-02-03 22:27:42,ANTENNA_FAULT,Major,False
8815,3670,26,543,2024-06-09 14:03:06,SOFTWARE_CRASH,Info,False
8816,1072,375,997,2024-11-30 09:49:16,MEMORY_HIGH,Critical,False
8817,1692,70,893,2025-10-11 18:17:34,RBS_OVER_TEMP,Major,True
8818,1321,274,361,2024-09-25 03:29:54,FIBRE_BREAK,Minor,True
8819,2465,367,521,2025-08-03 16:45:15,BATTERY_LOW,Critical,False
8820,1396,447,597,2024-01-27 10:26:06,TRANSMISSION_ERROR,Critical,False
8821,2517,185,12,2024-01-01 05:59:06,RBS_OVER_TEMP,Minor,False
8822,301,195,44,2024-02-08 16:32:48,SOFTWARE_CRASH,Info,True
8823,2732,275,561,2025-11-23 13:11:41,FIBRE_BREAK,Critical,True
8824,4623,112,379,2024-04-16 17:17:28,ANTENNA_FAULT,Minor,True
8825,2901,313,39,2025-12-19 13:10:05,CPU_OVERLOAD,Major,True
8826,2784,346,468,2025-07-10 21:42:16,SYNC_LOSS,Major,False
8827,2635,182,475,2025-09-30 12:19:07,TRANSMISSION_ERROR,Major,False
8828,3180,274,119,2024-05-20 12:49:49,FIBRE_BREAK,Info,False
8829,1980,130,896,2025-07-29 11:09:16,RBS_OVER_TEMP,Minor,True
8830,4523,91,574,2024-01-07 17:12:40,MEMORY_HIGH,Info,False
8831,3328,412,12,2024-10-27 04:18:27,SOFTWARE_CRASH,Critical,True
8832,1560,270,574,2024-07-14 10:23:24,BATTERY_LOW,Major,False
8833,1085,318,168,2025-03-31 14:00:18,FIBRE_BREAK,Minor,True
8834,4485,418,106,2025-05-05 09:26:46,TRANSMISSION_ERROR,Critical,True
8835,2232,237,97,2024-12-12 10:17:41,FIBRE_BREAK,Major,False
8836,832,181,363,2024-07-13 19:29:27,MEMORY_HIGH,Critical,False
8837,4772,52,865,2025-07-18 21:17:05,LINK_DOWN,Critical,False
8838,3555,371,609,2024-12-23 16:26:25,MEMORY_HIGH,Major,False
8839,3004,351,930,2025-12-21 13:21:32,LINK_DOWN,Info,False
8840,2762,476,445,2025-09-04 17:00:04,BATTERY_LOW,Major,False
8841,3856,438,609,2025-06-23 14:29:35,RBS_OVER_TEMP,Minor,False
8842,542,242,99,2024-11-10 03:55:42,FIBRE_BREAK,Critical,True
8843,4717,86,443,2025-12-10 14:43:09,SOFTWARE_CRASH,Minor,False
8844,1577,450,741,2025-07-24 21:49:48,SYNC_LOSS,Minor,False
8845,1488,51,765,2025-09-18 06:20:35,SOFTWARE_CRASH,Major,False
8846,3893,473,819,2024-04-18 16:27:13,FIBRE_BREAK,Minor,False
8847,1738,344,95,2025-12-20 12:27:56,TRANSMISSION_ERROR,Info,False
8848,3168,439,892,2025-11-28 13:43:43,SIGNAL_DEGRADED,Info,False
8849,3474,255,48,2024-06-21 19:04:59,RBS_OVER_TEMP,Minor,False
8850,4513,260,758,2024-02-27 13:58:31,SIGNAL_DEGRADED,Critical,False
8851,2573,23,308,2025-09-29 16:36:15,TRANSMISSION_ERROR,Minor,False
8852,3376,263,502,2024-03-20 11:39:49,MEMORY_HIGH,Major,True
8853,1778,445,936,2024-03-31 12:19:04,FIBRE_BREAK,Info,False
8854,2809,376,746,2025-05-28 17:49:48,MEMORY_HIGH,Critical,False
8855,774,110,431,2025-10-26 11:11:20,TRANSMISSION_ERROR,Minor,False
8856,2348,193,710,2024-06-21 19:39:30,SYNC_LOSS,Info,False
8857,4726,469,430,2025-05-13 13:46:45,ANTENNA_FAULT,Critical,False
8858,1168,22,401,2025-02-21 08:11:23,LINK_DOWN,Major,True
8859,2922,46,369,2024-12-04 06:32:56,MEMORY_HIGH,Major,False
8860,428,114,205,2025-08-13 23:35:24,BATTERY_LOW,Minor,False
8861,1220,243,978,2024-03-05 05:39:26,RBS_OVER_TEMP,Info,False
8862,4600,298,755,2024-11-19 17:17:15,POWER_ALARM,Critical,False
8863,1558,453,532,2024-02-18 12:56:59,LINK_DOWN,Minor,False
8864,4178,392,767,2025-11-19 12:50:00,MEMORY_HIGH,Minor,True
8865,2116,429,632,2024-12-07 02:40:28,RBS_OVER_TEMP,Minor,False
8866,1099,158,784,2024-02-01 14:37:20,ANTENNA_FAULT,Info,False
8867,3607,6,716,2025-11-13 12:36:06,MEMORY_HIGH,Info,True
8868,3861,93,344,2024-06-11 14:08:38,ANTENNA_FAULT,Info,True
8869,1520,199,248,2024-09-26 13:36:40,MEMORY_HIGH,Major,True
8870,1970,281,673,2024-10-18 16:25:29,POWER_ALARM,Major,False
8871,911,237,207,2025-01-02 13:36:19,SIGNAL_DEGRADED,Major,False
8872,2640,16,736,2025-01-30 12:07:10,RBS_OVER_TEMP,Critical,False
8873,2877,305,335,2025-04-07 20:30:23,RBS_OVER_TEMP,Minor,False
8874,3444,344,260,2025-05-16 22:16:54,ANTENNA_FAULT,Minor,False
8875,1639,383,796,2024-12-24 10:16:45,TRANSMISSION_ERROR,Critical,True
8876,4781,80,536,2024-02-22 18:56:57,FIBRE_BREAK,Minor,True
8877,4719,454,41,2025-10-03 12:11:12,RBS_OVER_TEMP,Minor,False
8878,1190,161,860,2025-12-25 01:38:06,LINK_DOWN,Critical,True
8879,4559,348,38,2024-04-06 14:59:14,CPU_OVERLOAD,Minor,False
8880,4635,39,699,2024-09-13 04:15:38,RBS_OVER_TEMP,Major,False
8881,21,355,637,2025-04-19 15:22:58,CPU_OVERLOAD,Minor,False
8882,1890,358,42,2025-06-13 09:48:56,SYNC_LOSS,Minor,False
8883,301,195,44,2024-02-08 16:38:48,SIGNAL_DEGRADED,Minor,True
8884,4399,29,639,2025-03-19 03:30:07,RBS_OVER_TEMP,Info,False
8885,524,47,414,2024-05-14 02:18:27,ANTENNA_FAULT,Critical,True
8886,59,362,640,2024-12-21 16:12:45,SYNC_LOSS,Info,False
8887,925,12,185,2024-08-08 23:16:01,RBS_OVER_TEMP,Major,False
8888,898,10,417,2024-10-23 07:18:11,FIBRE_BREAK,Major,False
8889,4620,148,667,2025-08-06 21:31:45,POWER_ALARM,Info,True
8890,1801,171,485,2025-10-24 11:52:33,ANTENNA_FAULT,Info,True
8891,1958,280,689,2024-01-10 10:43:33,POWER_ALARM,Info,False
8892,35,102,216,2024-01-05 10:12:41,BATTERY_LOW,Info,False
8893,1144,286,352,2024-11-14 15:14:26,LINK_DOWN,Info,True
8894,4706,314,647,2025-09-30 04:35:32,SIGNAL_DEGRADED,Minor,False
8895,177,440,323,2024-05-02 09:18:19,CPU_OVERLOAD,Minor,False
8896,985,368,958,2024-10-01 09:53:32,SYNC_LOSS,Major,False
8897,2664,83,59,2024-12-20 18:29:22,FIBRE_BREAK,Critical,True
8898,772,482,871,2025-01-06 15:17:47,SOFTWARE_CRASH,Minor,False
8899,4834,9,891,2024-01-12 09:04:16,SOFTWARE_CRASH,Major,False
8900,1516,37,128,2025-04-09 20:46:16,CPU_OVERLOAD,Info,True
8901,3289,368,427,2024-03-09 09:34:19,MEMORY_HIGH,Minor,False
8902,4576,4,960,2024-11-09 11:12:58,SYNC_LOSS,Minor,False
8903,3487,485,443,2025-08-21 22:23:28,SYNC_LOSS,Major,False
8904,2602,300,45,2024-09-05 17:46:20,ANTENNA_FAULT,Minor,False
8905,4081,174,908,2024-09-24 17:47:45,FIBRE_BREAK,Major,False
8906,511,317,101,2025-08-25 17:58:46,BATTERY_LOW,Major,False
8907,1947,411,262,2024-01-13 18:05:47,ANTENNA_FAULT,Info,False
8908,2893,86,920,2025-02-19 14:09:00,FIBRE_BREAK,Minor,False
8909,3827,123,292,2025-02-26 14:17:02,MEMORY_HIGH,Major,False
8910,2409,54,422,2024-10-15 14:10:45,ANTENNA_FAULT,Minor,False
8911,1626,343,162,2024-09-25 09:02:23,BATTERY_LOW,Info,True
8912,76,273,87,2025-10-22 11:34:26,BATTERY_LOW,Info,True
8913,2525,262,293,2024-06-06 09:16:30,SIGNAL_DEGRADED,Major,False
8914,4268,361,135,2025-10-04 00:34:40,RBS_OVER_TEMP,Info,True
8915,1380,323,445,2025-01-06 08:44:31,SOFTWARE_CRASH,Minor,False
8916,574,218,633,2024-01-29 13:22:44,TRANSMISSION_ERROR,Minor,False
8917,370,461,360,2024-03-09 19:37:02,SYNC_LOSS,Minor,True
8918,1577,450,741,2025-07-24 21:48:48,MEMORY_HIGH,Major,True
8919,1298,404,210,2024-05-12 17:42:49,MEMORY_HIGH,Info,False
8920,4936,35,366,2025-02-04 09:24:39,CPU_OVERLOAD,Info,False
8921,556,442,745,2024-09-15 10:11:43,MEMORY_HIGH,Major,False
8922,3745,83,492,2025-07-13 20:35:32,FIBRE_BREAK,Minor,False
8923,2098,428,461,2024-12-28 15:13:48,SIGNAL_DEGRADED,Minor,False
8924,2622,79,960,2024-07-12 09:10:18,CPU_OVERLOAD,Critical,True
8925,755,272,347,2025-02-01 08:38:41,POWER_ALARM,Critical,False
8926,4513,260,758,2024-02-27 14:22:31,SOFTWARE_CRASH,Minor,False
8927,2267,374,733,2025-06-17 12:29:31,CPU_OVERLOAD,Info,False
8928,4158,372,798,2024-09-01 16:11:04,TRANSMISSION_ERROR,Info,False
8929,80,321,566,2024-05-07 15:38:21,SIGNAL_DEGRADED,Critical,True
8930,544,452,280,2025-12-04 15:49:29,SOFTWARE_CRASH,Info,False
8931,625,337,248,2024-09-09 07:39:53,SOFTWARE_CRASH,Minor,True
8932,3112,378,148,2025-01-02 20:48:04,CPU_OVERLOAD,Major,False
8933,4206,100,614,2025-03-31 05:12:35,SOFTWARE_CRASH,Critical,True
8934,1960,99,617,2025-04-11 08:40:38,CPU_OVERLOAD,Minor,False
8935,1719,481,406,2024-03-11 14:25:41,SOFTWARE_CRASH,Info,False
8936,4034,65,403,2025-02-10 03:45:00,RBS_OVER_TEMP,Info,False
8937,4465,421,854,2025-11-11 00:15:11,POWER_ALARM,Info,False
8938,3664,229,886,2024-11-17 09:27:07,SYNC_LOSS,Critical,False
8939,4027,464,567,2025-02-11 05:34:35,SYNC_LOSS,Minor,False
8940,4434,135,634,2025-08-20 13:17:33,LINK_DOWN,Info,False
8941,1909,297,14,2024-03-04 11:17:03,SYNC_LOSS,Major,False
8942,3603,426,751,2025-12-11 17:16:38,ANTENNA_FAULT,Minor,True
8943,2560,214,637,2025-05-10 18:46:36,FIBRE_BREAK,Minor,False
8944,3067,182,351,2024-06-24 08:04:41,RBS_OVER_TEMP,Critical,False
8945,4501,191,245,2024-08-01 00:19:45,POWER_ALARM,Major,False
8946,805,300,172,2025-05-31 17:19:02,FIBRE_BREAK,Major,False
8947,318,171,346,2024-08-23 06:53:47,CPU_OVERLOAD,Minor,False
8948,4469,177,519,2025-06-27 13:12:41,SOFTWARE_CRASH,Info,False
8949,4824,40,309,2024-10-30 16:00:18,MEMORY_HIGH,Major,False
8950,4861,248,232,2025-05-08 14:55:02,SYNC_LOSS,Info,True
8951,2170,254,335,2024-02-14 13:10:53,LINK_DOWN,Minor,False
8952,4917,192,920,2024-11-26 20:33:25,SYNC_LOSS,Info,False
8953,3596,443,175,2025-06-03 12:43:47,FIBRE_BREAK,Critical,False
8954,894,384,200,2025-11-07 13:26:40,ANTENNA_FAULT,Major,False
8955,1716,483,171,2024-11-23 15:26:12,FIBRE_BREAK,Critical,False
8956,4261,254,921,2024-03-14 00:03:49,SIGNAL_DEGRADED,Minor,False
8957,928,326,719,2025-06-20 04:46:12,MEMORY_HIGH,Critical,False
8958,3265,68,189,2025-05-05 21:09:02,SYNC_LOSS,Info,False
8959,3897,169,315,2025-03-16 09:17:04,SIGNAL_DEGRADED,Minor,False
8960,2705,125,26,2025-10-14 05:04:03,MEMORY_HIGH,Info,False
8961,1532,259,760,2025-12-05 16:50:41,SYNC_LOSS,Major,False
8962,3139,100,620,2025-08-24 00:19:42,SYNC_LOSS,Info,False
8963,1471,299,829,2024-03-02 16:02:53,SOFTWARE_CRASH,Minor,False
8964,2199,325,833,2025-12-31 19:23:24,MEMORY_HIGH,Minor,True
8965,3414,40,90,2024-08-09 05:53:39,FIBRE_BREAK,Major,True
8966,4040,336,370,2024-07-15 11:02:46,RBS_OVER_TEMP,Info,False
8967,2478,120,979,2024-06-28 20:08:44,RBS_OVER_TEMP,Critical,False
8968,1102,195,186,2024-06-14 16:00:43,ANTENNA_FAULT,Minor,False
8969,3801,459,353,2024-05-10 09:51:03,BATTERY_LOW,Minor,False
8970,4991,1,671,2025-12-26 16:39:38,LINK_DOWN,Minor,True
8971,3256,255,374,2024-09-14 17:14:45,ANTENNA_FAULT,Critical,False
8972,4876,469,301,2024-01-28 15:36:08,LINK_DOWN,Critical,True
8973,2700,71,409,2025-03-26 10:38:25,TRANSMISSION_ERROR,Info,False
8974,3559,121,49,2025-07-02 12:58:12,POWER_ALARM,Major,False
8975,1355,201,513,2024-03-01 13:46:31,BATTERY_LOW,Major,True
8976,1027,22,467,2025-04-05 02:56:51,SYNC_LOSS,Minor,False
8977,4026,369,505,2024-07-31 15:03:39,TRANSMISSION_ERROR,Info,False
8978,1965,61,893,2025-05-17 16:38:47,SIGNAL_DEGRADED,Minor,True
8979,3604,32,251,2025-06-17 23:33:04,SYNC_LOSS,Minor,False
8980,3152,37,941,2024-02-16 14:44:06,MEMORY_HIGH,Major,True
8981,3862,421,654,2024-04-28 11:16:44,POWER_ALARM,Minor,False
8982,2540,266,184,2024-06-03 05:56:57,FIBRE_BREAK,Major,False
8983,4560,493,732,2025-07-17 20:31:39,LINK_DOWN,Major,False
8984,789,121,174,2024-01-26 10:35:40,POWER_ALARM,Minor,False
8985,785,424,762,2024-05-10 16:27:50,POWER_ALARM,Minor,False
8986,924,203,286,2024-01-17 22:37:49,BATTERY_LOW,Minor,True
8987,1012,473,865,2024-01-21 07:02:39,CPU_OVERLOAD,Critical,True
8988,4450,297,37,2024-11-17 13:55:05,POWER_ALARM,Info,False
8989,1332,381,414,2025-04-16 03:42:26,TRANSMISSION_ERROR,Major,True
8990,4401,176,668,2025-03-19 16:13:08,MEMORY_HIGH,Major,True
8991,4556,81,309,2024-02-19 12:36:01,SOFTWARE_CRASH,Minor,False
8992,1224,450,320,2025-01-19 11:39:48,ANTENNA_FAULT,Info,True
8993,4676,194,281,2024-01-01 09:54:03,SOFTWARE_CRASH,Major,False
8994,3516,223,170,2025-10-26 15:05:19,MEMORY_HIGH,Minor,False
8995,377,146,571,2025-07-23 14:10:32,BATTERY_LOW,Minor,False
8996,2969,27,868,2024-07-19 11:08:05,RBS_OVER_TEMP,Minor,False
8997,2700,71,409,2025-03-26 10:37:25,SOFTWARE_CRASH,Info,False
8998,74,261,329,2024-08-09 19:17:52,BATTERY_LOW,Minor,False
8999,2312,72,453,2024-12-31 15:10:09,RBS_OVER_TEMP,Minor,False
9000,4180,100,79,2025-01-14 16:59:10,MEMORY_HIGH,Critical,True
9001,1516,37,128,2025-04-09 20:36:16,SOFTWARE_CRASH,Minor,False
9002,2302,164,290,2025-01-27 17:48:44,SYNC_LOSS,Info,False
9003,1442,202,98,2025-07-20 10:21:02,POWER_ALARM,Major,False
9004,1186,356,254,2025-01-13 16:36:34,FIBRE_BREAK,Minor,False
9005,4570,450,753,2024-09-01 13:53:50,SYNC_LOSS,Minor,True
9006,122,249,230,2024-08-23 14:42:04,POWER_ALARM,Major,False
9007,3967,350,148,2024-11-25 17:31:58,SYNC_LOSS,Minor,False
9008,3055,299,736,2025-04-01 10:35:53,SOFTWARE_CRASH,Info,False
9009,1478,223,275,2025-10-07 10:44:21,SIGNAL_DEGRADED,Info,False
9010,2892,389,704,2024-01-13 17:27:52,BATTERY_LOW,Minor,False
9011,82,460,701,2025-01-07 08:48:39,RBS_OVER_TEMP,Info,False
9012,4243,250,311,2025-07-22 09:45:31,FIBRE_BREAK,Info,False
9013,4131,303,555,2025-09-23 15:17:00,MEMORY_HIGH,Info,False
9014,2840,206,374,2024-07-09 16:05:53,CPU_OVERLOAD,Info,False
9015,890,354,526,2024-03-18 02:36:33,LINK_DOWN,Critical,False
9016,4120,466,300,2026-01-01 08:35:28,RBS_OVER_TEMP,Minor,False
9017,1296,48,71,2025-09-13 09:02:32,POWER_ALARM,Critical,False
9018,3995,58,817,2024-02-20 10:26:54,FIBRE_BREAK,Info,False
9019,2929,407,677,2025-08-16 16:17:02,BATTERY_LOW,Info,True
9020,797,500,53,2025-06-03 16:23:29,LINK_DOWN,Major,True
9021,3005,195,984,2025-06-26 10:48:10,BATTERY_LOW,Info,False
9022,1544,233,944,2024-11-26 21:18:31,ANTENNA_FAULT,Minor,True
9023,3411,46,68,2024-09-27 13:12:38,BATTERY_LOW,Minor,False
9024,3807,464,33,2024-04-27 09:12:47,TRANSMISSION_ERROR,Minor,True
9025,2633,202,296,2024-09-07 16:54:53,SYNC_LOSS,Info,False
9026,1785,255,947,2025-08-05 09:21:29,SOFTWARE_CRASH,Minor,False
9027,4222,13,165,2024-10-13 18:27:04,RBS_OVER_TEMP,Minor,True
9028,2674,175,137,2025-07-25 00:58:27,SYNC_LOSS,Minor,False
9029,2100,258,456,2024-04-15 17:29:40,ANTENNA_FAULT,Minor,False
9030,3076,136,604,2024-06-04 19:10:30,TRANSMISSION_ERROR,Minor,False
9031,2232,237,97,2024-12-12 10:28:41,MEMORY_HIGH,Critical,False
9032,2483,261,166,2025-06-16 08:51:18,ANTENNA_FAULT,Minor,True
9033,2704,485,265,2024-04-19 17:14:17,ANTENNA_FAULT,Minor,True
9034,670,312,443,2025-06-15 10:03:33,POWER_ALARM,Info,True
9035,4008,24,214,2025-07-30 17:11:26,FIBRE_BREAK,Info,True
9036,52,428,656,2024-11-05 01:47:41,RBS_OVER_TEMP,Minor,False
9037,1560,270,574,2024-07-14 10:44:24,RBS_OVER_TEMP,Info,True
9038,4307,318,655,2024-07-29 15:59:24,SYNC_LOSS,Minor,True
9039,974,317,480,2024-07-25 13:23:11,CPU_OVERLOAD,Critical,True
9040,3088,214,586,2024-11-13 16:50:06,SIGNAL_DEGRADED,Info,False
9041,1141,132,314,2025-12-09 16:55:38,SOFTWARE_CRASH,Minor,True
9042,4338,404,315,2025-06-20 08:33:56,POWER_ALARM,Minor,True
9043,1425,309,890,2025-02-04 15:17:25,CPU_OVERLOAD,Major,True
9044,2120,274,235,2024-05-15 14:57:50,ANTENNA_FAULT,Info,False
9045,237,249,382,2024-10-29 21:22:09,FIBRE_BREAK,Critical,True
9046,1585,21,25,2024-11-03 21:08:04,CPU_OVERLOAD,Minor,False
9047,1598,39,75,2025-06-26 11:18:38,BATTERY_LOW,Minor,False
9048,412,310,100,2024-12-17 08:14:45,LINK_DOWN,Critical,True
9049,2953,321,506,2024-02-08 05:59:10,CPU_OVERLOAD,Info,False
9050,4325,273,385,2024-01-05 10:21:13,SYNC_LOSS,Info,False
9051,3509,322,533,2024-10-10 08:43:33,FIBRE_BREAK,Critical,False
9052,4121,90,909,2025-03-12 19:48:06,CPU_OVERLOAD,Critical,True
9053,2147,318,454,2025-04-06 07:49:55,SYNC_LOSS,Minor,True
9054,4736,178,669,2025-01-09 16:02:24,RBS_OVER_TEMP,Info,False
9055,3856,438,609,2025-06-23 14:03:35,CPU_OVERLOAD,Minor,False
9056,2244,310,48,2024-04-04 09:38:03,MEMORY_HIGH,Major,False
9057,3750,233,813,2025-03-02 18:05:47,POWER_ALARM,Minor,False
9058,425,390,688,2024-03-04 17:07:22,SIGNAL_DEGRADED,Major,False
9059,4925,374,962,2024-06-04 08:27:34,FIBRE_BREAK,Minor,True
9060,4631,219,932,2025-12-06 19:13:10,POWER_ALARM,Info,False
9061,90,69,141,2024-05-04 12:19:58,SYNC_LOSS,Major,False
9062,4966,160,884,2024-08-12 02:33:35,SOFTWARE_CRASH,Major,True
9063,1784,128,707,2025-08-10 04:40:49,FIBRE_BREAK,Minor,False
9064,4092,450,619,2025-06-23 08:32:50,SYNC_LOSS,Major,False
9065,4016,43,841,2025-12-17 17:27:03,LINK_DOWN,Minor,False
9066,2625,16,826,2024-02-18 17:17:45,SYNC_LOSS,Major,False
9067,1815,124,789,2024-10-29 17:19:49,SOFTWARE_CRASH,Minor,False
9068,3440,71,968,2024-11-25 17:08:14,LINK_DOWN,Major,False
9069,4130,470,245,2024-02-01 14:49:41,SIGNAL_DEGRADED,Info,False
9070,4390,473,519,2025-03-25 10:00:58,SIGNAL_DEGRADED,Critical,False
9071,4344,2,481,2025-01-11 06:36:11,ANTENNA_FAULT,Minor,False
9072,2469,110,703,2024-02-19 14:31:25,BATTERY_LOW,Minor,True
9073,4616,180,180,2025-01-16 09:38:44,MEMORY_HIGH,Info,False
9074,2375,302,778,2025-06-11 12:23:59,SIGNAL_DEGRADED,Major,True
9075,4521,243,122,2025-02-18 21:34:42,SOFTWARE_CRASH,Major,False
9076,392,244,628,2024-04-26 12:12:25,RBS_OVER_TEMP,Info,False
9077,2209,30,801,2024-09-11 14:07:31,SOFTWARE_CRASH,Minor,False
9078,1212,79,807,2025-10-06 00:56:00,SYNC_LOSS,Minor,False
9079,4125,169,713,2025-02-25 10:52:24,RBS_OVER_TEMP,Minor,False
9080,1452,299,677,2024-09-22 22:43:16,FIBRE_BREAK,Info,True
9081,960,395,516,2024-02-04 03:29:58,BATTERY_LOW,Info,False
9082,4342,135,239,2025-07-28 13:56:42,FIBRE_BREAK,Info,True
9083,364,33,282,2024-09-24 13:00:39,TRANSMISSION_ERROR,Minor,False
9084,4949,363,530,2025-06-02 11:02:39,POWER_ALARM,Info,False
9085,3857,27,384,2025-03-30 17:29:09,CPU_OVERLOAD,Info,True
9086,3459,258,140,2024-03-25 09:08:37,TRANSMISSION_ERROR,Minor,True
9087,1931,459,594,2025-04-25 18:06:16,LINK_DOWN,Major,True
9088,4546,368,17,2024-09-01 14:14:41,BATTERY_LOW,Critical,False
9089,3149,244,810,2024-02-06 14:56:39,CPU_OVERLOAD,Major,False
9090,1842,6,379,2025-12-08 14:06:50,MEMORY_HIGH,Info,False
9091,1640,19,851,2025-05-13 10:23:32,ANTENNA_FAULT,Major,True
9092,1570,138,942,2025-05-08 13:50:26,FIBRE_BREAK,Info,False
9093,1897,70,65,2025-12-29 01:22:49,LINK_DOWN,Info,False
9094,952,414,376,2025-06-24 13:46:50,LINK_DOWN,Minor,False
9095,3467,491,874,2024-09-04 10:40:51,SOFTWARE_CRASH,Major,False
9096,4145,191,375,2025-05-05 16:49:10,POWER_ALARM,Critical,False
9097,3439,399,114,2024-11-01 07:40:16,FIBRE_BREAK,Info,False
9098,875,346,795,2024-12-23 21:30:26,FIBRE_BREAK,Minor,False
9099,255,28,802,2024-05-26 14:26:55,POWER_ALARM,Major,True
9100,3573,364,528,2024-08-02 15:17:18,SOFTWARE_CRASH,Major,False
9101,1212,79,807,2025-10-06 00:51:00,CPU_OVERLOAD,Minor,False
9102,3022,164,675,2024-10-04 06:18:02,POWER_ALARM,Major,False
9103,4983,435,76,2025-07-04 11:23:18,LINK_DOWN,Info,True
9104,3778,271,897,2024-04-08 21:55:21,ANTENNA_FAULT,Info,True
9105,4569,204,517,2024-01-08 10:52:17,FIBRE_BREAK,Info,True
9106,197,178,22,2025-07-29 13:18:20,SIGNAL_DEGRADED,Major,False
9107,955,17,10,2025-09-22 14:46:46,LINK_DOWN,Critical,False
9108,3450,355,591,2024-07-05 17:16:25,RBS_OVER_TEMP,Info,False
9109,2567,422,360,2024-11-13 09:06:25,POWER_ALARM,Major,False
9110,3401,230,30,2025-08-11 14:00:24,CPU_OVERLOAD,Major,True
9111,2178,408,565,2024-08-06 06:21:20,RBS_OVER_TEMP,Info,False
9112,1027,22,467,2025-04-05 03:10:51,CPU_OVERLOAD,Info,True
9113,2661,393,541,2025-12-30 00:03:32,SOFTWARE_CRASH,Major,False
9114,348,305,263,2025-06-11 17:56:15,MEMORY_HIGH,Minor,False
9115,3017,181,764,2024-06-18 02:34:55,MEMORY_HIGH,Minor,True
9116,3394,189,591,2024-04-30 02:21:36,BATTERY_LOW,Minor,False
9117,3164,123,164,2024-11-16 09:40:43,MEMORY_HIGH,Minor,False
9118,1492,35,491,2024-12-07 16:46:25,SOFTWARE_CRASH,Major,True
9119,4067,431,505,2025-02-05 18:49:41,ANTENNA_FAULT,Critical,False
9120,2446,70,619,2025-12-05 23:56:10,MEMORY_HIGH,Critical,False
9121,518,132,571,2025-01-20 11:59:02,LINK_DOWN,Major,False
9122,1760,478,786,2024-12-09 02:27:39,RBS_OVER_TEMP,Major,True
9123,2040,412,234,2025-11-02 17:49:51,SIGNAL_DEGRADED,Minor,False
9124,1761,319,235,2025-10-07 08:16:18,POWER_ALARM,Info,True
9125,1652,176,414,2025-01-15 17:59:38,SYNC_LOSS,Major,True
9126,1482,264,166,2024-12-29 04:32:20,RBS_OVER_TEMP,Critical,False
9127,4715,80,323,2025-06-10 15:38:26,BATTERY_LOW,Minor,False
9128,113,167,184,2025-12-31 08:35:02,RBS_OVER_TEMP,Minor,False
9129,3692,250,28,2025-04-23 04:50:28,FIBRE_BREAK,Info,False
9130,224,193,87,2024-09-06 04:33:36,TRANSMISSION_ERROR,Minor,False
9131,3937,250,638,2025-04-17 15:56:55,ANTENNA_FAULT,Info,False
9132,1764,448,164,2024-11-17 06:46:02,ANTENNA_FAULT,Info,False
9133,1988,202,904,2024-05-02 12:59:24,CPU_OVERLOAD,Info,True
9134,2329,349,578,2024-11-01 23:18:34,SIGNAL_DEGRADED,Major,False
9135,667,26,721,2024-12-09 02:55:18,TRANSMISSION_ERROR,Major,False
9136,54,112,820,2024-05-01 00:59:55,SOFTWARE_CRASH,Major,False
9137,3102,119,781,2025-07-19 13:23:59,BATTERY_LOW,Major,False
9138,1652,176,414,2025-01-15 18:04:38,SYNC_LOSS,Info,True
9139,1112,243,127,2024-05-19 18:22:40,POWER_ALARM,Major,True
9140,1790,345,764,2024-05-30 18:49:43,SYNC_LOSS,Info,False
9141,3498,219,828,2024-06-13 11:37:55,POWER_ALARM,Minor,True
9142,4734,492,271,2025-07-28 21:14:21,RBS_OVER_TEMP,Critical,False
9143,4709,393,120,2024-10-28 17:41:14,FIBRE_BREAK,Info,False
9144,1065,392,214,2024-01-11 08:11:24,TRANSMISSION_ERROR,Info,False
9145,314,273,601,2025-12-01 10:01:46,CPU_OVERLOAD,Info,False
9146,1037,207,622,2024-02-05 12:11:59,SYNC_LOSS,Minor,False
9147,4352,42,385,2025-06-01 23:14:47,TRANSMISSION_ERROR,Minor,False
9148,86,89,177,2025-04-15 17:11:26,LINK_DOWN,Major,False
9149,1846,363,166,2025-11-16 15:31:39,RBS_OVER_TEMP,Info,False
9150,4715,80,323,2025-06-10 16:00:26,POWER_ALARM,Major,False
9151,703,392,774,2025-05-24 03:16:23,SYNC_LOSS,Info,False
9152,985,368,958,2024-10-01 10:00:32,SYNC_LOSS,Minor,False
9153,2870,273,351,2025-10-01 18:27:23,BATTERY_LOW,Minor,False
9154,4518,474,320,2024-12-12 09:15:24,BATTERY_LOW,Info,False
9155,4862,123,394,2024-02-06 14:48:21,SOFTWARE_CRASH,Major,False
9156,657,167,183,2025-02-08 17:05:58,SOFTWARE_CRASH,Minor,True
9157,4261,254,921,2024-03-14 00:02:49,CPU_OVERLOAD,Minor,False
9158,4377,201,411,2024-01-20 14:25:21,LINK_DOWN,Critical,True
9159,397,309,188,2025-08-20 21:03:54,POWER_ALARM,Major,False
9160,2,129,137,2025-07-02 17:55:48,SIGNAL_DEGRADED,Minor,True
9161,4902,328,404,2024-04-23 10:45:35,SYNC_LOSS,Minor,True
9162,2882,144,721,2024-05-01 18:11:26,CPU_OVERLOAD,Critical,False
9163,2986,200,468,2025-08-30 11:37:30,POWER_ALARM,Major,False
9164,1323,443,824,2025-03-06 16:29:05,CPU_OVERLOAD,Minor,False
9165,1217,36,632,2025-08-21 17:23:45,POWER_ALARM,Major,False
9166,2611,287,959,2024-07-24 17:02:50,SIGNAL_DEGRADED,Major,False
9167,4107,199,658,2024-10-30 12:53:57,RBS_OVER_TEMP,Info,False
9168,4466,308,693,2025-03-17 03:49:51,FIBRE_BREAK,Major,False
9169,763,231,340,2025-07-28 16:44:43,SIGNAL_DEGRADED,Info,False
9170,1135,202,920,2025-08-18 04:39:39,ANTENNA_FAULT,Critical,True
9171,4486,222,395,2025-03-10 11:19:05,BATTERY_LOW,Major,False
9172,2580,76,211,2024-06-01 22:45:42,CPU_OVERLOAD,Minor,False
9173,4256,482,109,2024-09-12 05:46:22,TRANSMISSION_ERROR,Major,True
9174,2691,472,304,2024-10-25 21:08:13,SOFTWARE_CRASH,Info,False
9175,4140,235,321,2025-06-19 04:44:07,POWER_ALARM,Info,False
9176,2092,267,748,2024-08-21 07:32:40,SYNC_LOSS,Info,False
9177,757,279,113,2025-05-31 14:00:15,FIBRE_BREAK,Major,False
9178,4874,422,344,2024-11-30 11:11:45,POWER_ALARM,Info,True
9179,3619,50,543,2024-09-18 17:59:52,SYNC_LOSS,Info,False
9180,2297,422,356,2025-07-22 03:29:50,ANTENNA_FAULT,Major,False
9181,666,318,444,2024-06-24 09:39:22,ANTENNA_FAULT,Critical,True
9182,2819,250,778,2025-12-05 18:23:02,SYNC_LOSS,Info,False
9183,1053,71,300,2025-04-25 18:37:59,BATTERY_LOW,Info,True
9184,1868,279,377,2024-12-27 13:57:43,MEMORY_HIGH,Info,False
9185,2369,72,284,2024-05-22 08:07:50,RBS_OVER_TEMP,Major,True
9186,639,227,693,2025-06-13 12:50:59,FIBRE_BREAK,Major,False
9187,2800,341,585,2024-04-23 14:28:42,LINK_DOWN,Critical,False
9188,2301,435,236,2025-07-29 10:06:02,SOFTWARE_CRASH,Info,False
9189,3681,382,47,2025-11-29 14:28:52,SIGNAL_DEGRADED,Major,False
9190,88,290,878,2025-01-25 13:25:43,ANTENNA_FAULT,Info,False
9191,1980,130,896,2025-07-29 11:26:16,ANTENNA_FAULT,Info,False
9192,170,74,675,2024-06-17 09:56:43,ANTENNA_FAULT,Info,False
9193,374,287,164,2024-08-26 00:58:13,ANTENNA_FAULT,Minor,False
9194,4215,322,934,2025-12-02 12:59:48,ANTENNA_FAULT,Minor,False
9195,1628,182,852,2025-03-15 04:53:13,SOFTWARE_CRASH,Info,False
9196,319,414,899,2024-09-27 22:02:02,CPU_OVERLOAD,Critical,False
9197,239,195,385,2024-10-04 15:29:01,TRANSMISSION_ERROR,Info,True
9198,2628,129,292,2024-04-14 12:10:37,LINK_DOWN,Critical,False
9199,2327,401,813,2024-09-17 07:40:20,MEMORY_HIGH,Info,False
9200,3648,383,927,2024-04-09 17:36:32,RBS_OVER_TEMP,Info,True
9201,3571,410,776,2025-04-14 02:34:17,BATTERY_LOW,Info,False
9202,2399,163,481,2024-09-16 16:44:34,MEMORY_HIGH,Info,False
9203,1454,318,157,2025-07-26 10:05:35,SYNC_LOSS,Major,False
9204,789,121,174,2024-01-26 10:30:40,SIGNAL_DEGRADED,Info,False
9205,2390,89,969,2025-04-26 13:03:08,BATTERY_LOW,Minor,False
9206,2861,201,55,2025-12-04 05:32:49,ANTENNA_FAULT,Critical,True
9207,277,25,791,2025-06-05 17:05:45,ANTENNA_FAULT,Minor,False
9208,4390,473,519,2025-03-25 09:50:58,MEMORY_HIGH,Minor,False
9209,1772,120,910,2024-01-24 14:18:17,LINK_DOWN,Major,False
9210,3026,443,647,2025-09-07 07:30:02,RBS_OVER_TEMP,Info,True
9211,3308,178,265,2024-11-27 01:25:49,RBS_OVER_TEMP,Major,False
9212,4466,308,693,2025-03-17 02:34:51,MEMORY_HIGH,Info,False
9213,1298,404,210,2024-05-12 17:44:49,LINK_DOWN,Critical,False
9214,4421,297,577,2024-12-19 20:17:14,LINK_DOWN,Critical,False
9215,178,163,264,2025-07-30 22:54:00,ANTENNA_FAULT,Major,False
9216,725,296,992,2024-01-08 09:46:42,SIGNAL_DEGRADED,Major,True
9217,427,258,312,2024-01-11 21:23:24,LINK_DOWN,Info,False
9218,4037,259,777,2024-02-17 13:16:42,CPU_OVERLOAD,Minor,False
9219,477,402,144,2024-11-21 11:14:04,TRANSMISSION_ERROR,Major,False
9220,2566,105,96,2025-02-27 08:54:53,TRANSMISSION_ERROR,Major,False
9221,727,105,411,2025-08-05 17:48:44,SIGNAL_DEGRADED,Minor,False
9222,616,37,857,2024-03-15 23:52:34,CPU_OVERLOAD,Minor,False
9223,2320,316,994,2024-10-21 22:36:48,ANTENNA_FAULT,Minor,False
9224,4617,416,504,2026-01-01 12:03:31,CPU_OVERLOAD,Minor,False
9225,488,387,599,2025-06-19 10:36:46,SYNC_LOSS,Minor,True
9226,1140,29,813,2024-02-08 19:47:48,RBS_OVER_TEMP,Minor,True
9227,4442,56,70,2024-08-08 13:12:31,SYNC_LOSS,Major,False
9228,2927,62,468,2025-09-07 15:07:50,RBS_OVER_TEMP,Minor,False
9229,206,165,733,2024-10-01 23:33:59,LINK_DOWN,Info,True
9230,4289,91,869,2024-07-01 19:32:11,BATTERY_LOW,Minor,False
9231,4851,218,324,2025-05-28 09:27:19,BATTERY_LOW,Minor,False
9232,1350,310,408,2024-11-05 17:18:46,SIGNAL_DEGRADED,Info,False
9233,1355,201,513,2024-03-01 14:59:31,SIGNAL_DEGRADED,Critical,True
9234,807,19,139,2025-01-03 09:09:57,SOFTWARE_CRASH,Info,False
9235,2574,201,689,2025-03-27 10:22:15,FIBRE_BREAK,Info,True
9236,65,441,197,2024-03-20 15:35:48,SOFTWARE_CRASH,Minor,False
9237,1883,321,383,2024-10-10 10:46:50,LINK_DOWN,Minor,True
9238,2737,176,962,2024-03-30 05:41:43,POWER_ALARM,Major,False
9239,1522,353,652,2025-07-28 18:33:05,ANTENNA_FAULT,Info,False
9240,1434,64,358,2025-12-08 02:42:41,RBS_OVER_TEMP,Major,False
9241,947,366,345,2024-05-06 23:18:00,FIBRE_BREAK,Major,False
9242,181,417,988,2024-10-30 00:27:55,SOFTWARE_CRASH,Minor,True
9243,719,197,592,2025-12-16 16:08:01,BATTERY_LOW,Minor,True
9244,4913,337,732,2025-10-19 23:40:26,POWER_ALARM,Info,True
9245,1193,108,944,2025-04-17 12:29:59,ANTENNA_FAULT,Info,False
9246,1017,477,560,2025-06-17 18:32:34,SIGNAL_DEGRADED,Info,False
9247,3301,364,96,2025-06-17 04:17:03,LINK_DOWN,Minor,False
9248,4615,312,448,2025-04-01 00:39:03,SOFTWARE_CRASH,Major,False
9249,3800,185,312,2025-10-18 00:11:54,TRANSMISSION_ERROR,Major,False
9250,3069,168,133,2024-06-14 08:49:31,CPU_OVERLOAD,Major,True
9251,3804,421,577,2024-02-15 00:42:23,MEMORY_HIGH,Major,False
9252,1341,85,903,2024-02-21 04:07:10,FIBRE_BREAK,Info,True
9253,3982,429,468,2025-05-27 17:20:35,ANTENNA_FAULT,Minor,False
9254,4776,422,936,2025-09-15 04:47:33,POWER_ALARM,Critical,False
9255,4323,420,618,2025-01-23 19:11:58,MEMORY_HIGH,Info,True
9256,685,135,605,2024-04-01 13:56:54,MEMORY_HIGH,Minor,False
9257,2994,107,421,2024-07-09 10:42:16,SIGNAL_DEGRADED,Minor,False
9258,4247,370,750,2024-01-11 14:27:11,LINK_DOWN,Minor,False
9259,3019,346,81,2024-11-07 08:10:55,SOFTWARE_CRASH,Info,False
9260,1711,263,54,2025-12-27 09:00:58,RBS_OVER_TEMP,Info,False
9261,91,387,690,2024-01-09 15:14:38,RBS_OVER_TEMP,Major,False
9262,3395,165,927,2025-08-18 19:16:10,SYNC_LOSS,Minor,False
9263,939,169,463,2024-07-07 17:26:29,SYNC_LOSS,Info,False
9264,3001,178,495,2025-06-06 13:07:37,SIGNAL_DEGRADED,Minor,True
9265,2491,11,207,2024-02-18 02:10:49,FIBRE_BREAK,Info,False
9266,3358,412,1,2025-11-30 12:48:03,SYNC_LOSS,Info,False
9267,2500,492,280,2024-07-20 09:32:45,SIGNAL_DEGRADED,Major,False
9268,2572,492,385,2024-01-24 00:30:48,TRANSMISSION_ERROR,Minor,False
9269,3671,183,549,2025-11-10 22:38:38,BATTERY_LOW,Info,False
9270,692,180,29,2024-02-04 00:05:39,TRANSMISSION_ERROR,Info,False
9271,4717,86,443,2025-12-10 14:46:09,BATTERY_LOW,Info,True
9272,1995,279,704,2025-07-16 10:11:26,BATTERY_LOW,Minor,True
9273,197,178,22,2025-07-29 13:10:20,SOFTWARE_CRASH,Minor,False
9274,742,114,562,2025-09-24 21:06:17,FIBRE_BREAK,Critical,False
9275,3816,463,506,2025-01-18 19:28:38,SOFTWARE_CRASH,Major,False
9276,2496,82,154,2024-07-24 12:16:42,SYNC_LOSS,Minor,False
9277,2371,493,800,2025-11-26 10:35:02,POWER_ALARM,Major,False
9278,3896,424,117,2024-08-30 11:00:13,FIBRE_BREAK,Major,False
9279,3359,272,373,2024-10-02 05:09:29,TRANSMISSION_ERROR,Minor,True
9280,4970,162,213,2025-06-05 16:22:45,CPU_OVERLOAD,Info,False
9281,524,47,414,2024-05-14 03:20:27,LINK_DOWN,Minor,False
9282,1106,133,678,2025-07-08 17:54:07,BATTERY_LOW,Minor,False
9283,912,272,808,2025-09-17 18:07:36,MEMORY_HIGH,Info,True
9284,1613,8,867,2024-04-05 15:10:36,RBS_OVER_TEMP,Info,False
9285,948,9,187,2024-07-07 11:42:31,LINK_DOWN,Minor,False
9286,3805,136,800,2024-01-06 18:29:20,TRANSMISSION_ERROR,Major,False
9287,4010,339,84,2024-05-15 02:13:36,SYNC_LOSS,Critical,False
9288,2858,199,733,2024-05-28 23:59:56,POWER_ALARM,Major,False
9289,3499,418,860,2025-12-15 05:51:40,LINK_DOWN,Critical,False
9290,4893,81,660,2025-12-13 12:32:57,FIBRE_BREAK,Minor,True
9291,3212,304,138,2025-03-24 05:29:08,BATTERY_LOW,Major,False
9292,1186,356,254,2025-01-13 16:51:34,FIBRE_BREAK,Minor,False
9293,3252,400,412,2025-10-10 12:55:21,CPU_OVERLOAD,Major,False
9294,326,380,300,2025-02-08 08:51:45,BATTERY_LOW,Info,False
9295,515,27,390,2025-12-13 07:51:21,SOFTWARE_CRASH,Major,False
9296,838,335,132,2024-10-20 11:29:23,ANTENNA_FAULT,Info,False
9297,4517,390,467,2025-05-11 16:15:40,FIBRE_BREAK,Info,False
9298,1478,223,275,2025-10-07 10:44:21,RBS_OVER_TEMP,Critical,False
9299,1704,318,428,2025-11-13 09:59:50,MEMORY_HIGH,Minor,False
9300,339,447,227,2024-11-23 07:57:59,FIBRE_BREAK,Info,False
9301,4315,148,471,2025-10-19 14:30:27,MEMORY_HIGH,Info,False
9302,1973,137,849,2025-05-16 10:16:49,SYNC_LOSS,Info,False
9303,815,13,697,2025-05-23 17:47:55,SOFTWARE_CRASH,Critical,True
9304,609,497,243,2024-09-22 09:37:25,SIGNAL_DEGRADED,Critical,True
9305,4153,231,798,2024-05-31 09:23:18,SIGNAL_DEGRADED,Minor,True
9306,2175,91,833,2025-12-02 14:10:06,TRANSMISSION_ERROR,Major,False
9307,1578,182,13,2025-04-03 12:48:20,FIBRE_BREAK,Critical,False
9308,3176,426,920,2025-03-20 20:48:30,POWER_ALARM,Info,True
9309,1310,454,74,2024-01-08 15:15:00,RBS_OVER_TEMP,Minor,False
9310,4939,257,865,2025-04-29 12:21:34,SOFTWARE_CRASH,Minor,False
9311,502,418,190,2025-09-03 03:30:14,SYNC_LOSS,Critical,True
9312,43,11,309,2024-09-21 13:09:27,LINK_DOWN,Minor,False
9313,3359,272,373,2024-10-02 05:08:29,SOFTWARE_CRASH,Major,False
9314,741,34,759,2025-06-15 17:40:58,FIBRE_BREAK,Major,True
9315,1759,119,307,2025-04-05 11:41:40,SOFTWARE_CRASH,Major,True
9316,1182,384,873,2024-11-16 16:14:03,LINK_DOWN,Minor,False
9317,140,162,983,2025-02-14 13:38:24,BATTERY_LOW,Major,False
9318,2319,94,225,2025-10-05 12:54:00,MEMORY_HIGH,Minor,False
9319,1349,48,580,2024-10-28 14:07:06,FIBRE_BREAK,Info,False
9320,2494,139,821,2024-07-29 04:51:38,SOFTWARE_CRASH,Minor,False
9321,1153,417,497,2025-01-04 15:37:21,SIGNAL_DEGRADED,Major,False
9322,2340,44,137,2024-12-18 14:42:28,POWER_ALARM,Minor,True
9323,4706,314,647,2025-09-30 04:36:32,BATTERY_LOW,Major,True
9324,1252,223,325,2025-01-20 15:10:07,FIBRE_BREAK,Info,False
9325,1763,302,291,2024-12-02 21:43:54,CPU_OVERLOAD,Info,False
9326,3678,148,986,2024-05-07 16:28:43,CPU_OVERLOAD,Minor,False
9327,2576,162,361,2024-11-27 06:26:21,RBS_OVER_TEMP,Minor,False
9328,3854,470,929,2024-12-08 08:57:55,ANTENNA_FAULT,Info,True
9329,3495,398,70,2025-11-04 23:16:27,TRANSMISSION_ERROR,Minor,False
9330,1371,150,951,2024-10-06 07:38:20,BATTERY_LOW,Major,False
9331,2748,476,192,2025-03-09 14:59:50,BATTERY_LOW,Major,False
9332,1819,348,412,2025-01-13 11:59:15,SOFTWARE_CRASH,Major,False
9333,3717,329,48,2025-06-06 17:30:41,CPU_OVERLOAD,Info,False
9334,618,456,401,2024-11-25 17:04:47,CPU_OVERLOAD,Critical,False
9335,952,414,376,2025-06-24 13:50:50,SYNC_LOSS,Critical,False
9336,4900,40,925,2024-02-27 08:10:34,POWER_ALARM,Major,False
9337,2803,329,157,2024-09-17 14:36:31,FIBRE_BREAK,Major,True
9338,3772,433,408,2025-04-16 06:50:07,RBS_OVER_TEMP,Minor,False
9339,2704,485,265,2024-04-19 17:10:17,ANTENNA_FAULT,Info,False
9340,809,142,691,2024-03-19 21:18:34,CPU_OVERLOAD,Critical,False
9341,2738,228,40,2025-10-28 13:40:20,SYNC_LOSS,Minor,False
9342,1930,376,100,2025-08-06 09:37:11,MEMORY_HIGH,Major,True
9343,3756,279,809,2024-09-30 00:18:39,SIGNAL_DEGRADED,Major,True
9344,3341,103,776,2025-02-28 09:09:13,LINK_DOWN,Major,False
9345,1560,270,574,2024-07-14 10:24:24,LINK_DOWN,Critical,True
9346,3736,387,193,2025-01-21 11:51:06,CPU_OVERLOAD,Minor,True
9347,2738,228,40,2025-10-28 13:46:20,LINK_DOWN,Major,False
9348,3388,111,108,2024-01-15 13:46:57,POWER_ALARM,Minor,True
9349,1082,325,129,2024-02-01 10:18:18,MEMORY_HIGH,Major,False
9350,3024,334,911,2025-04-24 13:58:51,ANTENNA_FAULT,Info,False
9351,3136,92,591,2024-07-04 13:52:37,SOFTWARE_CRASH,Minor,False
9352,1076,45,871,2025-10-02 22:11:39,POWER_ALARM,Info,False
9353,2710,427,34,2025-01-27 14:24:05,TRANSMISSION_ERROR,Info,False
9354,3082,144,990,2025-08-26 19:39:56,SIGNAL_DEGRADED,Major,True
9355,4805,295,968,2025-05-03 06:00:49,SYNC_LOSS,Minor,True
9356,191,178,283,2025-08-22 10:37:59,TRANSMISSION_ERROR,Minor,False
9357,3539,444,705,2024-08-27 07:19:02,BATTERY_LOW,Minor,False
9358,3364,230,842,2025-10-18 17:55:47,SOFTWARE_CRASH,Info,True
9359,276,15,558,2025-09-11 18:49:22,FIBRE_BREAK,Info,True
9360,2875,203,222,2024-05-18 17:34:47,SOFTWARE_CRASH,Info,True
9361,3915,156,79,2025-07-04 23:56:37,SOFTWARE_CRASH,Minor,True
9362,3437,261,681,2025-11-18 17:38:34,SYNC_LOSS,Minor,True
9363,1543,312,558,2024-10-25 18:01:16,SIGNAL_DEGRADED,Major,True
9364,2154,244,281,2025-03-23 04:19:24,ANTENNA_FAULT,Minor,False
9365,1921,203,533,2024-04-30 10:25:58,SIGNAL_DEGRADED,Major,False
9366,2153,319,332,2025-08-13 16:39:32,POWER_ALARM,Critical,True
9367,1799,224,380,2025-03-25 14:59:21,FIBRE_BREAK,Critical,True
9368,2334,273,449,2025-06-10 21:06:58,SIGNAL_DEGRADED,Minor,True
9369,4080,213,31,2024-07-24 15:32:49,POWER_ALARM,Minor,True
9370,335,342,261,2025-02-28 12:19:51,RBS_OVER_TEMP,Info,False
9371,792,229,960,2024-06-20 19:11:32,TRANSMISSION_ERROR,Info,False
9372,3664,229,886,2024-11-17 08:06:07,CPU_OVERLOAD,Major,False
9373,3673,152,741,2025-07-16 11:09:03,SYNC_LOSS,Minor,True
9374,2196,390,291,2025-11-09 09:28:20,MEMORY_HIGH,Info,False
9375,2330,2,996,2025-12-14 15:55:10,LINK_DOWN,Info,False
9376,1192,386,299,2024-07-09 09:09:46,TRANSMISSION_ERROR,Major,False
9377,273,277,208,2024-06-22 00:35:26,FIBRE_BREAK,Critical,False
9378,3099,368,471,2025-04-29 12:18:19,CPU_OVERLOAD,Info,False
9379,1972,50,560,2024-11-07 17:48:45,SOFTWARE_CRASH,Major,True
9380,2052,21,626,2024-12-17 17:51:52,MEMORY_HIGH,Minor,True
9381,3872,10,440,2025-07-07 08:36:25,SIGNAL_DEGRADED,Minor,False
9382,38,227,625,2025-10-06 07:19:23,POWER_ALARM,Minor,False
9383,4550,483,361,2024-02-05 21:19:06,SIGNAL_DEGRADED,Major,False
9384,338,181,610,2024-08-29 14:37:09,SOFTWARE_CRASH,Critical,False
9385,126,123,514,2025-02-03 16:57:01,SIGNAL_DEGRADED,Info,False
9386,3896,424,117,2024-08-30 10:41:13,ANTENNA_FAULT,Info,False
9387,3537,275,238,2024-07-07 16:45:44,CPU_OVERLOAD,Info,True
9388,329,15,487,2024-03-13 10:59:19,SIGNAL_DEGRADED,Major,False
9389,2519,287,531,2024-05-21 23:52:43,FIBRE_BREAK,Critical,False
9390,855,265,736,2025-06-10 17:33:13,RBS_OVER_TEMP,Minor,False
9391,2486,227,202,2025-06-13 12:11:58,MEMORY_HIGH,Info,True
9392,4053,330,200,2025-10-23 10:33:36,ANTENNA_FAULT,Info,False
9393,4480,9,242,2024-01-31 04:19:57,CPU_OVERLOAD,Minor,True
9394,67,323,738,2024-10-21 16:25:34,BATTERY_LOW,Minor,False
9395,2311,189,308,2025-02-16 00:18:01,SIGNAL_DEGRADED,Minor,False
9396,4130,470,245,2024-02-01 14:47:41,ANTENNA_FAULT,Info,False
9397,4993,465,337,2025-09-10 05:09:18,FIBRE_BREAK,Info,False
9398,3072,343,57,2024-05-25 22:06:17,TRANSMISSION_ERROR,Info,False
9399,4814,184,629,2024-01-01 14:48:21,TRANSMISSION_ERROR,Major,True
9400,468,187,344,2024-12-02 16:23:23,MEMORY_HIGH,Info,True
9401,1270,428,697,2024-10-10 16:02:42,ANTENNA_FAULT,Critical,True
9402,4156,146,429,2024-05-01 05:33:05,SOFTWARE_CRASH,Minor,True
9403,4315,148,471,2025-10-19 14:43:27,TRANSMISSION_ERROR,Minor,True
9404,911,237,207,2025-01-02 13:39:19,SOFTWARE_CRASH,Info,False
9405,950,150,750,2024-06-03 08:26:19,TRANSMISSION_ERROR,Major,False
9406,432,403,723,2025-06-27 18:09:40,FIBRE_BREAK,Info,False
9407,3308,178,265,2024-11-27 01:27:49,POWER_ALARM,Critical,False
9408,1021,290,284,2024-12-12 05:31:10,LINK_DOWN,Minor,True
9409,3472,491,819,2024-06-14 17:30:44,TRANSMISSION_ERROR,Minor,True
9410,4047,128,391,2025-10-01 20:44:44,MEMORY_HIGH,Info,False
9411,20,461,244,2025-04-25 19:48:39,BATTERY_LOW,Info,True
9412,3878,170,762,2024-01-15 18:28:59,LINK_DOWN,Minor,False
9413,4847,496,212,2025-05-02 16:41:45,FIBRE_BREAK,Info,False
9414,1614,333,137,2025-01-10 14:30:31,POWER_ALARM,Info,True
9415,3244,160,320,2024-03-10 03:26:43,LINK_DOWN,Major,False
9416,3079,290,875,2025-06-03 00:41:37,SYNC_LOSS,Minor,False
9417,3636,482,717,2025-02-10 08:55:45,LINK_DOWN,Info,False
9418,985,368,958,2024-10-01 09:43:32,LINK_DOWN,Info,False
9419,2856,31,790,2024-04-18 14:42:00,LINK_DOWN,Minor,False
9420,4052,11,693,2025-12-04 10:52:21,CPU_OVERLOAD,Info,False
9421,1974,185,33,2024-09-16 09:19:41,RBS_OVER_TEMP,Minor,True
9422,981,359,972,2024-12-25 16:39:06,FIBRE_BREAK,Major,True
9423,2516,456,424,2024-01-08 11:14:35,BATTERY_LOW,Info,True
9424,3952,477,676,2024-03-10 16:11:22,CPU_OVERLOAD,Minor,False
9425,2120,274,235,2024-05-15 14:58:50,LINK_DOWN,Info,True
9426,2788,275,653,2024-01-13 10:29:22,CPU_OVERLOAD,Minor,True
9427,1930,376,100,2025-08-06 09:39:11,SIGNAL_DEGRADED,Info,True
9428,1243,374,549,2024-06-10 17:02:28,BATTERY_LOW,Info,False
9429,1579,405,300,2025-08-11 13:25:17,RBS_OVER_TEMP,Minor,False
9430,3087,328,243,2025-09-26 16:45:50,SYNC_LOSS,Major,True
9431,4934,283,922,2024-03-15 06:02:03,POWER_ALARM,Major,False
9432,777,268,142,2024-03-07 17:55:02,SYNC_LOSS,Major,True
9433,806,166,389,2025-08-21 15:00:15,MEMORY_HIGH,Info,False
9434,1816,313,390,2025-08-14 11:01:54,SOFTWARE_CRASH,Info,False
9435,1807,484,817,2024-03-08 17:13:42,LINK_DOWN,Minor,False
9436,4870,20,480,2025-05-23 23:22:01,TRANSMISSION_ERROR,Minor,False
9437,1117,217,715,2025-01-11 08:20:21,LINK_DOWN,Major,False
9438,1102,195,186,2024-06-14 15:55:43,ANTENNA_FAULT,Minor,False
9439,4235,137,157,2024-09-11 19:50:19,LINK_DOWN,Minor,False
9440,4129,393,897,2024-08-17 16:04:49,BATTERY_LOW,Major,True
9441,3700,442,590,2024-10-20 14:41:32,CPU_OVERLOAD,Info,False
9442,2490,181,9,2025-04-06 14:41:21,RBS_OVER_TEMP,Critical,False
9443,2119,131,988,2025-02-15 16:33:58,RBS_OVER_TEMP,Minor,False
9444,4917,192,920,2024-11-26 20:32:25,SOFTWARE_CRASH,Critical,False
9445,118,209,309,2025-05-27 19:00:16,MEMORY_HIGH,Minor,False
9446,2833,118,512,2025-03-27 09:21:03,RBS_OVER_TEMP,Info,True
9447,3313,120,20,2025-08-26 13:19:32,SYNC_LOSS,Major,False
9448,4074,431,477,2024-08-09 16:09:47,SIGNAL_DEGRADED,Minor,False
9449,3286,241,983,2024-10-16 08:50:56,RBS_OVER_TEMP,Critical,True
9450,3724,360,540,2025-04-11 19:09:54,LINK_DOWN,Minor,False
9451,4590,311,98,2025-06-24 11:58:12,POWER_ALARM,Critical,False
9452,773,493,515,2025-02-22 16:14:22,RBS_OVER_TEMP,Info,True
9453,2486,227,202,2025-06-13 12:08:58,SOFTWARE_CRASH,Major,True
9454,2402,20,259,2025-03-11 21:24:09,RBS_OVER_TEMP,Info,False
9455,508,380,975,2024-03-21 17:22:35,CPU_OVERLOAD,Info,False
9456,2133,452,529,2025-08-09 14:50:25,POWER_ALARM,Minor,True
9457,1131,246,436,2025-07-28 09:48:43,BATTERY_LOW,Minor,True
9458,3343,324,259,2024-08-20 09:06:31,LINK_DOWN,Minor,False
9459,3859,168,73,2025-10-31 15:43:40,POWER_ALARM,Critical,True
9460,3282,368,116,2025-07-20 09:20:58,FIBRE_BREAK,Info,False
9461,2395,143,38,2024-08-30 16:59:39,POWER_ALARM,Info,True
9462,2604,445,1,2024-03-18 19:24:50,BATTERY_LOW,Critical,True
9463,2070,110,799,2025-08-02 07:21:44,TRANSMISSION_ERROR,Major,True
9464,2593,131,845,2025-11-21 02:19:26,POWER_ALARM,Major,True
9465,190,108,915,2024-06-11 15:14:04,FIBRE_BREAK,Minor,True
9466,3718,207,525,2024-12-29 01:18:21,LINK_DOWN,Major,False
9467,3502,462,680,2025-11-05 14:01:55,TRANSMISSION_ERROR,Major,True
9468,2743,336,410,2024-09-24 01:46:50,ANTENNA_FAULT,Info,True
9469,1764,448,164,2024-11-17 06:37:02,SOFTWARE_CRASH,Minor,False
9470,982,128,215,2024-08-26 15:29:18,SYNC_LOSS,Minor,False
9471,46,228,804,2024-05-31 08:29:10,RBS_OVER_TEMP,Major,False
9472,3148,125,435,2024-06-29 23:13:40,ANTENNA_FAULT,Minor,False
9473,4230,274,264,2024-08-19 16:03:54,SYNC_LOSS,Minor,False
9474,3439,399,114,2024-11-01 07:37:16,BATTERY_LOW,Major,False
9475,3087,328,243,2025-09-26 16:53:50,SYNC_LOSS,Major,False
9476,4085,122,400,2024-11-13 11:48:12,SYNC_LOSS,Minor,False
9477,2567,422,360,2024-11-13 09:12:25,POWER_ALARM,Minor,True
9478,221,186,448,2024-03-03 07:31:57,SYNC_LOSS,Info,False
9479,114,463,661,2024-07-24 03:09:10,FIBRE_BREAK,Minor,False
9480,4507,56,293,2024-10-12 17:19:13,SYNC_LOSS,Info,True
9481,2184,397,916,2024-01-30 09:42:09,LINK_DOWN,Minor,False
9482,4358,161,663,2024-05-12 16:42:47,RBS_OVER_TEMP,Major,True
9483,3339,319,718,2025-10-15 08:47:03,RBS_OVER_TEMP,Major,False
9484,1234,214,356,2024-07-01 03:54:16,LINK_DOWN,Info,True
9485,1756,214,539,2024-07-19 20:18:19,FIBRE_BREAK,Major,True
9486,1766,161,188,2024-10-19 09:17:19,TRANSMISSION_ERROR,Major,False
9487,1974,185,33,2024-09-16 10:10:41,ANTENNA_FAULT,Critical,False
9488,1531,411,354,2024-08-31 10:15:49,MEMORY_HIGH,Minor,True
9489,4020,172,336,2025-10-16 09:54:24,SOFTWARE_CRASH,Info,True
9490,4532,156,303,2025-04-29 08:44:51,TRANSMISSION_ERROR,Info,False
9491,2619,97,467,2024-02-06 16:15:19,LINK_DOWN,Major,False
9492,786,244,630,2025-04-23 23:12:46,FIBRE_BREAK,Critical,True
9493,973,485,844,2024-08-31 12:33:31,POWER_ALARM,Info,False
9494,2919,459,554,2024-08-05 16:06:56,MEMORY_HIGH,Major,True
9495,2593,131,845,2025-11-21 01:49:26,TRANSMISSION_ERROR,Info,True
9496,534,130,423,2025-12-29 11:06:00,SIGNAL_DEGRADED,Minor,False
9497,1727,174,77,2025-03-11 16:52:17,SIGNAL_DEGRADED,Minor,False
9498,1128,139,662,2024-11-27 17:40:32,FIBRE_BREAK,Minor,False
9499,14,205,378,2024-08-02 15:11:25,FIBRE_BREAK,Minor,False
9500,2317,297,527,2024-12-20 08:35:47,SOFTWARE_CRASH,Major,True
9501,2072,132,25,2024-09-05 14:07:06,MEMORY_HIGH,Critical,False
9502,4278,238,31,2024-11-11 08:03:09,CPU_OVERLOAD,Critical,True
9503,413,264,593,2024-11-18 06:54:27,TRANSMISSION_ERROR,Minor,True
9504,4136,66,214,2025-12-01 15:42:37,TRANSMISSION_ERROR,Major,True
9505,646,253,424,2024-11-18 20:23:33,POWER_ALARM,Critical,True
9506,2016,124,497,2024-01-18 12:31:10,SIGNAL_DEGRADED,Critical,True
9507,3988,436,752,2024-12-29 02:04:48,POWER_ALARM,Critical,True
9508,4601,479,691,2025-06-27 04:55:25,MEMORY_HIGH,Minor,False
9509,1030,203,141,2024-04-10 15:48:01,FIBRE_BREAK,Major,False
9510,3745,83,492,2025-07-13 20:35:32,SIGNAL_DEGRADED,Info,False
9511,2323,48,869,2024-10-12 16:03:33,RBS_OVER_TEMP,Info,False
9512,2709,460,792,2024-11-16 00:38:47,RBS_OVER_TEMP,Minor,True
9513,2734,78,771,2025-06-04 23:52:59,BATTERY_LOW,Major,False
9514,2885,91,959,2024-10-30 15:17:07,SYNC_LOSS,Major,True
9515,1530,412,130,2025-09-07 12:55:06,SIGNAL_DEGRADED,Critical,False
9516,2361,443,814,2024-01-17 12:59:34,ANTENNA_FAULT,Critical,False
9517,4134,180,46,2025-09-20 15:19:09,POWER_ALARM,Info,False
9518,1478,223,275,2025-10-07 10:45:21,RBS_OVER_TEMP,Critical,False
9519,1649,116,953,2025-07-26 22:39:58,ANTENNA_FAULT,Info,False
9520,2416,68,444,2025-11-13 14:54:07,TRANSMISSION_ERROR,Minor,True
9521,3193,14,587,2025-09-08 10:33:34,SIGNAL_DEGRADED,Info,False
9522,3781,450,470,2024-09-10 21:29:09,LINK_DOWN,Major,True
9523,4098,167,97,2025-03-12 08:43:00,FIBRE_BREAK,Info,False
9524,431,469,278,2024-12-24 22:09:06,MEMORY_HIGH,Info,False
9525,4535,145,316,2024-11-20 05:37:38,SIGNAL_DEGRADED,Minor,False
9526,3358,412,1,2025-11-30 12:47:03,SIGNAL_DEGRADED,Info,False
9527,405,336,216,2024-06-06 17:52:10,RBS_OVER_TEMP,Minor,False
9528,2352,135,484,2025-08-31 17:36:52,RBS_OVER_TEMP,Major,False
9529,1342,288,95,2024-06-22 14:17:40,POWER_ALARM,Major,False
9530,3126,384,302,2025-10-25 11:27:53,FIBRE_BREAK,Major,True
9531,4054,379,585,2025-02-10 10:34:15,BATTERY_LOW,Critical,True
9532,4178,392,767,2025-11-19 12:48:00,POWER_ALARM,Minor,False
9533,299,102,748,2025-02-20 19:38:52,SOFTWARE_CRASH,Minor,False
9534,1762,316,907,2024-03-12 21:49:50,ANTENNA_FAULT,Critical,False
9535,4837,358,141,2024-04-27 14:45:23,SYNC_LOSS,Minor,False
9536,4533,188,588,2024-06-16 00:10:28,SOFTWARE_CRASH,Major,True
9537,4905,353,956,2025-09-05 12:06:45,SOFTWARE_CRASH,Info,False
9538,2720,76,885,2025-03-01 11:46:38,POWER_ALARM,Major,False
9539,3958,165,728,2025-10-03 06:01:02,SOFTWARE_CRASH,Major,False
9540,2945,480,653,2025-05-05 03:18:59,BATTERY_LOW,Info,True
9541,4644,418,880,2025-02-17 14:14:18,SYNC_LOSS,Minor,True
9542,4066,18,44,2025-08-12 05:31:15,RBS_OVER_TEMP,Major,False
9543,457,291,332,2024-12-17 17:20:53,FIBRE_BREAK,Info,True
9544,3837,485,408,2024-08-07 10:51:23,FIBRE_BREAK,Critical,False
9545,4854,130,355,2025-10-29 16:33:44,ANTENNA_FAULT,Minor,False
9546,294,260,208,2025-07-11 00:19:43,RBS_OVER_TEMP,Minor,True
9547,4667,453,85,2024-01-12 19:21:14,FIBRE_BREAK,Major,True
9548,4996,159,174,2025-02-21 08:33:38,CPU_OVERLOAD,Major,False
9549,3326,419,301,2025-03-10 14:27:49,LINK_DOWN,Major,False
9550,903,332,491,2025-04-24 03:59:10,SOFTWARE_CRASH,Minor,False
9551,378,35,418,2024-10-04 15:59:13,SIGNAL_DEGRADED,Minor,False
9552,2352,135,484,2025-08-31 17:31:52,RBS_OVER_TEMP,Info,False
9553,355,343,112,2025-10-23 15:37:27,SOFTWARE_CRASH,Critical,False
9554,1894,79,11,2025-03-05 18:37:46,SIGNAL_DEGRADED,Minor,False
9555,4668,160,601,2025-12-21 11:39:21,LINK_DOWN,Critical,False
9556,4943,89,799,2025-07-28 14:53:23,POWER_ALARM,Info,True
9557,2689,302,237,2025-12-07 21:09:14,LINK_DOWN,Minor,False
9558,3749,83,376,2024-09-16 14:33:31,RBS_OVER_TEMP,Major,False
9559,3976,270,603,2025-05-17 15:05:37,BATTERY_LOW,Minor,False
9560,4233,242,85,2025-07-12 14:32:42,POWER_ALARM,Critical,False
9561,1720,268,889,2024-12-08 10:25:48,FIBRE_BREAK,Minor,True
9562,603,364,102,2024-06-26 14:38:50,RBS_OVER_TEMP,Minor,False
9563,1062,133,642,2024-07-29 17:29:34,TRANSMISSION_ERROR,Major,False
9564,432,403,723,2025-06-27 18:05:40,SYNC_LOSS,Minor,False
9565,215,465,269,2024-02-16 09:35:13,ANTENNA_FAULT,Major,False
9566,2678,440,608,2025-07-15 12:51:35,SYNC_LOSS,Info,False
9567,608,39,450,2024-07-22 15:29:50,FIBRE_BREAK,Info,False
9568,3174,23,110,2024-09-07 12:50:16,FIBRE_BREAK,Info,False
9569,3630,472,41,2024-12-18 15:56:20,MEMORY_HIGH,Major,False
9570,1131,246,436,2025-07-28 09:50:43,CPU_OVERLOAD,Minor,False
9571,1515,440,868,2024-08-16 00:25:05,MEMORY_HIGH,Minor,False
9572,351,270,276,2025-12-24 18:46:50,POWER_ALARM,Info,False
9573,1892,438,852,2024-05-06 17:54:09,LINK_DOWN,Minor,True
9574,92,175,368,2025-02-27 10:05:05,SYNC_LOSS,Critical,True
9575,1324,289,50,2024-10-25 18:59:33,SYNC_LOSS,Major,False
9576,2933,214,525,2025-05-10 00:44:59,ANTENNA_FAULT,Critical,False
9577,1400,356,818,2025-11-27 14:30:09,SYNC_LOSS,Minor,False
9578,990,452,509,2024-01-13 16:58:45,FIBRE_BREAK,Major,False
9579,4913,337,732,2025-10-19 23:40:26,RBS_OVER_TEMP,Info,True
9580,1685,36,924,2025-10-04 13:50:32,SIGNAL_DEGRADED,Major,False
9581,4007,110,924,2025-03-25 19:05:55,SYNC_LOSS,Info,False
9582,2293,425,870,2025-08-19 10:13:34,POWER_ALARM,Critical,True
9583,2872,24,829,2024-11-09 10:03:30,BATTERY_LOW,Minor,False
9584,2235,87,710,2024-05-10 02:20:47,BATTERY_LOW,Major,True
9585,3574,220,202,2025-03-17 06:54:48,CPU_OVERLOAD,Info,False
9586,4522,143,515,2024-12-31 09:41:14,TRANSMISSION_ERROR,Major,False
9587,4121,90,909,2025-03-12 19:29:06,BATTERY_LOW,Minor,True
9588,1600,171,678,2025-03-26 14:40:13,MEMORY_HIGH,Critical,True
9589,4142,400,902,2024-03-30 14:41:54,LINK_DOWN,Info,False
9590,4264,164,618,2024-06-16 11:06:27,BATTERY_LOW,Major,False
9591,794,176,68,2025-05-03 08:41:19,LINK_DOWN,Minor,False
9592,4657,438,495,2024-02-06 21:57:33,SIGNAL_DEGRADED,Info,False
9593,521,187,770,2025-06-29 03:51:40,SYNC_LOSS,Major,True
9594,4821,285,966,2025-07-13 16:53:39,LINK_DOWN,Info,True
9595,3424,489,237,2025-05-24 09:00:32,SYNC_LOSS,Info,True
9596,1188,354,959,2024-06-23 20:26:28,SIGNAL_DEGRADED,Info,True
9597,3910,122,81,2024-07-15 16:35:12,FIBRE_BREAK,Minor,False
9598,1876,4,798,2024-09-01 16:47:01,LINK_DOWN,Critical,True
9599,1102,195,186,2024-06-14 14:36:43,BATTERY_LOW,Minor,False
9600,4953,426,765,2025-09-19 18:27:54,ANTENNA_FAULT,Minor,False
9601,3835,460,354,2024-08-01 16:26:55,SOFTWARE_CRASH,Major,False
9602,102,474,331,2024-01-14 10:48:19,LINK_DOWN,Minor,False
9603,2313,37,177,2024-04-22 11:34:10,SIGNAL_DEGRADED,Major,False
9604,3440,71,968,2024-11-25 16:45:14,TRANSMISSION_ERROR,Major,False
9605,4298,430,996,2025-10-29 13:05:30,TRANSMISSION_ERROR,Info,False
9606,125,194,809,2024-10-02 10:38:44,SOFTWARE_CRASH,Major,False
9607,1119,114,684,2025-01-15 21:52:07,BATTERY_LOW,Critical,False
9608,868,476,244,2025-02-02 15:50:12,CPU_OVERLOAD,Major,False
9609,2088,178,469,2024-05-06 23:02:27,POWER_ALARM,Major,False
9610,4155,83,714,2024-03-15 08:33:11,MEMORY_HIGH,Minor,False
9611,2120,274,235,2024-05-15 14:56:50,POWER_ALARM,Minor,True
9612,2028,69,506,2025-10-21 19:52:45,MEMORY_HIGH,Info,False
9613,2155,496,426,2024-03-25 02:14:27,FIBRE_BREAK,Minor,False
9614,3923,399,662,2024-09-26 13:20:09,SOFTWARE_CRASH,Minor,False
9615,3403,379,633,2024-06-15 18:05:28,TRANSMISSION_ERROR,Major,False
9616,1758,218,370,2024-04-18 15:00:23,SOFTWARE_CRASH,Critical,True
9617,1025,17,772,2024-11-11 10:25:48,TRANSMISSION_ERROR,Info,False
9618,3970,224,469,2025-12-11 18:38:52,SIGNAL_DEGRADED,Major,True
9619,35,102,216,2024-01-05 10:24:41,TRANSMISSION_ERROR,Info,True
9620,2877,305,335,2025-04-07 20:33:23,LINK_DOWN,Critical,False
9621,2180,129,863,2024-01-25 00:45:11,LINK_DOWN,Info,True
9622,3564,381,56,2025-01-17 00:54:17,TRANSMISSION_ERROR,Major,False
9623,243,231,291,2026-01-01 07:57:56,POWER_ALARM,Major,False
9624,2527,170,185,2025-01-30 11:06:14,MEMORY_HIGH,Minor,True
9625,2710,427,34,2025-01-27 14:23:05,SIGNAL_DEGRADED,Info,True
9626,3619,50,543,2024-09-18 17:59:52,POWER_ALARM,Info,False
9627,1165,2,438,2024-10-03 10:27:22,MEMORY_HIGH,Minor,True
9628,1702,5,32,2024-06-02 14:35:40,SOFTWARE_CRASH,Minor,False
9629,1423,394,158,2024-06-30 23:08:14,RBS_OVER_TEMP,Info,True
9630,3624,337,351,2024-03-03 15:33:17,POWER_ALARM,Info,True
9631,752,19,72,2024-06-30 15:13:04,SIGNAL_DEGRADED,Critical,False
9632,687,115,832,2025-02-15 09:27:54,SIGNAL_DEGRADED,Info,False
9633,2098,428,461,2024-12-28 15:14:48,CPU_OVERLOAD,Info,False
9634,4053,330,200,2025-10-23 10:31:36,FIBRE_BREAK,Info,False
9635,1878,363,660,2025-02-11 00:42:30,SIGNAL_DEGRADED,Major,True
9636,2404,408,146,2024-01-21 05:04:39,BATTERY_LOW,Minor,True
9637,4625,454,609,2024-09-01 23:17:10,POWER_ALARM,Minor,True
9638,1956,429,505,2024-04-14 04:53:03,BATTERY_LOW,Major,True
9639,1166,300,423,2025-07-06 08:30:00,ANTENNA_FAULT,Major,False
9640,1234,214,356,2024-07-01 03:12:16,SIGNAL_DEGRADED,Minor,False
9641,2097,247,46,2024-04-13 05:25:34,TRANSMISSION_ERROR,Major,False
9642,921,401,395,2024-11-17 12:17:02,SYNC_LOSS,Critical,False
9643,913,122,214,2024-04-13 12:03:04,TRANSMISSION_ERROR,Minor,False
9644,1218,79,698,2024-04-28 15:54:02,RBS_OVER_TEMP,Critical,False
9645,4303,83,690,2025-12-25 20:57:03,RBS_OVER_TEMP,Major,False
9646,1557,311,452,2025-11-02 11:35:08,RBS_OVER_TEMP,Minor,False
9647,2481,175,24,2024-02-01 00:21:46,FIBRE_BREAK,Major,True
9648,2367,172,399,2025-08-19 10:13:42,ANTENNA_FAULT,Minor,True
9649,2182,96,277,2024-08-13 04:42:19,LINK_DOWN,Minor,False
9650,4561,409,696,2025-05-10 23:13:56,ANTENNA_FAULT,Critical,True
9651,126,123,514,2025-02-03 18:41:01,ANTENNA_FAULT,Minor,False
9652,4810,31,349,2024-04-06 08:07:04,SIGNAL_DEGRADED,Minor,True
9653,4831,317,353,2024-12-03 04:36:38,CPU_OVERLOAD,Critical,False
9654,3887,23,888,2024-09-25 01:19:21,RBS_OVER_TEMP,Info,False
9655,3756,279,809,2024-09-30 01:40:39,POWER_ALARM,Info,False
9656,2463,289,801,2024-12-07 04:23:46,SOFTWARE_CRASH,Info,False
9657,3619,50,543,2024-09-18 17:59:52,RBS_OVER_TEMP,Major,True
9658,4531,319,443,2024-02-22 01:23:38,POWER_ALARM,Critical,False
9659,19,135,482,2025-02-28 08:14:12,RBS_OVER_TEMP,Minor,False
9660,3240,160,607,2024-02-23 19:21:05,ANTENNA_FAULT,Minor,False
9661,4562,1,42,2024-01-20 01:31:49,POWER_ALARM,Critical,False
9662,4394,102,389,2025-02-16 10:46:09,SYNC_LOSS,Info,False
9663,3871,182,139,2025-02-18 06:08:10,CPU_OVERLOAD,Critical,False
9664,568,489,983,2025-01-12 14:09:47,MEMORY_HIGH,Minor,False
9665,352,372,880,2025-11-18 13:29:22,FIBRE_BREAK,Critical,False
9666,4564,276,344,2024-07-31 20:48:40,CPU_OVERLOAD,Minor,False
9667,1939,105,266,2025-10-04 08:27:17,FIBRE_BREAK,Minor,False
9668,3174,23,110,2024-09-07 13:28:16,POWER_ALARM,Major,False
9669,4032,234,724,2025-08-14 09:39:26,SIGNAL_DEGRADED,Info,True
9670,3012,339,326,2025-01-19 04:10:59,ANTENNA_FAULT,Major,False
9671,3080,362,318,2024-12-27 15:46:04,RBS_OVER_TEMP,Minor,True
9672,738,101,409,2025-10-22 06:45:09,MEMORY_HIGH,Major,False
9673,2114,212,405,2024-02-16 17:22:21,SOFTWARE_CRASH,Minor,False
9674,4223,432,205,2024-12-29 12:45:00,POWER_ALARM,Critical,False
9675,3593,322,737,2024-06-08 21:08:48,TRANSMISSION_ERROR,Major,False
9676,2515,179,294,2025-10-22 07:26:19,CPU_OVERLOAD,Major,True
9677,1969,115,266,2024-01-12 13:54:02,POWER_ALARM,Critical,True
9678,3031,417,820,2025-11-07 16:45:54,MEMORY_HIGH,Major,True
9679,2262,240,912,2024-03-24 15:36:38,SIGNAL_DEGRADED,Info,False
9680,290,194,432,2024-05-23 12:22:15,POWER_ALARM,Info,False
9681,2584,60,377,2024-02-20 16:22:08,MEMORY_HIGH,Info,False
9682,4440,7,919,2025-10-14 15:53:32,CPU_OVERLOAD,Major,True
9683,1801,171,485,2025-10-24 11:58:33,LINK_DOWN,Minor,True
9684,3029,233,455,2025-06-24 13:24:56,MEMORY_HIGH,Minor,False
9685,2151,122,875,2025-03-10 17:56:48,TRANSMISSION_ERROR,Minor,True
9686,10,483,950,2025-08-17 13:37:12,LINK_DOWN,Info,False
9687,329,15,487,2024-03-13 10:57:19,MEMORY_HIGH,Info,False
9688,183,111,840,2024-03-28 13:52:30,TRANSMISSION_ERROR,Minor,False
9689,966,16,54,2024-02-05 00:29:17,LINK_DOWN,Minor,False
9690,3089,468,777,2025-10-19 10:21:06,MEMORY_HIGH,Critical,False
9691,3987,487,683,2024-02-15 10:05:01,LINK_DOWN,Major,False
9692,3161,263,923,2025-03-06 16:05:36,SYNC_LOSS,Minor,True
9693,2619,97,467,2024-02-06 16:14:19,MEMORY_HIGH,Major,False
9694,2579,14,706,2024-03-31 14:37:46,CPU_OVERLOAD,Minor,False
9695,173,421,945,2025-05-10 02:35:19,FIBRE_BREAK,Info,True
9696,2405,74,704,2025-06-25 19:45:56,LINK_DOWN,Critical,False
9697,4391,164,370,2025-05-06 14:09:10,FIBRE_BREAK,Info,False
9698,1563,278,739,2025-04-16 11:39:15,POWER_ALARM,Info,False
9699,2954,373,556,2024-05-01 12:23:47,SOFTWARE_CRASH,Minor,False
9700,1361,173,387,2024-06-02 16:49:22,SIGNAL_DEGRADED,Minor,False
9701,3784,448,271,2024-11-07 16:43:13,ANTENNA_FAULT,Minor,False
9702,2906,498,467,2024-03-03 17:15:25,SIGNAL_DEGRADED,Info,False
9703,1086,213,437,2024-01-24 13:09:40,BATTERY_LOW,Info,False
9704,2031,60,674,2025-03-02 08:15:48,SOFTWARE_CRASH,Major,False
9705,4085,122,400,2024-11-13 11:57:12,FIBRE_BREAK,Minor,False
9706,969,308,565,2025-05-25 11:50:10,SYNC_LOSS,Info,False
9707,3840,400,83,2025-11-12 22:01:28,MEMORY_HIGH,Major,False
9708,1560,270,574,2024-07-14 10:24:24,BATTERY_LOW,Info,True
9709,4857,151,174,2024-07-21 15:11:10,SOFTWARE_CRASH,Info,False
9710,3824,246,503,2024-08-27 20:08:03,SYNC_LOSS,Minor,False
9711,4824,40,309,2024-10-30 13:26:18,POWER_ALARM,Critical,False
9712,3249,205,296,2025-07-01 10:16:02,ANTENNA_FAULT,Critical,True
9713,4623,112,379,2024-04-16 17:51:28,BATTERY_LOW,Major,True
9714,2757,213,995,2025-08-02 14:05:52,TRANSMISSION_ERROR,Critical,False
9715,2107,402,213,2025-04-05 16:14:26,POWER_ALARM,Major,False
9716,1684,444,719,2024-10-16 19:33:10,SIGNAL_DEGRADED,Minor,False
9717,659,300,587,2025-03-03 17:17:18,BATTERY_LOW,Info,False
9718,3943,355,253,2025-07-02 03:31:24,FIBRE_BREAK,Minor,True
9719,3673,152,741,2025-07-16 11:14:03,LINK_DOWN,Info,False
9720,4115,332,597,2024-02-29 18:01:17,SIGNAL_DEGRADED,Minor,False
9721,654,310,640,2025-10-17 18:28:05,TRANSMISSION_ERROR,Major,False
9722,4727,209,471,2025-02-18 11:34:51,SIGNAL_DEGRADED,Minor,True
9723,4536,407,272,2025-05-06 07:00:31,CPU_OVERLOAD,Major,False
9724,3830,203,645,2025-02-21 17:52:29,TRANSMISSION_ERROR,Minor,False
9725,4169,133,930,2025-09-07 02:28:03,LINK_DOWN,Critical,False
9726,101,88,44,2025-09-03 17:13:32,FIBRE_BREAK,Major,False
9727,4750,471,708,2024-01-29 04:46:30,BATTERY_LOW,Critical,False
9728,994,211,573,2024-11-12 03:44:51,FIBRE_BREAK,Major,False
9729,3381,237,279,2024-10-01 18:34:51,CPU_OVERLOAD,Major,False
9730,3747,250,245,2024-03-05 15:25:45,SOFTWARE_CRASH,Minor,False
9731,2425,417,344,2024-04-08 10:16:33,LINK_DOWN,Major,False
9732,2920,235,933,2025-05-11 11:43:51,ANTENNA_FAULT,Minor,False
9733,3906,143,38,2025-04-08 13:37:35,MEMORY_HIGH,Info,True
9734,298,300,349,2024-12-16 07:45:06,RBS_OVER_TEMP,Major,False
9735,3769,237,391,2025-03-07 04:40:57,TRANSMISSION_ERROR,Info,False
9736,965,449,282,2025-11-10 13:57:39,BATTERY_LOW,Info,False
9737,4153,231,798,2024-05-31 09:23:18,CPU_OVERLOAD,Minor,False
9738,4833,213,472,2024-03-13 15:32:04,SIGNAL_DEGRADED,Info,True
9739,4273,390,362,2025-10-09 18:14:34,CPU_OVERLOAD,Minor,False
9740,2067,462,642,2025-11-11 13:29:27,TRANSMISSION_ERROR,Minor,False
9741,4332,64,858,2024-11-22 16:09:39,FIBRE_BREAK,Minor,False
9742,3884,222,234,2025-02-15 12:22:45,BATTERY_LOW,Minor,True
9743,529,135,404,2024-04-08 12:45:39,BATTERY_LOW,Minor,True
9744,4231,199,16,2024-02-01 01:43:36,POWER_ALARM,Critical,False
9745,3508,292,994,2025-02-25 11:44:18,MEMORY_HIGH,Minor,False
9746,387,358,753,2025-02-12 08:51:59,MEMORY_HIGH,Minor,False
9747,4575,445,733,2024-10-05 13:01:48,TRANSMISSION_ERROR,Major,False
9748,1590,460,744,2024-03-14 15:02:22,ANTENNA_FAULT,Info,True
9749,1722,205,500,2025-11-24 04:45:48,FIBRE_BREAK,Minor,False
9750,2424,254,632,2024-08-13 06:28:05,FIBRE_BREAK,Critical,False
9751,715,490,21,2025-01-03 17:11:36,SOFTWARE_CRASH,Minor,False
9752,3093,119,749,2025-04-02 19:31:49,RBS_OVER_TEMP,Info,True
9753,4395,328,682,2024-04-18 03:23:34,ANTENNA_FAULT,Minor,False
9754,2262,240,912,2024-03-24 15:48:38,SIGNAL_DEGRADED,Info,False
9755,638,141,531,2025-11-03 21:24:39,MEMORY_HIGH,Info,True
9756,1339,32,486,2025-09-28 09:30:09,MEMORY_HIGH,Critical,True
9757,655,203,24,2024-10-25 11:48:55,MEMORY_HIGH,Info,False
9758,3125,411,675,2024-02-11 03:20:55,BATTERY_LOW,Info,False
9759,3735,167,81,2024-04-05 06:21:15,CPU_OVERLOAD,Minor,False
9760,4132,457,330,2024-09-14 10:57:13,SIGNAL_DEGRADED,Info,True
9761,4440,7,919,2025-10-14 15:55:32,BATTERY_LOW,Minor,False
9762,4588,84,957,2025-03-16 18:39:22,TRANSMISSION_ERROR,Minor,True
9763,3987,487,683,2024-02-15 09:59:01,SOFTWARE_CRASH,Major,False
9764,3560,425,87,2025-01-15 09:01:00,ANTENNA_FAULT,Minor,True
9765,1583,494,771,2024-11-27 17:09:31,SOFTWARE_CRASH,Major,False
9766,1537,10,556,2025-06-11 11:42:22,MEMORY_HIGH,Major,False
9767,1919,376,431,2024-08-22 11:52:46,MEMORY_HIGH,Critical,False
9768,477,402,144,2024-11-21 11:16:04,MEMORY_HIGH,Critical,True
9769,1469,482,726,2025-07-11 07:16:36,POWER_ALARM,Critical,True
9770,646,253,424,2024-11-18 20:23:33,SOFTWARE_CRASH,Minor,False
9771,4301,432,303,2024-10-02 11:36:56,FIBRE_BREAK,Info,True
9772,389,32,952,2024-10-21 12:44:30,MEMORY_HIGH,Critical,True
9773,1197,90,939,2025-06-29 13:05:25,CPU_OVERLOAD,Critical,False
9774,4128,437,713,2025-09-17 04:51:06,MEMORY_HIGH,Minor,False
9775,323,471,915,2024-06-14 14:45:16,FIBRE_BREAK,Minor,False
9776,245,73,609,2025-05-26 15:23:41,FIBRE_BREAK,Info,False
9777,4850,292,529,2024-05-13 12:36:58,RBS_OVER_TEMP,Critical,True
9778,4930,263,97,2025-11-09 01:19:06,TRANSMISSION_ERROR,Major,False
9779,4267,462,657,2024-01-06 11:51:14,LINK_DOWN,Info,True
9780,3777,246,940,2024-10-07 19:26:32,LINK_DOWN,Minor,False
9781,1282,77,658,2024-03-25 19:52:31,RBS_OVER_TEMP,Info,True
9782,895,110,758,2025-08-18 06:15:51,SOFTWARE_CRASH,Info,False
9783,3365,161,902,2025-02-24 21:28:52,POWER_ALARM,Minor,True
9784,2650,169,564,2025-01-04 20:58:35,MEMORY_HIGH,Minor,True
9785,2016,124,497,2024-01-18 12:28:10,ANTENNA_FAULT,Info,False
9786,4765,66,435,2024-08-12 12:27:23,FIBRE_BREAK,Critical,False
9787,1921,203,533,2024-04-30 10:31:58,SIGNAL_DEGRADED,Minor,False
9788,3489,163,2,2025-02-03 10:00:35,MEMORY_HIGH,Minor,True
9789,4555,401,564,2024-03-10 10:52:17,MEMORY_HIGH,Major,True
9790,152,36,373,2024-04-07 20:08:59,ANTENNA_FAULT,Critical,False
9791,4163,215,73,2025-12-17 17:26:36,SOFTWARE_CRASH,Critical,True
9792,3521,407,861,2024-08-11 16:53:27,BATTERY_LOW,Major,False
9793,1496,140,664,2025-07-05 11:22:32,SIGNAL_DEGRADED,Major,True
9794,3013,357,356,2025-10-19 08:13:45,CPU_OVERLOAD,Minor,False
9795,4933,116,82,2024-05-20 16:56:30,ANTENNA_FAULT,Info,True
9796,767,381,666,2024-12-09 11:24:10,ANTENNA_FAULT,Info,False
9797,4333,355,378,2024-07-06 09:53:05,SIGNAL_DEGRADED,Info,False
9798,1126,43,462,2024-10-29 16:08:24,SOFTWARE_CRASH,Critical,False
9799,4590,311,98,2025-06-24 11:58:12,MEMORY_HIGH,Minor,False
9800,2501,500,983,2025-06-26 03:54:48,FIBRE_BREAK,Info,False
9801,2928,206,966,2024-04-27 13:59:59,FIBRE_BREAK,Info,False
9802,1209,217,775,2024-07-25 22:12:12,FIBRE_BREAK,Minor,True
9803,4383,71,383,2025-08-14 13:31:11,SYNC_LOSS,Major,False
9804,774,110,431,2025-10-26 11:14:20,TRANSMISSION_ERROR,Critical,False
9805,129,185,129,2024-05-19 10:23:29,MEMORY_HIGH,Info,True
9806,2036,329,552,2025-08-13 19:18:48,BATTERY_LOW,Critical,False
9807,328,179,571,2025-02-06 14:21:08,CPU_OVERLOAD,Info,True
9808,2611,287,959,2024-07-24 17:34:50,MEMORY_HIGH,Major,False
9809,4545,76,147,2024-11-04 08:51:37,POWER_ALARM,Minor,True
9810,1984,331,928,2025-07-13 10:08:20,LINK_DOWN,Minor,False
9811,3208,86,266,2024-03-05 07:12:31,ANTENNA_FAULT,Critical,False
9812,852,74,730,2024-11-26 02:08:34,RBS_OVER_TEMP,Info,True
9813,2289,124,315,2024-05-14 15:19:26,BATTERY_LOW,Minor,True
9814,3703,401,780,2025-04-05 15:07:13,CPU_OVERLOAD,Minor,False
9815,2706,142,509,2024-02-26 11:00:44,RBS_OVER_TEMP,Info,False
9816,2981,34,485,2025-04-28 13:26:20,SIGNAL_DEGRADED,Major,False
9817,1479,94,137,2025-08-22 12:37:08,SOFTWARE_CRASH,Major,False
9818,4461,383,178,2024-09-17 01:31:38,SIGNAL_DEGRADED,Info,False
9819,4282,73,670,2024-03-08 14:31:31,ANTENNA_FAULT,Info,True
9820,994,211,573,2024-11-12 03:45:51,RBS_OVER_TEMP,Info,False
9821,764,323,197,2024-03-01 21:11:43,SIGNAL_DEGRADED,Info,True
9822,3583,29,978,2025-05-11 14:26:42,SOFTWARE_CRASH,Info,False
9823,4283,455,436,2024-06-13 15:41:23,SYNC_LOSS,Major,True
9824,2659,90,186,2025-06-08 07:36:43,SIGNAL_DEGRADED,Info,False
9825,2109,394,808,2024-02-19 09:44:48,POWER_ALARM,Info,True
9826,2088,178,469,2024-05-06 23:03:27,MEMORY_HIGH,Minor,False
9827,2955,34,936,2025-05-15 06:42:50,RBS_OVER_TEMP,Info,True
9828,1252,223,325,2025-01-20 14:58:07,TRANSMISSION_ERROR,Minor,False
9829,2929,407,677,2025-08-16 16:41:02,MEMORY_HIGH,Info,False
9830,1867,27,885,2024-08-27 13:35:31,CPU_OVERLOAD,Critical,False
9831,1596,471,912,2024-09-06 17:42:58,ANTENNA_FAULT,Minor,False
9832,402,374,961,2024-12-08 13:27:12,SYNC_LOSS,Info,False
9833,1521,471,490,2025-12-18 16:32:08,RBS_OVER_TEMP,Critical,False
9834,1704,318,428,2025-11-13 09:48:50,ANTENNA_FAULT,Info,False
9835,1998,62,322,2025-07-23 03:17:21,RBS_OVER_TEMP,Minor,False
9836,3332,161,148,2024-10-04 11:54:46,MEMORY_HIGH,Major,False
9837,2844,290,205,2025-07-22 18:00:18,LINK_DOWN,Critical,True
9838,4857,151,174,2024-07-21 15:03:10,SIGNAL_DEGRADED,Major,True
9839,3942,448,123,2024-06-26 23:31:00,FIBRE_BREAK,Info,False
9840,3282,368,116,2025-07-20 09:17:58,MEMORY_HIGH,Minor,False
9841,1184,78,199,2024-03-23 17:17:33,LINK_DOWN,Info,False
9842,2961,446,109,2025-06-25 21:54:04,MEMORY_HIGH,Info,False
9843,3024,334,911,2025-04-24 14:12:51,BATTERY_LOW,Info,True
9844,2912,129,777,2024-11-23 08:47:08,RBS_OVER_TEMP,Critical,False
9845,4218,413,12,2024-06-04 10:45:27,ANTENNA_FAULT,Major,False
9846,1580,8,715,2025-07-10 04:46:09,SIGNAL_DEGRADED,Major,False
9847,875,346,795,2024-12-23 21:25:26,SIGNAL_DEGRADED,Info,False
9848,3380,273,393,2025-03-09 12:31:54,SYNC_LOSS,Major,False
9849,2747,198,750,2024-04-18 09:26:06,POWER_ALARM,Info,False
9850,568,489,983,2025-01-12 14:00:47,POWER_ALARM,Critical,False
9851,641,319,189,2025-02-21 17:03:58,POWER_ALARM,Minor,False
9852,392,244,628,2024-04-26 12:11:25,SOFTWARE_CRASH,Minor,False
9853,2968,435,947,2024-11-27 10:57:28,LINK_DOWN,Info,False
9854,854,423,929,2025-03-20 00:49:01,MEMORY_HIGH,Minor,False
9855,4738,52,300,2024-05-15 05:52:03,MEMORY_HIGH,Critical,False
9856,731,9,58,2024-10-13 06:41:31,RBS_OVER_TEMP,Info,True
9857,135,115,663,2025-06-06 09:49:01,TRANSMISSION_ERROR,Info,False
9858,3252,400,412,2025-10-10 12:54:21,POWER_ALARM,Major,True
9859,3655,369,903,2024-05-31 21:18:43,ANTENNA_FAULT,Critical,False
9860,2779,108,633,2024-11-21 13:04:01,POWER_ALARM,Info,True
9861,2433,67,701,2025-07-26 11:55:19,TRANSMISSION_ERROR,Info,False
9862,4972,165,895,2025-12-02 00:58:06,SYNC_LOSS,Major,False
9863,181,417,988,2024-10-30 00:51:55,SOFTWARE_CRASH,Minor,False
9864,15,187,178,2024-05-28 09:35:37,POWER_ALARM,Minor,False
9865,421,1,34,2024-07-25 14:46:31,SIGNAL_DEGRADED,Minor,False
9866,1505,187,962,2025-11-23 04:44:45,RBS_OVER_TEMP,Critical,False
9867,4987,499,162,2025-02-05 14:21:02,RBS_OVER_TEMP,Critical,False
9868,4512,279,578,2024-03-18 13:03:20,ANTENNA_FAULT,Critical,True
9869,3438,460,290,2024-05-15 14:45:18,MEMORY_HIGH,Major,False
9870,2797,450,962,2024-01-03 16:07:43,SYNC_LOSS,Major,False
9871,1926,115,217,2025-03-09 10:37:52,SIGNAL_DEGRADED,Major,False
9872,3247,192,328,2024-04-18 12:59:18,CPU_OVERLOAD,Info,True
9873,4870,20,480,2025-05-23 23:20:01,RBS_OVER_TEMP,Minor,False
9874,2874,178,696,2024-02-19 03:57:48,SYNC_LOSS,Info,False
9875,4741,139,371,2025-07-10 16:28:09,TRANSMISSION_ERROR,Info,False
9876,20,461,244,2025-04-25 19:49:39,LINK_DOWN,Info,False
9877,2262,240,912,2024-03-24 15:45:38,RBS_OVER_TEMP,Minor,True
9878,493,442,185,2025-06-11 01:08:27,TRANSMISSION_ERROR,Info,True
9879,1212,79,807,2025-10-06 00:48:00,POWER_ALARM,Critical,False
9880,1917,433,807,2025-12-19 23:25:21,TRANSMISSION_ERROR,Minor,False
9881,4144,267,535,2025-11-17 21:15:59,SIGNAL_DEGRADED,Info,False
9882,54,112,820,2024-05-01 01:16:55,TRANSMISSION_ERROR,Minor,False
9883,3900,200,630,2024-05-09 15:39:22,LINK_DOWN,Info,True
9884,3531,376,141,2025-03-18 11:45:41,RBS_OVER_TEMP,Minor,False
9885,4530,86,103,2025-05-07 14:15:19,LINK_DOWN,Info,True
9886,3939,317,104,2025-12-09 02:52:38,LINK_DOWN,Minor,True
9887,2882,144,721,2024-05-01 18:03:26,LINK_DOWN,Critical,False
9888,1348,175,390,2025-10-23 17:04:35,FIBRE_BREAK,Critical,False
9889,136,86,365,2024-06-13 03:16:25,CPU_OVERLOAD,Major,False
9890,2438,339,972,2025-11-05 23:42:35,SIGNAL_DEGRADED,Critical,False
9891,3134,125,810,2025-08-23 13:06:50,TRANSMISSION_ERROR,Major,False
9892,4490,151,662,2025-03-01 00:07:40,ANTENNA_FAULT,Info,False
9893,4340,197,491,2024-05-12 08:56:11,BATTERY_LOW,Minor,False
9894,936,134,497,2025-09-30 11:51:28,POWER_ALARM,Critical,True
9895,3779,23,2,2024-10-29 15:04:22,SIGNAL_DEGRADED,Info,True
9896,4491,50,267,2025-09-24 22:44:51,LINK_DOWN,Minor,False
9897,1552,95,291,2025-12-20 17:11:39,SOFTWARE_CRASH,Info,True
9898,1872,447,800,2024-01-20 09:56:50,FIBRE_BREAK,Critical,True
9899,3702,231,797,2025-11-22 08:16:35,RBS_OVER_TEMP,Info,False
9900,4970,162,213,2025-06-05 16:22:45,LINK_DOWN,Critical,True
9901,1221,201,348,2025-09-06 01:11:45,RBS_OVER_TEMP,Minor,False
9902,3399,91,63,2025-10-26 16:12:08,CPU_OVERLOAD,Info,True
9903,4950,355,757,2024-11-02 09:36:11,SYNC_LOSS,Info,False
9904,2431,286,358,2024-09-25 14:53:15,ANTENNA_FAULT,Info,False
9905,1266,235,938,2025-02-16 16:52:52,POWER_ALARM,Info,False
9906,2720,76,885,2025-03-01 11:50:38,SOFTWARE_CRASH,Minor,False
9907,4918,318,474,2024-05-12 16:20:47,SIGNAL_DEGRADED,Info,False
9908,4366,161,228,2024-10-12 18:23:44,ANTENNA_FAULT,Major,False
9909,3449,348,801,2025-01-08 11:48:02,SOFTWARE_CRASH,Major,False
9910,4155,83,714,2024-03-15 08:22:11,SYNC_LOSS,Major,False
9911,4290,209,197,2024-02-06 13:04:58,SOFTWARE_CRASH,Major,False
9912,2312,72,453,2024-12-31 15:11:09,MEMORY_HIGH,Minor,False
9913,4969,128,388,2025-04-04 08:57:49,POWER_ALARM,Major,True
9914,3537,275,238,2024-07-07 16:46:44,MEMORY_HIGH,Minor,False
9915,4799,61,111,2024-04-10 14:16:07,BATTERY_LOW,Info,False
9916,4680,156,720,2025-12-22 18:53:33,BATTERY_LOW,Minor,False
9917,1130,465,705,2024-01-16 06:10:25,SYNC_LOSS,Critical,False
9918,4799,61,111,2024-04-10 14:23:07,LINK_DOWN,Major,True
9919,1629,212,262,2025-07-06 16:25:52,LINK_DOWN,Minor,False
9920,3289,368,427,2024-03-09 09:36:19,ANTENNA_FAULT,Major,False
9921,225,237,855,2025-01-11 07:55:14,ANTENNA_FAULT,Minor,False
9922,4870,20,480,2025-05-23 23:10:01,RBS_OVER_TEMP,Critical,False
9923,2474,193,13,2025-07-21 14:38:38,ANTENNA_FAULT,Minor,False
9924,4067,431,505,2025-02-05 18:51:41,MEMORY_HIGH,Info,False
9925,4587,90,883,2025-09-03 12:10:35,MEMORY_HIGH,Minor,True
9926,3381,237,279,2024-10-01 18:27:51,RBS_OVER_TEMP,Major,False
9927,3630,472,41,2024-12-18 14:29:20,LINK_DOWN,Info,True
9928,1021,290,284,2024-12-12 06:01:10,ANTENNA_FAULT,Minor,False
9929,1492,35,491,2024-12-07 16:42:25,ANTENNA_FAULT,Info,True
9930,2924,312,182,2025-11-08 04:01:24,BATTERY_LOW,Info,False
9931,135,115,663,2025-06-06 09:46:01,LINK_DOWN,Info,False
9932,2675,491,788,2025-09-28 13:30:02,FIBRE_BREAK,Major,True
9933,4513,260,758,2024-02-27 14:09:31,ANTENNA_FAULT,Minor,True
9934,878,358,582,2025-09-09 14:45:35,SIGNAL_DEGRADED,Minor,False
9935,2591,270,257,2025-01-27 16:41:12,ANTENNA_FAULT,Critical,False
9936,4768,445,274,2025-05-21 10:38:04,ANTENNA_FAULT,Minor,False
9937,450,262,180,2025-06-19 16:33:39,CPU_OVERLOAD,Info,True
9938,967,91,764,2025-01-15 03:10:52,SOFTWARE_CRASH,Major,True
9939,4525,122,788,2025-09-21 17:57:02,RBS_OVER_TEMP,Major,False
9940,2303,137,903,2025-06-28 15:14:01,SOFTWARE_CRASH,Info,False
9941,4154,280,195,2024-09-19 00:26:46,SIGNAL_DEGRADED,Info,False
9942,3539,444,705,2024-08-27 07:09:02,SIGNAL_DEGRADED,Critical,False
9943,405,336,216,2024-06-06 18:13:10,RBS_OVER_TEMP,Critical,True
9944,363,189,427,2024-11-08 10:59:19,TRANSMISSION_ERROR,Critical,False
9945,4557,67,748,2025-12-29 14:57:08,FIBRE_BREAK,Info,False
9946,3392,442,774,2024-09-24 04:43:47,MEMORY_HIGH,Info,True
9947,454,299,729,2024-05-22 17:17:00,MEMORY_HIGH,Minor,True
9948,3537,275,238,2024-07-07 16:43:44,POWER_ALARM,Minor,False
9949,2227,362,624,2025-01-11 17:50:06,ANTENNA_FAULT,Minor,False
9950,3586,42,57,2025-07-30 14:31:18,POWER_ALARM,Major,False
9951,890,354,526,2024-03-18 02:12:33,SYNC_LOSS,Minor,True
9952,2641,372,361,2025-12-09 08:58:54,SIGNAL_DEGRADED,Critical,False
9953,1128,139,662,2024-11-27 17:47:32,LINK_DOWN,Major,False
9954,2671,363,30,2025-09-18 07:31:57,SIGNAL_DEGRADED,Major,False
9955,4807,275,445,2024-02-02 10:48:36,FIBRE_BREAK,Minor,False
9956,3777,246,940,2024-10-07 19:23:32,SYNC_LOSS,Info,False
9957,2948,197,9,2024-09-21 13:54:40,SYNC_LOSS,Critical,True
9958,864,207,990,2025-05-29 12:36:59,CPU_OVERLOAD,Critical,False
9959,113,167,184,2025-12-31 08:36:02,CPU_OVERLOAD,Minor,False
9960,4679,54,222,2025-11-16 09:44:06,LINK_DOWN,Info,False
9961,2701,475,190,2024-05-25 03:20:07,POWER_ALARM,Minor,True
9962,3178,342,96,2024-03-20 01:43:49,MEMORY_HIGH,Major,False
9963,3078,250,939,2025-07-28 10:46:09,SOFTWARE_CRASH,Minor,False
9964,2040,412,234,2025-11-02 17:49:51,TRANSMISSION_ERROR,Critical,True
9965,2137,266,743,2024-03-29 16:57:53,SIGNAL_DEGRADED,Major,False
9966,524,47,414,2024-05-14 03:25:27,ANTENNA_FAULT,Minor,True
9967,2069,329,440,2024-09-22 12:18:04,CPU_OVERLOAD,Minor,False
9968,3055,299,736,2025-04-01 10:59:53,SIGNAL_DEGRADED,Minor,True
9969,118,209,309,2025-05-27 18:55:16,TRANSMISSION_ERROR,Minor,False
9970,4416,47,170,2025-06-18 04:57:37,ANTENNA_FAULT,Info,True
9971,1197,90,939,2025-06-29 13:26:25,CPU_OVERLOAD,Critical,False
9972,3178,342,96,2024-03-20 01:41:49,CPU_OVERLOAD,Minor,False
9973,4789,450,13,2024-09-02 02:30:43,SOFTWARE_CRASH,Minor,True
9974,2470,153,365,2024-01-12 12:32:52,SOFTWARE_CRASH,Info,True
9975,2364,214,78,2025-08-22 13:15:55,LINK_DOWN,Minor,False
9976,4467,456,443,2024-06-20 00:23:24,SIGNAL_DEGRADED,Minor,False
9977,1473,32,298,2025-09-26 01:41:04,POWER_ALARM,Critical,False
9978,4689,266,739,2025-02-13 03:07:34,SOFTWARE_CRASH,Major,False
9979,1351,38,651,2025-03-01 12:19:14,BATTERY_LOW,Info,False
9980,1877,200,276,2024-04-17 13:40:55,SIGNAL_DEGRADED,Info,False
9981,2524,63,772,2024-12-12 09:43:07,LINK_DOWN,Info,False
9982,3902,270,521,2024-06-22 10:37:12,ANTENNA_FAULT,Minor,False
9983,265,169,650,2025-05-11 18:46:17,LINK_DOWN,Minor,False
9984,3099,368,471,2025-04-29 12:28:19,RBS_OVER_TEMP,Minor,False
9985,731,9,58,2024-10-13 06:46:31,FIBRE_BREAK,Minor,False
9986,1778,445,936,2024-03-31 12:20:04,BATTERY_LOW,Major,False
9987,362,438,687,2024-03-19 22:58:33,TRANSMISSION_ERROR,Minor,False
9988,2548,324,803,2024-03-18 19:02:34,SOFTWARE_CRASH,Major,False
9989,1630,380,83,2025-01-30 20:10:22,POWER_ALARM,Info,False
9990,3724,360,540,2025-04-11 19:39:54,RBS_OVER_TEMP,Critical,False
9991,2640,16,736,2025-01-30 12:30:10,ANTENNA_FAULT,Info,False
9992,3825,335,647,2024-05-06 00:00:52,RBS_OVER_TEMP,Minor,False
9993,2847,104,999,2025-07-25 17:30:38,SOFTWARE_CRASH,Minor,True
9994,2844,290,205,2025-07-22 17:53:18,RBS_OVER_TEMP,Major,True
9995,2131,299,540,2025-01-16 07:37:27,SYNC_LOSS,Minor,False
9996,1912,460,547,2024-04-30 17:33:19,POWER_ALARM,Minor,True
9997,42,82,53,2025-08-03 19:04:25,LINK_DOWN,Minor,False
9998,1383,144,499,2025-12-26 11:46:41,MEMORY_HIGH,Critical,False
9999,696,427,585,2024-08-15 09:19:54,RBS_OVER_TEMP,Minor,True
10000,779,375,680,2025-12-17 16:34:05,SYNC_LOSS,Major,True
10001,2974,324,521,2024-06-10 11:55:16,TRANSMISSION_ERROR,Critical,False
10002,2062,437,335,2025-07-27 18:19:19,BATTERY_LOW,Info,False
10003,2528,195,871,2025-05-11 12:43:05,MEMORY_HIGH,Major,True
10004,2944,13,494,2024-07-15 21:10:10,MEMORY_HIGH,Info,False
10005,2665,77,469,2024-06-04 18:21:00,ANTENNA_FAULT,Critical,False
10006,181,417,988,2024-10-30 00:56:55,SIGNAL_DEGRADED,Critical,True
10007,1213,199,966,2025-08-15 10:50:47,SYNC_LOSS,Minor,False
10008,4902,328,404,2024-04-23 10:43:35,LINK_DOWN,Minor,False
10009,1057,369,287,2025-09-29 08:35:59,POWER_ALARM,Minor,False
10010,1176,90,522,2025-06-16 12:36:40,SOFTWARE_CRASH,Info,False
10011,2960,491,131,2025-11-12 18:06:21,SIGNAL_DEGRADED,Minor,False
10012,1348,175,390,2025-10-23 16:56:35,SIGNAL_DEGRADED,Critical,False
10013,185,341,595,2025-10-03 01:42:51,TRANSMISSION_ERROR,Minor,False
10014,894,384,200,2025-11-07 13:13:40,POWER_ALARM,Minor,True
10015,1487,450,159,2024-01-07 13:17:36,CPU_OVERLOAD,Info,False
10016,4443,118,737,2025-07-11 05:23:39,LINK_DOWN,Major,False
10017,4909,381,900,2025-09-26 12:34:45,SYNC_LOSS,Major,False
10018,4830,285,562,2025-12-11 16:52:37,LINK_DOWN,Critical,True
10019,4586,455,166,2025-11-04 01:16:35,FIBRE_BREAK,Major,True
10020,1830,252,722,2025-07-30 00:28:49,LINK_DOWN,Minor,False
10021,2474,193,13,2025-07-21 14:38:38,TRANSMISSION_ERROR,Critical,False
10022,3850,148,883,2025-01-11 16:31:56,SYNC_LOSS,Info,False
10023,2138,277,510,2025-10-20 16:44:06,SIGNAL_DEGRADED,Minor,True
10024,2025,449,735,2025-11-27 13:16:15,LINK_DOWN,Minor,False
10025,1872,447,800,2024-01-20 09:58:50,RBS_OVER_TEMP,Major,True
10026,2735,289,392,2024-02-20 03:45:47,SYNC_LOSS,Minor,True
10027,1244,18,983,2024-09-28 06:16:42,ANTENNA_FAULT,Critical,True
10028,4675,324,33,2024-08-13 16:33:55,BATTERY_LOW,Critical,True
10029,2733,260,78,2025-10-22 11:08:07,LINK_DOWN,Info,True
10030,2788,275,653,2024-01-13 09:05:22,BATTERY_LOW,Major,False
10031,1299,122,23,2024-06-13 08:51:12,TRANSMISSION_ERROR,Major,False
10032,951,175,32,2024-11-04 18:50:15,FIBRE_BREAK,Minor,False
10033,1607,435,474,2025-09-14 12:52:26,ANTENNA_FAULT,Minor,True
10034,2966,416,987,2024-03-31 09:53:15,FIBRE_BREAK,Major,True
10035,3639,281,155,2024-12-19 12:42:50,MEMORY_HIGH,Minor,False
10036,504,4,295,2025-06-23 21:05:41,BATTERY_LOW,Critical,False
10037,3456,494,76,2024-05-11 04:28:56,BATTERY_LOW,Major,False
10038,1492,35,491,2024-12-07 16:35:25,SIGNAL_DEGRADED,Major,False
10039,340,2,330,2025-05-05 14:59:58,MEMORY_HIGH,Major,False
10040,689,27,711,2025-01-18 17:53:29,CPU_OVERLOAD,Minor,False
10041,4040,336,370,2024-07-15 10:58:46,CPU_OVERLOAD,Minor,False
10042,1174,159,440,2024-05-18 13:14:50,POWER_ALARM,Major,False
10043,2098,428,461,2024-12-28 15:15:48,LINK_DOWN,Critical,True
10044,4283,455,436,2024-06-13 15:36:23,POWER_ALARM,Minor,True
10045,984,106,556,2024-09-13 18:07:43,SOFTWARE_CRASH,Info,False
10046,358,222,724,2025-12-14 03:50:02,RBS_OVER_TEMP,Info,True
10047,1437,437,466,2025-04-20 11:06:49,CPU_OVERLOAD,Critical,False
10048,1303,70,750,2025-06-22 12:55:06,ANTENNA_FAULT,Critical,False
10049,2879,97,648,2025-02-04 05:33:29,SIGNAL_DEGRADED,Minor,False
10050,4720,487,687,2025-08-31 07:10:07,SOFTWARE_CRASH,Major,False
10051,4225,100,463,2024-01-04 06:55:28,SIGNAL_DEGRADED,Minor,True
10052,2924,312,182,2025-11-08 04:26:24,LINK_DOWN,Critical,False
10053,1899,484,406,2024-10-22 10:39:34,RBS_OVER_TEMP,Major,False
10054,4935,158,230,2025-03-21 00:30:39,LINK_DOWN,Major,False
10055,2173,213,654,2025-08-11 21:12:48,ANTENNA_FAULT,Info,True
10056,3096,397,238,2024-07-20 07:23:36,TRANSMISSION_ERROR,Minor,False
10057,1575,29,801,2025-05-23 16:35:43,RBS_OVER_TEMP,Info,True
10058,2231,313,362,2025-12-19 09:20:15,RBS_OVER_TEMP,Major,False
10059,1932,82,79,2024-05-05 11:17:03,BATTERY_LOW,Info,False
10060,1599,226,87,2025-05-01 14:59:27,POWER_ALARM,Info,False
10061,645,268,551,2024-01-21 16:52:43,ANTENNA_FAULT,Major,False
10062,517,436,441,2024-10-21 14:00:12,FIBRE_BREAK,Info,False
10063,983,334,176,2025-05-22 13:39:56,MEMORY_HIGH,Info,False
10064,4624,190,465,2025-11-14 11:54:16,SIGNAL_DEGRADED,Minor,True
10065,1093,429,737,2024-01-18 16:48:53,TRANSMISSION_ERROR,Minor,True
10066,3398,20,918,2024-01-08 16:07:23,POWER_ALARM,Major,True
10067,2140,421,557,2024-05-10 21:58:34,MEMORY_HIGH,Minor,True
10068,3304,48,9,2025-07-25 14:57:35,MEMORY_HIGH,Info,True
10069,740,55,443,2025-11-05 15:32:17,SIGNAL_DEGRADED,Major,False
10070,3065,459,471,2024-09-21 14:53:30,SIGNAL_DEGRADED,Info,True
10071,721,250,60,2025-01-22 09:26:24,SIGNAL_DEGRADED,Info,True
10072,4763,375,730,2025-03-10 00:29:06,SIGNAL_DEGRADED,Info,True
10073,728,429,453,2024-11-06 17:42:24,SIGNAL_DEGRADED,Minor,False
10074,862,187,576,2025-02-20 19:54:08,LINK_DOWN,Major,False
10075,3776,367,788,2025-01-09 11:12:01,POWER_ALARM,Critical,True
10076,1247,492,958,2024-06-30 11:32:47,CPU_OVERLOAD,Info,False
10077,4816,429,90,2025-12-15 04:16:07,CPU_OVERLOAD,Minor,True
10078,4116,176,575,2025-05-21 16:42:42,BATTERY_LOW,Critical,False
10079,262,394,830,2025-04-15 15:22:08,SIGNAL_DEGRADED,Info,False
10080,3386,217,831,2025-01-12 12:58:57,TRANSMISSION_ERROR,Critical,True
10081,2206,302,196,2024-11-28 11:48:57,CPU_OVERLOAD,Major,True
10082,4741,139,371,2025-07-10 16:35:09,TRANSMISSION_ERROR,Critical,False
10083,3651,333,661,2025-09-05 17:58:24,SIGNAL_DEGRADED,Minor,False
10084,696,427,585,2024-08-15 09:19:54,LINK_DOWN,Critical,False
10085,2528,195,871,2025-05-11 12:47:05,SYNC_LOSS,Minor,False
10086,1952,346,601,2024-08-17 05:43:10,RBS_OVER_TEMP,Major,False
10087,2175,91,833,2025-12-02 14:09:06,SIGNAL_DEGRADED,Critical,False
10088,1866,314,287,2025-03-02 13:29:45,ANTENNA_FAULT,Critical,False
10089,3156,67,212,2024-11-20 16:50:33,TRANSMISSION_ERROR,Critical,True
10090,3873,412,685,2025-08-27 09:00:55,SYNC_LOSS,Major,True
10091,3222,211,677,2025-03-10 17:13:46,POWER_ALARM,Critical,True
10092,789,121,174,2024-01-26 10:33:40,BATTERY_LOW,Minor,True
10093,931,125,960,2024-06-26 21:56:07,RBS_OVER_TEMP,Critical,False
10094,4884,436,155,2025-05-26 23:35:22,POWER_ALARM,Critical,True
10095,4856,120,455,2024-09-07 13:54:56,SOFTWARE_CRASH,Major,False
10096,1954,500,971,2024-11-20 15:38:10,FIBRE_BREAK,Major,False
10097,2476,354,429,2024-06-03 16:28:18,TRANSMISSION_ERROR,Info,False
10098,1392,198,625,2025-06-18 15:02:29,LINK_DOWN,Critical,True
10099,4103,130,329,2024-05-04 17:14:13,POWER_ALARM,Major,False
10100,3800,185,312,2025-10-18 00:04:54,LINK_DOWN,Minor,False
10101,3392,442,774,2024-09-24 04:40:47,RBS_OVER_TEMP,Info,False
10102,4598,252,730,2025-12-27 09:49:06,SOFTWARE_CRASH,Info,False
10103,4474,391,538,2025-08-10 14:36:28,FIBRE_BREAK,Info,False
10104,4714,331,146,2024-09-19 02:20:25,FIBRE_BREAK,Info,False
10105,2175,91,833,2025-12-02 13:52:06,ANTENNA_FAULT,Major,False
10106,42,82,53,2025-08-03 18:57:25,SYNC_LOSS,Info,True
10107,657,167,183,2025-02-08 16:43:58,FIBRE_BREAK,Minor,False
10108,1163,195,700,2024-01-26 22:24:22,RBS_OVER_TEMP,Major,True
10109,1699,75,939,2025-02-27 00:31:58,TRANSMISSION_ERROR,Minor,True
10110,980,324,395,2025-08-24 09:02:32,SOFTWARE_CRASH,Critical,False
10111,1708,213,790,2025-04-05 08:56:02,MEMORY_HIGH,Critical,False
10112,719,197,592,2025-12-16 16:10:01,CPU_OVERLOAD,Minor,False
10113,149,392,171,2024-10-15 16:59:43,POWER_ALARM,Info,False
10114,1231,112,671,2024-10-30 17:32:44,LINK_DOWN,Major,True
10115,2034,306,34,2024-07-11 18:05:20,RBS_OVER_TEMP,Minor,False
10116,1406,467,469,2025-09-30 01:24:39,LINK_DOWN,Minor,False
10117,3644,173,269,2025-09-10 15:45:09,SYNC_LOSS,Info,False
10118,3562,184,709,2025-02-09 21:24:31,LINK_DOWN,Major,False
10119,31,288,421,2024-07-09 11:54:30,MEMORY_HIGH,Info,False
10120,2926,292,469,2025-10-08 15:45:48,RBS_OVER_TEMP,Minor,False
10121,535,216,827,2024-08-12 15:13:04,TRANSMISSION_ERROR,Minor,True
10122,3294,450,759,2024-08-02 07:13:02,MEMORY_HIGH,Major,False
10123,184,310,627,2024-04-24 15:10:30,SOFTWARE_CRASH,Critical,False
10124,3519,319,321,2024-02-04 12:29:20,POWER_ALARM,Critical,True
10125,1572,212,536,2024-06-15 13:15:05,CPU_OVERLOAD,Critical,False
10126,806,166,389,2025-08-21 15:02:15,POWER_ALARM,Major,False
10127,3805,136,800,2024-01-06 17:59:20,LINK_DOWN,Major,False
10128,4291,48,464,2024-02-07 20:28:46,POWER_ALARM,Major,True
10129,1915,476,114,2025-08-08 15:23:41,SOFTWARE_CRASH,Major,True
10130,574,218,633,2024-01-29 13:05:44,RBS_OVER_TEMP,Major,False
10131,1864,240,247,2024-02-01 08:18:51,RBS_OVER_TEMP,Major,True
10132,3272,245,7,2025-06-19 15:58:50,LINK_DOWN,Info,True
10133,3957,72,244,2025-01-31 14:34:57,LINK_DOWN,Major,False
10134,2557,283,532,2025-08-09 11:48:40,POWER_ALARM,Minor,False
10135,2336,32,873,2024-08-19 17:26:41,RBS_OVER_TEMP,Minor,False
10136,53,137,655,2024-02-15 23:16:32,TRANSMISSION_ERROR,Critical,False
10137,3181,359,521,2025-11-06 16:30:23,LINK_DOWN,Critical,True
10138,4291,48,464,2024-02-07 20:43:46,LINK_DOWN,Minor,True
10139,4269,415,981,2024-10-16 02:32:26,CPU_OVERLOAD,Minor,True
10140,3491,83,719,2024-04-23 15:25:27,MEMORY_HIGH,Major,False
10141,324,212,194,2024-01-15 09:34:26,LINK_DOWN,Minor,False
10142,3174,23,110,2024-09-07 13:55:16,LINK_DOWN,Info,False
10143,3356,57,165,2025-07-21 11:57:57,SYNC_LOSS,Major,False
10144,2896,167,802,2024-06-08 17:50:36,BATTERY_LOW,Info,True
10145,2532,426,710,2024-03-11 09:12:14,SYNC_LOSS,Major,False
10146,1818,165,637,2024-03-24 01:29:43,FIBRE_BREAK,Info,False
10147,101,88,44,2025-09-03 17:02:32,SIGNAL_DEGRADED,Major,False
10148,4523,91,574,2024-01-07 17:14:40,SIGNAL_DEGRADED,Info,False
10149,2758,481,750,2024-02-24 14:45:02,LINK_DOWN,Minor,True
10150,1050,258,795,2025-04-08 15:12:04,POWER_ALARM,Minor,True
10151,4280,110,14,2024-02-08 03:47:24,SOFTWARE_CRASH,Major,True
10152,2324,420,820,2024-02-20 00:15:54,SIGNAL_DEGRADED,Info,False
10153,3399,91,63,2025-10-26 16:13:08,SIGNAL_DEGRADED,Major,False
10154,1298,404,210,2024-05-12 17:36:49,SOFTWARE_CRASH,Minor,True
10155,3658,106,752,2024-10-07 11:46:16,POWER_ALARM,Minor,True
10156,3989,106,143,2025-10-25 11:37:36,CPU_OVERLOAD,Major,True
10157,4756,431,954,2025-04-14 22:59:12,ANTENNA_FAULT,Minor,False
10158,1088,236,395,2024-01-08 10:27:05,BATTERY_LOW,Info,False
10159,4067,431,505,2025-02-05 18:49:41,SOFTWARE_CRASH,Info,False
10160,1985,48,978,2025-04-26 02:50:49,SIGNAL_DEGRADED,Minor,True
10161,4042,267,549,2025-07-16 07:50:19,CPU_OVERLOAD,Minor,False
10162,4066,18,44,2025-08-12 05:44:15,RBS_OVER_TEMP,Major,False
10163,2942,472,77,2025-12-28 01:24:43,RBS_OVER_TEMP,Info,False
10164,2196,390,291,2025-11-09 09:11:20,ANTENNA_FAULT,Major,False
10165,1944,53,453,2024-12-21 04:21:49,FIBRE_BREAK,Critical,False
10166,3065,459,471,2024-09-21 14:47:30,TRANSMISSION_ERROR,Major,False
10167,4411,279,363,2025-07-12 23:04:58,SOFTWARE_CRASH,Info,True
10168,2760,62,162,2025-11-14 12:34:48,SIGNAL_DEGRADED,Critical,True
10169,3943,355,253,2025-07-02 03:29:24,SYNC_LOSS,Minor,False
10170,2679,327,459,2025-09-08 08:17:00,MEMORY_HIGH,Info,False
10171,321,286,65,2024-07-02 15:31:19,RBS_OVER_TEMP,Minor,False
10172,457,291,332,2024-12-17 17:52:53,LINK_DOWN,Major,False
10173,1218,79,698,2024-04-28 15:27:02,ANTENNA_FAULT,Minor,False
10174,1763,302,291,2024-12-02 23:17:54,TRANSMISSION_ERROR,Minor,False
10175,3387,440,402,2025-08-18 03:54:05,CPU_OVERLOAD,Info,True
10176,4646,251,730,2025-11-17 16:50:38,TRANSMISSION_ERROR,Critical,False
10177,2878,495,625,2025-04-14 05:06:03,BATTERY_LOW,Critical,False
10178,2200,279,11,2024-07-03 18:12:53,FIBRE_BREAK,Info,False
10179,4357,15,506,2024-06-28 08:39:06,BATTERY_LOW,Minor,True
10180,2047,91,903,2024-06-27 22:35:03,LINK_DOWN,Minor,True
10181,2218,304,232,2024-04-20 16:32:08,SOFTWARE_CRASH,Minor,False
10182,2992,300,203,2024-04-20 11:13:04,TRANSMISSION_ERROR,Minor,False
10183,560,381,322,2025-03-15 05:46:18,BATTERY_LOW,Info,False
10184,1867,27,885,2024-08-27 13:05:31,LINK_DOWN,Critical,True
10185,2578,354,329,2025-07-19 16:26:20,BATTERY_LOW,Major,False
10186,4198,304,708,2025-03-10 15:44:37,SIGNAL_DEGRADED,Info,True
10187,4245,121,711,2025-12-02 09:21:30,LINK_DOWN,Info,True
10188,1725,136,474,2025-08-19 03:32:26,SYNC_LOSS,Minor,False
10189,4152,223,160,2024-06-19 12:48:25,TRANSMISSION_ERROR,Major,False
10190,3461,212,613,2025-01-20 07:06:07,LINK_DOWN,Minor,False
10191,2091,248,259,2024-12-22 09:42:54,SIGNAL_DEGRADED,Info,False
10192,182,7,901,2024-12-17 03:28:27,CPU_OVERLOAD,Minor,False
10193,731,9,58,2024-10-13 06:34:31,CPU_OVERLOAD,Info,True
10194,3394,189,591,2024-04-30 02:43:36,SOFTWARE_CRASH,Critical,True
10195,4768,445,274,2025-05-21 10:16:04,POWER_ALARM,Major,False
10196,731,9,58,2024-10-13 06:36:31,RBS_OVER_TEMP,Info,False
10197,3680,434,384,2025-07-17 10:48:51,FIBRE_BREAK,Minor,True
10198,4576,4,960,2024-11-09 11:07:58,RBS_OVER_TEMP,Major,False
10199,2612,457,988,2024-03-26 08:48:41,RBS_OVER_TEMP,Info,True
10200,3433,457,652,2025-06-24 10:02:08,ANTENNA_FAULT,Critical,False
10201,4297,207,372,2024-11-17 00:31:24,CPU_OVERLOAD,Major,False
10202,879,429,650,2024-04-29 20:46:58,TRANSMISSION_ERROR,Info,True
10203,4687,123,754,2025-05-02 07:13:11,ANTENNA_FAULT,Info,False
10204,1112,243,127,2024-05-19 18:36:40,SOFTWARE_CRASH,Major,False
10205,4113,283,272,2024-01-06 09:52:12,LINK_DOWN,Minor,False
10206,4680,156,720,2025-12-22 18:50:33,FIBRE_BREAK,Minor,True
10207,853,373,452,2025-08-08 03:02:50,BATTERY_LOW,Major,True
10208,4377,201,411,2024-01-20 13:45:21,SIGNAL_DEGRADED,Critical,False
10209,2966,416,987,2024-03-31 09:57:15,MEMORY_HIGH,Minor,False
10210,2753,12,265,2025-09-08 08:51:39,ANTENNA_FAULT,Minor,False
10211,2103,375,966,2025-01-11 14:53:51,RBS_OVER_TEMP,Minor,True
10212,816,67,540,2025-09-27 13:15:27,MEMORY_HIGH,Critical,True
10213,690,183,587,2024-10-15 14:07:14,SIGNAL_DEGRADED,Major,True
10214,1747,146,305,2025-10-05 15:38:23,TRANSMISSION_ERROR,Info,False
10215,4911,112,502,2025-02-26 18:40:59,MEMORY_HIGH,Info,True
10216,503,6,550,2025-05-09 13:55:20,LINK_DOWN,Minor,False
10217,4354,309,376,2025-05-07 14:40:44,LINK_DOWN,Critical,False
10218,2606,257,683,2024-02-23 18:21:50,ANTENNA_FAULT,Info,False
10219,2824,174,433,2025-10-14 10:42:13,RBS_OVER_TEMP,Info,True
10220,1368,248,806,2025-06-09 17:41:08,BATTERY_LOW,Minor,False
10221,3284,462,589,2024-04-29 12:59:58,MEMORY_HIGH,Minor,False
10222,3899,65,753,2024-11-12 07:48:20,ANTENNA_FAULT,Minor,False
10223,2716,357,340,2024-12-07 10:16:31,MEMORY_HIGH,Minor,True
10224,1335,335,340,2024-07-25 17:43:17,SIGNAL_DEGRADED,Info,True
10225,3005,195,984,2025-06-26 10:36:10,POWER_ALARM,Critical,True
10226,1888,462,331,2024-03-07 19:46:48,POWER_ALARM,Minor,True
10227,2854,315,635,2025-09-26 08:18:16,CPU_OVERLOAD,Minor,False
10228,3882,476,596,2024-07-05 10:58:06,ANTENNA_FAULT,Minor,True
10229,4836,251,86,2025-08-27 01:46:47,CPU_OVERLOAD,Minor,False
10230,2783,123,596,2025-12-06 12:30:11,POWER_ALARM,Minor,True
10231,3508,292,994,2025-02-25 11:41:18,MEMORY_HIGH,Minor,True
10232,260,404,362,2025-06-21 01:20:41,SOFTWARE_CRASH,Info,False
10233,44,182,319,2025-12-20 13:03:00,RBS_OVER_TEMP,Info,False
10234,3271,214,608,2025-06-23 15:10:45,CPU_OVERLOAD,Minor,False
10235,2095,311,825,2024-02-04 13:15:22,ANTENNA_FAULT,Info,False
10236,3153,97,72,2024-04-27 17:29:40,BATTERY_LOW,Major,False
10237,4458,483,813,2024-07-05 05:01:14,ANTENNA_FAULT,Minor,False
10238,369,430,820,2024-12-24 11:22:08,SYNC_LOSS,Major,False
10239,502,418,190,2025-09-03 03:30:14,SYNC_LOSS,Info,False
10240,3920,401,382,2024-02-19 16:14:37,FIBRE_BREAK,Minor,False
10241,1897,70,65,2025-12-29 01:25:49,POWER_ALARM,Info,True
10242,2521,165,377,2024-07-20 21:00:30,TRANSMISSION_ERROR,Major,False
10243,4047,128,391,2025-10-01 20:50:44,SIGNAL_DEGRADED,Major,False
10244,636,245,162,2024-07-27 16:43:18,SYNC_LOSS,Info,False
10245,1204,115,600,2024-08-24 14:09:25,SYNC_LOSS,Minor,True
10246,3980,295,471,2025-05-26 22:17:02,MEMORY_HIGH,Major,False
10247,3049,268,811,2024-09-04 18:09:02,ANTENNA_FAULT,Critical,False
10248,1669,348,40,2024-01-25 21:04:25,SOFTWARE_CRASH,Critical,False
10249,4050,47,206,2025-08-20 08:51:45,BATTERY_LOW,Major,False
10250,2112,30,840,2024-07-25 01:14:05,POWER_ALARM,Major,False
10251,2353,271,393,2025-01-27 16:33:19,SYNC_LOSS,Info,True
10252,235,284,389,2025-03-15 16:22:50,MEMORY_HIGH,Info,False
10253,3255,229,285,2025-01-26 10:41:54,FIBRE_BREAK,Info,True
10254,3817,234,64,2024-05-10 20:05:48,POWER_ALARM,Minor,False
10255,4290,209,197,2024-02-06 13:01:58,SOFTWARE_CRASH,Info,False
10256,646,253,424,2024-11-18 20:33:33,CPU_OVERLOAD,Info,False
10257,3656,191,68,2024-09-24 16:19:19,SYNC_LOSS,Minor,False
10258,2104,428,318,2024-03-29 19:28:13,LINK_DOWN,Minor,False
10259,2675,491,788,2025-09-28 13:33:02,POWER_ALARM,Critical,False
10260,2295,462,315,2024-03-13 09:23:12,ANTENNA_FAULT,Major,True
10261,1278,424,491,2024-02-16 22:40:59,BATTERY_LOW,Critical,False
10262,2007,37,35,2025-05-03 11:17:06,MEMORY_HIGH,Info,False
10263,4296,336,610,2025-04-16 11:19:06,LINK_DOWN,Info,True
10264,4661,271,851,2024-05-26 14:12:21,CPU_OVERLOAD,Major,False
10265,2207,268,121,2025-02-24 13:12:03,SIGNAL_DEGRADED,Info,False
10266,3938,321,18,2024-02-23 12:36:40,SYNC_LOSS,Critical,False
10267,3697,417,194,2024-10-07 21:53:49,FIBRE_BREAK,Major,True
10268,3818,376,918,2025-10-28 16:53:53,BATTERY_LOW,Info,False
10269,1509,353,483,2024-12-06 09:37:22,CPU_OVERLOAD,Critical,True
10270,2900,494,55,2025-10-07 18:18:02,TRANSMISSION_ERROR,Info,True
10271,1004,188,190,2024-02-10 11:59:36,LINK_DOWN,Info,True
10272,2623,385,45,2024-03-18 10:38:08,SYNC_LOSS,Critical,False
10273,1408,40,61,2024-05-22 16:11:58,CPU_OVERLOAD,Critical,True
10274,3493,276,236,2025-07-16 05:04:21,MEMORY_HIGH,Major,False
10275,183,111,840,2024-03-28 13:55:30,ANTENNA_FAULT,Minor,False
10276,278,471,180,2025-10-22 16:50:49,SYNC_LOSS,Major,False
10277,1537,10,556,2025-06-11 11:35:22,ANTENNA_FAULT,Critical,False
10278,2645,129,805,2024-08-01 16:55:30,LINK_DOWN,Critical,False
10279,3669,84,144,2025-08-01 17:54:51,CPU_OVERLOAD,Minor,True
10280,1496,140,664,2025-07-05 11:18:32,ANTENNA_FAULT,Major,False
10281,2739,412,283,2025-11-15 12:11:00,SIGNAL_DEGRADED,Info,False
10282,2278,139,773,2025-12-03 17:42:30,SOFTWARE_CRASH,Major,False
10283,1870,397,729,2025-08-07 15:47:15,RBS_OVER_TEMP,Critical,False
10284,410,337,718,2024-06-10 17:32:39,RBS_OVER_TEMP,Info,True
10285,2164,403,411,2024-08-04 12:32:49,RBS_OVER_TEMP,Major,True
10286,2042,399,26,2025-04-26 16:23:52,SOFTWARE_CRASH,Info,False
10287,4287,17,172,2024-10-08 04:26:04,TRANSMISSION_ERROR,Minor,False
10288,3164,123,164,2024-11-16 09:27:43,RBS_OVER_TEMP,Critical,True
10289,4855,233,929,2025-07-14 14:02:06,SIGNAL_DEGRADED,Minor,False
10290,3265,68,189,2025-05-05 21:12:02,TRANSMISSION_ERROR,Major,False
10291,3255,229,285,2025-01-26 10:41:54,SOFTWARE_CRASH,Info,False
10292,411,469,399,2025-04-08 20:00:32,CPU_OVERLOAD,Info,False
10293,4740,399,456,2025-07-06 09:31:29,ANTENNA_FAULT,Minor,False
10294,3279,186,575,2025-12-16 01:34:08,CPU_OVERLOAD,Info,True
10295,1939,105,266,2025-10-04 08:28:17,MEMORY_HIGH,Critical,False
10296,1393,363,810,2025-06-29 15:33:33,BATTERY_LOW,Minor,False
10297,1513,395,731,2024-07-31 11:14:47,POWER_ALARM,Minor,False
10298,3930,95,29,2024-06-12 16:23:00,TRANSMISSION_ERROR,Major,False
10299,3972,63,590,2025-03-20 13:03:22,ANTENNA_FAULT,Info,False
10300,1105,60,951,2024-11-06 08:48:57,ANTENNA_FAULT,Minor,True
10301,471,159,122,2025-11-16 18:53:08,SYNC_LOSS,Minor,True
10302,30,362,9,2025-11-20 15:26:19,TRANSMISSION_ERROR,Minor,False
10303,472,250,34,2025-03-15 07:05:38,LINK_DOWN,Info,False
10304,177,440,323,2024-05-02 09:19:19,RBS_OVER_TEMP,Minor,False
10305,3482,66,11,2024-10-08 14:46:40,SIGNAL_DEGRADED,Minor,True
10306,1046,406,279,2024-09-01 01:13:15,POWER_ALARM,Minor,False
10307,1567,190,184,2024-10-16 01:27:08,LINK_DOWN,Info,False
10308,199,18,603,2024-07-17 10:04:41,FIBRE_BREAK,Info,False
10309,2509,492,583,2024-06-26 14:07:49,ANTENNA_FAULT,Major,False
10310,2128,312,622,2025-09-29 22:33:45,CPU_OVERLOAD,Minor,False
10311,1155,155,888,2025-06-24 15:40:28,LINK_DOWN,Minor,False
10312,2641,372,361,2025-12-09 09:09:54,SYNC_LOSS,Info,True
10313,1251,288,429,2025-11-18 16:58:52,CPU_OVERLOAD,Critical,False
10314,2748,476,192,2025-03-09 14:55:50,FIBRE_BREAK,Major,True
10315,3427,144,168,2024-01-10 01:22:53,TRANSMISSION_ERROR,Critical,False
10316,3022,164,675,2024-10-04 06:52:02,LINK_DOWN,Major,True
10317,2295,462,315,2024-03-13 08:57:12,BATTERY_LOW,Minor,False
10318,3242,151,598,2024-03-23 16:42:04,BATTERY_LOW,Minor,False
10319,1769,32,171,2025-08-02 05:21:11,BATTERY_LOW,Major,True
10320,3500,466,482,2025-03-28 13:20:28,SOFTWARE_CRASH,Critical,False
10321,2310,468,561,2025-04-26 20:36:56,BATTERY_LOW,Info,False
10322,12,100,503,2025-08-01 13:49:33,LINK_DOWN,Minor,True
10323,4138,286,615,2024-12-19 13:59:29,SYNC_LOSS,Major,False
10324,3948,395,141,2024-01-14 19:56:01,MEMORY_HIGH,Critical,True
10325,2612,457,988,2024-03-26 08:49:41,MEMORY_HIGH,Major,True
10326,3593,322,737,2024-06-08 20:40:48,RBS_OVER_TEMP,Critical,False
10327,3676,59,137,2025-11-25 10:01:07,LINK_DOWN,Critical,True
10328,3838,129,538,2024-11-15 15:31:28,LINK_DOWN,Info,False
10329,4955,219,434,2024-06-22 16:07:06,LINK_DOWN,Critical,False
10330,4015,445,527,2024-01-07 12:40:57,RBS_OVER_TEMP,Minor,False
10331,2720,76,885,2025-03-01 11:00:38,POWER_ALARM,Info,False
10332,3820,221,339,2024-05-13 00:47:45,RBS_OVER_TEMP,Info,False
10333,1949,309,787,2024-07-24 00:20:38,SOFTWARE_CRASH,Info,True
10334,4455,18,306,2024-12-09 16:59:35,SOFTWARE_CRASH,Minor,False
10335,3152,37,941,2024-02-16 14:45:06,MEMORY_HIGH,Minor,False
10336,2254,307,82,2025-07-08 02:05:41,SOFTWARE_CRASH,Minor,False
10337,4609,24,552,2024-08-30 07:16:02,POWER_ALARM,Critical,False
10338,3915,156,79,2025-07-05 00:04:37,LINK_DOWN,Info,False
10339,2302,164,290,2025-01-27 17:48:44,TRANSMISSION_ERROR,Major,False
10340,2345,282,763,2025-02-01 16:01:05,FIBRE_BREAK,Minor,True
10341,4852,314,406,2025-11-16 20:02:34,TRANSMISSION_ERROR,Major,True
10342,3956,53,263,2025-06-03 13:09:37,SIGNAL_DEGRADED,Major,True
10343,2059,335,732,2024-06-15 11:55:49,SOFTWARE_CRASH,Critical,True
10344,365,344,860,2025-01-10 13:30:42,LINK_DOWN,Critical,False
10345,634,41,310,2025-07-11 13:33:29,FIBRE_BREAK,Minor,False
10346,3217,313,210,2024-11-27 01:57:19,FIBRE_BREAK,Critical,True
10347,1081,467,63,2024-07-29 04:10:13,SYNC_LOSS,Critical,True
10348,3942,448,123,2024-06-26 23:31:00,MEMORY_HIGH,Major,False
10349,2622,79,960,2024-07-12 09:14:18,SOFTWARE_CRASH,Critical,False
10350,4874,422,344,2024-11-30 11:05:45,ANTENNA_FAULT,Major,True
10351,1294,270,600,2025-10-14 05:27:37,MEMORY_HIGH,Minor,False
10352,2135,296,122,2024-10-22 15:48:06,POWER_ALARM,Major,False
10353,3664,229,886,2024-11-17 10:00:07,CPU_OVERLOAD,Critical,True
10354,2763,477,376,2025-07-03 14:23:30,RBS_OVER_TEMP,Info,False
10355,1823,117,340,2025-03-10 10:16:30,CPU_OVERLOAD,Minor,False
10356,2753,12,265,2025-09-08 08:26:39,CPU_OVERLOAD,Minor,True
10357,1813,471,522,2025-10-13 13:51:15,LINK_DOWN,Info,False
10358,4099,19,385,2025-10-17 17:00:32,POWER_ALARM,Major,False
10359,1460,273,673,2024-11-28 12:21:26,MEMORY_HIGH,Info,False
10360,2438,339,972,2025-11-05 23:38:35,SOFTWARE_CRASH,Info,False
10361,985,368,958,2024-10-01 09:46:32,TRANSMISSION_ERROR,Minor,False
10362,1741,103,935,2025-05-06 12:09:29,CPU_OVERLOAD,Minor,False
10363,1537,10,556,2025-06-11 11:49:22,BATTERY_LOW,Major,False
10364,1417,378,460,2024-01-19 08:42:52,ANTENNA_FAULT,Minor,True
10365,4384,155,810,2025-10-09 13:59:05,MEMORY_HIGH,Major,False
10366,475,234,745,2025-06-10 02:15:31,MEMORY_HIGH,Minor,True
10367,1746,37,892,2025-07-15 15:44:32,CPU_OVERLOAD,Info,False
10368,1278,424,491,2024-02-16 22:51:59,ANTENNA_FAULT,Critical,False
10369,3777,246,940,2024-10-07 19:22:32,CPU_OVERLOAD,Info,False
10370,4425,327,690,2025-10-14 12:10:58,SYNC_LOSS,Minor,False
10371,1797,271,230,2024-04-27 15:54:44,SOFTWARE_CRASH,Major,False
10372,2043,46,667,2024-08-22 15:24:25,TRANSMISSION_ERROR,Minor,False
10373,1705,457,931,2024-06-20 11:18:37,CPU_OVERLOAD,Major,False
10374,2071,248,428,2025-01-25 15:44:36,ANTENNA_FAULT,Major,False
10375,4203,497,327,2025-04-24 09:17:30,POWER_ALARM,Minor,False
10376,2296,164,613,2024-08-01 10:03:18,SYNC_LOSS,Critical,True
10377,1589,459,905,2025-12-11 07:59:31,ANTENNA_FAULT,Minor,True
10378,3378,11,44,2025-12-01 20:40:15,BATTERY_LOW,Minor,False
10379,1734,174,149,2024-03-15 02:23:30,SIGNAL_DEGRADED,Minor,False
10380,4463,64,347,2025-08-12 14:16:54,SOFTWARE_CRASH,Info,True
10381,3965,183,963,2025-04-28 10:11:23,TRANSMISSION_ERROR,Info,False
10382,674,11,668,2025-05-30 23:14:11,SIGNAL_DEGRADED,Critical,False
10383,3913,117,871,2025-09-30 12:04:51,LINK_DOWN,Info,True
10384,2431,286,358,2024-09-25 14:53:15,SYNC_LOSS,Major,False
10385,3640,308,96,2024-05-11 04:23:45,SOFTWARE_CRASH,Minor,True
10386,2345,282,763,2025-02-01 16:09:05,BATTERY_LOW,Minor,False
10387,3177,289,357,2025-06-29 05:29:08,RBS_OVER_TEMP,Info,False
10388,2204,307,124,2024-12-25 16:16:56,SOFTWARE_CRASH,Critical,False
10389,1508,34,505,2024-05-24 01:56:33,SIGNAL_DEGRADED,Minor,True
10390,1561,133,47,2024-08-11 00:53:40,RBS_OVER_TEMP,Critical,False
10391,1571,32,307,2024-07-24 07:29:41,TRANSMISSION_ERROR,Info,False
10392,2259,473,679,2024-10-14 17:30:29,FIBRE_BREAK,Minor,True
10393,2936,257,852,2025-01-11 14:07:32,POWER_ALARM,Critical,False
10394,3481,205,761,2024-04-30 12:29:10,SIGNAL_DEGRADED,Info,True
10395,4330,143,310,2024-02-15 15:52:38,ANTENNA_FAULT,Minor,True
10396,2314,336,356,2024-01-21 04:24:31,CPU_OVERLOAD,Info,False
10397,4482,496,587,2025-04-21 03:01:31,SOFTWARE_CRASH,Minor,True
10398,1107,159,877,2025-06-03 11:02:32,LINK_DOWN,Minor,True
10399,2937,40,206,2025-12-07 12:34:45,ANTENNA_FAULT,Critical,True
10400,4209,80,98,2025-09-09 09:29:06,POWER_ALARM,Major,False
10401,1098,99,702,2024-07-23 16:03:25,CPU_OVERLOAD,Info,False
10402,4132,457,330,2024-09-14 11:05:13,ANTENNA_FAULT,Minor,False
10403,4417,348,21,2025-10-15 09:09:30,ANTENNA_FAULT,Info,False
10404,1671,28,69,2024-02-22 09:41:25,TRANSMISSION_ERROR,Minor,False
10405,3602,146,517,2025-03-01 21:34:53,FIBRE_BREAK,Major,False
10406,759,86,561,2024-09-26 13:49:24,BATTERY_LOW,Critical,False
10407,3510,323,8,2024-10-14 04:59:38,POWER_ALARM,Info,True
10408,2423,393,885,2024-03-05 15:18:10,MEMORY_HIGH,Critical,False
10409,3399,91,63,2025-10-26 16:01:08,FIBRE_BREAK,Critical,False
10410,1656,180,539,2024-07-09 21:54:21,SIGNAL_DEGRADED,Minor,True
10411,1323,443,824,2025-03-06 16:27:05,POWER_ALARM,Info,False
10412,762,45,968,2024-06-20 01:47:53,SYNC_LOSS,Minor,False
10413,4688,310,737,2024-06-30 09:02:17,TRANSMISSION_ERROR,Minor,True
10414,2068,203,928,2025-08-31 16:52:49,SIGNAL_DEGRADED,Minor,False
10415,981,359,972,2024-12-25 16:31:06,SOFTWARE_CRASH,Critical,False
10416,4750,471,708,2024-01-29 05:17:30,RBS_OVER_TEMP,Major,True
10417,406,102,647,2024-02-25 11:25:38,LINK_DOWN,Critical,False
10418,4601,479,691,2025-06-27 03:55:25,FIBRE_BREAK,Major,False
10419,1978,247,389,2025-06-14 17:54:58,RBS_OVER_TEMP,Minor,True
10420,3276,455,707,2024-01-01 09:39:01,POWER_ALARM,Minor,False
10421,3627,314,897,2024-02-03 11:32:30,SIGNAL_DEGRADED,Info,False
10422,714,139,479,2025-07-21 19:05:56,POWER_ALARM,Minor,False
10423,4952,296,677,2025-06-29 09:09:51,RBS_OVER_TEMP,Minor,False
10424,1782,83,788,2024-02-06 16:15:58,SYNC_LOSS,Info,False
10425,2275,369,268,2025-11-08 14:27:11,TRANSMISSION_ERROR,Major,True
10426,647,448,355,2024-05-18 05:43:52,POWER_ALARM,Major,False
10427,4354,309,376,2025-05-07 15:21:44,FIBRE_BREAK,Major,False
10428,3299,136,599,2024-05-20 16:01:10,RBS_OVER_TEMP,Major,False
10429,3229,44,944,2025-05-27 11:35:09,BATTERY_LOW,Info,False
10430,287,173,149,2025-07-11 18:19:14,BATTERY_LOW,Minor,True
10431,1308,154,728,2025-04-24 17:45:33,SYNC_LOSS,Critical,False
10432,2498,453,863,2025-05-07 07:57:38,ANTENNA_FAULT,Major,False
10433,2137,266,743,2024-03-29 17:02:53,POWER_ALARM,Minor,False
10434,2048,465,635,2024-01-03 09:20:26,RBS_OVER_TEMP,Major,False
10435,1041,189,264,2025-02-18 10:12:15,SIGNAL_DEGRADED,Critical,False
10436,3077,122,797,2024-05-14 17:57:53,CPU_OVERLOAD,Info,False
10437,865,490,591,2024-10-16 03:28:25,SYNC_LOSS,Major,True
10438,3304,48,9,2025-07-25 14:58:35,LINK_DOWN,Major,False
10439,655,203,24,2024-10-25 11:42:55,SOFTWARE_CRASH,Major,False
10440,3031,417,820,2025-11-07 17:00:54,FIBRE_BREAK,Info,False
10441,4149,51,42,2025-04-02 17:11:07,LINK_DOWN,Minor,False
10442,1789,361,225,2024-12-02 23:58:54,BATTERY_LOW,Minor,False
10443,2241,115,574,2024-03-13 11:46:10,CPU_OVERLOAD,Minor,False
10444,4497,145,297,2025-08-16 02:32:50,SIGNAL_DEGRADED,Info,False
10445,2761,383,953,2025-04-09 05:33:42,FIBRE_BREAK,Major,True
10446,193,284,899,2024-04-29 12:26:02,CPU_OVERLOAD,Major,True
10447,3323,234,54,2024-08-25 01:51:54,FIBRE_BREAK,Major,True
10448,2745,98,98,2024-08-21 13:53:40,BATTERY_LOW,Minor,False
10449,2342,89,173,2025-09-26 16:29:39,FIBRE_BREAK,Major,False
10450,552,20,899,2025-02-16 09:28:30,POWER_ALARM,Minor,False
10451,2398,154,1,2024-12-08 17:39:48,LINK_DOWN,Info,False
10452,2849,10,351,2024-08-26 00:50:02,SOFTWARE_CRASH,Major,False
10453,665,146,498,2025-06-02 09:56:39,SYNC_LOSS,Info,True
10454,4919,447,292,2024-02-17 09:38:57,TRANSMISSION_ERROR,Info,True
10455,4793,21,467,2025-11-18 17:54:46,FIBRE_BREAK,Critical,True
10456,4694,8,241,2024-10-12 19:00:16,SYNC_LOSS,Info,False
10457,4175,345,774,2025-05-23 06:06:41,FIBRE_BREAK,Critical,True
10458,2784,346,468,2025-07-10 21:34:16,SOFTWARE_CRASH,Critical,True
10459,3039,365,566,2024-05-28 14:39:19,CPU_OVERLOAD,Minor,True
10460,4344,2,481,2025-01-11 06:39:11,MEMORY_HIGH,Minor,True
10461,318,171,346,2024-08-23 06:03:47,CPU_OVERLOAD,Critical,False
10462,375,221,950,2024-03-05 03:27:11,POWER_ALARM,Major,False
10463,1282,77,658,2024-03-25 21:02:31,POWER_ALARM,Info,False
10464,1066,369,19,2024-09-21 17:51:26,CPU_OVERLOAD,Minor,False
10465,202,430,387,2024-12-27 18:25:09,ANTENNA_FAULT,Minor,False
10466,2971,211,876,2024-09-26 04:55:50,MEMORY_HIGH,Minor,True
10467,1008,456,637,2025-02-15 20:25:17,RBS_OVER_TEMP,Minor,False
10468,3238,377,8,2024-07-20 14:06:12,TRANSMISSION_ERROR,Minor,False
10469,81,123,475,2025-04-30 15:55:26,SYNC_LOSS,Critical,False
10470,1816,313,390,2025-08-14 11:07:54,RBS_OVER_TEMP,Major,True
10471,2956,431,409,2025-03-07 11:52:47,SOFTWARE_CRASH,Minor,False
10472,1497,346,636,2024-02-01 17:02:24,FIBRE_BREAK,Major,True
10473,2323,48,869,2024-10-12 16:01:33,MEMORY_HIGH,Critical,False
10474,2903,90,625,2024-07-17 14:42:29,FIBRE_BREAK,Major,False
10475,4030,459,762,2025-09-13 20:21:56,ANTENNA_FAULT,Major,False
10476,4896,9,446,2024-01-28 01:53:26,MEMORY_HIGH,Minor,False
10477,4153,231,798,2024-05-31 08:44:18,SIGNAL_DEGRADED,Minor,False
10478,2927,62,468,2025-09-07 14:48:50,SOFTWARE_CRASH,Major,False
10479,4521,243,122,2025-02-18 21:36:42,ANTENNA_FAULT,Info,False
10480,1540,44,867,2025-04-02 11:55:53,SIGNAL_DEGRADED,Info,False
10481,2741,72,269,2026-01-01 14:17:41,ANTENNA_FAULT,Major,True
10482,60,476,756,2025-12-09 16:06:29,SIGNAL_DEGRADED,Critical,False
10483,4758,215,897,2025-12-31 12:18:14,SOFTWARE_CRASH,Major,True
10484,4243,250,311,2025-07-22 09:48:31,ANTENNA_FAULT,Info,False
10485,564,464,969,2025-05-07 23:23:59,ANTENNA_FAULT,Major,True
10486,3256,255,374,2024-09-14 17:43:45,SOFTWARE_CRASH,Minor,False
10487,1344,12,550,2024-01-31 18:07:14,POWER_ALARM,Major,False
10488,168,408,801,2024-04-24 18:54:41,POWER_ALARM,Minor,False
10489,1865,344,11,2024-03-02 13:49:14,LINK_DOWN,Critical,True
10490,670,312,443,2025-06-15 12:30:33,POWER_ALARM,Critical,False
10491,74,261,329,2024-08-09 19:11:52,LINK_DOWN,Minor,True
10492,4755,354,178,2025-07-14 14:15:17,SOFTWARE_CRASH,Major,False
10493,683,260,16,2024-05-20 21:18:16,RBS_OVER_TEMP,Minor,False
10494,2550,465,58,2025-09-27 17:18:56,TRANSMISSION_ERROR,Major,False
10495,2868,466,135,2024-03-16 08:44:00,BATTERY_LOW,Major,False
10496,3190,269,35,2024-01-15 04:45:48,SIGNAL_DEGRADED,Minor,False
10497,986,299,99,2025-05-14 21:04:40,BATTERY_LOW,Info,True
10498,2557,283,532,2025-08-09 11:10:40,RBS_OVER_TEMP,Critical,False
10499,2441,33,213,2024-05-16 08:52:24,LINK_DOWN,Minor,True
10500,274,373,839,2025-09-26 06:06:38,ANTENNA_FAULT,Info,True
10501,993,353,742,2025-03-21 09:27:47,RBS_OVER_TEMP,Minor,False
10502,3779,23,2,2024-10-29 15:00:22,RBS_OVER_TEMP,Minor,False
10503,3340,122,180,2025-12-23 23:07:44,TRANSMISSION_ERROR,Major,False
10504,2304,461,99,2025-07-07 16:33:02,SIGNAL_DEGRADED,Major,False
10505,1740,193,784,2025-10-23 09:05:05,RBS_OVER_TEMP,Minor,False
10506,2340,44,137,2024-12-18 14:42:28,SIGNAL_DEGRADED,Minor,False
10507,477,402,144,2024-11-21 11:07:04,SIGNAL_DEGRADED,Info,False
10508,2485,399,526,2024-04-14 12:03:10,SYNC_LOSS,Minor,False
10509,1128,139,662,2024-11-27 17:47:32,SIGNAL_DEGRADED,Minor,True
10510,1395,147,85,2024-09-20 11:07:05,LINK_DOWN,Major,False
10511,4273,390,362,2025-10-09 18:16:34,SOFTWARE_CRASH,Minor,False
10512,3624,337,351,2024-03-03 15:36:17,SYNC_LOSS,Minor,False
10513,3315,199,39,2024-12-19 15:02:02,TRANSMISSION_ERROR,Info,True
10514,86,89,177,2025-04-15 17:17:26,SYNC_LOSS,Info,False
10515,2963,417,592,2025-11-21 11:14:52,SOFTWARE_CRASH,Major,False
10516,2049,58,577,2025-12-13 22:21:11,ANTENNA_FAULT,Minor,False
10517,3189,474,93,2025-03-02 14:09:53,SOFTWARE_CRASH,Info,False
10518,4322,190,519,2024-10-23 09:16:38,SYNC_LOSS,Minor,True
10519,3405,76,396,2025-10-30 10:57:12,TRANSMISSION_ERROR,Info,False
10520,3057,282,545,2024-02-19 12:58:17,SOFTWARE_CRASH,Info,False
10521,1658,172,268,2025-03-08 11:00:06,SOFTWARE_CRASH,Critical,False
10522,863,251,818,2024-01-30 17:57:47,BATTERY_LOW,Major,False
10523,1585,21,25,2024-11-03 20:53:04,ANTENNA_FAULT,Major,False
10524,4411,279,363,2025-07-12 23:05:58,POWER_ALARM,Minor,False
10525,2242,300,754,2025-11-14 13:49:58,SYNC_LOSS,Critical,False
10526,2459,182,205,2025-11-26 22:07:34,SIGNAL_DEGRADED,Minor,False
10527,4684,164,852,2024-03-05 12:59:19,MEMORY_HIGH,Major,True
10528,3176,426,920,2025-03-20 20:44:30,ANTENNA_FAULT,Critical,False
10529,1451,337,287,2024-03-01 13:54:26,BATTERY_LOW,Major,False
10530,3236,416,830,2025-01-14 04:44:18,FIBRE_BREAK,Major,False
10531,1693,197,435,2025-08-06 12:40:20,SOFTWARE_CRASH,Minor,False
10532,4714,331,146,2024-09-19 02:15:25,LINK_DOWN,Info,False
10533,3446,348,516,2025-02-10 10:43:25,SIGNAL_DEGRADED,Major,False
10534,2000,148,796,2025-09-28 16:19:58,CPU_OVERLOAD,Minor,True
10535,1376,453,369,2024-09-03 17:27:46,CPU_OVERLOAD,Major,False
10536,2339,152,45,2025-06-22 14:39:56,SIGNAL_DEGRADED,Info,False
10537,2665,77,469,2024-06-04 18:43:00,ANTENNA_FAULT,Critical,True
10538,1541,239,105,2025-10-24 16:35:20,LINK_DOWN,Info,False
10539,1493,41,386,2025-03-15 17:02:05,FIBRE_BREAK,Info,False
10540,2933,214,525,2025-05-10 00:10:59,TRANSMISSION_ERROR,Minor,False
10541,1637,328,533,2024-12-20 09:25:44,ANTENNA_FAULT,Info,False
10542,1360,221,980,2024-05-14 08:23:11,SIGNAL_DEGRADED,Minor,False
10543,3570,307,276,2025-08-18 16:03:04,TRANSMISSION_ERROR,Minor,False
10544,3290,244,610,2025-05-17 17:47:02,ANTENNA_FAULT,Minor,False
10545,4875,38,622,2025-10-24 21:49:51,SOFTWARE_CRASH,Info,False
10546,968,133,392,2024-12-26 04:01:09,FIBRE_BREAK,Critical,True
10547,962,185,441,2025-03-15 02:08:48,SIGNAL_DEGRADED,Info,True
10548,1235,258,277,2025-05-31 16:07:34,BATTERY_LOW,Critical,False
10549,3410,310,708,2024-11-05 15:16:38,BATTERY_LOW,Critical,False
10550,2398,154,1,2024-12-08 17:39:48,SYNC_LOSS,Info,True
10551,2139,234,814,2025-09-27 10:29:25,TRANSMISSION_ERROR,Major,True
10552,90,69,141,2024-05-04 12:22:58,SYNC_LOSS,Major,False
10553,3731,279,803,2025-06-16 11:08:01,ANTENNA_FAULT,Critical,False
10554,3638,385,43,2024-12-03 16:50:34,SOFTWARE_CRASH,Major,False
10555,4334,61,154,2024-05-22 12:42:37,RBS_OVER_TEMP,Major,False
10556,1032,5,596,2024-12-24 09:09:05,SIGNAL_DEGRADED,Info,False
10557,3175,475,738,2025-06-14 12:20:39,BATTERY_LOW,Minor,False
10558,290,194,432,2024-05-23 12:14:15,SYNC_LOSS,Major,False
10559,574,218,633,2024-01-29 13:41:44,BATTERY_LOW,Critical,False
10560,3704,500,544,2025-10-04 22:20:47,SIGNAL_DEGRADED,Critical,False
10561,2414,250,762,2025-02-08 12:44:35,ANTENNA_FAULT,Info,True
10562,1217,36,632,2025-08-21 17:18:45,MEMORY_HIGH,Info,False
10563,1116,289,179,2025-08-12 03:15:25,SYNC_LOSS,Major,False
10564,1265,4,20,2024-04-27 21:20:20,SOFTWARE_CRASH,Major,True
10565,2404,408,146,2024-01-21 04:56:39,BATTERY_LOW,Info,True
10566,4539,325,765,2025-12-11 07:07:48,MEMORY_HIGH,Major,False
10567,4750,471,708,2024-01-29 04:48:30,TRANSMISSION_ERROR,Major,True
10568,3720,275,307,2024-07-16 18:23:20,BATTERY_LOW,Major,True
10569,3577,212,236,2025-02-12 00:39:30,BATTERY_LOW,Minor,False
10570,3114,402,291,2024-08-05 17:06:12,SIGNAL_DEGRADED,Info,False
10571,4540,111,738,2024-12-29 06:38:15,ANTENNA_FAULT,Major,False
10572,2864,60,185,2025-03-06 03:00:44,FIBRE_BREAK,Minor,True
10573,353,95,40,2024-03-30 15:17:04,RBS_OVER_TEMP,Info,False
10574,3232,34,470,2025-01-30 11:05:02,ANTENNA_FAULT,Info,False
10575,3488,222,360,2024-05-02 08:21:22,SOFTWARE_CRASH,Minor,False
10576,3036,458,142,2024-07-02 17:09:55,POWER_ALARM,Major,False
10577,1394,254,234,2024-01-29 11:13:43,CPU_OVERLOAD,Major,True
10578,587,26,904,2024-09-07 16:40:47,ANTENNA_FAULT,Minor,False
10579,1502,207,127,2025-08-24 22:27:08,POWER_ALARM,Info,False
10580,752,19,72,2024-06-30 15:17:04,TRANSMISSION_ERROR,Info,False
10581,521,187,770,2025-06-29 03:30:40,POWER_ALARM,Major,False
10582,4281,289,633,2025-11-13 09:13:15,POWER_ALARM,Info,False
10583,1758,218,370,2024-04-18 15:18:23,POWER_ALARM,Major,False
10584,2991,279,102,2025-06-23 23:21:23,CPU_OVERLOAD,Info,True
10585,1889,99,995,2024-02-19 08:14:33,FIBRE_BREAK,Minor,True
10586,241,17,601,2025-10-20 05:56:22,POWER_ALARM,Major,False
10587,4916,146,135,2025-02-25 11:38:07,CPU_OVERLOAD,Info,False
10588,1533,8,900,2024-01-24 12:00:59,SOFTWARE_CRASH,Critical,False
10589,3577,212,236,2025-02-12 01:01:30,MEMORY_HIGH,Minor,False
10590,385,91,716,2025-02-04 23:36:38,SYNC_LOSS,Info,False
10591,568,489,983,2025-01-12 14:08:47,POWER_ALARM,Minor,False
10592,2903,90,625,2024-07-17 14:42:29,SIGNAL_DEGRADED,Info,False
10593,4713,483,779,2025-09-12 17:18:43,BATTERY_LOW,Minor,False
10594,1182,384,873,2024-11-16 16:00:03,POWER_ALARM,Major,False
10595,1837,159,143,2025-03-30 13:00:57,BATTERY_LOW,Major,False
10596,4931,78,927,2024-10-26 10:17:34,TRANSMISSION_ERROR,Major,False
10597,2203,180,366,2024-06-22 03:56:01,LINK_DOWN,Minor,True
10598,1897,70,65,2025-12-29 01:25:49,FIBRE_BREAK,Minor,False
10599,1592,103,254,2025-06-13 14:52:47,SIGNAL_DEGRADED,Minor,False
10600,1823,117,340,2025-03-10 10:09:30,RBS_OVER_TEMP,Major,False
10601,4336,419,157,2024-08-26 09:33:39,SOFTWARE_CRASH,Major,True
10602,253,137,364,2024-02-01 11:05:14,LINK_DOWN,Critical,False
10603,87,221,320,2025-07-29 17:07:25,SYNC_LOSS,Minor,False
10604,1565,190,8,2024-03-28 21:10:33,CPU_OVERLOAD,Info,False
10605,1755,123,634,2024-03-25 13:13:58,ANTENNA_FAULT,Minor,False
10606,1854,191,14,2025-05-06 17:32:41,BATTERY_LOW,Info,False
10607,1114,190,499,2024-05-10 21:07:57,FIBRE_BREAK,Info,True
10608,4516,27,425,2025-02-12 00:00:56,LINK_DOWN,Info,False
10609,3005,195,984,2025-06-26 10:50:10,ANTENNA_FAULT,Critical,False
10610,4839,354,696,2024-03-12 03:53:59,BATTERY_LOW,Minor,True
10611,4389,27,771,2025-05-07 09:44:32,POWER_ALARM,Critical,True
10612,4467,456,443,2024-06-20 00:27:24,ANTENNA_FAULT,Critical,True
10613,2496,82,154,2024-07-24 12:16:42,FIBRE_BREAK,Minor,False
10614,3878,170,762,2024-01-15 18:35:59,CPU_OVERLOAD,Minor,False
10615,317,96,995,2024-03-28 23:19:46,POWER_ALARM,Info,False
10616,4360,241,11,2025-01-25 17:46:02,CPU_OVERLOAD,Info,True
10617,4464,164,310,2024-08-24 15:08:19,POWER_ALARM,Major,True
10618,4016,43,841,2025-12-17 17:26:03,SYNC_LOSS,Major,True
10619,4763,375,730,2025-03-10 00:29:06,CPU_OVERLOAD,Info,False
10620,1202,485,332,2024-08-18 13:28:09,POWER_ALARM,Info,False
10621,4784,190,779,2025-02-11 14:10:49,BATTERY_LOW,Info,True
10622,2561,476,624,2024-10-21 18:10:02,BATTERY_LOW,Major,False
10623,1255,395,918,2025-09-07 13:48:36,TRANSMISSION_ERROR,Minor,False
10624,2932,203,588,2025-10-20 08:52:20,CPU_OVERLOAD,Info,False
10625,4326,60,247,2025-07-12 08:40:39,FIBRE_BREAK,Critical,False
10626,1775,247,904,2024-09-22 22:22:04,POWER_ALARM,Info,True
10627,3244,160,320,2024-03-10 03:33:43,MEMORY_HIGH,Critical,False
10628,2095,311,825,2024-02-04 13:19:22,POWER_ALARM,Minor,True
10629,4324,182,723,2025-08-14 17:16:25,RBS_OVER_TEMP,Info,False
10630,253,137,364,2024-02-01 11:16:14,POWER_ALARM,Critical,True
10631,969,308,565,2025-05-25 11:55:10,SOFTWARE_CRASH,Critical,False
10632,4626,131,731,2024-04-24 09:39:22,ANTENNA_FAULT,Minor,True
10633,1805,290,134,2024-06-28 07:17:15,CPU_OVERLOAD,Minor,False
10634,3282,368,116,2025-07-20 09:18:58,SOFTWARE_CRASH,Minor,True
10635,3453,194,815,2025-04-21 12:38:36,TRANSMISSION_ERROR,Minor,False
10636,150,190,581,2024-03-18 10:34:39,BATTERY_LOW,Minor,False
10637,3563,330,637,2025-05-22 01:09:22,SYNC_LOSS,Critical,False
10638,3107,425,647,2024-10-23 14:24:05,CPU_OVERLOAD,Critical,True
10639,2731,470,138,2025-05-08 20:55:06,LINK_DOWN,Info,False
10640,1471,299,829,2024-03-02 15:39:53,SOFTWARE_CRASH,Major,False
10641,2476,354,429,2024-06-03 16:37:18,BATTERY_LOW,Minor,True
10642,4243,250,311,2025-07-22 09:47:31,CPU_OVERLOAD,Major,False
10643,1642,285,639,2024-07-02 08:22:12,ANTENNA_FAULT,Info,False
10644,3151,44,24,2025-05-15 05:31:37,SYNC_LOSS,Minor,True
10645,3437,261,681,2025-11-18 17:27:34,CPU_OVERLOAD,Info,True
10646,4721,91,108,2025-09-24 08:31:10,LINK_DOWN,Info,False
10647,1961,459,200,2025-12-12 12:28:17,TRANSMISSION_ERROR,Major,False
10648,2698,355,721,2024-09-28 16:54:43,LINK_DOWN,Info,False
10649,2569,227,925,2024-09-15 09:32:25,CPU_OVERLOAD,Minor,False
10650,4453,43,640,2025-03-03 09:12:08,SIGNAL_DEGRADED,Minor,False
10651,1394,254,234,2024-01-29 11:02:43,MEMORY_HIGH,Info,False
10652,2993,484,373,2025-10-04 08:49:44,CPU_OVERLOAD,Critical,True
10653,2285,302,491,2025-07-25 13:30:31,POWER_ALARM,Minor,False
10654,2949,139,929,2024-01-24 13:11:59,RBS_OVER_TEMP,Minor,True
10655,171,455,965,2024-12-02 09:56:28,CPU_OVERLOAD,Info,False
10656,2522,152,25,2025-05-13 22:58:42,SIGNAL_DEGRADED,Major,False
10657,3264,459,246,2025-11-03 13:42:45,SIGNAL_DEGRADED,Major,False
10658,1115,246,112,2024-07-01 12:02:12,TRANSMISSION_ERROR,Info,False
10659,1075,112,249,2025-10-29 18:54:36,SIGNAL_DEGRADED,Minor,False
10660,3038,178,242,2025-07-02 07:40:43,ANTENNA_FAULT,Minor,True
10661,3013,357,356,2025-10-19 08:12:45,MEMORY_HIGH,Info,False
10662,4728,300,653,2025-08-22 11:22:47,SIGNAL_DEGRADED,Info,False
10663,2927,62,468,2025-09-07 14:44:50,RBS_OVER_TEMP,Major,True
10664,3414,40,90,2024-08-09 05:52:39,POWER_ALARM,Info,True
10665,4770,311,36,2025-06-29 14:25:29,POWER_ALARM,Critical,True
10666,44,182,319,2025-12-20 13:09:00,BATTERY_LOW,Info,True
10667,2780,490,864,2025-07-19 14:04:20,CPU_OVERLOAD,Minor,True
10668,4909,381,900,2025-09-26 12:33:45,RBS_OVER_TEMP,Minor,True
10669,4968,214,584,2024-12-03 13:38:59,MEMORY_HIGH,Info,True
10670,1677,79,379,2024-08-23 16:33:12,ANTENNA_FAULT,Major,False
10671,4478,41,800,2025-08-29 15:17:42,SOFTWARE_CRASH,Info,False
10672,18,88,329,2025-09-19 11:07:41,SYNC_LOSS,Minor,False
10673,647,448,355,2024-05-18 05:20:52,SIGNAL_DEGRADED,Major,False
10674,3840,400,83,2025-11-12 21:50:28,RBS_OVER_TEMP,Minor,False
10675,2494,139,821,2024-07-29 04:56:38,SYNC_LOSS,Minor,True
10676,4594,290,976,2025-12-23 18:31:32,CPU_OVERLOAD,Major,False
10677,3150,466,632,2025-01-27 23:49:40,MEMORY_HIGH,Major,False
10678,1896,43,526,2026-01-01 13:24:43,CPU_OVERLOAD,Minor,False
10679,1621,363,195,2025-06-18 11:58:39,ANTENNA_FAULT,Info,True
10680,4119,440,830,2024-12-16 05:08:48,LINK_DOWN,Major,False
10681,4472,395,151,2024-01-20 18:11:48,TRANSMISSION_ERROR,Minor,False
10682,2223,429,386,2025-04-26 14:09:48,LINK_DOWN,Major,False
10683,2802,221,292,2024-01-16 13:28:30,BATTERY_LOW,Info,False
10684,4518,474,320,2024-12-12 09:19:24,LINK_DOWN,Info,False
10685,1150,455,657,2025-09-27 10:31:53,SIGNAL_DEGRADED,Critical,True
10686,1746,37,892,2025-07-15 15:43:32,SOFTWARE_CRASH,Minor,True
10687,3856,438,609,2025-06-23 14:18:35,LINK_DOWN,Critical,False
10688,777,268,142,2024-03-07 17:25:02,TRANSMISSION_ERROR,Critical,True
10689,1928,327,108,2025-04-30 10:45:54,CPU_OVERLOAD,Minor,False
10690,3616,46,307,2024-09-22 13:13:50,SYNC_LOSS,Minor,True
10691,3253,318,959,2025-07-07 08:01:07,RBS_OVER_TEMP,Minor,False
10692,582,25,751,2024-07-22 10:06:58,CPU_OVERLOAD,Major,False
10693,4820,100,737,2024-02-16 10:14:35,SIGNAL_DEGRADED,Minor,False
10694,3264,459,246,2025-11-03 13:43:45,TRANSMISSION_ERROR,Minor,False
10695,606,134,891,2024-11-21 11:37:25,LINK_DOWN,Critical,False
10696,1094,132,570,2025-01-04 20:56:49,LINK_DOWN,Minor,True
10697,839,90,686,2024-05-31 16:02:25,TRANSMISSION_ERROR,Minor,True
10698,2407,14,977,2024-03-17 08:59:33,LINK_DOWN,Info,True
10699,2473,487,694,2024-03-01 11:53:56,POWER_ALARM,Minor,False
10700,4173,469,690,2024-09-02 17:55:21,FIBRE_BREAK,Major,True
10701,3792,407,836,2025-04-16 06:24:41,SYNC_LOSS,Info,False
10702,2545,79,99,2024-08-04 14:48:34,CPU_OVERLOAD,Info,False
10703,915,494,2,2024-11-21 14:25:08,SYNC_LOSS,Critical,False
10704,349,363,420,2025-10-17 00:17:38,SIGNAL_DEGRADED,Minor,False
10705,2477,319,782,2025-07-23 10:59:23,SYNC_LOSS,Minor,True
10706,4620,148,667,2025-08-06 21:31:45,SYNC_LOSS,Minor,True
10707,1772,120,910,2024-01-24 14:12:17,CPU_OVERLOAD,Major,False
10708,1722,205,500,2025-11-24 04:39:48,POWER_ALARM,Info,False
10709,4453,43,640,2025-03-03 09:15:08,SIGNAL_DEGRADED,Info,False
10710,2340,44,137,2024-12-18 14:42:28,BATTERY_LOW,Major,False
10711,4649,394,916,2025-05-09 04:26:08,MEMORY_HIGH,Major,False
10712,4817,204,449,2024-12-30 16:55:44,MEMORY_HIGH,Minor,False
10713,2200,279,11,2024-07-03 18:02:53,CPU_OVERLOAD,Critical,True
10714,3631,459,3,2025-10-18 21:41:58,POWER_ALARM,Critical,False
10715,1771,97,661,2024-04-13 15:32:01,POWER_ALARM,Critical,False
10716,4808,122,292,2025-11-26 02:14:20,MEMORY_HIGH,Major,False
10717,1883,321,383,2024-10-10 10:46:50,TRANSMISSION_ERROR,Info,True
10718,2809,376,746,2025-05-28 17:48:48,SYNC_LOSS,Minor,True
10719,1009,260,270,2025-02-25 08:03:42,CPU_OVERLOAD,Minor,False
10720,3426,185,327,2025-08-25 10:53:50,CPU_OVERLOAD,Critical,True
10721,3464,211,91,2025-01-22 09:12:47,ANTENNA_FAULT,Critical,True
10722,1945,122,860,2024-02-07 18:52:41,TRANSMISSION_ERROR,Info,False
10723,2993,484,373,2025-10-04 08:43:44,SIGNAL_DEGRADED,Critical,True
10724,1706,175,182,2025-12-28 03:29:28,POWER_ALARM,Minor,True
10725,502,418,190,2025-09-03 03:30:14,POWER_ALARM,Major,True
10726,4894,378,619,2025-08-30 10:36:59,RBS_OVER_TEMP,Major,False
10727,2929,407,677,2025-08-16 15:53:02,TRANSMISSION_ERROR,Minor,False
10728,750,376,64,2025-11-06 19:04:31,SOFTWARE_CRASH,Info,True
10729,1850,114,638,2025-05-13 16:29:17,TRANSMISSION_ERROR,Info,False
10730,1157,221,893,2024-11-17 10:45:48,SOFTWARE_CRASH,Major,False
10731,3977,352,584,2025-11-06 11:32:03,SOFTWARE_CRASH,Info,False
10732,3789,266,327,2025-08-27 22:22:38,MEMORY_HIGH,Major,True
10733,4709,393,120,2024-10-28 17:40:14,SIGNAL_DEGRADED,Minor,False
10734,4161,265,499,2025-08-12 08:21:27,POWER_ALARM,Major,True
10735,3831,329,539,2025-03-22 08:55:19,SYNC_LOSS,Major,False
10736,696,427,585,2024-08-15 09:18:54,TRANSMISSION_ERROR,Info,False
10737,2617,368,190,2025-02-15 11:02:10,MEMORY_HIGH,Critical,False
10738,2691,472,304,2024-10-25 20:59:13,SYNC_LOSS,Info,True
10739,119,382,289,2024-07-11 17:42:50,MEMORY_HIGH,Minor,True
10740,2042,399,26,2025-04-26 16:22:52,MEMORY_HIGH,Info,False
10741,2105,161,35,2024-11-21 14:59:15,SYNC_LOSS,Info,False
10742,55,450,333,2024-03-30 05:48:10,MEMORY_HIGH,Critical,True
10743,2058,205,248,2024-05-17 14:43:16,LINK_DOWN,Minor,False
10744,4087,91,341,2025-07-26 15:59:55,FIBRE_BREAK,Minor,True
10745,4611,164,751,2025-06-07 16:16:34,CPU_OVERLOAD,Minor,False
10746,1343,386,97,2025-11-10 04:17:31,TRANSMISSION_ERROR,Minor,False
10747,247,319,425,2024-11-01 19:29:26,TRANSMISSION_ERROR,Major,False
10748,208,253,770,2025-04-13 19:02:02,FIBRE_BREAK,Info,False
10749,595,131,419,2024-03-18 16:15:53,SYNC_LOSS,Critical,True
10750,3175,475,738,2025-06-14 12:22:39,RBS_OVER_TEMP,Minor,False
10751,2797,450,962,2024-01-03 16:21:43,POWER_ALARM,Major,False
10752,2560,214,637,2025-05-10 18:43:36,SOFTWARE_CRASH,Info,False
10753,2099,110,517,2025-11-15 15:22:30,SOFTWARE_CRASH,Minor,False
10754,3072,343,57,2024-05-25 22:03:17,SYNC_LOSS,Minor,False
10755,1973,137,849,2025-05-16 10:14:49,BATTERY_LOW,Major,False
10756,3839,438,898,2025-10-01 11:12:04,SOFTWARE_CRASH,Major,False
10757,3071,337,765,2024-03-26 13:35:24,SOFTWARE_CRASH,Critical,False
10758,899,165,898,2025-12-14 13:00:37,ANTENNA_FAULT,Info,False
10759,2383,255,517,2025-11-19 06:29:38,POWER_ALARM,Minor,False
10760,1048,102,911,2025-12-03 03:26:49,CPU_OVERLOAD,Minor,False
10761,425,390,688,2024-03-04 17:01:22,SYNC_LOSS,Minor,True
10762,2548,324,803,2024-03-18 19:14:34,SOFTWARE_CRASH,Info,True
10763,3194,356,262,2024-04-08 15:46:56,ANTENNA_FAULT,Info,False
10764,2317,297,527,2024-12-20 08:32:47,SIGNAL_DEGRADED,Minor,False
10765,1417,378,460,2024-01-19 09:16:52,FIBRE_BREAK,Major,False
10766,1859,492,20,2024-08-14 14:19:03,POWER_ALARM,Critical,False
10767,1404,89,4,2024-11-22 10:04:14,LINK_DOWN,Minor,False
10768,1105,60,951,2024-11-06 08:44:57,SYNC_LOSS,Info,True
10769,864,207,990,2025-05-29 12:57:59,POWER_ALARM,Critical,True
10770,1701,6,645,2025-10-06 06:26:35,ANTENNA_FAULT,Minor,False
10771,3668,209,160,2024-03-18 04:32:22,SYNC_LOSS,Minor,False
10772,733,340,275,2025-10-10 09:41:23,LINK_DOWN,Critical,True
10773,1199,217,892,2025-09-04 02:15:12,CPU_OVERLOAD,Critical,False
10774,191,178,283,2025-08-22 09:33:59,RBS_OVER_TEMP,Major,False
10775,4741,139,371,2025-07-10 16:36:09,TRANSMISSION_ERROR,Minor,True
10776,2932,203,588,2025-10-20 08:57:20,RBS_OVER_TEMP,Major,True
10777,2432,229,815,2025-03-11 20:54:34,FIBRE_BREAK,Minor,True
10778,437,180,294,2025-09-30 02:59:13,ANTENNA_FAULT,Info,True
10779,1191,20,490,2025-01-18 00:33:11,ANTENNA_FAULT,Critical,False
10780,124,384,712,2024-07-25 08:59:36,SOFTWARE_CRASH,Critical,False
10781,2605,223,683,2025-01-10 14:02:36,MEMORY_HIGH,Major,False
10782,3914,175,805,2024-02-16 17:11:25,SYNC_LOSS,Info,False
10783,4696,33,69,2025-06-11 03:03:38,SOFTWARE_CRASH,Major,False
10784,1034,42,940,2025-11-18 09:42:00,SYNC_LOSS,Major,True
10785,2972,83,171,2025-04-24 14:41:30,ANTENNA_FAULT,Critical,False
10786,4432,334,840,2024-10-31 02:57:05,BATTERY_LOW,Major,False
10787,350,278,545,2025-08-22 16:42:04,SIGNAL_DEGRADED,Minor,False
10788,4251,118,976,2025-09-08 11:08:48,CPU_OVERLOAD,Major,False
10789,712,92,158,2025-01-28 18:20:01,BATTERY_LOW,Major,False
10790,1725,136,474,2025-08-19 03:33:26,ANTENNA_FAULT,Minor,False
10791,3159,154,891,2024-10-26 15:26:05,CPU_OVERLOAD,Critical,False
10792,83,283,24,2025-04-20 00:30:56,CPU_OVERLOAD,Major,True
10793,3988,436,752,2024-12-29 01:45:48,SIGNAL_DEGRADED,Info,False
10794,4284,319,969,2024-12-13 13:14:24,SYNC_LOSS,Critical,False
10795,2902,479,444,2025-07-03 19:06:10,MEMORY_HIGH,Info,False
10796,1089,124,723,2024-05-11 14:37:56,ANTENNA_FAULT,Minor,True
10797,1814,72,983,2024-11-20 03:45:05,MEMORY_HIGH,Minor,True
10798,4032,234,724,2025-08-14 09:47:26,RBS_OVER_TEMP,Info,False
10799,1094,132,570,2025-01-04 20:56:49,MEMORY_HIGH,Info,False
10800,2210,458,591,2024-02-28 11:43:17,POWER_ALARM,Minor,True
10801,4460,113,310,2025-10-05 22:04:10,CPU_OVERLOAD,Info,False
10802,1562,145,543,2024-11-14 08:10:10,LINK_DOWN,Info,False
10803,4047,128,391,2025-10-01 20:44:44,ANTENNA_FAULT,Minor,True
10804,4968,214,584,2024-12-03 13:45:59,FIBRE_BREAK,Critical,False
10805,2862,182,522,2025-03-26 13:37:40,POWER_ALARM,Minor,True
10806,2880,334,855,2025-01-11 20:43:14,POWER_ALARM,Critical,False
10807,1401,247,579,2024-05-10 03:26:39,SIGNAL_DEGRADED,Minor,True
10808,28,176,815,2024-06-30 14:31:14,FIBRE_BREAK,Critical,False
10809,598,447,593,2025-12-19 13:15:38,SOFTWARE_CRASH,Major,False
10810,1608,395,94,2024-01-11 04:57:38,ANTENNA_FAULT,Minor,False
10811,3584,204,14,2024-06-18 16:36:40,BATTERY_LOW,Minor,False
10812,2598,306,358,2024-08-30 13:45:33,ANTENNA_FAULT,Critical,False
10813,1213,199,966,2025-08-15 10:50:47,MEMORY_HIGH,Info,False
10814,4232,1,566,2024-12-28 10:22:06,FIBRE_BREAK,Minor,True
10815,3755,232,416,2025-10-19 21:01:28,POWER_ALARM,Minor,False
10816,1199,217,892,2025-09-04 02:09:12,BATTERY_LOW,Info,True
10817,3609,62,262,2024-08-27 17:42:20,SIGNAL_DEGRADED,Major,True
10818,3361,20,931,2024-04-04 13:08:21,RBS_OVER_TEMP,Critical,True
10819,468,187,344,2024-12-02 16:22:23,MEMORY_HIGH,Major,True
10820,1271,495,62,2025-12-12 17:58:05,SOFTWARE_CRASH,Major,False
10821,4792,403,580,2025-06-27 10:48:15,MEMORY_HIGH,Critical,True
10822,2089,13,821,2024-07-15 17:00:09,SYNC_LOSS,Info,False
10823,2017,4,948,2024-05-03 15:07:35,SYNC_LOSS,Minor,False
10824,1083,84,566,2025-11-14 03:23:21,CPU_OVERLOAD,Minor,False
10825,1500,497,258,2024-11-29 00:15:15,RBS_OVER_TEMP,Major,False
10826,2482,326,547,2024-10-28 03:24:07,MEMORY_HIGH,Info,False
10827,4806,416,869,2025-12-15 16:17:20,BATTERY_LOW,Major,False
10828,1341,85,903,2024-02-21 04:12:10,ANTENNA_FAULT,Info,False
10829,989,193,296,2025-10-24 05:13:51,TRANSMISSION_ERROR,Critical,False
10830,3765,51,403,2025-08-28 11:18:26,SOFTWARE_CRASH,Major,False
10831,240,88,252,2025-10-16 07:19:35,CPU_OVERLOAD,Minor,True
10832,4427,445,87,2025-07-27 05:00:26,RBS_OVER_TEMP,Minor,False
10833,3664,229,886,2024-11-17 08:28:07,CPU_OVERLOAD,Major,True
10834,4331,400,592,2025-09-08 14:48:04,FIBRE_BREAK,Critical,False
10835,574,218,633,2024-01-29 13:28:44,LINK_DOWN,Minor,False
10836,2945,480,653,2025-05-05 03:15:59,POWER_ALARM,Major,True
10837,1375,84,295,2025-05-01 12:37:13,ANTENNA_FAULT,Minor,False
10838,4225,100,463,2024-01-04 06:56:28,ANTENNA_FAULT,Info,False
10839,3376,263,502,2024-03-20 11:36:49,CPU_OVERLOAD,Info,False
10840,2340,44,137,2024-12-18 14:42:28,SOFTWARE_CRASH,Minor,True
10841,4831,317,353,2024-12-03 04:27:38,SOFTWARE_CRASH,Minor,True
10842,3921,209,766,2024-09-10 10:02:07,SIGNAL_DEGRADED,Info,False
10843,4150,257,2,2024-07-15 13:44:24,SIGNAL_DEGRADED,Critical,True
10844,894,384,200,2025-11-07 13:23:40,BATTERY_LOW,Info,False
10845,166,192,845,2024-11-27 02:55:07,FIBRE_BREAK,Info,False
10846,4725,303,542,2024-02-07 18:05:15,ANTENNA_FAULT,Minor,False
10847,2845,336,696,2025-03-14 15:44:52,SOFTWARE_CRASH,Info,False
10848,2444,17,557,2024-06-21 10:46:06,SYNC_LOSS,Info,True
10849,3498,219,828,2024-06-13 11:30:55,SOFTWARE_CRASH,Info,False
10850,1953,183,83,2024-03-18 12:32:55,TRANSMISSION_ERROR,Major,False
10851,1484,410,527,2024-08-28 14:45:27,TRANSMISSION_ERROR,Info,True
10852,2769,170,334,2025-09-12 17:06:59,CPU_OVERLOAD,Minor,True
10853,2875,203,222,2024-05-18 17:46:47,CPU_OVERLOAD,Info,False
10854,4500,308,425,2024-09-05 16:48:53,LINK_DOWN,Minor,False
10855,1179,456,952,2025-12-21 23:38:41,ANTENNA_FAULT,Info,False
10856,1629,212,262,2025-07-06 16:24:52,SYNC_LOSS,Info,True
10857,4841,145,981,2025-11-07 10:09:47,ANTENNA_FAULT,Info,False
10858,1587,250,924,2024-06-11 02:37:18,BATTERY_LOW,Info,True
10859,2203,180,366,2024-06-22 03:50:01,LINK_DOWN,Info,False
10860,4398,118,738,2025-01-25 15:05:18,TRANSMISSION_ERROR,Critical,False
10861,4707,105,726,2024-09-25 16:37:41,CPU_OVERLOAD,Major,False
10862,4521,243,122,2025-02-18 21:35:42,BATTERY_LOW,Minor,False
10863,249,451,677,2024-11-04 13:06:27,SOFTWARE_CRASH,Minor,False
10864,4119,440,830,2024-12-16 04:54:48,SIGNAL_DEGRADED,Critical,False
10865,772,482,871,2025-01-06 15:31:47,LINK_DOWN,Critical,True
10866,4902,328,404,2024-04-23 10:31:35,FIBRE_BREAK,Info,False
10867,4187,50,191,2024-04-06 15:43:05,BATTERY_LOW,Major,False
10868,4956,45,845,2024-01-09 08:30:42,MEMORY_HIGH,Minor,False
10869,778,266,997,2024-12-28 15:37:20,BATTERY_LOW,Minor,False
10870,2915,388,543,2024-04-13 11:15:46,TRANSMISSION_ERROR,Critical,False
10871,1851,379,820,2025-04-21 18:10:55,SYNC_LOSS,Minor,False
10872,2848,469,859,2025-09-02 01:35:27,POWER_ALARM,Info,False
10873,1852,123,952,2025-05-18 08:06:03,MEMORY_HIGH,Critical,True
10874,3647,178,617,2024-08-31 18:09:41,POWER_ALARM,Minor,True
10875,3245,329,875,2025-06-27 09:20:48,MEMORY_HIGH,Major,False
10876,4587,90,883,2025-09-03 12:36:35,ANTENNA_FAULT,Minor,False
10877,2243,206,699,2024-08-08 11:23:23,TRANSMISSION_ERROR,Minor,True
10878,4564,276,344,2024-07-31 20:49:40,TRANSMISSION_ERROR,Minor,False
10879,2782,168,810,2024-04-29 04:26:11,SIGNAL_DEGRADED,Major,True
10880,740,55,443,2025-11-05 15:04:17,LINK_DOWN,Info,False
10881,1420,151,900,2025-12-10 21:20:41,LINK_DOWN,Major,True
10882,1158,318,9,2025-01-26 19:15:34,ANTENNA_FAULT,Info,True
10883,4874,422,344,2024-11-30 11:08:45,TRANSMISSION_ERROR,Info,True
10884,504,4,295,2025-06-23 21:43:41,BATTERY_LOW,Major,True
10885,4173,469,690,2024-09-02 18:17:21,ANTENNA_FAULT,Info,True
10886,1768,445,913,2025-06-18 16:00:02,SOFTWARE_CRASH,Minor,False
10887,3772,433,408,2025-04-16 06:53:07,CPU_OVERLOAD,Critical,False
10888,1772,120,910,2024-01-24 14:19:17,BATTERY_LOW,Info,False
10889,3072,343,57,2024-05-25 22:00:17,ANTENNA_FAULT,Minor,False
10890,4716,123,440,2025-10-18 11:42:43,SYNC_LOSS,Info,False
10891,1148,430,521,2024-08-21 11:04:42,CPU_OVERLOAD,Minor,True
10892,756,375,377,2024-07-26 09:18:04,CPU_OVERLOAD,Minor,True
10893,4665,222,861,2024-10-02 23:09:15,BATTERY_LOW,Info,False
10894,4194,43,268,2024-05-27 11:07:52,RBS_OVER_TEMP,Major,False
10895,2452,382,616,2024-04-25 15:55:52,CPU_OVERLOAD,Critical,False
10896,3142,473,801,2024-09-06 16:48:01,CPU_OVERLOAD,Info,False
10897,4702,379,644,2025-03-11 08:56:42,POWER_ALARM,Info,True
10898,2111,425,808,2025-02-10 08:37:34,CPU_OVERLOAD,Major,False
10899,1084,260,647,2025-12-17 10:34:51,FIBRE_BREAK,Info,False
10900,3548,254,933,2024-11-20 11:17:45,SIGNAL_DEGRADED,Major,False
10901,1721,256,508,2024-10-14 04:03:15,SOFTWARE_CRASH,Info,True
10902,3087,328,243,2025-09-26 16:44:50,FIBRE_BREAK,Info,False
10903,2946,313,575,2024-03-20 18:05:38,POWER_ALARM,Minor,False
10904,4048,211,39,2024-04-17 02:41:02,ANTENNA_FAULT,Critical,False
10905,3477,498,231,2025-03-05 16:55:02,ANTENNA_FAULT,Info,True
10906,1406,467,469,2025-09-30 01:23:39,FIBRE_BREAK,Minor,True
10907,1827,191,578,2024-07-21 12:06:49,SIGNAL_DEGRADED,Major,True
10908,966,16,54,2024-02-05 00:22:17,SIGNAL_DEGRADED,Info,False
10909,1669,348,40,2024-01-25 20:54:25,CPU_OVERLOAD,Critical,False
10910,241,17,601,2025-10-20 05:48:22,TRANSMISSION_ERROR,Minor,False
10911,987,399,952,2024-12-08 20:43:12,LINK_DOWN,Major,False
10912,3065,459,471,2024-09-21 14:54:30,SYNC_LOSS,Major,True
10913,795,434,945,2024-09-19 12:37:48,SYNC_LOSS,Info,False
10914,4083,396,631,2025-08-06 12:07:09,LINK_DOWN,Critical,False
10915,2501,500,983,2025-06-26 03:47:48,RBS_OVER_TEMP,Major,False
10916,1020,469,488,2025-08-02 23:57:10,CPU_OVERLOAD,Major,True
10917,2152,146,241,2024-09-02 14:40:06,SYNC_LOSS,Critical,False
10918,2776,22,736,2024-10-17 13:03:16,MEMORY_HIGH,Critical,True
10919,4634,59,36,2024-01-28 10:47:52,ANTENNA_FAULT,Minor,False
10920,1715,464,630,2024-04-26 16:42:46,TRANSMISSION_ERROR,Info,False
10921,3980,295,471,2025-05-26 22:17:02,SIGNAL_DEGRADED,Minor,False
10922,2430,483,919,2025-03-03 15:01:10,RBS_OVER_TEMP,Info,False
10923,3593,322,737,2024-06-08 20:36:48,SOFTWARE_CRASH,Critical,True
10924,3839,438,898,2025-10-01 11:12:04,FIBRE_BREAK,Minor,False
10925,1582,217,284,2024-10-05 09:10:32,POWER_ALARM,Minor,True
10926,3756,279,809,2024-09-29 23:51:39,FIBRE_BREAK,Major,False
10927,3991,30,498,2025-09-26 04:37:48,BATTERY_LOW,Minor,False
10928,2399,163,481,2024-09-16 16:28:34,SOFTWARE_CRASH,Minor,False
10929,326,380,300,2025-02-08 08:49:45,ANTENNA_FAULT,Info,True
10930,4266,141,514,2025-02-28 01:04:57,TRANSMISSION_ERROR,Info,False
10931,798,288,594,2024-08-06 12:07:22,SOFTWARE_CRASH,Info,True
10932,4901,155,414,2024-02-25 19:00:14,MEMORY_HIGH,Critical,True
10933,2372,87,282,2025-07-23 09:06:59,SIGNAL_DEGRADED,Major,False
10934,1026,424,569,2025-07-05 08:51:25,TRANSMISSION_ERROR,Minor,False
10935,2922,46,369,2024-12-04 06:52:56,RBS_OVER_TEMP,Info,False
10936,3064,57,879,2024-12-02 14:59:55,TRANSMISSION_ERROR,Minor,True
10937,4361,378,844,2024-07-11 09:41:26,MEMORY_HIGH,Critical,False
10938,67,323,738,2024-10-21 16:56:34,LINK_DOWN,Major,False
10939,1834,257,354,2024-04-08 15:54:15,TRANSMISSION_ERROR,Minor,False
10940,3324,404,813,2024-06-28 13:41:33,FIBRE_BREAK,Major,True
10941,2863,134,668,2025-10-25 18:20:39,SOFTWARE_CRASH,Critical,True
10942,1301,344,917,2025-09-30 15:58:33,RBS_OVER_TEMP,Critical,False
10943,4659,441,102,2024-03-02 08:29:47,ANTENNA_FAULT,Info,False
10944,2184,397,916,2024-01-30 09:39:09,SIGNAL_DEGRADED,Info,False
10945,3209,364,411,2025-02-28 10:37:44,ANTENNA_FAULT,Critical,False
10946,3362,490,531,2024-06-05 18:13:16,CPU_OVERLOAD,Minor,False
10947,1893,181,103,2024-04-22 11:19:56,CPU_OVERLOAD,Minor,False
10948,1126,43,462,2024-10-29 16:09:24,ANTENNA_FAULT,Critical,False
10949,4412,29,546,2024-06-20 08:59:33,CPU_OVERLOAD,Info,False
10950,3943,355,253,2025-07-02 03:29:24,ANTENNA_FAULT,Info,False
10951,90,69,141,2024-05-04 12:23:58,RBS_OVER_TEMP,Info,False
10952,618,456,401,2024-11-25 16:58:47,POWER_ALARM,Info,False
10953,3537,275,238,2024-07-07 16:45:44,SYNC_LOSS,Info,True
10954,3168,439,892,2025-11-28 13:44:43,FIBRE_BREAK,Major,False
10955,1612,282,925,2025-10-12 15:05:16,ANTENNA_FAULT,Major,False
10956,2451,119,7,2024-10-06 16:39:51,CPU_OVERLOAD,Minor,False
10957,3516,223,170,2025-10-26 15:04:19,POWER_ALARM,Minor,False
10958,164,270,529,2025-04-09 08:43:12,FIBRE_BREAK,Minor,False
10959,1314,336,809,2024-10-29 14:55:37,TRANSMISSION_ERROR,Minor,True
10960,1381,278,967,2025-06-04 18:05:28,CPU_OVERLOAD,Critical,True
10961,4634,59,36,2024-01-28 10:48:52,BATTERY_LOW,Minor,False
10962,4860,483,867,2024-04-07 17:20:33,SIGNAL_DEGRADED,Info,True
10963,2820,290,724,2025-12-03 17:21:41,FIBRE_BREAK,Major,True
10964,2680,270,982,2024-06-02 21:26:55,RBS_OVER_TEMP,Info,False
10965,998,77,895,2025-03-18 22:54:14,SYNC_LOSS,Major,False
10966,4221,81,717,2024-01-30 00:35:14,ANTENNA_FAULT,Minor,False
10967,3198,125,821,2024-01-12 21:46:31,SOFTWARE_CRASH,Major,True
10968,4560,493,732,2025-07-17 20:30:39,CPU_OVERLOAD,Critical,False
10969,4096,327,242,2024-12-30 15:27:38,CPU_OVERLOAD,Info,True
10970,246,156,314,2024-08-25 13:05:40,LINK_DOWN,Minor,False
10971,94,183,801,2025-10-18 05:28:11,LINK_DOWN,Critical,True
10972,3327,124,550,2024-07-17 07:31:31,SYNC_LOSS,Major,True
10973,3788,171,54,2024-02-21 17:41:29,BATTERY_LOW,Major,True
10974,1520,199,248,2024-09-26 13:40:40,CPU_OVERLOAD,Minor,False
10975,539,401,234,2025-11-02 17:20:16,SOFTWARE_CRASH,Info,False
10976,1424,215,883,2024-02-22 08:28:15,TRANSMISSION_ERROR,Major,True
10977,3381,237,279,2024-10-01 18:34:51,SOFTWARE_CRASH,Minor,False
10978,3163,241,75,2025-08-04 15:48:56,MEMORY_HIGH,Info,True
10979,984,106,556,2024-09-13 18:06:43,SIGNAL_DEGRADED,Info,False
10980,207,161,455,2025-07-27 23:42:22,POWER_ALARM,Major,False
10981,3319,155,525,2024-05-30 13:46:39,MEMORY_HIGH,Critical,False
10982,1541,239,105,2025-10-24 16:33:20,BATTERY_LOW,Major,True
10983,1269,290,296,2024-12-20 15:47:33,FIBRE_BREAK,Minor,True
10984,3091,358,276,2025-08-09 12:15:59,TRANSMISSION_ERROR,Info,False
10985,2849,10,351,2024-08-26 01:09:02,TRANSMISSION_ERROR,Minor,False
10986,3798,189,405,2025-10-03 04:49:13,FIBRE_BREAK,Major,False
10987,3166,328,420,2024-11-09 15:46:11,ANTENNA_FAULT,Info,False
10988,1575,29,801,2025-05-23 16:35:43,SOFTWARE_CRASH,Minor,True
10989,3344,273,140,2025-11-08 01:26:54,SYNC_LOSS,Major,False
10990,4889,162,794,2025-01-29 06:37:33,SIGNAL_DEGRADED,Major,True
10991,327,294,106,2025-08-13 09:38:47,POWER_ALARM,Minor,False
10992,3075,191,244,2024-02-28 12:18:18,SIGNAL_DEGRADED,Critical,True
10993,1582,217,284,2024-10-05 09:15:32,LINK_DOWN,Minor,True
10994,3878,170,762,2024-01-15 17:52:59,SIGNAL_DEGRADED,Critical,True
10995,3425,17,590,2024-07-18 10:21:18,RBS_OVER_TEMP,Minor,False
10996,3648,383,927,2024-04-09 18:05:32,SIGNAL_DEGRADED,Critical,False
10997,4239,267,137,2025-08-21 11:52:34,ANTENNA_FAULT,Info,False
10998,2951,164,868,2025-10-19 17:21:21,RBS_OVER_TEMP,Critical,False
10999,4769,203,261,2025-02-25 10:41:30,SYNC_LOSS,Info,False
11000,2793,138,435,2025-12-16 17:01:38,MEMORY_HIGH,Critical,False
11001,4895,198,64,2025-05-29 15:09:32,ANTENNA_FAULT,Info,False
11002,4868,2,640,2025-02-04 08:38:16,MEMORY_HIGH,Info,False
11003,3210,317,389,2024-08-28 15:18:08,SIGNAL_DEGRADED,Info,True
11004,2317,297,527,2024-12-20 08:33:47,BATTERY_LOW,Major,True
11005,4125,169,713,2025-02-25 10:43:24,SYNC_LOSS,Info,False
11006,2570,489,281,2025-08-16 02:45:25,RBS_OVER_TEMP,Info,True
11007,1701,6,645,2025-10-06 06:16:35,MEMORY_HIGH,Major,False
11008,3380,273,393,2025-03-09 12:23:54,BATTERY_LOW,Info,True
11009,2276,320,173,2025-07-25 12:24:03,MEMORY_HIGH,Critical,False
11010,1286,77,768,2024-02-09 12:03:07,MEMORY_HIGH,Critical,False
11011,1126,43,462,2024-10-29 16:17:24,TRANSMISSION_ERROR,Major,False
11012,2099,110,517,2025-11-15 15:24:30,LINK_DOWN,Info,False
11013,2361,443,814,2024-01-17 13:16:34,SIGNAL_DEGRADED,Critical,False
11014,4821,285,966,2025-07-13 16:47:39,LINK_DOWN,Minor,False
11015,1266,235,938,2025-02-16 16:55:52,SOFTWARE_CRASH,Critical,True
11016,3470,112,96,2025-08-30 12:26:06,SOFTWARE_CRASH,Minor,False
11017,994,211,573,2024-11-12 03:43:51,POWER_ALARM,Info,True
11018,413,264,593,2024-11-18 06:43:27,MEMORY_HIGH,Minor,True
11019,1022,354,895,2025-05-02 17:32:11,ANTENNA_FAULT,Minor,True
11020,4639,53,156,2024-11-20 08:50:42,FIBRE_BREAK,Minor,True
11021,1798,325,514,2024-05-19 19:21:59,TRANSMISSION_ERROR,Critical,False
11022,1460,273,673,2024-11-28 11:48:26,LINK_DOWN,Minor,False
11023,2155,496,426,2024-03-25 02:20:27,MEMORY_HIGH,Minor,False
11024,3860,413,530,2024-11-22 11:46:22,TRANSMISSION_ERROR,Info,False
11025,1059,167,520,2025-02-06 14:11:46,SOFTWARE_CRASH,Minor,False
11026,4071,53,2,2024-12-24 16:29:07,RBS_OVER_TEMP,Info,False
11027,854,423,929,2025-03-20 00:42:01,FIBRE_BREAK,Info,False
11028,766,86,966,2025-12-21 07:47:06,ANTENNA_FAULT,Minor,True
11029,4111,235,337,2025-04-05 10:01:47,TRANSMISSION_ERROR,Major,True
11030,3954,105,389,2025-04-21 09:09:33,SOFTWARE_CRASH,Minor,False
11031,3772,433,408,2025-04-16 06:53:07,SOFTWARE_CRASH,Minor,False
11032,2063,45,160,2025-04-04 17:29:33,CPU_OVERLOAD,Info,True
11033,1756,214,539,2024-07-19 20:28:19,MEMORY_HIGH,Minor,False
11034,4968,214,584,2024-12-03 13:19:59,SYNC_LOSS,Major,True
11035,621,171,748,2026-01-01 20:59:01,FIBRE_BREAK,Info,False
11036,242,330,665,2024-02-29 19:39:33,SIGNAL_DEGRADED,Critical,False
11037,3012,339,326,2025-01-19 03:56:59,ANTENNA_FAULT,Critical,False
11038,244,26,279,2024-02-23 12:50:28,RBS_OVER_TEMP,Critical,True
11039,3917,51,313,2025-03-05 17:55:32,BATTERY_LOW,Minor,True
11040,1639,383,796,2024-12-24 09:27:45,TRANSMISSION_ERROR,Critical,False
11041,755,272,347,2025-02-01 08:23:41,RBS_OVER_TEMP,Info,False
11042,58,384,893,2025-12-03 23:54:25,RBS_OVER_TEMP,Major,False
11043,941,17,175,2024-06-14 05:45:29,FIBRE_BREAK,Info,False
11044,175,303,924,2025-10-29 04:20:53,ANTENNA_FAULT,Critical,True
11045,2633,202,296,2024-09-07 16:56:53,SYNC_LOSS,Info,False
11046,1309,468,793,2025-06-11 04:42:26,TRANSMISSION_ERROR,Minor,True
11047,4903,52,763,2025-04-25 05:05:14,MEMORY_HIGH,Major,False
11048,4730,374,35,2024-08-06 16:02:29,CPU_OVERLOAD,Minor,False
11049,391,168,320,2024-04-09 04:21:43,TRANSMISSION_ERROR,Major,False
11050,1314,336,809,2024-10-29 14:59:37,ANTENNA_FAULT,Critical,True
11051,1111,276,740,2025-01-06 13:19:30,SOFTWARE_CRASH,Info,False
11052,3006,31,268,2025-05-30 06:45:14,CPU_OVERLOAD,Major,False
11053,679,346,966,2024-04-23 19:00:55,RBS_OVER_TEMP,Critical,True
11054,684,469,35,2025-08-26 02:12:20,SOFTWARE_CRASH,Info,False
11055,665,146,498,2025-06-02 09:58:39,SYNC_LOSS,Major,False
11056,2815,23,841,2024-03-24 14:54:54,RBS_OVER_TEMP,Major,False
11057,1670,270,471,2025-08-04 16:13:37,SIGNAL_DEGRADED,Critical,False
11058,2763,477,376,2025-07-03 15:32:30,SYNC_LOSS,Minor,True
11059,237,249,382,2024-10-29 21:26:09,TRANSMISSION_ERROR,Minor,False
11060,2680,270,982,2024-06-02 21:28:55,POWER_ALARM,Minor,False
11061,3581,276,880,2024-11-23 17:42:01,FIBRE_BREAK,Major,False
11062,546,132,596,2024-09-21 00:39:17,CPU_OVERLOAD,Minor,False
11063,433,421,126,2024-06-19 14:22:33,POWER_ALARM,Minor,True
11064,1480,46,366,2025-09-07 23:22:02,RBS_OVER_TEMP,Major,False
11065,727,105,411,2025-08-05 17:52:44,FIBRE_BREAK,Minor,False
11066,1234,214,356,2024-07-01 03:43:16,FIBRE_BREAK,Critical,True
11067,639,227,693,2025-06-13 12:47:59,FIBRE_BREAK,Info,False
11068,2604,445,1,2024-03-18 19:24:50,MEMORY_HIGH,Major,True
11069,4217,464,89,2025-03-23 12:50:21,SYNC_LOSS,Minor,False
11070,415,367,830,2025-10-07 14:30:09,FIBRE_BREAK,Major,False
11071,4265,120,181,2025-11-04 09:23:29,ANTENNA_FAULT,Info,False
11072,3752,493,334,2025-09-29 18:29:34,TRANSMISSION_ERROR,Critical,True
11073,749,368,992,2025-05-12 13:15:03,RBS_OVER_TEMP,Minor,True
11074,173,421,945,2025-05-10 02:35:19,ANTENNA_FAULT,Minor,False
11075,3608,212,48,2025-10-02 05:38:42,FIBRE_BREAK,Major,False
11076,548,317,926,2025-04-25 10:23:25,FIBRE_BREAK,Major,False
11077,854,423,929,2025-03-20 00:41:01,SIGNAL_DEGRADED,Info,True
11078,1111,276,740,2025-01-06 12:46:30,SIGNAL_DEGRADED,Major,False
11079,3964,494,503,2025-11-12 07:51:31,LINK_DOWN,Minor,False
11080,4405,24,435,2024-06-17 00:52:12,RBS_OVER_TEMP,Minor,False
11081,2142,236,348,2025-03-04 18:29:13,ANTENNA_FAULT,Major,False
11082,3002,497,213,2024-12-26 16:35:22,RBS_OVER_TEMP,Info,False
11083,1194,119,11,2025-12-28 03:01:04,CPU_OVERLOAD,Minor,True
11084,2020,73,174,2025-03-01 18:39:09,SYNC_LOSS,Minor,True
11085,1382,148,931,2025-11-13 06:39:16,CPU_OVERLOAD,Major,False
11086,2323,48,869,2024-10-12 16:04:33,MEMORY_HIGH,Minor,False
11087,718,294,665,2024-03-15 02:55:19,BATTERY_LOW,Major,True
11088,4210,199,403,2024-11-18 18:57:15,POWER_ALARM,Minor,False
11089,3119,432,267,2024-10-31 14:07:43,MEMORY_HIGH,Minor,False
11090,4260,372,526,2025-02-26 08:32:52,SOFTWARE_CRASH,Critical,False
11091,4884,436,155,2025-05-26 22:49:22,POWER_ALARM,Minor,True
11092,4562,1,42,2024-01-20 01:58:49,CPU_OVERLOAD,Info,True
11093,2778,285,846,2024-09-25 12:41:43,SOFTWARE_CRASH,Major,True
11094,2218,304,232,2024-04-20 16:41:08,RBS_OVER_TEMP,Minor,True
11095,2383,255,517,2025-11-19 06:30:38,TRANSMISSION_ERROR,Critical,False
11096,1831,181,242,2025-03-20 00:59:48,LINK_DOWN,Minor,False
11097,3958,165,728,2025-10-03 05:47:02,SYNC_LOSS,Minor,False
11098,3013,357,356,2025-10-19 08:17:45,FIBRE_BREAK,Minor,True
11099,273,277,208,2024-06-22 00:36:26,SIGNAL_DEGRADED,Info,True
11100,2933,214,525,2025-05-10 00:33:59,CPU_OVERLOAD,Critical,False
11101,451,36,556,2025-01-21 08:35:49,FIBRE_BREAK,Major,False
11102,1929,63,713,2024-12-13 11:34:40,CPU_OVERLOAD,Minor,False
11103,1722,205,500,2025-11-24 04:47:48,TRANSMISSION_ERROR,Info,False
11104,778,266,997,2024-12-28 15:59:20,CPU_OVERLOAD,Minor,False
11105,2647,151,408,2025-10-30 08:33:51,BATTERY_LOW,Info,False
11106,875,346,795,2024-12-23 21:52:26,ANTENNA_FAULT,Info,False
11107,4325,273,385,2024-01-05 10:17:13,BATTERY_LOW,Info,False
11108,469,435,231,2024-03-08 13:08:45,SOFTWARE_CRASH,Major,True
11109,1137,500,25,2025-01-21 11:58:32,SIGNAL_DEGRADED,Major,False
11110,739,139,672,2025-10-16 16:11:44,SOFTWARE_CRASH,Info,True
11111,4985,26,540,2025-05-29 14:56:09,SOFTWARE_CRASH,Minor,False
11112,3950,315,4,2024-05-18 08:53:15,POWER_ALARM,Info,False
11113,3827,123,292,2025-02-26 14:34:02,ANTENNA_FAULT,Major,False
11114,337,490,63,2024-07-22 07:41:16,SYNC_LOSS,Info,False
11115,4885,313,389,2025-07-14 22:36:44,ANTENNA_FAULT,Info,False
11116,4518,474,320,2024-12-12 09:17:24,POWER_ALARM,Info,False
11117,2546,89,370,2024-05-05 08:51:33,SIGNAL_DEGRADED,Info,False
11118,1094,132,570,2025-01-04 20:57:49,ANTENNA_FAULT,Minor,True
11119,2826,482,33,2024-07-27 12:27:55,SOFTWARE_CRASH,Critical,False
11120,95,494,31,2024-08-28 14:23:47,MEMORY_HIGH,Major,False
11121,3209,364,411,2025-02-28 11:05:44,SOFTWARE_CRASH,Info,False
11122,2831,419,232,2024-12-06 14:28:40,SOFTWARE_CRASH,Info,True
11123,3441,120,346,2024-01-21 18:51:59,FIBRE_BREAK,Info,False
11124,4828,223,511,2024-11-20 14:16:54,SIGNAL_DEGRADED,Minor,False
11125,1504,214,952,2024-04-11 12:44:24,SOFTWARE_CRASH,Major,False
11126,1550,108,790,2025-10-01 13:59:09,RBS_OVER_TEMP,Info,False
11127,2310,468,561,2025-04-26 20:39:56,FIBRE_BREAK,Major,False
11128,1329,430,41,2025-09-04 02:23:34,SYNC_LOSS,Info,True
11129,2737,176,962,2024-03-30 05:27:43,BATTERY_LOW,Minor,False
11130,2068,203,928,2025-08-31 16:54:49,RBS_OVER_TEMP,Major,False
11131,4836,251,86,2025-08-27 01:46:47,LINK_DOWN,Info,False
11132,1448,330,283,2025-11-08 12:26:51,BATTERY_LOW,Major,False
11133,4682,332,840,2024-04-28 06:37:45,RBS_OVER_TEMP,Info,True
11134,1054,99,411,2025-05-26 10:06:42,ANTENNA_FAULT,Minor,True
11135,530,302,954,2025-06-18 04:52:52,SOFTWARE_CRASH,Critical,False
11136,1632,19,497,2024-11-17 17:36:02,SYNC_LOSS,Minor,False
11137,308,215,426,2025-05-20 04:37:02,POWER_ALARM,Critical,True
11138,3813,310,675,2024-09-11 08:56:57,SIGNAL_DEGRADED,Minor,False
11139,2014,382,476,2024-10-12 10:35:58,SIGNAL_DEGRADED,Info,True
11140,271,130,817,2025-01-23 14:07:13,CPU_OVERLOAD,Minor,False
11141,415,367,830,2025-10-07 14:07:09,CPU_OVERLOAD,Critical,False
11142,2651,398,825,2025-09-03 12:09:49,CPU_OVERLOAD,Minor,False
11143,1332,381,414,2025-04-16 03:38:26,POWER_ALARM,Info,False
11144,411,469,399,2025-04-08 20:16:32,SIGNAL_DEGRADED,Critical,False
11145,3798,189,405,2025-10-03 05:21:13,POWER_ALARM,Info,False
11146,1611,409,949,2024-10-12 16:50:22,MEMORY_HIGH,Minor,False
11147,4142,400,902,2024-03-30 15:13:54,LINK_DOWN,Critical,True
11148,1430,343,178,2024-07-07 17:38:12,SIGNAL_DEGRADED,Major,False
11149,3986,258,653,2024-10-13 15:16:01,LINK_DOWN,Critical,False
11150,1887,253,488,2024-02-26 13:46:07,ANTENNA_FAULT,Major,True
11151,1514,317,607,2025-06-26 00:18:48,SYNC_LOSS,Info,False
11152,4047,128,391,2025-10-01 20:57:44,FIBRE_BREAK,Minor,False
11153,3713,353,897,2025-11-16 14:02:05,ANTENNA_FAULT,Major,True
11154,2320,316,994,2024-10-21 22:23:48,CPU_OVERLOAD,Info,False
11155,1177,130,441,2025-05-19 00:43:30,LINK_DOWN,Info,False
11156,156,280,323,2025-12-24 19:15:38,RBS_OVER_TEMP,Major,False
11157,563,24,380,2025-09-23 17:15:42,BATTERY_LOW,Info,False
11158,221,186,448,2024-03-03 07:30:57,TRANSMISSION_ERROR,Minor,True
11159,3065,459,471,2024-09-21 14:46:30,RBS_OVER_TEMP,Info,False
11160,1019,396,410,2024-11-17 01:05:39,SOFTWARE_CRASH,Major,False
11161,2201,106,920,2025-09-12 06:19:31,RBS_OVER_TEMP,Major,True
11162,1076,45,871,2025-10-02 22:24:39,SYNC_LOSS,Info,False
11163,3336,367,849,2025-06-13 14:10:10,ANTENNA_FAULT,Minor,True
11164,619,279,714,2024-01-22 20:15:54,MEMORY_HIGH,Major,False
11165,2417,31,537,2024-09-19 09:10:34,FIBRE_BREAK,Critical,False
11166,1908,135,449,2024-02-09 14:02:43,FIBRE_BREAK,Info,False
11167,2142,236,348,2025-03-04 18:28:13,FIBRE_BREAK,Major,False
11168,2953,321,506,2024-02-08 05:57:10,SYNC_LOSS,Minor,True
11169,465,391,153,2024-07-04 17:40:50,SOFTWARE_CRASH,Major,False
11170,2442,296,170,2024-11-01 20:10:49,TRANSMISSION_ERROR,Major,False
11171,4236,180,196,2024-10-14 17:26:30,RBS_OVER_TEMP,Critical,True
11172,4950,355,757,2024-11-02 09:32:11,MEMORY_HIGH,Minor,False
11173,1410,43,179,2024-03-04 14:04:39,BATTERY_LOW,Info,False
11174,2399,163,481,2024-09-16 17:03:34,FIBRE_BREAK,Info,False
11175,929,308,361,2024-01-31 08:12:09,POWER_ALARM,Minor,False
11176,2858,199,733,2024-05-29 00:05:56,SYNC_LOSS,Minor,False
11177,526,222,926,2025-08-29 09:06:19,FIBRE_BREAK,Critical,False
11178,117,70,145,2024-03-05 17:17:01,CPU_OVERLOAD,Info,True
11179,1735,269,154,2024-10-03 09:19:44,ANTENNA_FAULT,Major,False
11180,3589,73,313,2024-12-30 19:31:24,SOFTWARE_CRASH,Info,False
11181,1699,75,939,2025-02-27 00:30:58,SYNC_LOSS,Major,True
11182,1229,118,800,2025-05-02 12:22:37,POWER_ALARM,Info,False
11183,650,220,978,2024-01-29 10:19:26,ANTENNA_FAULT,Minor,False
11184,2339,152,45,2025-06-22 14:43:56,SYNC_LOSS,Major,True
11185,2890,394,520,2025-12-23 16:56:54,CPU_OVERLOAD,Info,True
11186,3946,117,630,2025-05-04 01:52:35,SIGNAL_DEGRADED,Major,False
11187,1586,192,521,2024-06-05 10:13:10,RBS_OVER_TEMP,Info,False
11188,2843,467,272,2025-10-10 17:24:34,SYNC_LOSS,Major,False
11189,912,272,808,2025-09-17 18:05:36,LINK_DOWN,Info,True
11190,3609,62,262,2024-08-27 17:41:20,TRANSMISSION_ERROR,Major,True
11191,4993,465,337,2025-09-10 04:58:18,MEMORY_HIGH,Minor,False
11192,4349,248,14,2024-05-19 20:33:30,SIGNAL_DEGRADED,Info,False
11193,935,139,136,2025-01-06 09:00:35,FIBRE_BREAK,Major,False
11194,914,347,878,2025-01-26 11:55:11,BATTERY_LOW,Major,False
11195,577,472,352,2025-03-25 17:25:07,SYNC_LOSS,Critical,False
11196,794,176,68,2025-05-03 08:49:19,BATTERY_LOW,Info,False
11197,4504,364,397,2024-09-15 11:41:22,TRANSMISSION_ERROR,Major,False
11198,4788,296,791,2024-05-31 02:59:05,BATTERY_LOW,Major,False
11199,657,167,183,2025-02-08 16:49:58,ANTENNA_FAULT,Minor,False
11200,3689,316,614,2024-12-17 21:54:46,MEMORY_HIGH,Critical,True
11201,2769,170,334,2025-09-12 17:10:59,SYNC_LOSS,Major,False
11202,3511,464,280,2025-03-02 01:08:23,TRANSMISSION_ERROR,Info,False
11203,1937,339,105,2024-06-05 12:28:25,FIBRE_BREAK,Minor,False
11204,1547,175,24,2025-03-30 18:01:50,SYNC_LOSS,Info,False
11205,1481,169,510,2024-12-29 08:56:24,FIBRE_BREAK,Info,False
11206,272,114,905,2024-06-16 15:05:50,RBS_OVER_TEMP,Info,True
11207,801,17,828,2024-12-01 14:08:16,ANTENNA_FAULT,Minor,False
11208,769,323,163,2024-03-08 10:27:36,SIGNAL_DEGRADED,Minor,False
11209,4862,123,394,2024-02-06 14:15:21,BATTERY_LOW,Minor,False
11210,2487,316,804,2024-04-12 19:58:50,SIGNAL_DEGRADED,Major,False
11211,4052,11,693,2025-12-04 10:53:21,SYNC_LOSS,Info,True
11212,1973,137,849,2025-05-16 10:16:49,BATTERY_LOW,Info,False
11213,3934,250,46,2025-08-13 16:03:01,TRANSMISSION_ERROR,Info,True
11214,199,18,603,2024-07-17 10:03:41,FIBRE_BREAK,Major,False
11215,1403,316,331,2025-05-26 17:26:01,FIBRE_BREAK,Critical,False
11216,1558,453,532,2024-02-18 13:04:59,SIGNAL_DEGRADED,Info,False
11217,1397,70,535,2025-06-30 10:55:48,FIBRE_BREAK,Info,False
11218,4987,499,162,2025-02-05 14:13:02,LINK_DOWN,Critical,False
11219,293,341,135,2025-05-13 10:07:22,SIGNAL_DEGRADED,Info,False
11220,4132,457,330,2024-09-14 10:59:13,BATTERY_LOW,Info,False
11221,1767,54,333,2024-02-20 17:42:24,SOFTWARE_CRASH,Major,False
11222,3358,412,1,2025-11-30 12:48:03,RBS_OVER_TEMP,Major,True
11223,2626,49,595,2025-09-25 12:01:31,MEMORY_HIGH,Minor,False
11224,4394,102,389,2025-02-16 10:44:09,SIGNAL_DEGRADED,Info,True
11225,3302,489,68,2024-03-13 13:03:07,FIBRE_BREAK,Critical,False
11226,1906,6,844,2025-03-26 13:41:43,SYNC_LOSS,Critical,True
11227,2555,335,793,2024-08-06 10:57:47,LINK_DOWN,Critical,False
11228,3453,194,815,2025-04-21 13:23:36,RBS_OVER_TEMP,Major,True
11229,3914,175,805,2024-02-16 17:11:25,SIGNAL_DEGRADED,Major,False
11230,1691,276,10,2024-02-18 04:55:09,RBS_OVER_TEMP,Info,False
11231,547,493,836,2024-05-03 14:48:39,ANTENNA_FAULT,Major,False
11232,291,332,228,2025-07-30 05:45:58,SIGNAL_DEGRADED,Major,True
11233,4459,315,722,2025-03-31 01:46:02,FIBRE_BREAK,Major,True
11234,3068,396,938,2024-09-01 12:50:24,TRANSMISSION_ERROR,Minor,False
11235,835,143,590,2024-09-22 08:09:27,FIBRE_BREAK,Minor,False
11236,803,403,379,2024-03-10 02:45:31,FIBRE_BREAK,Major,False
11237,682,462,59,2024-10-28 12:57:19,SYNC_LOSS,Major,True
11238,1604,498,95,2024-02-11 14:50:46,RBS_OVER_TEMP,Info,True
11239,4938,87,937,2025-02-17 15:39:30,LINK_DOWN,Critical,False
11240,4904,481,421,2024-09-05 10:52:24,RBS_OVER_TEMP,Minor,False
11241,1950,495,887,2024-10-27 09:49:45,POWER_ALARM,Major,False
11242,2705,125,26,2025-10-14 05:03:03,MEMORY_HIGH,Major,False
11243,2959,198,657,2025-12-10 16:30:22,SYNC_LOSS,Minor,False
11244,3580,315,544,2025-03-03 11:08:18,RBS_OVER_TEMP,Major,True
11245,1941,198,801,2025-07-25 13:37:13,TRANSMISSION_ERROR,Major,False
11246,1883,321,383,2024-10-10 10:48:50,ANTENNA_FAULT,Minor,True
11247,2821,44,582,2024-07-18 21:46:42,TRANSMISSION_ERROR,Info,True
11248,1145,77,513,2024-05-06 16:50:46,SYNC_LOSS,Minor,False
11249,3081,197,788,2024-01-10 11:22:56,CPU_OVERLOAD,Major,False
11250,2450,66,664,2025-03-13 11:07:28,POWER_ALARM,Major,True
11251,2246,254,660,2025-04-26 12:12:40,FIBRE_BREAK,Critical,True
11252,2549,444,524,2025-04-22 17:24:29,MEMORY_HIGH,Info,False
11253,4691,191,124,2024-02-05 16:57:28,LINK_DOWN,Minor,False
11254,4982,92,111,2024-09-03 09:05:08,TRANSMISSION_ERROR,Critical,False
11255,3823,198,431,2024-02-06 14:52:37,FIBRE_BREAK,Minor,False
11256,703,392,774,2025-05-24 03:19:23,POWER_ALARM,Minor,False
11257,2050,117,365,2025-02-28 22:27:08,MEMORY_HIGH,Major,False
11258,3445,97,292,2025-04-23 00:33:21,POWER_ALARM,Minor,False
11259,2032,332,187,2025-06-14 14:41:12,ANTENNA_FAULT,Major,False
11260,3432,284,736,2025-12-24 11:19:03,SOFTWARE_CRASH,Info,True
11261,4739,8,493,2024-09-14 14:48:08,SOFTWARE_CRASH,Minor,True
11262,475,234,745,2025-06-10 02:16:31,MEMORY_HIGH,Info,False
11263,1277,183,790,2024-08-09 12:18:45,POWER_ALARM,Major,False
11264,3749,83,376,2024-09-16 14:30:31,TRANSMISSION_ERROR,Critical,False
11265,1863,92,608,2025-03-23 11:41:32,SIGNAL_DEGRADED,Major,True
11266,3224,308,579,2025-01-16 13:18:18,BATTERY_LOW,Minor,False
11267,4437,339,120,2024-03-10 01:20:44,RBS_OVER_TEMP,Minor,False
11268,2620,290,928,2024-10-20 07:44:26,SOFTWARE_CRASH,Critical,True
11269,3564,381,56,2025-01-17 00:57:17,BATTERY_LOW,Info,False
11270,605,430,77,2024-02-02 10:17:18,LINK_DOWN,Minor,False
11271,1911,239,6,2025-05-19 13:32:08,ANTENNA_FAULT,Info,False
11272,308,215,426,2025-05-20 04:37:02,SIGNAL_DEGRADED,Major,False
11273,2791,219,610,2025-06-06 10:30:51,SYNC_LOSS,Info,False
11274,3149,244,810,2024-02-06 15:00:39,LINK_DOWN,Info,False
11275,4783,322,35,2025-06-22 08:27:32,CPU_OVERLOAD,Critical,False
11276,4522,143,515,2024-12-31 09:41:14,RBS_OVER_TEMP,Info,False
11277,4033,266,202,2025-11-16 08:43:05,FIBRE_BREAK,Minor,True
11278,1659,336,989,2024-08-25 07:29:34,TRANSMISSION_ERROR,Minor,False
11279,3544,337,86,2025-01-22 15:22:54,FIBRE_BREAK,Major,False
11280,9,323,529,2024-10-21 23:35:06,FIBRE_BREAK,Critical,True
11281,2810,480,98,2025-12-20 14:29:30,CPU_OVERLOAD,Minor,True
11282,2786,370,722,2025-03-25 16:01:10,SIGNAL_DEGRADED,Major,True
11283,1235,258,277,2025-05-31 15:41:34,BATTERY_LOW,Minor,False
11284,853,373,452,2025-08-08 03:03:50,TRANSMISSION_ERROR,Major,True
11285,2383,255,517,2025-11-19 06:34:38,MEMORY_HIGH,Minor,False
11286,1965,61,893,2025-05-17 17:12:47,RBS_OVER_TEMP,Info,False
11287,4337,212,580,2024-04-09 12:41:24,POWER_ALARM,Critical,False
11288,4396,442,676,2025-05-19 15:50:44,CPU_OVERLOAD,Major,False
11289,4204,75,978,2025-03-02 14:00:01,MEMORY_HIGH,Info,False
11290,3583,29,978,2025-05-11 14:18:42,LINK_DOWN,Major,False
11291,1529,432,179,2024-04-11 15:14:47,BATTERY_LOW,Info,False
11292,3990,170,89,2025-09-02 17:03:12,SYNC_LOSS,Critical,False
11293,4156,146,429,2024-05-01 05:34:05,FIBRE_BREAK,Minor,False
11294,3091,358,276,2025-08-09 12:14:59,LINK_DOWN,Info,False
11295,367,189,956,2024-12-15 13:20:29,RBS_OVER_TEMP,Info,True
11296,868,476,244,2025-02-02 16:45:12,ANTENNA_FAULT,Major,False
11297,3159,154,891,2024-10-26 15:44:05,ANTENNA_FAULT,Info,False
11298,2702,75,33,2025-11-17 21:04:51,LINK_DOWN,Info,True
11299,3338,399,464,2025-10-20 15:30:15,SOFTWARE_CRASH,Major,True
11300,3775,319,380,2025-04-10 08:09:42,RBS_OVER_TEMP,Minor,False
11301,4733,394,489,2024-05-07 14:24:00,SOFTWARE_CRASH,Critical,False
11302,2860,102,163,2024-01-14 10:58:57,BATTERY_LOW,Info,False
11303,4458,483,813,2024-07-05 04:56:14,LINK_DOWN,Minor,True
11304,2310,468,561,2025-04-26 20:41:56,SIGNAL_DEGRADED,Info,False
11305,3332,161,148,2024-10-04 11:46:46,CPU_OVERLOAD,Minor,False
11306,3684,222,954,2024-10-19 16:43:42,TRANSMISSION_ERROR,Minor,False
11307,3439,399,114,2024-11-01 07:39:16,FIBRE_BREAK,Info,False
11308,4892,160,286,2025-07-24 16:50:51,TRANSMISSION_ERROR,Critical,False
11309,3114,402,291,2024-08-05 17:02:12,SYNC_LOSS,Minor,False
11310,364,33,282,2024-09-24 13:14:39,CPU_OVERLOAD,Minor,False
11311,3511,464,280,2025-03-02 01:02:23,FIBRE_BREAK,Critical,False
11312,4346,9,782,2024-03-08 12:58:20,SOFTWARE_CRASH,Minor,False
11313,2861,201,55,2025-12-04 05:27:49,SOFTWARE_CRASH,Minor,False
11314,477,402,144,2024-11-21 10:47:04,TRANSMISSION_ERROR,Minor,False
11315,1318,13,800,2024-08-27 09:50:44,SYNC_LOSS,Major,True
11316,532,132,569,2025-12-04 18:03:47,SYNC_LOSS,Major,False
11317,4449,37,811,2024-10-30 22:46:22,MEMORY_HIGH,Critical,True
11318,4004,56,962,2025-02-04 13:06:39,SOFTWARE_CRASH,Minor,False
11319,586,499,3,2025-09-13 03:14:55,SYNC_LOSS,Info,False
11320,2893,86,920,2025-02-19 13:58:00,FIBRE_BREAK,Major,True
11321,251,333,660,2025-07-01 12:21:34,LINK_DOWN,Major,False
11322,3175,475,738,2025-06-14 12:23:39,BATTERY_LOW,Minor,False
11323,2445,109,967,2025-08-24 18:20:30,RBS_OVER_TEMP,Info,False
11324,3965,183,963,2025-04-28 09:45:23,RBS_OVER_TEMP,Minor,True
11325,1274,111,376,2025-02-12 22:45:15,MEMORY_HIGH,Critical,False
11326,4530,86,103,2025-05-07 14:00:19,BATTERY_LOW,Critical,True
11327,1214,235,518,2024-01-12 16:46:02,CPU_OVERLOAD,Info,False
11328,3527,429,514,2024-04-23 10:58:37,SIGNAL_DEGRADED,Critical,False
11329,1728,223,232,2025-09-27 05:14:57,SYNC_LOSS,Minor,False
11330,4329,356,36,2024-08-29 18:49:47,ANTENNA_FAULT,Info,False
11331,3056,272,112,2024-03-14 00:56:39,SOFTWARE_CRASH,Info,False
11332,1505,187,962,2025-11-23 05:12:45,FIBRE_BREAK,Major,False
11333,1029,266,446,2025-12-21 23:57:03,CPU_OVERLOAD,Minor,True
11334,3505,473,882,2024-10-26 15:26:24,LINK_DOWN,Info,True
11335,2567,422,360,2024-11-13 08:36:25,CPU_OVERLOAD,Critical,False
11336,1388,83,108,2025-05-07 12:11:12,FIBRE_BREAK,Info,True
11337,39,193,446,2024-04-09 02:11:57,SYNC_LOSS,Critical,False
11338,2848,469,859,2025-09-02 01:59:27,MEMORY_HIGH,Info,False
11339,4195,348,179,2025-11-13 05:08:44,RBS_OVER_TEMP,Info,False
11340,3708,238,181,2025-09-25 15:08:44,TRANSMISSION_ERROR,Major,True
11341,2956,431,409,2025-03-07 12:07:47,SYNC_LOSS,Minor,False
11342,4954,483,52,2024-06-25 13:08:49,LINK_DOWN,Info,False
11343,4881,54,215,2025-12-27 17:19:45,SYNC_LOSS,Minor,False
11344,4590,311,98,2025-06-24 11:47:12,RBS_OVER_TEMP,Minor,False
11345,1669,348,40,2024-01-25 18:17:25,SOFTWARE_CRASH,Critical,False
11346,600,136,632,2025-01-08 18:42:38,MEMORY_HIGH,Critical,False
11347,183,111,840,2024-03-28 13:47:30,CPU_OVERLOAD,Critical,True
11348,110,214,484,2024-03-11 17:21:08,LINK_DOWN,Minor,False
11349,771,112,108,2024-10-25 16:27:38,POWER_ALARM,Critical,True
11350,228,158,676,2024-06-15 04:10:24,POWER_ALARM,Critical,True
11351,3974,428,821,2025-12-19 10:47:20,MEMORY_HIGH,Minor,False
11352,2043,46,667,2024-08-22 15:27:25,FIBRE_BREAK,Major,False
11353,3377,132,811,2025-03-31 21:12:09,ANTENNA_FAULT,Minor,True
11354,1547,175,24,2025-03-30 17:55:50,RBS_OVER_TEMP,Major,False
11355,691,359,639,2024-08-17 21:44:21,MEMORY_HIGH,Minor,False
11356,2529,403,91,2024-11-12 14:34:00,SYNC_LOSS,Info,False
11357,3943,355,253,2025-07-02 03:30:24,CPU_OVERLOAD,Info,False
11358,2512,159,405,2025-07-22 08:01:05,POWER_ALARM,Minor,True
11359,4298,430,996,2025-10-29 13:08:30,SYNC_LOSS,Info,False
11360,3227,345,325,2025-09-17 12:31:15,LINK_DOWN,Major,False
11361,4386,158,199,2024-08-14 16:57:40,LINK_DOWN,Info,False
11362,1961,459,200,2025-12-12 12:24:17,CPU_OVERLOAD,Minor,False
11363,1209,217,775,2024-07-25 22:13:12,RBS_OVER_TEMP,Minor,True
11364,3675,219,139,2025-04-16 10:27:19,LINK_DOWN,Info,False
11365,2041,461,801,2025-07-27 14:55:44,SOFTWARE_CRASH,Info,True
11366,621,171,748,2026-01-01 20:42:01,SIGNAL_DEGRADED,Minor,True
11367,1519,362,798,2024-08-26 03:05:51,SIGNAL_DEGRADED,Info,False
11368,3328,412,12,2024-10-27 04:02:27,POWER_ALARM,Major,False
11369,3225,165,461,2024-11-13 12:13:25,POWER_ALARM,Critical,True
11370,1658,172,268,2025-03-08 11:19:06,MEMORY_HIGH,Minor,False
11371,2961,446,109,2025-06-25 21:54:04,MEMORY_HIGH,Minor,True
11372,1849,54,393,2024-09-13 17:34:23,RBS_OVER_TEMP,Info,True
11373,927,389,239,2024-06-04 15:04:13,SOFTWARE_CRASH,Critical,False
11374,3241,73,755,2024-08-11 06:32:16,SYNC_LOSS,Critical,False
11375,104,100,104,2025-04-16 00:52:07,SYNC_LOSS,Minor,True
11376,1264,286,138,2025-08-24 12:45:09,TRANSMISSION_ERROR,Minor,False
11377,1462,460,430,2024-12-23 17:01:13,LINK_DOWN,Critical,True
11378,2546,89,370,2024-05-05 08:48:33,SOFTWARE_CRASH,Minor,False
11379,3722,257,769,2024-11-23 15:13:19,CPU_OVERLOAD,Minor,True
11380,4384,155,810,2025-10-09 14:01:05,ANTENNA_FAULT,Minor,False
11381,675,297,862,2025-01-06 10:07:43,POWER_ALARM,Info,False
11382,1680,380,632,2025-07-10 10:46:19,RBS_OVER_TEMP,Minor,False
11383,2872,24,829,2024-11-09 12:28:30,LINK_DOWN,Critical,False
11384,2258,255,957,2024-04-07 16:51:13,SIGNAL_DEGRADED,Info,False
11385,1445,286,29,2025-01-27 17:40:16,FIBRE_BREAK,Info,False
11386,313,92,605,2024-09-21 17:22:33,RBS_OVER_TEMP,Minor,False
11387,3409,46,426,2024-04-24 12:06:08,FIBRE_BREAK,Info,True
11388,1015,34,182,2024-02-10 12:37:58,SYNC_LOSS,Minor,False
11389,1461,218,706,2024-11-04 06:22:32,FIBRE_BREAK,Info,False
11390,3348,143,151,2025-05-03 16:06:19,TRANSMISSION_ERROR,Major,False
11391,3923,399,662,2024-09-26 13:21:09,BATTERY_LOW,Info,False
11392,426,138,862,2024-06-11 06:17:24,RBS_OVER_TEMP,Minor,False
11393,2775,48,353,2024-11-18 15:34:21,SYNC_LOSS,Info,False
11394,2296,164,613,2024-08-01 11:41:18,ANTENNA_FAULT,Critical,False
11395,481,347,281,2024-07-17 14:13:15,SOFTWARE_CRASH,Minor,False
11396,2385,249,535,2025-12-08 13:53:14,BATTERY_LOW,Minor,True
11397,4222,13,165,2024-10-13 18:27:04,SOFTWARE_CRASH,Info,True
11398,297,88,150,2025-11-13 20:27:11,FIBRE_BREAK,Major,True
11399,2403,251,95,2025-01-17 10:05:30,POWER_ALARM,Minor,False
11400,3155,311,653,2024-07-10 14:03:01,ANTENNA_FAULT,Critical,False
11401,3906,143,38,2025-04-08 13:33:35,RBS_OVER_TEMP,Major,True
11402,2579,14,706,2024-03-31 14:33:46,SOFTWARE_CRASH,Critical,False
11403,486,66,722,2025-09-27 16:13:29,SYNC_LOSS,Major,False
11404,3671,183,549,2025-11-10 22:29:38,RBS_OVER_TEMP,Minor,True
11405,462,229,183,2024-05-26 04:53:02,BATTERY_LOW,Info,False
11406,2175,91,833,2025-12-02 13:32:06,SYNC_LOSS,Minor,False
11407,3133,112,307,2024-07-04 04:56:55,SOFTWARE_CRASH,Info,False
11408,1117,217,715,2025-01-11 08:08:21,POWER_ALARM,Minor,False
11409,2907,189,50,2025-01-12 13:50:49,ANTENNA_FAULT,Major,False
11410,1539,39,281,2024-10-06 14:41:00,SIGNAL_DEGRADED,Info,False
11411,116,444,309,2024-10-12 12:13:07,MEMORY_HIGH,Critical,True
11412,2314,336,356,2024-01-21 03:56:31,FIBRE_BREAK,Minor,False
11413,4268,361,135,2025-10-04 00:53:40,SYNC_LOSS,Minor,False
11414,2401,54,325,2024-01-24 08:43:34,MEMORY_HIGH,Major,True
11415,2185,453,410,2024-06-22 12:18:19,SYNC_LOSS,Major,True
11416,2515,179,294,2025-10-22 07:28:19,SOFTWARE_CRASH,Critical,False
11417,2130,149,348,2025-02-14 17:02:46,LINK_DOWN,Major,False
11418,4668,160,601,2025-12-21 11:37:21,CPU_OVERLOAD,Major,False
11419,3482,66,11,2024-10-08 14:45:40,SIGNAL_DEGRADED,Minor,False
11420,2736,215,396,2025-08-27 06:56:14,LINK_DOWN,Minor,False
11421,2459,182,205,2025-11-26 22:03:34,FIBRE_BREAK,Critical,False
11422,4687,123,754,2025-05-02 07:14:11,POWER_ALARM,Major,False
11423,3096,397,238,2024-07-20 07:25:36,TRANSMISSION_ERROR,Info,True
11424,3981,170,154,2024-07-08 09:09:07,SIGNAL_DEGRADED,Minor,False
11425,1629,212,262,2025-07-06 16:20:52,SIGNAL_DEGRADED,Info,False
11426,1866,314,287,2025-03-02 13:33:45,MEMORY_HIGH,Info,False
11427,1434,64,358,2025-12-08 03:09:41,SIGNAL_DEGRADED,Major,False
11428,3088,214,586,2024-11-13 16:50:06,SYNC_LOSS,Minor,False
11429,3693,321,265,2025-07-27 10:37:26,POWER_ALARM,Minor,False
11430,1433,489,135,2025-02-11 21:45:42,SOFTWARE_CRASH,Critical,True
11431,4761,194,242,2024-03-01 16:54:28,CPU_OVERLOAD,Critical,True
11432,606,134,891,2024-11-21 11:37:25,BATTERY_LOW,Minor,False
11433,4166,124,303,2025-09-18 13:54:16,FIBRE_BREAK,Major,True
11434,917,167,747,2024-05-26 14:52:35,SOFTWARE_CRASH,Minor,False
11435,3649,252,55,2024-01-27 13:34:06,CPU_OVERLOAD,Major,True
11436,988,482,181,2025-04-26 19:29:52,SIGNAL_DEGRADED,Major,True
11437,3551,482,686,2025-12-22 06:48:46,SYNC_LOSS,Info,True
11438,2311,189,308,2025-02-16 00:20:01,FIBRE_BREAK,Info,True
11439,62,159,415,2025-02-21 15:09:45,FIBRE_BREAK,Critical,False
11440,2533,219,689,2025-06-06 21:39:19,SYNC_LOSS,Info,True
11441,4722,376,358,2025-02-05 17:45:52,ANTENNA_FAULT,Minor,True
11442,2285,302,491,2025-07-25 13:32:31,RBS_OVER_TEMP,Info,False
11443,4344,2,481,2025-01-11 06:23:11,BATTERY_LOW,Critical,False
11444,2374,267,522,2024-03-26 01:58:46,ANTENNA_FAULT,Major,False
11445,1129,70,479,2024-03-22 04:13:35,CPU_OVERLOAD,Minor,False
11446,2014,382,476,2024-10-12 10:34:58,SIGNAL_DEGRADED,Major,False
11447,238,253,704,2024-03-06 11:30:10,TRANSMISSION_ERROR,Major,True
11448,4542,291,362,2025-04-02 02:13:50,SIGNAL_DEGRADED,Critical,False
11449,3144,115,383,2025-08-04 14:14:32,ANTENNA_FAULT,Minor,True
11450,2771,232,869,2025-07-13 18:10:11,SOFTWARE_CRASH,Critical,True
11451,1923,273,421,2025-05-11 11:35:04,POWER_ALARM,Major,False
11452,3955,480,851,2025-02-20 06:55:28,FIBRE_BREAK,Info,False
11453,888,495,346,2024-12-09 12:01:39,MEMORY_HIGH,Major,False
11454,3513,223,392,2024-05-27 17:04:59,SYNC_LOSS,Info,False
11455,52,428,656,2024-11-05 01:26:41,SIGNAL_DEGRADED,Info,False
11456,4593,390,737,2025-02-28 17:38:11,SOFTWARE_CRASH,Critical,False
11457,3041,172,311,2025-03-23 01:38:21,POWER_ALARM,Minor,False
11458,3922,73,901,2025-08-03 20:44:23,BATTERY_LOW,Critical,False
11459,840,225,305,2024-09-09 00:30:44,ANTENNA_FAULT,Major,False
11460,3868,421,278,2025-12-28 17:02:00,FIBRE_BREAK,Critical,False
11461,4731,248,272,2024-11-15 21:33:01,CPU_OVERLOAD,Info,False
11462,990,452,509,2024-01-13 16:55:45,CPU_OVERLOAD,Minor,False
11463,788,89,693,2025-08-08 15:25:31,SYNC_LOSS,Info,False
11464,4387,187,795,2025-08-20 20:55:08,SOFTWARE_CRASH,Minor,False
11465,3572,436,930,2025-11-25 09:12:04,SIGNAL_DEGRADED,Critical,True
11466,804,219,98,2024-08-21 16:31:55,SOFTWARE_CRASH,Major,True
11467,3127,404,252,2025-07-13 15:11:02,RBS_OVER_TEMP,Info,True
11468,4186,365,235,2024-12-17 01:54:41,LINK_DOWN,Major,True
11469,799,263,344,2025-04-08 17:08:31,SYNC_LOSS,Critical,False
11470,229,91,985,2025-03-04 07:16:18,TRANSMISSION_ERROR,Info,False
11471,140,162,983,2025-02-14 13:49:24,ANTENNA_FAULT,Minor,True
11472,785,424,762,2024-05-10 16:00:50,ANTENNA_FAULT,Minor,False
11473,1221,201,348,2025-09-06 01:12:45,SIGNAL_DEGRADED,Critical,False
11474,3839,438,898,2025-10-01 11:12:04,SIGNAL_DEGRADED,Critical,False
11475,4189,78,612,2024-03-23 01:20:41,POWER_ALARM,Critical,True
11476,4100,438,32,2025-04-20 13:40:43,MEMORY_HIGH,Major,False
11477,568,489,983,2025-01-12 13:48:47,TRANSMISSION_ERROR,Info,True
11478,582,25,751,2024-07-22 10:28:58,FIBRE_BREAK,Major,False
11479,2784,346,468,2025-07-10 21:46:16,SYNC_LOSS,Minor,True
11480,1804,430,165,2025-05-13 06:28:31,RBS_OVER_TEMP,Minor,False
11481,518,132,571,2025-01-20 12:06:02,LINK_DOWN,Critical,True
11482,3790,398,961,2025-02-10 06:16:44,BATTERY_LOW,Minor,False
11483,827,212,495,2024-12-22 08:58:24,POWER_ALARM,Info,False
11484,2802,221,292,2024-01-16 13:29:30,SYNC_LOSS,Info,False
11485,3754,208,474,2025-11-17 10:31:37,SYNC_LOSS,Major,False
11486,4993,465,337,2025-09-10 05:05:18,RBS_OVER_TEMP,Major,False
11487,4233,242,85,2025-07-12 14:31:42,SIGNAL_DEGRADED,Major,False
11488,4018,215,731,2025-11-10 12:27:20,SYNC_LOSS,Major,False
11489,2670,31,98,2024-06-23 17:39:41,MEMORY_HIGH,Critical,False
11490,2368,231,1,2025-06-05 16:07:10,LINK_DOWN,Critical,False
11491,2005,344,442,2024-06-01 12:24:56,CPU_OVERLOAD,Info,False
11492,545,294,258,2024-02-25 18:03:00,SOFTWARE_CRASH,Minor,False
11493,3673,152,741,2025-07-16 11:01:03,TRANSMISSION_ERROR,Minor,True
11494,1475,276,845,2025-12-02 16:24:47,LINK_DOWN,Minor,False
11495,1151,218,873,2024-04-04 00:35:26,SOFTWARE_CRASH,Info,False
11496,4609,24,552,2024-08-30 06:33:02,SIGNAL_DEGRADED,Critical,False
11497,1029,266,446,2025-12-21 23:27:03,LINK_DOWN,Info,False
11498,1102,195,186,2024-06-14 14:26:43,POWER_ALARM,Critical,False
11499,3701,333,736,2025-01-26 14:01:51,MEMORY_HIGH,Minor,True
11500,701,65,52,2025-01-24 09:51:20,RBS_OVER_TEMP,Info,False
11501,2827,379,59,2025-06-26 21:38:56,SYNC_LOSS,Info,False
11502,1807,484,817,2024-03-08 17:21:42,POWER_ALARM,Critical,False
11503,3634,175,118,2024-04-03 14:39:36,POWER_ALARM,Minor,False
11504,3516,223,170,2025-10-26 15:05:19,CPU_OVERLOAD,Info,False
11505,1348,175,390,2025-10-23 16:59:35,MEMORY_HIGH,Critical,False
11506,3066,471,655,2025-03-07 13:27:30,FIBRE_BREAK,Minor,True
11507,151,28,223,2025-04-09 18:32:32,MEMORY_HIGH,Minor,False
11508,1936,292,392,2024-05-23 19:53:13,SYNC_LOSS,Major,True
11509,2328,464,885,2024-09-20 15:42:59,MEMORY_HIGH,Minor,False
11510,3962,259,701,2025-05-09 18:56:41,SYNC_LOSS,Info,False
11511,4415,57,595,2025-03-02 14:27:16,SIGNAL_DEGRADED,Critical,False
11512,2060,319,149,2025-08-31 02:32:41,RBS_OVER_TEMP,Critical,False
11513,3360,276,465,2024-05-21 14:43:32,MEMORY_HIGH,Info,False
11514,3777,246,940,2024-10-07 19:26:32,POWER_ALARM,Minor,True
11515,1752,166,805,2024-10-26 10:26:45,RBS_OVER_TEMP,Info,True
11516,2005,344,442,2024-06-01 12:27:56,LINK_DOWN,Minor,True
11517,4103,130,329,2024-05-04 16:59:13,POWER_ALARM,Minor,True
11518,3824,246,503,2024-08-27 20:16:03,BATTERY_LOW,Major,False
11519,593,236,573,2025-12-04 15:20:31,ANTENNA_FAULT,Info,False
11520,1897,70,65,2025-12-29 01:23:49,RBS_OVER_TEMP,Minor,True
11521,3728,12,74,2024-07-17 12:53:58,LINK_DOWN,Minor,False
11522,1119,114,684,2025-01-15 21:52:07,FIBRE_BREAK,Minor,True
11523,1444,208,920,2025-07-10 12:21:37,TRANSMISSION_ERROR,Minor,False
11524,4718,281,572,2025-01-10 09:43:04,CPU_OVERLOAD,Major,False
11525,732,374,319,2025-10-13 09:23:56,RBS_OVER_TEMP,Minor,False
11526,1865,344,11,2024-03-02 13:44:14,POWER_ALARM,Minor,False
11527,4817,204,449,2024-12-30 16:35:44,LINK_DOWN,Minor,True
11528,2663,359,780,2024-05-21 17:12:55,SIGNAL_DEGRADED,Major,False
11529,1134,173,935,2024-06-19 08:59:34,TRANSMISSION_ERROR,Minor,False
11530,3228,390,315,2024-01-08 12:03:24,TRANSMISSION_ERROR,Minor,False
11531,2972,83,171,2025-04-24 14:41:30,TRANSMISSION_ERROR,Major,False
11532,2570,489,281,2025-08-16 02:46:25,ANTENNA_FAULT,Info,False
11533,1466,345,833,2025-10-15 15:26:15,ANTENNA_FAULT,Info,False
11534,3078,250,939,2025-07-28 10:47:09,MEMORY_HIGH,Minor,False
11535,3396,205,801,2024-12-12 05:42:38,BATTERY_LOW,Minor,False
11536,4639,53,156,2024-11-20 09:21:42,MEMORY_HIGH,Minor,False
11537,3625,449,113,2024-10-24 10:10:08,SOFTWARE_CRASH,Info,False
11538,2166,415,721,2025-11-21 11:51:43,BATTERY_LOW,Critical,True
11539,3758,397,461,2024-12-14 15:50:26,FIBRE_BREAK,Minor,False
11540,4654,430,469,2024-02-08 05:21:05,TRANSMISSION_ERROR,Minor,False
11541,920,270,480,2024-05-08 06:52:57,ANTENNA_FAULT,Critical,False
11542,2415,70,766,2025-09-12 04:06:33,MEMORY_HIGH,Info,False
11543,3052,406,64,2024-06-07 14:50:36,POWER_ALARM,Minor,True
11544,591,464,421,2024-06-29 13:35:06,POWER_ALARM,Minor,False
11545,1463,178,135,2024-02-19 16:05:58,BATTERY_LOW,Critical,False
11546,668,192,986,2025-11-30 07:50:03,CPU_OVERLOAD,Major,False
11547,3413,339,429,2025-11-05 16:03:45,SYNC_LOSS,Critical,False
11548,2436,377,563,2024-03-09 10:21:45,SYNC_LOSS,Major,True
11549,4895,198,64,2025-05-29 14:53:32,TRANSMISSION_ERROR,Minor,False
11550,3862,421,654,2024-04-28 11:44:44,SIGNAL_DEGRADED,Info,False
11551,3023,267,441,2025-07-14 10:30:56,TRANSMISSION_ERROR,Info,False
11552,3543,31,521,2025-11-23 00:23:11,LINK_DOWN,Minor,False
11553,4912,91,12,2025-08-09 12:41:25,SIGNAL_DEGRADED,Minor,True
11554,3683,392,597,2024-01-21 08:25:49,CPU_OVERLOAD,Info,True
11555,4506,223,651,2024-01-14 12:09:23,LINK_DOWN,Info,False
11556,3187,308,283,2024-08-26 19:43:04,MEMORY_HIGH,Major,False
11557,4866,21,455,2025-10-28 03:54:32,MEMORY_HIGH,Minor,False
11558,3452,159,627,2024-04-11 15:37:02,CPU_OVERLOAD,Critical,True
11559,1847,168,36,2025-06-13 01:15:37,RBS_OVER_TEMP,Major,False
11560,659,300,587,2025-03-03 17:27:18,SIGNAL_DEGRADED,Info,False
11561,1541,239,105,2025-10-24 16:35:20,LINK_DOWN,Major,True
11562,2993,484,373,2025-10-04 08:43:44,BATTERY_LOW,Major,False
11563,4087,91,341,2025-07-26 16:01:55,CPU_OVERLOAD,Minor,False
11564,637,88,896,2025-04-24 13:49:02,RBS_OVER_TEMP,Info,False
11565,2652,166,751,2025-05-06 18:17:58,TRANSMISSION_ERROR,Major,False
11566,1887,253,488,2024-02-26 13:48:07,SOFTWARE_CRASH,Minor,True
11567,2885,91,959,2024-10-30 15:15:07,TRANSMISSION_ERROR,Major,False
11568,4011,285,733,2025-04-06 13:01:31,TRANSMISSION_ERROR,Critical,True
11569,32,19,161,2025-05-19 17:03:49,TRANSMISSION_ERROR,Critical,True
11570,1944,53,453,2024-12-21 04:18:49,SYNC_LOSS,Major,False
11571,1478,223,275,2025-10-07 10:45:21,SYNC_LOSS,Critical,True
11572,1995,279,704,2025-07-16 10:09:26,SYNC_LOSS,Minor,False
11573,2285,302,491,2025-07-25 13:31:31,CPU_OVERLOAD,Info,True
11574,2834,16,43,2024-09-16 22:16:52,BATTERY_LOW,Info,True
11575,1602,293,911,2024-06-26 08:35:40,SOFTWARE_CRASH,Info,False
11576,3940,243,24,2024-06-13 18:39:26,SOFTWARE_CRASH,Minor,False
11577,539,401,234,2025-11-02 17:26:16,BATTERY_LOW,Info,False
11578,4042,267,549,2025-07-16 07:57:19,SOFTWARE_CRASH,Info,True
11579,1981,152,356,2025-01-14 11:10:00,SYNC_LOSS,Critical,False
11580,4454,373,939,2025-05-27 14:46:23,LINK_DOWN,Info,True
11581,11,157,30,2024-03-03 17:00:28,RBS_OVER_TEMP,Major,False
11582,640,407,436,2024-10-04 04:53:19,SOFTWARE_CRASH,Major,False
11583,3245,329,875,2025-06-27 09:32:48,SYNC_LOSS,Critical,False
11584,3481,205,761,2024-04-30 12:30:10,POWER_ALARM,Info,False
11585,4035,317,830,2025-07-04 08:20:31,SYNC_LOSS,Info,True
11586,3647,178,617,2024-08-31 18:18:41,ANTENNA_FAULT,Info,False
11587,4551,107,511,2024-07-29 11:59:13,LINK_DOWN,Minor,False
11588,3132,385,809,2024-05-19 14:54:52,CPU_OVERLOAD,Info,True
11589,3598,161,199,2024-02-18 17:11:30,MEMORY_HIGH,Minor,False
11590,3683,392,597,2024-01-21 08:25:49,BATTERY_LOW,Minor,False
11591,3624,337,351,2024-03-03 15:33:17,FIBRE_BREAK,Info,False
11592,463,37,619,2024-11-22 14:10:13,TRANSMISSION_ERROR,Critical,True
11593,3600,94,651,2025-11-02 15:27:44,TRANSMISSION_ERROR,Critical,False
11594,4630,86,338,2025-12-12 22:21:56,LINK_DOWN,Info,False
11595,1008,456,637,2025-02-15 20:18:17,SOFTWARE_CRASH,Info,True
11596,4832,323,104,2025-02-07 13:16:37,MEMORY_HIGH,Info,False
11597,1880,349,841,2024-01-26 23:46:00,POWER_ALARM,Critical,False
11598,2306,35,401,2024-01-09 13:19:32,MEMORY_HIGH,Minor,False
11599,919,76,162,2024-06-15 11:08:52,LINK_DOWN,Minor,False
11600,552,20,899,2025-02-16 09:24:30,RBS_OVER_TEMP,Minor,False
11601,1507,166,830,2024-08-01 05:34:53,MEMORY_HIGH,Info,True
11602,3271,214,608,2025-06-23 15:10:45,TRANSMISSION_ERROR,Major,False
11603,609,497,243,2024-09-22 09:33:25,MEMORY_HIGH,Critical,False
11604,2677,88,131,2024-03-13 09:41:36,LINK_DOWN,Info,False
11605,4881,54,215,2025-12-27 17:19:45,RBS_OVER_TEMP,Critical,False
11606,2970,264,219,2024-09-19 13:36:55,MEMORY_HIGH,Major,False
11607,1624,154,19,2024-10-13 09:46:18,TRANSMISSION_ERROR,Major,False
11608,824,326,480,2025-02-22 18:50:49,CPU_OVERLOAD,Info,False
11609,396,207,853,2025-06-27 17:54:52,ANTENNA_FAULT,Minor,True
11610,2362,369,407,2024-09-23 11:23:53,FIBRE_BREAK,Minor,False
11611,1607,435,474,2025-09-14 13:20:26,SOFTWARE_CRASH,Info,True
11612,210,206,31,2025-04-11 21:16:53,SOFTWARE_CRASH,Major,False
11613,2108,461,713,2026-01-01 17:47:00,CPU_OVERLOAD,Major,False
11614,1263,336,576,2025-03-19 06:21:47,BATTERY_LOW,Info,True
11615,3742,400,826,2024-07-13 22:55:38,MEMORY_HIGH,Critical,False
11616,1404,89,4,2024-11-22 10:06:14,FIBRE_BREAK,Major,False
11617,1067,103,351,2025-08-10 20:01:20,SOFTWARE_CRASH,Info,True
11618,1323,443,824,2025-03-06 16:19:05,BATTERY_LOW,Major,False
11619,2880,334,855,2025-01-11 22:02:14,CPU_OVERLOAD,Major,True
11620,467,20,56,2025-06-03 16:34:26,LINK_DOWN,Critical,True
11621,1051,248,355,2025-08-15 11:56:25,MEMORY_HIGH,Minor,False
11622,3150,466,632,2025-01-27 23:22:40,CPU_OVERLOAD,Critical,False
11623,4422,119,334,2025-10-15 09:25:29,BATTERY_LOW,Major,False
11624,363,189,427,2024-11-08 10:31:19,FIBRE_BREAK,Major,False
11625,4696,33,69,2025-06-11 04:12:38,SIGNAL_DEGRADED,Major,True
11626,2460,411,352,2024-03-12 15:12:21,RBS_OVER_TEMP,Minor,True
11627,1338,78,573,2024-12-26 12:45:03,BATTERY_LOW,Info,False
11628,144,234,430,2024-12-22 09:31:27,SIGNAL_DEGRADED,Critical,False
11629,1108,377,964,2025-01-02 06:23:40,TRANSMISSION_ERROR,Major,False
11630,2917,201,993,2024-03-12 22:32:45,LINK_DOWN,Info,False
11631,4195,348,179,2025-11-13 05:05:44,RBS_OVER_TEMP,Critical,True
11632,142,198,141,2025-09-13 09:40:46,SIGNAL_DEGRADED,Info,False
11633,4039,387,575,2024-04-25 11:19:34,LINK_DOWN,Info,True
11634,4693,38,320,2025-06-16 09:43:37,BATTERY_LOW,Minor,False
11635,1214,235,518,2024-01-12 16:46:02,LINK_DOWN,Info,False
11636,4438,383,420,2025-07-28 16:40:32,RBS_OVER_TEMP,Info,True
11637,3778,271,897,2024-04-08 21:56:21,BATTERY_LOW,Minor,False
11638,1524,10,193,2024-02-14 18:01:41,SOFTWARE_CRASH,Minor,False
11639,261,445,18,2025-02-04 16:49:56,SIGNAL_DEGRADED,Info,False
11640,1559,356,737,2025-01-22 04:15:01,POWER_ALARM,Minor,False
11641,4287,17,172,2024-10-08 04:31:04,SIGNAL_DEGRADED,Info,True
11642,2975,282,188,2024-12-18 22:53:12,RBS_OVER_TEMP,Major,False
11643,4556,81,309,2024-02-19 12:23:01,CPU_OVERLOAD,Info,False
11644,4077,432,723,2025-10-31 17:23:49,ANTENNA_FAULT,Info,True
11645,1931,459,594,2025-04-25 18:08:16,LINK_DOWN,Minor,True
11646,3066,471,655,2025-03-07 13:40:30,MEMORY_HIGH,Minor,False
11647,208,253,770,2025-04-13 18:49:02,ANTENNA_FAULT,Minor,True
11648,655,203,24,2024-10-25 11:46:55,RBS_OVER_TEMP,Info,False
11649,1055,207,467,2025-03-23 16:15:21,FIBRE_BREAK,Critical,False
11650,4542,291,362,2025-04-02 02:26:50,SOFTWARE_CRASH,Minor,False
11651,2045,131,930,2024-05-18 13:57:41,CPU_OVERLOAD,Minor,False
11652,3493,276,236,2025-07-16 05:13:21,POWER_ALARM,Minor,False
11653,2583,449,258,2024-01-03 16:21:06,RBS_OVER_TEMP,Info,False
11654,4661,271,851,2024-05-26 14:05:21,SOFTWARE_CRASH,Critical,False
11655,141,74,486,2024-05-24 12:21:19,ANTENNA_FAULT,Major,False
11656,4560,493,732,2025-07-17 20:35:39,MEMORY_HIGH,Major,True
11657,4303,83,690,2025-12-25 21:17:03,POWER_ALARM,Minor,False
11658,1392,198,625,2025-06-18 17:25:29,RBS_OVER_TEMP,Critical,True
11659,1080,410,776,2024-03-14 23:34:58,SOFTWARE_CRASH,Minor,False
11660,4323,420,618,2025-01-23 18:47:58,LINK_DOWN,Major,False
11661,1312,256,124,2024-09-15 16:46:05,ANTENNA_FAULT,Critical,False
11662,2242,300,754,2025-11-14 13:47:58,ANTENNA_FAULT,Major,True
11663,1214,235,518,2024-01-12 16:47:02,TRANSMISSION_ERROR,Minor,False
11664,2419,227,411,2025-05-04 13:42:47,MEMORY_HIGH,Major,False
11665,1374,162,482,2025-03-06 06:05:25,CPU_OVERLOAD,Major,True
11666,1014,256,428,2025-02-23 13:06:33,FIBRE_BREAK,Minor,False
11667,3085,247,167,2025-07-17 03:14:38,SIGNAL_DEGRADED,Major,False
11668,4981,313,401,2024-02-12 18:45:08,SYNC_LOSS,Critical,True
11669,3711,101,742,2025-11-14 15:19:55,FIBRE_BREAK,Minor,False
11670,2817,418,781,2025-06-09 03:45:18,SIGNAL_DEGRADED,Info,False
11671,2151,122,875,2025-03-10 17:50:48,SYNC_LOSS,Info,True
11672,1435,57,114,2025-01-02 14:31:23,POWER_ALARM,Major,False
11673,2550,465,58,2025-09-27 17:16:56,FIBRE_BREAK,Info,True
11674,992,168,812,2025-07-23 23:18:24,ANTENNA_FAULT,Minor,False
11675,2006,80,654,2024-02-04 04:06:43,SOFTWARE_CRASH,Critical,False
11676,4445,60,86,2024-06-12 03:38:35,SYNC_LOSS,Minor,True
11677,3336,367,849,2025-06-13 14:05:10,TRANSMISSION_ERROR,Major,True
11678,488,387,599,2025-06-19 10:30:46,LINK_DOWN,Info,False
11679,3585,258,300,2024-07-25 01:19:01,TRANSMISSION_ERROR,Minor,True
11680,3670,26,543,2024-06-09 14:04:06,MEMORY_HIGH,Minor,False
11681,992,168,812,2025-07-23 23:20:24,POWER_ALARM,Critical,False
11682,1601,105,803,2025-03-07 05:36:50,LINK_DOWN,Major,False
11683,4807,275,445,2024-02-02 11:07:36,MEMORY_HIGH,Minor,True
11684,4156,146,429,2024-05-01 05:50:05,TRANSMISSION_ERROR,Major,False
11685,3189,474,93,2025-03-02 14:06:53,RBS_OVER_TEMP,Info,False
11686,1126,43,462,2024-10-29 15:29:24,LINK_DOWN,Minor,False
11687,844,261,812,2025-03-08 20:56:06,CPU_OVERLOAD,Major,False
11688,4105,222,979,2025-12-05 02:30:54,SOFTWARE_CRASH,Major,False
11689,3298,273,830,2024-01-31 16:30:43,FIBRE_BREAK,Minor,True
11690,2727,292,825,2025-04-11 08:46:32,FIBRE_BREAK,Major,False
11691,4106,311,456,2024-03-27 10:32:24,LINK_DOWN,Info,True
11692,3196,8,459,2024-05-27 05:57:31,FIBRE_BREAK,Info,False
11693,4880,255,195,2025-05-06 06:58:36,FIBRE_BREAK,Critical,False
11694,2779,108,633,2024-11-21 13:04:01,TRANSMISSION_ERROR,Minor,True
11695,4000,471,334,2025-05-20 15:41:41,SIGNAL_DEGRADED,Minor,False
11696,4247,370,750,2024-01-11 14:22:11,TRANSMISSION_ERROR,Info,True
11697,320,358,535,2024-11-01 16:48:40,SOFTWARE_CRASH,Info,False
11698,3662,304,718,2025-07-31 09:25:18,SIGNAL_DEGRADED,Minor,False
11699,3754,208,474,2025-11-17 10:40:37,BATTERY_LOW,Info,False
11700,1213,199,966,2025-08-15 10:56:47,RBS_OVER_TEMP,Minor,False
11701,4600,298,755,2024-11-19 17:20:15,ANTENNA_FAULT,Major,True
11702,488,387,599,2025-06-19 10:24:46,RBS_OVER_TEMP,Critical,True
11703,4264,164,618,2024-06-16 10:38:27,ANTENNA_FAULT,Minor,False
11704,2245,330,195,2025-05-11 15:58:30,BATTERY_LOW,Minor,True
11705,473,65,85,2024-08-12 16:41:20,SYNC_LOSS,Minor,True
11706,1597,330,894,2025-07-21 19:05:57,SOFTWARE_CRASH,Critical,True
11707,1678,86,814,2024-01-27 21:03:54,CPU_OVERLOAD,Critical,True
11708,3241,73,755,2024-08-11 06:44:16,CPU_OVERLOAD,Info,True
11709,3662,304,718,2025-07-31 09:27:18,TRANSMISSION_ERROR,Major,True
11710,4386,158,199,2024-08-14 16:52:40,SOFTWARE_CRASH,Minor,False
11711,4967,27,44,2024-08-22 10:59:30,BATTERY_LOW,Critical,False
11712,1132,389,566,2025-11-09 17:42:53,POWER_ALARM,Info,False
11713,4347,214,703,2024-02-22 11:01:28,MEMORY_HIGH,Info,False
11714,1631,396,415,2024-01-27 16:59:56,SIGNAL_DEGRADED,Major,False
11715,938,368,367,2024-05-06 08:34:59,SIGNAL_DEGRADED,Minor,True
11716,2013,199,734,2024-07-06 06:14:49,CPU_OVERLOAD,Info,False
11717,3111,243,99,2024-12-31 10:07:58,CPU_OVERLOAD,Info,True
11718,3668,209,160,2024-03-18 04:23:22,POWER_ALARM,Critical,True
11719,4385,254,257,2024-07-17 12:51:39,MEMORY_HIGH,Major,False
11720,660,156,332,2025-08-04 11:06:11,SOFTWARE_CRASH,Info,True
11721,18,88,329,2025-09-19 11:16:41,LINK_DOWN,Minor,False
11722,2973,432,896,2024-09-24 20:37:18,RBS_OVER_TEMP,Minor,False
11723,66,397,575,2024-04-04 16:07:58,FIBRE_BREAK,Minor,True
11724,3309,26,467,2025-04-22 11:01:06,ANTENNA_FAULT,Critical,False
11725,2677,88,131,2024-03-13 09:36:36,SIGNAL_DEGRADED,Critical,False
11726,837,260,653,2025-02-14 09:56:41,SYNC_LOSS,Minor,True
11727,1837,159,143,2025-03-30 12:51:57,SOFTWARE_CRASH,Minor,False
11728,2495,58,583,2025-07-16 16:02:33,TRANSMISSION_ERROR,Major,False
11729,4790,388,948,2025-08-05 10:29:40,BATTERY_LOW,Minor,True
11730,350,278,545,2025-08-22 16:50:04,SOFTWARE_CRASH,Major,False
11731,3625,449,113,2024-10-24 09:58:08,SIGNAL_DEGRADED,Info,False
11732,4459,315,722,2025-03-31 01:50:02,ANTENNA_FAULT,Major,True
11733,784,256,527,2024-05-25 06:06:05,POWER_ALARM,Minor,False
11734,2297,422,356,2025-07-22 03:44:50,SIGNAL_DEGRADED,Critical,True
11735,1888,462,331,2024-03-07 20:42:48,POWER_ALARM,Critical,True
11736,1112,243,127,2024-05-19 17:50:40,MEMORY_HIGH,Minor,False
11737,1743,389,574,2024-10-21 13:34:53,SYNC_LOSS,Info,False
11738,542,242,99,2024-11-10 03:57:42,MEMORY_HIGH,Major,False
11739,1786,201,949,2025-07-26 13:03:47,BATTERY_LOW,Major,True
11740,3205,20,775,2025-06-07 13:44:38,TRANSMISSION_ERROR,Info,False
11741,2639,468,897,2024-03-27 20:37:53,SOFTWARE_CRASH,Minor,False
11742,329,15,487,2024-03-13 10:55:19,BATTERY_LOW,Info,True
11743,4587,90,883,2025-09-03 12:13:35,POWER_ALARM,Minor,True
11744,3222,211,677,2025-03-10 16:49:46,CPU_OVERLOAD,Critical,False
11745,2655,271,37,2024-08-30 08:13:51,FIBRE_BREAK,Info,False
11746,4980,99,344,2025-11-23 09:08:47,SOFTWARE_CRASH,Info,False
11747,2158,247,978,2024-10-04 16:22:41,BATTERY_LOW,Minor,False
11748,1550,108,790,2025-10-01 14:01:09,FIBRE_BREAK,Info,True
11749,3563,330,637,2025-05-22 01:15:22,SIGNAL_DEGRADED,Critical,False
11750,3137,244,510,2025-10-09 13:43:23,FIBRE_BREAK,Major,False
11751,1399,5,442,2025-04-08 07:14:31,SIGNAL_DEGRADED,Critical,True
11752,558,400,876,2024-06-08 15:00:40,RBS_OVER_TEMP,Info,False
11753,1592,103,254,2025-06-13 15:08:47,FIBRE_BREAK,Info,False
11754,3704,500,544,2025-10-04 22:05:47,FIBRE_BREAK,Major,True
11755,2653,231,181,2024-03-06 07:18:39,LINK_DOWN,Minor,False
11756,3417,337,600,2024-03-17 08:12:08,CPU_OVERLOAD,Info,False
11757,4193,180,257,2025-05-26 20:26:12,FIBRE_BREAK,Info,True
11758,856,432,546,2025-08-16 08:29:24,POWER_ALARM,Minor,True
11759,1496,140,664,2025-07-05 11:09:32,POWER_ALARM,Info,False
11760,4974,130,324,2024-07-07 17:41:01,MEMORY_HIGH,Info,False
11761,1211,131,174,2024-11-03 06:13:01,SIGNAL_DEGRADED,Minor,False
11762,3934,250,46,2025-08-13 16:03:01,FIBRE_BREAK,Info,True
11763,2839,101,524,2025-08-01 15:24:17,RBS_OVER_TEMP,Info,True
11764,4622,446,766,2025-02-18 12:15:34,SOFTWARE_CRASH,Major,False
11765,3093,119,749,2025-04-02 19:34:49,MEMORY_HIGH,Major,True
11766,3105,463,615,2024-08-23 12:12:18,FIBRE_BREAK,Info,False
11767,1393,363,810,2025-06-29 15:35:33,CPU_OVERLOAD,Major,False
11768,2413,139,465,2025-10-19 13:47:16,SIGNAL_DEGRADED,Critical,True
11769,1477,175,71,2024-08-29 10:54:57,TRANSMISSION_ERROR,Info,False
11770,206,165,733,2024-10-01 23:33:59,TRANSMISSION_ERROR,Minor,False
11771,655,203,24,2024-10-25 11:38:55,CPU_OVERLOAD,Minor,False
11772,1357,213,246,2025-04-29 17:18:38,POWER_ALARM,Major,False
11773,2535,389,709,2025-10-12 13:15:15,FIBRE_BREAK,Info,False
11774,4469,177,519,2025-06-27 13:12:41,MEMORY_HIGH,Minor,False
11775,1512,183,126,2025-11-13 06:27:08,SIGNAL_DEGRADED,Info,False
11776,3083,489,107,2024-08-06 20:53:30,SOFTWARE_CRASH,Major,False
11777,3737,6,68,2025-09-25 16:33:23,LINK_DOWN,Major,False
11778,4974,130,324,2024-07-07 18:12:01,ANTENNA_FAULT,Info,False
11779,4366,161,228,2024-10-12 18:19:44,POWER_ALARM,Critical,True
11780,1073,230,821,2025-05-01 22:19:09,RBS_OVER_TEMP,Minor,True
11781,1958,280,689,2024-01-10 10:44:33,BATTERY_LOW,Minor,True
11782,2510,168,297,2024-11-22 20:55:37,SIGNAL_DEGRADED,Minor,False
11783,4834,9,891,2024-01-12 09:05:16,MEMORY_HIGH,Major,False
11784,4954,483,52,2024-06-25 13:09:49,RBS_OVER_TEMP,Info,False
11785,1024,121,609,2025-12-18 21:02:25,LINK_DOWN,Info,False
11786,3679,392,226,2024-08-03 12:53:13,ANTENNA_FAULT,Critical,True
11787,48,339,114,2025-11-28 04:39:07,CPU_OVERLOAD,Minor,True
11788,4505,175,583,2024-05-13 01:02:11,BATTERY_LOW,Info,False
11789,3768,160,282,2025-10-21 08:22:33,POWER_ALARM,Major,True
11790,4974,130,324,2024-07-07 17:50:01,MEMORY_HIGH,Info,False
11791,2769,170,334,2025-09-12 17:22:59,CPU_OVERLOAD,Major,False
11792,1591,228,538,2024-05-23 18:19:45,CPU_OVERLOAD,Info,True
11793,322,379,585,2024-04-06 10:15:28,BATTERY_LOW,Info,True
11794,514,305,532,2024-09-15 14:02:52,FIBRE_BREAK,Minor,False
11795,3463,97,3,2025-03-19 18:10:52,TRANSMISSION_ERROR,Minor,True
11796,1998,62,322,2025-07-23 02:41:21,FIBRE_BREAK,Info,False
11797,2708,244,191,2024-10-03 16:06:25,LINK_DOWN,Info,False
11798,30,362,9,2025-11-20 15:15:19,TRANSMISSION_ERROR,Info,False
11799,3644,173,269,2025-09-10 15:46:09,ANTENNA_FAULT,Info,True
11800,1954,500,971,2024-11-20 15:40:10,BATTERY_LOW,Minor,True
11801,3856,438,609,2025-06-23 14:28:35,SIGNAL_DEGRADED,Info,False
11802,4302,94,885,2025-10-07 16:13:11,SYNC_LOSS,Info,True
11803,1164,182,915,2025-05-18 15:11:17,POWER_ALARM,Major,False
11804,2788,275,653,2024-01-13 09:51:22,ANTENNA_FAULT,Minor,True
11805,1034,42,940,2025-11-18 10:37:00,POWER_ALARM,Minor,True
11806,431,469,278,2024-12-24 22:06:06,SIGNAL_DEGRADED,Major,False
11807,2177,247,114,2024-09-21 09:46:10,SYNC_LOSS,Info,False
11808,3195,169,845,2024-07-23 22:43:57,CPU_OVERLOAD,Minor,False
11809,2974,324,521,2024-06-10 11:57:16,ANTENNA_FAULT,Critical,True
11810,4611,164,751,2025-06-07 16:25:34,CPU_OVERLOAD,Major,False
11811,4097,252,195,2025-01-12 12:56:25,SIGNAL_DEGRADED,Info,True
11812,4015,445,527,2024-01-07 12:43:57,CPU_OVERLOAD,Critical,False
11813,646,253,424,2024-11-18 20:35:33,BATTERY_LOW,Critical,True
11814,4983,435,76,2025-07-04 11:09:18,SOFTWARE_CRASH,Minor,False
11815,4298,430,996,2025-10-29 13:03:30,SIGNAL_DEGRADED,Info,True
11816,3040,433,670,2025-11-04 16:22:29,TRANSMISSION_ERROR,Critical,False
11817,1449,447,679,2025-08-02 08:40:50,SOFTWARE_CRASH,Minor,False
11818,3281,394,489,2024-08-10 18:08:15,FIBRE_BREAK,Info,False
11819,387,358,753,2025-02-12 08:48:59,MEMORY_HIGH,Critical,False
11820,731,9,58,2024-10-13 06:36:31,SOFTWARE_CRASH,Minor,False
11821,209,136,74,2024-11-02 09:03:52,POWER_ALARM,Minor,False
11822,959,352,715,2025-04-17 02:42:06,BATTERY_LOW,Info,True
11823,3046,45,453,2024-03-26 14:05:51,MEMORY_HIGH,Info,False
11824,4094,350,927,2024-12-20 16:16:18,POWER_ALARM,Info,True
11825,4091,448,27,2025-12-07 10:06:35,SYNC_LOSS,Info,True
11826,2786,370,722,2025-03-25 15:52:10,RBS_OVER_TEMP,Major,True
11827,952,414,376,2025-06-24 12:05:50,LINK_DOWN,Critical,False
11828,2171,63,41,2024-08-22 05:58:36,CPU_OVERLOAD,Major,False
11829,2581,329,658,2024-05-19 04:34:19,ANTENNA_FAULT,Info,False
11830,1538,436,283,2024-02-26 12:13:51,SYNC_LOSS,Info,False
11831,1536,157,102,2025-03-19 09:01:24,FIBRE_BREAK,Critical,False
11832,3019,346,81,2024-11-07 08:11:55,SYNC_LOSS,Info,False
11833,2003,412,111,2025-11-19 13:09:32,SOFTWARE_CRASH,Major,True
11834,767,381,666,2024-12-09 11:24:10,ANTENNA_FAULT,Info,False
11835,3319,155,525,2024-05-30 13:49:39,CPU_OVERLOAD,Critical,False
11836,218,426,998,2024-05-04 17:41:15,ANTENNA_FAULT,Major,True
11837,40,499,138,2025-07-06 14:23:15,BATTERY_LOW,Info,True
11838,4652,143,7,2024-11-30 23:01:24,SIGNAL_DEGRADED,Critical,True
11839,4580,367,866,2025-04-26 06:13:55,SYNC_LOSS,Info,False
11840,4923,259,760,2024-02-11 09:59:49,POWER_ALARM,Minor,True
11841,120,20,583,2024-04-06 02:54:26,LINK_DOWN,Minor,False
11842,1311,431,679,2024-08-27 00:17:03,SYNC_LOSS,Info,False
11843,3540,126,857,2025-12-29 17:34:49,SOFTWARE_CRASH,Minor,True
11844,3469,496,533,2024-06-06 11:37:00,SOFTWARE_CRASH,Minor,False
11845,3579,87,555,2025-12-31 14:03:59,TRANSMISSION_ERROR,Major,False
11846,1231,112,671,2024-10-30 17:04:44,LINK_DOWN,Critical,False
11847,135,115,663,2025-06-06 09:49:01,LINK_DOWN,Major,False
11848,3993,402,783,2024-05-04 11:08:18,CPU_OVERLOAD,Major,True
11849,1320,215,721,2024-10-18 10:21:15,SIGNAL_DEGRADED,Minor,False
11850,1463,178,135,2024-02-19 16:18:58,RBS_OVER_TEMP,Major,False
11851,1057,369,287,2025-09-29 08:38:59,ANTENNA_FAULT,Info,True
11852,2449,289,821,2024-08-30 05:28:12,POWER_ALARM,Minor,False
11853,1956,429,505,2024-04-14 04:51:03,SOFTWARE_CRASH,Critical,False
11854,3938,321,18,2024-02-23 12:35:40,FIBRE_BREAK,Critical,True
11855,308,215,426,2025-05-20 04:34:02,SOFTWARE_CRASH,Minor,True
11856,4181,467,919,2025-05-25 13:50:25,LINK_DOWN,Minor,True
11857,3256,255,374,2024-09-14 17:41:45,MEMORY_HIGH,Major,False
11858,3555,371,609,2024-12-23 17:02:25,SOFTWARE_CRASH,Major,False
11859,2909,266,669,2024-10-21 09:48:32,FIBRE_BREAK,Critical,False
11860,1199,217,892,2025-09-04 02:08:12,ANTENNA_FAULT,Major,False
11861,2382,245,508,2025-01-18 10:58:37,LINK_DOWN,Minor,False
11862,148,112,137,2025-03-21 01:00:39,MEMORY_HIGH,Minor,True
11863,4762,13,230,2025-10-16 01:43:35,RBS_OVER_TEMP,Major,False
11864,935,139,136,2025-01-06 08:50:35,CPU_OVERLOAD,Info,True
11865,4109,316,874,2024-02-03 19:09:31,RBS_OVER_TEMP,Info,True
11866,597,433,427,2024-08-25 00:23:08,SYNC_LOSS,Minor,False
11867,402,374,961,2024-12-08 13:28:12,MEMORY_HIGH,Info,False
11868,3217,313,210,2024-11-27 01:38:19,SIGNAL_DEGRADED,Info,False
11869,1067,103,351,2025-08-10 20:01:20,ANTENNA_FAULT,Major,False
11870,1098,99,702,2024-07-23 15:58:25,SOFTWARE_CRASH,Minor,False
11871,14,205,378,2024-08-02 17:15:25,BATTERY_LOW,Major,False
11872,271,130,817,2025-01-23 14:21:13,ANTENNA_FAULT,Minor,False
11873,4957,216,269,2024-02-16 08:42:43,MEMORY_HIGH,Critical,False
11874,4887,89,669,2025-11-13 08:56:31,BATTERY_LOW,Minor,False
11875,2063,45,160,2025-04-04 17:35:33,RBS_OVER_TEMP,Critical,True
11876,3061,356,102,2024-07-30 08:16:45,TRANSMISSION_ERROR,Minor,False
11877,1305,461,558,2024-07-27 09:24:09,SIGNAL_DEGRADED,Critical,True
11878,2655,271,37,2024-08-30 08:03:51,SIGNAL_DEGRADED,Major,True
11879,4991,1,671,2025-12-26 16:54:38,TRANSMISSION_ERROR,Info,False
11880,3588,102,105,2025-09-05 03:55:58,SOFTWARE_CRASH,Major,False
11881,2023,132,921,2024-10-10 17:03:33,FIBRE_BREAK,Info,False
11882,3200,432,692,2024-06-24 13:15:45,POWER_ALARM,Minor,False
11883,2144,225,306,2024-01-06 16:20:10,CPU_OVERLOAD,Minor,True
11884,1737,451,896,2025-06-07 22:20:41,BATTERY_LOW,Info,False
11885,692,180,29,2024-02-04 00:05:39,BATTERY_LOW,Info,False
11886,4588,84,957,2025-03-16 17:54:22,BATTERY_LOW,Major,True
11887,4526,93,574,2024-08-16 20:30:47,ANTENNA_FAULT,Major,True
11888,1659,336,989,2024-08-25 06:51:34,POWER_ALARM,Major,False
11889,4746,162,338,2024-09-21 09:57:27,CPU_OVERLOAD,Info,False
11890,969,308,565,2025-05-25 12:13:10,ANTENNA_FAULT,Minor,False
11891,3638,385,43,2024-12-03 17:35:34,SYNC_LOSS,Critical,False
11892,517,436,441,2024-10-21 14:00:12,TRANSMISSION_ERROR,Minor,True
11893,366,83,587,2024-03-28 08:43:26,POWER_ALARM,Major,False
11894,3065,459,471,2024-09-21 14:49:30,BATTERY_LOW,Info,True
11895,3072,343,57,2024-05-25 22:05:17,TRANSMISSION_ERROR,Minor,False
11896,2389,497,668,2025-04-24 20:12:04,SOFTWARE_CRASH,Minor,False
11897,4591,379,624,2024-04-11 20:07:32,CPU_OVERLOAD,Major,False
11898,1168,22,401,2025-02-21 08:45:23,SYNC_LOSS,Minor,True
11899,4201,259,216,2025-06-22 15:12:29,SOFTWARE_CRASH,Minor,True
11900,4750,471,708,2024-01-29 05:01:30,SIGNAL_DEGRADED,Minor,False
11901,468,187,344,2024-12-02 15:48:23,SIGNAL_DEGRADED,Critical,False
11902,3918,420,316,2024-11-17 18:54:16,ANTENNA_FAULT,Major,False
11903,3258,1,362,2024-01-04 15:36:37,POWER_ALARM,Minor,False
11904,4837,358,141,2024-04-27 14:51:23,ANTENNA_FAULT,Minor,True
11905,3684,222,954,2024-10-19 16:39:42,SYNC_LOSS,Major,False
11906,4166,124,303,2025-09-18 13:52:16,BATTERY_LOW,Major,False
11907,1577,450,741,2025-07-24 21:11:48,RBS_OVER_TEMP,Major,False
11908,4180,100,79,2025-01-14 16:46:10,POWER_ALARM,Major,False
11909,1924,174,166,2024-08-11 14:51:57,SOFTWARE_CRASH,Major,False
11910,1741,103,935,2025-05-06 12:19:29,BATTERY_LOW,Minor,False
11911,4420,196,125,2024-11-10 21:15:08,TRANSMISSION_ERROR,Info,False
11912,2988,361,635,2024-04-19 08:22:16,SOFTWARE_CRASH,Minor,False
11913,797,500,53,2025-06-03 16:05:29,LINK_DOWN,Minor,True
11914,3333,369,537,2025-04-08 09:42:18,CPU_OVERLOAD,Minor,False
11915,4067,431,505,2025-02-05 18:52:41,BATTERY_LOW,Minor,False
11916,73,90,870,2024-01-20 08:41:44,TRANSMISSION_ERROR,Info,False
11917,3764,422,749,2024-09-16 12:05:39,SYNC_LOSS,Major,False
11918,964,227,74,2024-09-07 15:34:38,BATTERY_LOW,Major,False
11919,148,112,137,2025-03-21 00:55:39,SYNC_LOSS,Major,True
11920,3433,457,652,2025-06-24 09:31:08,LINK_DOWN,Critical,False
11921,2070,110,799,2025-08-02 07:21:44,MEMORY_HIGH,Minor,False
11922,2537,242,295,2024-02-25 01:59:08,ANTENNA_FAULT,Critical,False
11923,2382,245,508,2025-01-18 11:04:37,SIGNAL_DEGRADED,Major,False
11924,429,267,500,2025-01-07 05:34:03,FIBRE_BREAK,Minor,False
11925,2609,209,372,2024-12-25 10:10:06,SIGNAL_DEGRADED,Major,False
11926,1862,97,692,2025-04-28 21:39:05,ANTENNA_FAULT,Minor,False
11927,287,173,149,2025-07-11 18:17:14,LINK_DOWN,Critical,False
11928,1997,222,873,2024-01-22 21:29:04,SIGNAL_DEGRADED,Info,False
11929,2590,180,681,2024-09-03 10:26:15,LINK_DOWN,Info,True
11930,2043,46,667,2024-08-22 15:25:25,RBS_OVER_TEMP,Major,True
11931,607,105,426,2025-01-21 02:14:16,LINK_DOWN,Info,True
11932,1215,108,673,2025-05-28 11:33:48,SYNC_LOSS,Major,False
11933,3437,261,681,2025-11-18 18:24:34,BATTERY_LOW,Major,False
11934,709,137,391,2025-09-24 18:23:13,CPU_OVERLOAD,Major,False
11935,1546,468,909,2025-02-21 05:21:09,RBS_OVER_TEMP,Critical,False
11936,3527,429,514,2024-04-23 10:55:37,BATTERY_LOW,Critical,False
11937,3318,424,296,2024-03-02 08:23:13,SYNC_LOSS,Info,True
11938,2197,191,319,2024-02-04 14:32:17,CPU_OVERLOAD,Info,True
11939,4268,361,135,2025-10-04 00:39:40,SIGNAL_DEGRADED,Major,True
11940,2184,397,916,2024-01-30 09:45:09,FIBRE_BREAK,Info,False
11941,1086,213,437,2024-01-24 12:57:40,RBS_OVER_TEMP,Info,True
11942,467,20,56,2025-06-03 16:54:26,SOFTWARE_CRASH,Major,False
11943,96,209,710,2024-12-15 20:20:20,SYNC_LOSS,Major,False
11944,2207,268,121,2025-02-24 13:15:03,SOFTWARE_CRASH,Minor,True
11945,4313,146,730,2025-11-12 08:58:12,POWER_ALARM,Major,False
11946,1340,43,121,2024-06-20 13:39:23,SOFTWARE_CRASH,Minor,False
11947,3215,193,801,2025-09-05 02:34:35,BATTERY_LOW,Minor,False
11948,2331,76,726,2024-01-09 09:23:22,LINK_DOWN,Major,False
11949,610,46,679,2024-01-25 12:08:40,POWER_ALARM,Info,False
11950,2522,152,25,2025-05-13 22:35:42,CPU_OVERLOAD,Minor,False
11951,343,344,776,2025-09-02 01:56:53,MEMORY_HIGH,Minor,False
11952,674,11,668,2025-05-30 23:13:11,MEMORY_HIGH,Critical,True
11953,151,28,223,2025-04-09 17:53:32,CPU_OVERLOAD,Minor,True
11954,1433,489,135,2025-02-11 21:55:42,MEMORY_HIGH,Major,False
11955,4554,472,399,2025-11-07 10:01:59,SOFTWARE_CRASH,Minor,False
11956,4778,86,598,2024-06-05 17:26:26,CPU_OVERLOAD,Minor,False
11957,3806,480,289,2024-07-12 14:23:22,ANTENNA_FAULT,Minor,True
11958,4456,115,569,2024-07-26 15:00:01,SIGNAL_DEGRADED,Minor,False
11959,3413,339,429,2025-11-05 16:17:45,POWER_ALARM,Minor,False
11960,1983,220,222,2024-03-13 13:35:56,LINK_DOWN,Major,True
11961,3668,209,160,2024-03-18 03:31:22,TRANSMISSION_ERROR,Minor,False
11962,4486,222,395,2025-03-10 11:39:05,SIGNAL_DEGRADED,Major,True
11963,4870,20,480,2025-05-23 23:04:01,SOFTWARE_CRASH,Minor,False
11964,3901,23,184,2025-10-19 09:12:14,TRANSMISSION_ERROR,Minor,False
11965,3745,83,492,2025-07-13 20:36:32,POWER_ALARM,Minor,True
11966,2204,307,124,2024-12-25 16:26:56,FIBRE_BREAK,Minor,False
11967,3835,460,354,2024-08-01 16:25:55,FIBRE_BREAK,Info,False
11968,3532,417,267,2025-07-13 11:26:50,RBS_OVER_TEMP,Info,False
11969,2539,384,621,2025-01-07 22:48:10,RBS_OVER_TEMP,Info,True
11970,4436,458,834,2025-08-04 00:53:19,FIBRE_BREAK,Minor,False
11971,4953,426,765,2025-09-19 18:23:54,SYNC_LOSS,Info,False
11972,842,259,770,2025-12-02 11:27:53,RBS_OVER_TEMP,Info,True
11973,957,336,751,2025-07-24 13:00:50,SYNC_LOSS,Minor,True
11974,3457,85,984,2025-08-14 21:00:27,BATTERY_LOW,Info,False
11975,1486,200,966,2025-01-08 18:30:34,ANTENNA_FAULT,Minor,False
11976,1780,338,249,2024-01-08 02:15:56,SOFTWARE_CRASH,Major,False
11977,1612,282,925,2025-10-12 14:59:16,LINK_DOWN,Info,False
11978,1245,228,195,2025-12-14 13:08:41,SYNC_LOSS,Critical,False
11979,2863,134,668,2025-10-25 18:49:39,SYNC_LOSS,Major,False
11980,53,137,655,2024-02-15 22:41:32,RBS_OVER_TEMP,Minor,True
11981,1575,29,801,2025-05-23 16:36:43,MEMORY_HIGH,Info,False
11982,3748,121,837,2025-01-09 15:40:01,POWER_ALARM,Major,False
11983,1325,332,845,2024-12-23 05:09:44,CPU_OVERLOAD,Info,False
11984,2668,266,90,2025-11-14 18:41:36,SIGNAL_DEGRADED,Major,True
11985,2212,334,148,2024-03-04 09:30:22,POWER_ALARM,Critical,True
11986,3244,160,320,2024-03-10 04:22:43,CPU_OVERLOAD,Critical,True
11987,4485,418,106,2025-05-05 09:34:46,SIGNAL_DEGRADED,Major,True
11988,4397,378,885,2024-03-21 18:59:57,SIGNAL_DEGRADED,Major,False
11989,2315,5,778,2025-03-08 14:58:48,CPU_OVERLOAD,Minor,False
11990,1505,187,962,2025-11-23 05:08:45,POWER_ALARM,Minor,False
11991,3927,130,70,2024-06-12 16:13:51,CPU_OVERLOAD,Info,True
11992,3772,433,408,2025-04-16 06:52:07,ANTENNA_FAULT,Major,False
11993,3022,164,675,2024-10-04 06:19:02,CPU_OVERLOAD,Info,False
11994,1066,369,19,2024-09-21 18:16:26,ANTENNA_FAULT,Major,False
11995,4059,1,794,2024-02-10 13:58:28,POWER_ALARM,Critical,False
11996,2435,90,616,2024-01-17 13:47:14,FIBRE_BREAK,Info,False
11997,4044,122,61,2025-06-19 09:38:20,SYNC_LOSS,Minor,False
11998,2720,76,885,2025-03-01 11:41:38,SOFTWARE_CRASH,Info,False
11999,1438,140,267,2024-02-08 05:20:02,SOFTWARE_CRASH,Critical,False
12000,23,339,311,2024-08-29 16:53:02,SOFTWARE_CRASH,Minor,False
12001,124,384,712,2024-07-25 08:59:36,ANTENNA_FAULT,Critical,False
12002,3215,193,801,2025-09-05 02:31:35,TRANSMISSION_ERROR,Minor,False
12003,3925,22,542,2024-02-11 08:07:53,SYNC_LOSS,Critical,False
12004,3656,191,68,2024-09-24 15:41:19,POWER_ALARM,Minor,False
12005,2064,61,634,2024-04-30 13:52:36,ANTENNA_FAULT,Info,True
12006,674,11,668,2025-05-30 23:02:11,POWER_ALARM,Major,False
12007,1699,75,939,2025-02-27 00:33:58,FIBRE_BREAK,Info,False
12008,385,91,716,2025-02-04 23:32:38,POWER_ALARM,Info,False
12009,1892,438,852,2024-05-06 17:53:09,POWER_ALARM,Critical,True
12010,2079,193,915,2024-06-26 05:03:42,TRANSMISSION_ERROR,Minor,False
12011,1624,154,19,2024-10-13 09:14:18,FIBRE_BREAK,Major,True
12012,3056,272,112,2024-03-14 00:53:39,TRANSMISSION_ERROR,Info,True
12013,2833,118,512,2025-03-27 09:19:03,MEMORY_HIGH,Major,False
12014,4801,497,547,2024-07-30 09:25:35,CPU_OVERLOAD,Critical,False
12015,3817,234,64,2024-05-10 20:04:48,MEMORY_HIGH,Minor,False
12016,461,20,243,2024-10-16 16:11:47,CPU_OVERLOAD,Minor,False
12017,2726,266,783,2025-04-10 01:10:27,BATTERY_LOW,Major,True
12018,3115,333,225,2024-04-02 11:45:24,CPU_OVERLOAD,Minor,False
12019,16,212,143,2024-12-24 14:41:35,RBS_OVER_TEMP,Info,True
12020,399,197,42,2024-05-16 13:02:07,BATTERY_LOW,Major,False
12021,1881,393,966,2025-03-21 11:21:42,POWER_ALARM,Info,True
12022,4160,369,792,2025-04-05 12:55:55,SIGNAL_DEGRADED,Minor,True
12023,4587,90,883,2025-09-03 12:41:35,BATTERY_LOW,Major,False
12024,1109,196,863,2025-04-08 17:27:12,BATTERY_LOW,Major,False
12025,1541,239,105,2025-10-24 16:36:20,MEMORY_HIGH,Info,False
12026,4235,137,157,2024-09-11 19:49:19,POWER_ALARM,Info,True
12027,3934,250,46,2025-08-13 16:21:01,TRANSMISSION_ERROR,Critical,False
12028,2350,247,412,2025-09-12 18:22:29,MEMORY_HIGH,Major,False
12029,3323,234,54,2024-08-25 02:56:54,FIBRE_BREAK,Critical,False
12030,2403,251,95,2025-01-17 10:04:30,LINK_DOWN,Info,False
12031,371,360,761,2025-03-07 16:04:46,CPU_OVERLOAD,Info,False
12032,3929,425,38,2024-04-19 03:41:09,SIGNAL_DEGRADED,Info,False
12033,1018,194,893,2024-11-09 10:09:27,CPU_OVERLOAD,Major,True
12034,4253,382,527,2024-08-11 11:01:56,SYNC_LOSS,Minor,False
12035,259,414,917,2025-10-09 05:02:28,BATTERY_LOW,Major,False
12036,1695,13,755,2025-12-25 09:45:08,RBS_OVER_TEMP,Major,True
12037,3261,218,51,2024-08-19 17:39:35,SYNC_LOSS,Info,False
12038,3523,14,731,2025-10-04 16:59:12,ANTENNA_FAULT,Minor,False
12039,4609,24,552,2024-08-30 07:02:02,POWER_ALARM,Major,False
12040,1159,71,244,2024-03-14 10:01:59,ANTENNA_FAULT,Critical,False
12041,2784,346,468,2025-07-10 21:34:16,CPU_OVERLOAD,Info,True
12042,314,273,601,2025-12-01 10:01:46,FIBRE_BREAK,Info,False
12043,4753,433,655,2025-12-29 20:02:23,RBS_OVER_TEMP,Critical,True
12044,1995,279,704,2025-07-16 10:09:26,BATTERY_LOW,Info,True
12045,4310,123,771,2025-10-24 17:58:27,FIBRE_BREAK,Info,False
12046,1610,94,863,2024-08-31 04:16:32,TRANSMISSION_ERROR,Minor,False
12047,3795,120,251,2025-06-24 08:11:08,TRANSMISSION_ERROR,Major,True
12048,1905,411,828,2025-11-14 11:59:10,RBS_OVER_TEMP,Info,False
12049,2131,299,540,2025-01-16 07:20:27,MEMORY_HIGH,Info,True
12050,1171,412,472,2024-02-21 12:52:17,SIGNAL_DEGRADED,Critical,False
12051,2654,456,829,2024-06-22 20:23:10,TRANSMISSION_ERROR,Info,False
12052,238,253,704,2024-03-06 11:39:10,SOFTWARE_CRASH,Critical,False
12053,100,475,23,2025-09-14 17:56:28,MEMORY_HIGH,Major,False
12054,4233,242,85,2025-07-12 14:39:42,TRANSMISSION_ERROR,Critical,True
12055,1258,202,223,2025-04-29 14:36:33,SIGNAL_DEGRADED,Minor,True
12056,762,45,968,2024-06-20 02:01:53,RBS_OVER_TEMP,Info,False
12057,447,1,59,2025-04-20 00:20:39,SYNC_LOSS,Minor,False
12058,4873,481,821,2025-07-28 17:22:20,ANTENNA_FAULT,Major,False
12059,1023,368,994,2025-01-29 15:17:01,SYNC_LOSS,Major,False
12060,4258,372,679,2024-06-24 08:39:55,SYNC_LOSS,Critical,True
12061,1714,7,427,2025-07-01 08:55:32,BATTERY_LOW,Critical,False
12062,1259,258,645,2024-06-15 02:25:17,SOFTWARE_CRASH,Major,False
12063,2904,178,736,2024-11-04 13:35:27,FIBRE_BREAK,Minor,True
12064,3855,221,859,2025-12-10 08:43:55,FIBRE_BREAK,Info,False
12065,4704,375,150,2024-01-28 03:13:57,ANTENNA_FAULT,Info,False
12066,1546,468,909,2025-02-21 05:28:09,SYNC_LOSS,Critical,True
12067,278,471,180,2025-10-22 16:10:49,LINK_DOWN,Major,False
12068,2384,91,827,2025-10-14 12:27:56,FIBRE_BREAK,Major,True
12069,2178,408,565,2024-08-06 06:21:20,TRANSMISSION_ERROR,Major,True
12070,4018,215,731,2025-11-10 12:09:20,FIBRE_BREAK,Critical,False
12071,1011,391,304,2024-08-08 17:03:05,SIGNAL_DEGRADED,Critical,True
12072,3914,175,805,2024-02-16 17:11:25,FIBRE_BREAK,Minor,False
12073,3278,153,257,2024-12-20 16:40:55,SIGNAL_DEGRADED,Critical,False
12074,3872,10,440,2025-07-07 08:35:25,TRANSMISSION_ERROR,Info,False
12075,3122,363,743,2025-01-29 07:33:01,SYNC_LOSS,Info,True
12076,1258,202,223,2025-04-29 14:32:33,CPU_OVERLOAD,Critical,False
12077,2790,323,888,2025-10-15 02:02:28,SYNC_LOSS,Major,True
12078,2037,332,513,2025-09-10 09:23:43,MEMORY_HIGH,Major,False
12079,658,337,877,2025-03-28 17:33:17,POWER_ALARM,Info,True
12080,133,61,344,2024-12-05 15:06:21,SYNC_LOSS,Minor,True
12081,2138,277,510,2025-10-20 16:44:06,ANTENNA_FAULT,Info,False
12082,595,131,419,2024-03-18 16:22:53,SIGNAL_DEGRADED,Minor,False
12083,3397,5,278,2024-03-20 17:26:00,ANTENNA_FAULT,Minor,False
12084,431,469,278,2024-12-24 22:06:06,BATTERY_LOW,Info,True
12085,4997,101,445,2024-09-12 23:23:19,POWER_ALARM,Critical,True
12086,974,317,480,2024-07-25 14:15:11,POWER_ALARM,Major,False
12087,696,427,585,2024-08-15 09:21:54,SYNC_LOSS,Minor,False
12088,1525,124,530,2025-07-29 13:41:22,SYNC_LOSS,Major,False
12089,4297,207,372,2024-11-17 00:29:24,POWER_ALARM,Major,False
12090,540,5,110,2025-07-24 17:06:03,MEMORY_HIGH,Minor,False
12091,4169,133,930,2025-09-07 02:41:03,LINK_DOWN,Minor,True
12092,2586,398,988,2024-08-11 14:14:56,SIGNAL_DEGRADED,Major,True
12093,3299,136,599,2024-05-20 15:39:10,BATTERY_LOW,Major,False
12094,1133,225,32,2025-06-18 16:51:01,SIGNAL_DEGRADED,Major,False
12095,3747,250,245,2024-03-05 15:29:45,SIGNAL_DEGRADED,Minor,False
12096,3090,458,155,2025-04-21 18:22:18,RBS_OVER_TEMP,Critical,False
12097,1564,392,865,2025-12-13 07:30:27,MEMORY_HIGH,Critical,False
12098,359,105,558,2025-04-07 08:46:41,SOFTWARE_CRASH,Info,True
12099,370,461,360,2024-03-09 19:36:02,SOFTWARE_CRASH,Minor,True
12100,1622,346,637,2024-02-26 08:21:21,MEMORY_HIGH,Info,False
12101,3187,308,283,2024-08-26 19:42:04,SOFTWARE_CRASH,Minor,False
12102,2909,266,669,2024-10-21 10:05:32,FIBRE_BREAK,Critical,False
12103,4596,426,191,2024-03-25 13:32:02,LINK_DOWN,Minor,True
12104,3812,289,242,2024-07-13 09:15:14,POWER_ALARM,Info,False
12105,1407,345,19,2024-03-11 10:27:39,BATTERY_LOW,Minor,True
12106,2552,262,652,2024-11-05 04:19:34,LINK_DOWN,Info,False
12107,66,397,575,2024-04-04 16:07:58,SIGNAL_DEGRADED,Minor,False
12108,905,412,955,2025-03-12 13:46:56,FIBRE_BREAK,Critical,False
12109,4872,178,304,2025-07-07 22:53:21,SYNC_LOSS,Info,False
12110,1978,247,389,2025-06-14 17:30:58,SYNC_LOSS,Critical,False
12111,2108,461,713,2026-01-01 17:54:00,MEMORY_HIGH,Major,False
12112,2135,296,122,2024-10-22 15:48:06,TRANSMISSION_ERROR,Info,False
12113,2484,368,689,2025-04-11 02:07:54,POWER_ALARM,Major,True
12114,610,46,679,2024-01-25 12:47:40,ANTENNA_FAULT,Major,True
12115,2659,90,186,2025-06-08 07:28:43,LINK_DOWN,Minor,False
12116,2321,113,588,2024-09-12 13:08:11,TRANSMISSION_ERROR,Minor,False
12117,1494,104,73,2024-06-16 14:37:47,POWER_ALARM,Info,False
12118,3487,485,443,2025-08-21 22:13:28,TRANSMISSION_ERROR,Minor,True
12119,685,135,605,2024-04-01 13:54:54,CPU_OVERLOAD,Minor,False
12120,3536,476,273,2025-05-28 14:02:55,CPU_OVERLOAD,Info,True
12121,3687,125,754,2024-09-17 03:01:38,FIBRE_BREAK,Critical,False
12122,1985,48,978,2025-04-26 03:00:49,LINK_DOWN,Minor,True
12123,3916,353,692,2024-04-03 18:08:45,BATTERY_LOW,Critical,True
12124,1209,217,775,2024-07-25 22:16:12,MEMORY_HIGH,Minor,False
12125,2136,439,746,2024-07-08 15:03:11,ANTENNA_FAULT,Critical,False
12126,4992,134,691,2025-02-25 16:11:44,MEMORY_HIGH,Critical,True
12127,1744,419,124,2025-03-26 13:11:43,POWER_ALARM,Minor,True
12128,1475,276,845,2025-12-02 16:20:47,BATTERY_LOW,Major,False
12129,3893,473,819,2024-04-18 16:27:13,SOFTWARE_CRASH,Major,False
12130,4108,304,164,2025-11-10 01:47:04,BATTERY_LOW,Info,False
12131,4448,440,256,2024-06-08 17:42:43,CPU_OVERLOAD,Minor,False
12132,3509,322,533,2024-10-10 08:36:33,SIGNAL_DEGRADED,Major,False
12133,2127,173,871,2024-09-05 16:40:06,FIBRE_BREAK,Minor,False
12134,4069,263,331,2024-07-15 23:48:01,SOFTWARE_CRASH,Critical,False
12135,877,129,507,2025-09-30 09:28:53,POWER_ALARM,Minor,False
12136,4833,213,472,2024-03-13 15:19:04,TRANSMISSION_ERROR,Info,False
12137,4746,162,338,2024-09-21 10:16:27,RBS_OVER_TEMP,Info,False
12138,8,2,279,2024-06-12 16:42:41,MEMORY_HIGH,Info,False
12139,2159,59,468,2024-04-07 20:51:55,POWER_ALARM,Major,False
12140,1773,440,964,2024-05-09 09:02:18,FIBRE_BREAK,Critical,False
12141,1814,72,983,2024-11-20 03:49:05,RBS_OVER_TEMP,Minor,True
12142,2650,169,564,2025-01-04 21:16:35,CPU_OVERLOAD,Info,False
12143,4237,86,288,2025-03-16 09:42:21,LINK_DOWN,Major,True
12144,1294,270,600,2025-10-14 05:31:37,BATTERY_LOW,Critical,False
12145,4128,437,713,2025-09-17 04:52:06,SYNC_LOSS,Major,True
12146,681,263,390,2025-12-06 04:40:38,MEMORY_HIGH,Minor,False
12147,2991,279,102,2025-06-23 23:15:23,FIBRE_BREAK,Minor,True
12148,3805,136,800,2024-01-06 18:05:20,FIBRE_BREAK,Minor,False
12149,1999,15,117,2024-10-20 08:35:55,MEMORY_HIGH,Info,True
12150,4956,45,845,2024-01-09 08:10:42,LINK_DOWN,Critical,False
12151,4795,219,63,2025-09-27 08:51:39,RBS_OVER_TEMP,Info,False
12152,3353,25,994,2024-11-03 10:28:41,BATTERY_LOW,Info,False
12153,1433,489,135,2025-02-11 22:02:42,SOFTWARE_CRASH,Major,True
12154,4173,469,690,2024-09-02 18:17:21,RBS_OVER_TEMP,Info,False
12155,3213,212,91,2025-02-18 12:40:06,POWER_ALARM,Minor,False
12156,2999,494,716,2024-02-08 18:57:21,SYNC_LOSS,Critical,False
12157,4650,130,305,2024-10-22 15:57:45,BATTERY_LOW,Major,False
12158,3947,371,883,2025-09-29 14:34:32,ANTENNA_FAULT,Info,False
12159,4650,130,305,2024-10-22 15:44:45,SIGNAL_DEGRADED,Critical,False
12160,2706,142,509,2024-02-26 11:17:44,FIBRE_BREAK,Critical,False
12161,2081,178,216,2025-10-31 20:27:12,RBS_OVER_TEMP,Minor,False
12162,1033,462,470,2024-01-25 08:26:13,SYNC_LOSS,Minor,False
12163,1846,363,166,2025-11-16 15:21:39,FIBRE_BREAK,Info,False
12164,1186,356,254,2025-01-13 17:04:34,BATTERY_LOW,Minor,False
12165,263,196,294,2025-03-04 06:39:30,MEMORY_HIGH,Info,False
12166,3940,243,24,2024-06-13 18:41:26,POWER_ALARM,Minor,False
12167,3520,80,509,2024-07-03 22:00:12,BATTERY_LOW,Minor,False
12168,4049,374,538,2024-02-23 12:11:10,BATTERY_LOW,Critical,True
12169,946,359,20,2025-06-21 15:06:13,ANTENNA_FAULT,Major,False
12170,2488,183,397,2025-03-28 00:06:23,ANTENNA_FAULT,Info,False
12171,1901,164,257,2024-07-07 16:30:42,BATTERY_LOW,Major,False
12172,911,237,207,2025-01-02 13:36:19,MEMORY_HIGH,Minor,True
12173,3241,73,755,2024-08-11 06:43:16,ANTENNA_FAULT,Minor,True
12174,920,270,480,2024-05-08 06:50:57,ANTENNA_FAULT,Critical,False
12175,624,478,190,2025-08-14 14:26:55,TRANSMISSION_ERROR,Major,True
12176,581,437,276,2025-01-03 15:01:43,MEMORY_HIGH,Critical,True
12177,2112,30,840,2024-07-25 01:22:05,SIGNAL_DEGRADED,Minor,True
12178,849,60,590,2024-10-23 04:52:18,ANTENNA_FAULT,Info,False
12179,2592,260,421,2025-09-10 00:04:10,BATTERY_LOW,Info,True
12180,2005,344,442,2024-06-01 12:21:56,TRANSMISSION_ERROR,Major,False
12181,4153,231,798,2024-05-31 08:52:18,SOFTWARE_CRASH,Major,False
12182,3186,492,831,2025-12-10 20:33:20,LINK_DOWN,Info,True
12183,1246,100,248,2024-05-31 14:22:59,FIBRE_BREAK,Minor,False
12184,2925,75,141,2025-07-03 11:20:42,TRANSMISSION_ERROR,Critical,False
12185,3841,261,404,2024-01-22 17:57:46,SYNC_LOSS,Major,True
12186,3292,303,913,2024-05-13 08:23:24,LINK_DOWN,Major,False
12187,3142,473,801,2024-09-06 16:57:01,CPU_OVERLOAD,Minor,True
12188,1093,429,737,2024-01-18 16:37:53,TRANSMISSION_ERROR,Critical,False
12189,1439,373,878,2024-06-07 03:21:25,FIBRE_BREAK,Info,False
12190,1834,257,354,2024-04-08 15:53:15,SIGNAL_DEGRADED,Major,False
12191,2869,116,500,2024-11-29 11:52:41,FIBRE_BREAK,Major,False
12192,103,129,646,2024-12-06 21:15:15,RBS_OVER_TEMP,Minor,False
12193,3644,173,269,2025-09-10 15:46:09,ANTENNA_FAULT,Info,False
12194,4691,191,124,2024-02-05 16:58:28,CPU_OVERLOAD,Major,True
12195,4011,285,733,2025-04-06 12:48:31,LINK_DOWN,Major,True
12196,2546,89,370,2024-05-05 08:49:33,SOFTWARE_CRASH,Minor,False
12197,4079,3,255,2024-08-10 16:21:28,SOFTWARE_CRASH,Critical,True
12198,2159,59,468,2024-04-07 20:52:55,MEMORY_HIGH,Minor,True
12199,2850,360,677,2025-03-01 12:15:48,MEMORY_HIGH,Minor,False
12200,4713,483,779,2025-09-12 17:45:43,SIGNAL_DEGRADED,Info,True
12201,4929,47,334,2025-09-16 06:15:50,LINK_DOWN,Minor,False
12202,3536,476,273,2025-05-28 13:55:55,BATTERY_LOW,Minor,False
12203,2213,406,946,2024-02-21 18:32:41,ANTENNA_FAULT,Major,True
12204,3164,123,164,2024-11-16 09:30:43,POWER_ALARM,Minor,False
12205,1498,458,505,2025-04-29 05:50:38,SIGNAL_DEGRADED,Minor,True
12206,2505,277,564,2025-12-25 10:58:52,POWER_ALARM,Info,False
12207,3478,242,165,2025-05-21 00:29:50,RBS_OVER_TEMP,Major,False
12208,4022,223,591,2024-10-13 11:42:27,ANTENNA_FAULT,Critical,False
12209,4547,333,903,2025-12-13 08:36:01,MEMORY_HIGH,Info,False
12210,3147,126,809,2025-10-24 10:59:05,CPU_OVERLOAD,Info,False
12211,4476,34,417,2025-03-10 18:51:08,FIBRE_BREAK,Info,False
12212,2401,54,325,2024-01-24 08:33:34,SIGNAL_DEGRADED,Major,False
12213,2116,429,632,2024-12-07 02:39:28,LINK_DOWN,Minor,True
12214,2846,324,128,2025-05-25 19:54:52,SYNC_LOSS,Critical,False
12215,1028,397,659,2025-09-03 13:53:57,CPU_OVERLOAD,Minor,False
12216,1747,146,305,2025-10-05 15:43:23,ANTENNA_FAULT,Minor,False
12217,132,369,644,2024-12-16 15:36:22,RBS_OVER_TEMP,Minor,False
12218,2986,200,468,2025-08-30 11:17:30,POWER_ALARM,Critical,False
12219,755,272,347,2025-02-01 08:35:41,SIGNAL_DEGRADED,Critical,False
12220,3169,469,767,2025-09-26 22:47:26,CPU_OVERLOAD,Critical,True
12221,137,224,255,2024-04-11 15:39:49,SIGNAL_DEGRADED,Info,False
12222,3220,402,465,2024-03-12 22:51:27,FIBRE_BREAK,Major,False
12223,1764,448,164,2024-11-17 06:37:02,CPU_OVERLOAD,Minor,True
12224,113,167,184,2025-12-31 08:35:02,FIBRE_BREAK,Info,False
12225,3033,2,200,2024-05-25 14:29:03,SYNC_LOSS,Critical,False
12226,869,401,627,2024-02-01 10:17:53,SOFTWARE_CRASH,Minor,False
12227,4321,313,579,2024-05-03 00:18:28,POWER_ALARM,Minor,False
12228,2304,461,99,2025-07-07 16:39:02,SYNC_LOSS,Minor,False
12229,2030,337,450,2025-02-04 06:18:14,TRANSMISSION_ERROR,Minor,True
12230,874,308,635,2025-05-24 12:43:33,BATTERY_LOW,Info,False
12231,3266,179,610,2025-09-12 10:54:26,CPU_OVERLOAD,Minor,False
12232,2231,313,362,2025-12-19 09:22:15,SYNC_LOSS,Major,True
12233,1347,332,71,2024-05-21 15:55:35,TRANSMISSION_ERROR,Info,True
12234,3811,485,20,2024-08-03 06:03:24,FIBRE_BREAK,Minor,False
12235,2338,35,506,2025-07-19 06:33:04,POWER_ALARM,Info,False
12236,4248,233,716,2025-08-14 08:36:38,SOFTWARE_CRASH,Info,False
12237,2353,271,393,2025-01-27 16:33:19,BATTERY_LOW,Minor,False
12238,2191,232,946,2024-01-29 23:00:25,SYNC_LOSS,Critical,False
12239,1301,344,917,2025-09-30 15:58:33,TRANSMISSION_ERROR,Info,True
12240,2561,476,624,2024-10-21 17:53:02,BATTERY_LOW,Info,True
12241,2497,26,378,2025-05-17 13:00:56,SOFTWARE_CRASH,Minor,False
12242,3989,106,143,2025-10-25 11:43:36,FIBRE_BREAK,Minor,False
12243,328,179,571,2025-02-06 14:28:08,POWER_ALARM,Info,False
12244,4311,256,447,2025-06-25 17:09:51,LINK_DOWN,Minor,False
12245,2812,371,481,2024-03-14 00:55:22,TRANSMISSION_ERROR,Critical,False
12246,649,195,37,2024-07-03 10:54:28,MEMORY_HIGH,Minor,False
12247,4597,386,569,2024-11-03 13:46:27,SIGNAL_DEGRADED,Major,False
12248,1960,99,617,2025-04-11 08:37:38,POWER_ALARM,Minor,False
12249,1707,380,204,2025-10-16 20:27:20,POWER_ALARM,Critical,False
12250,4564,276,344,2024-07-31 20:52:40,BATTERY_LOW,Minor,True
12251,2177,247,114,2024-09-21 09:48:10,POWER_ALARM,Info,True
12252,1014,256,428,2025-02-23 13:37:33,SYNC_LOSS,Critical,False
12253,2806,131,282,2024-06-15 03:43:11,RBS_OVER_TEMP,Major,False
12254,1487,450,159,2024-01-07 13:16:36,TRANSMISSION_ERROR,Minor,True
12255,3891,461,45,2024-08-22 10:01:04,FIBRE_BREAK,Critical,False
12256,3941,101,315,2025-07-27 08:38:40,CPU_OVERLOAD,Critical,False
12257,129,185,129,2024-05-19 10:44:29,TRANSMISSION_ERROR,Minor,False
12258,4449,37,811,2024-10-30 22:32:22,SYNC_LOSS,Critical,False
12259,2867,70,389,2024-12-15 16:37:47,SYNC_LOSS,Info,True
12260,4346,9,782,2024-03-08 13:01:20,BATTERY_LOW,Minor,True
12261,2605,223,683,2025-01-10 14:16:36,SOFTWARE_CRASH,Info,False
12262,3790,398,961,2025-02-10 07:23:44,RBS_OVER_TEMP,Major,False
12263,3168,439,892,2025-11-28 13:45:43,ANTENNA_FAULT,Major,False
12264,4761,194,242,2024-03-01 16:34:28,FIBRE_BREAK,Major,False
12265,1718,320,753,2024-11-17 18:47:51,MEMORY_HIGH,Minor,False
12266,1327,376,444,2024-04-09 05:53:08,FIBRE_BREAK,Info,False
12267,81,123,475,2025-04-30 15:22:26,SIGNAL_DEGRADED,Critical,False
12268,2984,329,434,2024-05-21 13:34:15,SIGNAL_DEGRADED,Critical,False
12269,3565,174,17,2025-11-15 15:16:32,ANTENNA_FAULT,Info,False
12270,4909,381,900,2025-09-26 12:28:45,ANTENNA_FAULT,Minor,False
12271,4193,180,257,2025-05-26 20:34:12,FIBRE_BREAK,Minor,True
12272,1286,77,768,2024-02-09 12:06:07,CPU_OVERLOAD,Critical,False
12273,2246,254,660,2025-04-26 12:08:40,TRANSMISSION_ERROR,Minor,True
12274,2741,72,269,2026-01-01 14:17:41,CPU_OVERLOAD,Info,False
12275,181,417,988,2024-10-30 00:51:55,MEMORY_HIGH,Minor,False
12276,1542,116,106,2024-06-30 12:49:25,SIGNAL_DEGRADED,Minor,False
12277,2820,290,724,2025-12-03 17:25:41,ANTENNA_FAULT,Major,True
12278,1083,84,566,2025-11-14 03:24:21,MEMORY_HIGH,Minor,False
12279,4022,223,591,2024-10-13 11:42:27,MEMORY_HIGH,Major,True
12280,2014,382,476,2024-10-12 10:32:58,ANTENNA_FAULT,Minor,False
12281,393,489,996,2025-05-17 09:19:43,SIGNAL_DEGRADED,Critical,False
12282,3582,423,940,2025-10-18 22:32:16,TRANSMISSION_ERROR,Minor,False
12283,1776,48,14,2024-07-12 21:49:46,SIGNAL_DEGRADED,Minor,False
12284,2078,489,354,2024-12-26 16:37:04,CPU_OVERLOAD,Critical,False
12285,2018,399,765,2025-11-30 16:04:41,CPU_OVERLOAD,Critical,False
12286,1543,312,558,2024-10-25 17:57:16,LINK_DOWN,Major,False
12287,510,225,646,2024-08-16 16:15:15,LINK_DOWN,Minor,True
12288,3170,305,55,2024-09-11 01:42:03,MEMORY_HIGH,Info,False
12289,4640,488,656,2025-11-26 18:28:59,SYNC_LOSS,Minor,False
12290,2680,270,982,2024-06-02 21:00:55,RBS_OVER_TEMP,Minor,False
12291,3647,178,617,2024-08-31 18:19:41,MEMORY_HIGH,Minor,False
12292,2104,428,318,2024-03-29 19:11:13,SYNC_LOSS,Critical,False
12293,148,112,137,2025-03-21 01:08:39,SYNC_LOSS,Major,True
12294,3619,50,543,2024-09-18 17:59:52,SYNC_LOSS,Info,False
12295,2713,494,381,2025-07-27 11:42:20,TRANSMISSION_ERROR,Minor,True
12296,4378,416,225,2024-12-08 04:18:54,POWER_ALARM,Critical,True
12297,4965,489,791,2025-09-07 16:41:32,LINK_DOWN,Minor,False
12298,4785,404,818,2025-10-25 05:46:54,SYNC_LOSS,Major,False
12299,2393,92,662,2024-02-08 05:47:43,TRANSMISSION_ERROR,Major,False
12300,1847,168,36,2025-06-12 23:36:37,BATTERY_LOW,Critical,False
12301,2049,58,577,2025-12-13 22:14:11,TRANSMISSION_ERROR,Major,True
12302,4252,222,753,2024-09-28 18:11:16,SIGNAL_DEGRADED,Minor,False
12303,2247,303,476,2025-10-01 13:42:11,SOFTWARE_CRASH,Minor,True
12304,267,482,910,2025-06-28 14:28:05,SOFTWARE_CRASH,Info,False
12305,4029,288,803,2024-12-25 11:21:32,SYNC_LOSS,Critical,False
12306,594,461,85,2025-08-12 11:31:39,BATTERY_LOW,Major,False
12307,1686,147,514,2025-03-01 00:39:05,MEMORY_HIGH,Info,True
12308,2811,360,317,2024-05-14 08:13:25,SIGNAL_DEGRADED,Info,False
12309,2208,357,319,2024-08-01 13:38:56,POWER_ALARM,Minor,False
12310,3556,307,586,2025-01-14 06:34:52,ANTENNA_FAULT,Minor,False
12311,1388,83,108,2025-05-07 12:16:12,SYNC_LOSS,Info,False
12312,1760,478,786,2024-12-09 02:21:39,SOFTWARE_CRASH,Major,False
12313,4154,280,195,2024-09-19 00:26:46,SOFTWARE_CRASH,Info,False
12314,3858,357,737,2025-08-19 16:42:14,FIBRE_BREAK,Info,False
12315,3616,46,307,2024-09-22 13:13:50,LINK_DOWN,Minor,False
12316,4949,363,530,2025-06-02 11:08:39,CPU_OVERLOAD,Minor,False
12317,490,171,686,2024-09-04 23:43:32,LINK_DOWN,Critical,True
12318,4397,378,885,2024-03-21 19:00:57,SYNC_LOSS,Minor,False
12319,3978,341,461,2024-07-26 15:53:12,TRANSMISSION_ERROR,Critical,True
12320,2159,59,468,2024-04-07 20:51:55,MEMORY_HIGH,Info,False
12321,2383,255,517,2025-11-19 06:36:38,TRANSMISSION_ERROR,Major,True
12322,3164,123,164,2024-11-16 09:47:43,POWER_ALARM,Critical,True
12323,4462,435,844,2024-09-03 18:12:07,POWER_ALARM,Major,True
12324,2703,394,933,2025-01-30 09:09:07,CPU_OVERLOAD,Critical,False
12325,3812,289,242,2024-07-13 08:54:14,LINK_DOWN,Major,True
12326,1866,314,287,2025-03-02 13:31:45,TRANSMISSION_ERROR,Minor,True
12327,507,142,57,2024-09-28 08:27:41,SYNC_LOSS,Minor,False
12328,785,424,762,2024-05-10 15:36:50,RBS_OVER_TEMP,Major,False
12329,4604,43,595,2025-05-20 09:59:17,RBS_OVER_TEMP,Info,True
12330,3342,426,500,2025-06-03 14:46:20,MEMORY_HIGH,Minor,False
12331,970,343,153,2025-04-13 14:47:02,POWER_ALARM,Minor,True
12332,1357,213,246,2025-04-29 17:19:38,TRANSMISSION_ERROR,Major,False
12333,3453,194,815,2025-04-21 14:02:36,ANTENNA_FAULT,Info,True
12334,952,414,376,2025-06-24 13:11:50,TRANSMISSION_ERROR,Minor,False
12335,2341,426,454,2025-08-11 09:27:54,SIGNAL_DEGRADED,Info,False
12336,2984,329,434,2024-05-21 13:36:15,BATTERY_LOW,Minor,False
12337,2689,302,237,2025-12-07 21:12:14,TRANSMISSION_ERROR,Info,True
12338,243,231,291,2026-01-01 07:30:56,MEMORY_HIGH,Minor,False
12339,3049,268,811,2024-09-04 17:55:02,MEMORY_HIGH,Critical,False
12340,4493,208,843,2025-01-19 11:28:10,FIBRE_BREAK,Major,False
12341,3964,494,503,2025-11-12 07:51:31,ANTENNA_FAULT,Minor,True
12342,2234,384,489,2024-11-02 10:53:18,POWER_ALARM,Critical,False
12343,1935,429,315,2025-03-14 05:40:19,POWER_ALARM,Critical,False
12344,2417,31,537,2024-09-19 09:35:34,CPU_OVERLOAD,Major,False
12345,4238,138,762,2024-02-19 22:58:07,SIGNAL_DEGRADED,Major,True
12346,4061,231,210,2025-12-04 12:55:58,SIGNAL_DEGRADED,Minor,False
12347,89,117,17,2024-12-19 00:11:54,SIGNAL_DEGRADED,Major,True
12348,4046,239,756,2024-04-05 21:56:14,TRANSMISSION_ERROR,Minor,False
12349,1663,306,208,2024-05-02 12:49:45,POWER_ALARM,Info,True
12350,2084,11,551,2025-10-12 09:54:47,ANTENNA_FAULT,Info,True
12351,3691,25,938,2025-11-04 08:51:15,FIBRE_BREAK,Major,False
12352,1084,260,647,2025-12-17 10:34:51,TRANSMISSION_ERROR,Major,False
12353,2422,454,880,2025-02-13 20:02:09,SYNC_LOSS,Critical,False
12354,2179,63,782,2024-07-01 10:38:11,LINK_DOWN,Info,True
12355,228,158,676,2024-06-15 04:13:24,BATTERY_LOW,Minor,True
12356,3368,102,995,2024-04-09 15:32:17,LINK_DOWN,Info,False
12357,720,119,142,2024-08-30 10:21:25,FIBRE_BREAK,Info,False
12358,3439,399,114,2024-11-01 07:38:16,RBS_OVER_TEMP,Info,False
12359,4811,448,438,2024-11-16 02:48:47,POWER_ALARM,Major,False
12360,417,271,752,2024-02-09 13:12:13,RBS_OVER_TEMP,Critical,False
12361,3960,19,451,2025-05-17 14:32:23,SIGNAL_DEGRADED,Minor,False
12362,2952,187,410,2025-12-27 16:28:37,TRANSMISSION_ERROR,Major,True
12363,1541,239,105,2025-10-24 16:35:20,CPU_OVERLOAD,Major,False
12364,1641,219,355,2024-12-06 10:23:08,SIGNAL_DEGRADED,Major,False
12365,4324,182,723,2025-08-14 17:22:25,SYNC_LOSS,Info,True
12366,1858,403,186,2025-01-17 11:53:17,FIBRE_BREAK,Major,False
12367,4319,477,388,2025-07-09 11:15:16,FIBRE_BREAK,Minor,True
12368,2732,275,561,2025-11-23 13:13:41,ANTENNA_FAULT,Major,True
12369,4345,64,825,2024-11-04 15:02:35,TRANSMISSION_ERROR,Critical,False
12370,497,484,402,2024-10-24 23:48:18,TRANSMISSION_ERROR,Major,False
12371,3818,376,918,2025-10-28 16:55:53,SOFTWARE_CRASH,Critical,False
12372,4538,142,288,2025-11-12 17:33:26,RBS_OVER_TEMP,Major,True
12373,791,211,994,2025-02-06 21:41:54,CPU_OVERLOAD,Minor,True
12374,933,256,518,2024-05-13 02:38:39,SOFTWARE_CRASH,Major,True
12375,4284,319,969,2024-12-13 13:03:24,CPU_OVERLOAD,Info,False
12376,98,369,707,2024-05-27 12:59:44,SIGNAL_DEGRADED,Critical,False
12377,2011,403,580,2024-08-18 16:32:59,FIBRE_BREAK,Critical,True
12378,1944,53,453,2024-12-21 04:19:49,BATTERY_LOW,Info,False
12379,3253,318,959,2025-07-07 08:19:07,POWER_ALARM,Info,False
12380,4123,386,951,2025-12-14 20:14:38,LINK_DOWN,Major,True
12381,2475,378,327,2024-08-19 21:36:29,SYNC_LOSS,Info,True
12382,2824,174,433,2025-10-14 10:44:13,SYNC_LOSS,Info,False
12383,1953,183,83,2024-03-18 12:42:55,TRANSMISSION_ERROR,Info,False
12384,2561,476,624,2024-10-21 18:08:02,MEMORY_HIGH,Critical,True
12385,3268,212,71,2025-10-10 13:03:56,FIBRE_BREAK,Minor,False
12386,344,101,896,2025-10-29 20:01:25,POWER_ALARM,Info,False
12387,3136,92,591,2024-07-04 13:36:37,RBS_OVER_TEMP,Major,False
12388,2497,26,378,2025-05-17 14:01:56,MEMORY_HIGH,Info,True
12389,2279,292,747,2024-09-17 15:30:42,LINK_DOWN,Minor,False
12390,3803,262,481,2024-10-19 14:18:42,LINK_DOWN,Minor,True
12391,2800,341,585,2024-04-23 14:21:42,FIBRE_BREAK,Critical,False
12392,4484,151,318,2024-09-25 17:14:05,SOFTWARE_CRASH,Info,False
12393,1464,491,364,2025-08-10 04:16:19,BATTERY_LOW,Info,False
12394,3485,15,682,2025-06-03 10:05:03,SOFTWARE_CRASH,Critical,True
12395,3908,479,255,2024-10-21 05:12:44,TRANSMISSION_ERROR,Major,True
12396,3755,232,416,2025-10-19 21:06:28,RBS_OVER_TEMP,Info,False
12397,559,421,206,2024-10-23 09:11:44,MEMORY_HIGH,Minor,True
12398,2427,264,623,2025-10-22 16:14:01,RBS_OVER_TEMP,Critical,False
12399,2621,133,362,2024-12-25 18:15:37,FIBRE_BREAK,Minor,False
12400,1842,6,379,2025-12-08 14:07:50,TRANSMISSION_ERROR,Minor,False
12401,3915,156,79,2025-07-05 00:25:37,CPU_OVERLOAD,Minor,False
12402,3058,478,764,2025-12-24 08:31:50,RBS_OVER_TEMP,Info,False
12403,2078,489,354,2024-12-26 16:41:04,BATTERY_LOW,Critical,False
12404,2351,170,643,2024-03-17 17:03:08,TRANSMISSION_ERROR,Critical,False
12405,2033,306,757,2025-04-03 18:03:51,LINK_DOWN,Minor,False
12406,305,188,471,2025-04-10 03:43:30,CPU_OVERLOAD,Minor,False
12407,3546,6,419,2024-06-15 20:59:45,FIBRE_BREAK,Major,False
12408,465,391,153,2024-07-04 17:31:50,LINK_DOWN,Info,False
12409,2030,337,450,2025-02-04 07:05:14,MEMORY_HIGH,Minor,False
12410,4535,145,316,2024-11-20 05:27:38,SIGNAL_DEGRADED,Info,False
12411,4703,345,360,2024-04-07 15:03:00,BATTERY_LOW,Minor,True
12412,1127,382,937,2025-07-07 06:07:33,SYNC_LOSS,Info,False
12413,1387,213,619,2024-03-24 17:45:39,SIGNAL_DEGRADED,Info,True
12414,169,262,909,2024-11-30 13:54:33,TRANSMISSION_ERROR,Info,False
12415,1038,95,355,2025-08-07 09:33:30,SIGNAL_DEGRADED,Minor,True
12416,2649,415,105,2025-07-03 12:47:07,CPU_OVERLOAD,Minor,False
12417,2779,108,633,2024-11-21 13:07:01,SIGNAL_DEGRADED,Major,False
12418,3513,223,392,2024-05-27 17:25:59,MEMORY_HIGH,Minor,False
12419,1100,139,771,2025-07-21 23:41:59,POWER_ALARM,Critical,False
12420,2305,449,76,2024-06-27 10:40:24,LINK_DOWN,Major,False
12421,3249,205,296,2025-07-01 10:45:02,CPU_OVERLOAD,Major,False
12422,2926,292,469,2025-10-08 15:37:48,SYNC_LOSS,Critical,False
12423,1522,353,652,2025-07-28 18:34:05,SYNC_LOSS,Info,False
12424,4186,365,235,2024-12-17 01:59:41,BATTERY_LOW,Info,True
12425,355,343,112,2025-10-23 15:52:27,FIBRE_BREAK,Critical,True
12426,2692,173,589,2025-09-06 12:09:36,CPU_OVERLOAD,Major,False
12427,1140,29,813,2024-02-08 19:47:48,RBS_OVER_TEMP,Info,True
12428,2894,492,392,2024-12-01 10:21:25,CPU_OVERLOAD,Info,False
12429,3288,164,845,2024-08-25 14:15:26,ANTENNA_FAULT,Major,True
12430,4052,11,693,2025-12-04 10:46:21,BATTERY_LOW,Info,True
12431,1423,394,158,2024-06-30 23:11:14,BATTERY_LOW,Info,True
12432,3762,254,540,2025-04-02 12:39:37,BATTERY_LOW,Minor,True
12433,4065,65,258,2025-10-08 09:55:38,RBS_OVER_TEMP,Info,False
12434,4959,106,350,2025-10-25 22:27:52,POWER_ALARM,Critical,False
12435,4797,452,423,2024-03-30 10:17:09,TRANSMISSION_ERROR,Minor,False
12436,2491,11,207,2024-02-18 02:10:49,SYNC_LOSS,Info,True
12437,3278,153,257,2024-12-20 17:28:55,FIBRE_BREAK,Info,False
12438,4477,430,258,2025-07-15 10:34:24,RBS_OVER_TEMP,Info,False
12439,4507,56,293,2024-10-12 17:23:13,FIBRE_BREAK,Minor,True
12440,1314,336,809,2024-10-29 14:50:37,TRANSMISSION_ERROR,Critical,True
12441,3388,111,108,2024-01-15 12:22:57,SIGNAL_DEGRADED,Minor,True
12442,3563,330,637,2025-05-22 01:05:22,CPU_OVERLOAD,Critical,False
12443,2250,387,407,2024-01-09 10:51:11,SOFTWARE_CRASH,Critical,False
12444,3207,482,740,2025-02-24 12:43:35,TRANSMISSION_ERROR,Major,False
12445,4866,21,455,2025-10-28 03:50:32,RBS_OVER_TEMP,Minor,False
12446,786,244,630,2025-04-23 23:14:46,ANTENNA_FAULT,Major,False
12447,327,294,106,2025-08-13 09:35:47,MEMORY_HIGH,Info,False
12448,3307,500,387,2024-01-24 11:32:05,FIBRE_BREAK,Major,False
12449,373,364,893,2025-08-25 00:52:09,CPU_OVERLOAD,Minor,False
12450,3535,8,925,2025-05-07 14:24:57,BATTERY_LOW,Minor,False
12451,3146,455,980,2025-03-28 00:01:37,SOFTWARE_CRASH,Info,False
12452,4261,254,921,2024-03-14 00:03:49,ANTENNA_FAULT,Critical,True
12453,1412,83,667,2025-12-16 09:44:10,POWER_ALARM,Minor,True
12454,4578,21,313,2025-08-17 11:59:13,MEMORY_HIGH,Info,False
12455,637,88,896,2025-04-24 13:51:02,POWER_ALARM,Major,False
12456,1207,466,731,2024-10-28 08:16:30,FIBRE_BREAK,Minor,True
12457,4838,207,24,2025-10-30 09:04:17,RBS_OVER_TEMP,Minor,False
12458,2654,456,829,2024-06-22 20:23:10,FIBRE_BREAK,Major,False
12459,2080,369,89,2024-11-04 16:12:56,ANTENNA_FAULT,Info,False
12460,298,300,349,2024-12-16 07:40:06,BATTERY_LOW,Minor,False
12461,1655,39,217,2025-09-24 09:39:03,CPU_OVERLOAD,Info,True
12462,2213,406,946,2024-02-21 18:06:41,LINK_DOWN,Major,True
12463,2604,445,1,2024-03-18 19:37:50,FIBRE_BREAK,Major,False
12464,3917,51,313,2025-03-05 17:38:32,BATTERY_LOW,Critical,False
12465,4679,54,222,2025-11-16 09:50:06,SIGNAL_DEGRADED,Info,False
12466,2827,379,59,2025-06-26 21:38:56,MEMORY_HIGH,Info,False
12467,1066,369,19,2024-09-21 18:00:26,ANTENNA_FAULT,Major,True
12468,1926,115,217,2025-03-09 10:45:52,MEMORY_HIGH,Major,False
12469,207,161,455,2025-07-27 23:29:22,ANTENNA_FAULT,Major,False
12470,3668,209,160,2024-03-18 04:16:22,BATTERY_LOW,Minor,False
12471,2276,320,173,2025-07-25 12:25:03,CPU_OVERLOAD,Minor,False
12472,2619,97,467,2024-02-06 16:16:19,SIGNAL_DEGRADED,Major,False
12473,4101,204,801,2025-01-08 01:46:57,TRANSMISSION_ERROR,Major,False
12474,4011,285,733,2025-04-06 13:02:31,SIGNAL_DEGRADED,Minor,True
12475,3660,284,142,2024-04-28 07:05:09,MEMORY_HIGH,Major,True
12476,4861,248,232,2025-05-08 14:57:02,ANTENNA_FAULT,Info,False
12477,141,74,486,2024-05-24 11:04:19,SYNC_LOSS,Major,False
12478,4476,34,417,2025-03-10 18:54:08,SOFTWARE_CRASH,Major,True
12479,1096,158,51,2024-03-12 16:20:31,SIGNAL_DEGRADED,Info,True
12480,3524,84,870,2025-06-21 08:28:40,LINK_DOWN,Info,False
12481,4169,133,930,2025-09-07 02:35:03,TRANSMISSION_ERROR,Info,False
12482,2707,2,363,2024-10-05 11:46:19,ANTENNA_FAULT,Major,True
12483,124,384,712,2024-07-25 09:39:36,MEMORY_HIGH,Info,False
12484,3503,144,544,2024-04-11 09:22:57,CPU_OVERLOAD,Major,False
12485,3921,209,766,2024-09-10 10:02:07,ANTENNA_FAULT,Minor,False
12486,3586,42,57,2025-07-30 15:19:18,SYNC_LOSS,Minor,False
12487,2017,4,948,2024-05-03 16:24:35,POWER_ALARM,Critical,False
12488,3013,357,356,2025-10-19 08:15:45,RBS_OVER_TEMP,Info,True
12489,1958,280,689,2024-01-10 10:44:33,SOFTWARE_CRASH,Info,True
12490,901,325,934,2025-04-29 22:08:45,SOFTWARE_CRASH,Critical,False
12491,1051,248,355,2025-08-15 12:00:25,SOFTWARE_CRASH,Major,False
12492,1239,496,65,2024-10-20 16:33:42,TRANSMISSION_ERROR,Minor,True
12493,977,300,873,2025-08-19 13:41:07,TRANSMISSION_ERROR,Major,True
12494,3113,161,724,2024-02-16 15:40:34,LINK_DOWN,Major,True
12495,1594,370,918,2025-11-03 13:19:06,ANTENNA_FAULT,Info,True
12496,3390,57,515,2024-03-17 17:43:05,ANTENNA_FAULT,Minor,True
12497,1484,410,527,2024-08-28 14:21:27,RBS_OVER_TEMP,Critical,True
12498,4448,440,256,2024-06-08 17:42:43,SOFTWARE_CRASH,Minor,True
12499,1629,212,262,2025-07-06 16:21:52,SYNC_LOSS,Info,False
12500,2579,14,706,2024-03-31 14:32:46,TRANSMISSION_ERROR,Info,True
12501,2989,164,474,2024-04-05 10:48:32,RBS_OVER_TEMP,Info,True
12502,2860,102,163,2024-01-14 11:09:57,LINK_DOWN,Minor,False
12503,322,379,585,2024-04-06 10:21:28,FIBRE_BREAK,Minor,False
12504,1541,239,105,2025-10-24 16:33:20,TRANSMISSION_ERROR,Info,False
12505,689,27,711,2025-01-18 17:49:29,TRANSMISSION_ERROR,Info,False
12506,1708,213,790,2025-04-05 09:55:02,SYNC_LOSS,Major,False
12507,3469,496,533,2024-06-06 11:40:00,RBS_OVER_TEMP,Critical,False
12508,4000,471,334,2025-05-20 15:38:41,FIBRE_BREAK,Major,False
12509,3144,115,383,2025-08-04 14:14:32,FIBRE_BREAK,Info,False
12510,4098,167,97,2025-03-12 08:36:00,LINK_DOWN,Major,True
12511,2866,207,677,2024-05-18 09:33:26,ANTENNA_FAULT,Critical,False
12512,88,290,878,2025-01-25 13:11:43,ANTENNA_FAULT,Minor,True
12513,2001,232,141,2025-08-16 04:24:49,SIGNAL_DEGRADED,Info,False
12514,4668,160,601,2025-12-21 11:33:21,TRANSMISSION_ERROR,Minor,True
12515,4405,24,435,2024-06-17 01:09:12,LINK_DOWN,Info,False
12516,2095,311,825,2024-02-04 13:18:22,RBS_OVER_TEMP,Info,False
12517,1054,99,411,2025-05-26 10:17:42,BATTERY_LOW,Info,True
12518,3678,148,986,2024-05-07 16:11:43,LINK_DOWN,Critical,False
12519,2654,456,829,2024-06-22 20:23:10,FIBRE_BREAK,Critical,True
12520,4694,8,241,2024-10-12 19:00:16,BATTERY_LOW,Info,True
12521,3935,215,735,2025-09-19 09:03:52,TRANSMISSION_ERROR,Minor,False
12522,684,469,35,2025-08-26 02:12:20,CPU_OVERLOAD,Minor,False
12523,3574,220,202,2025-03-17 06:57:48,SIGNAL_DEGRADED,Minor,False
12524,2613,73,35,2024-03-05 17:00:40,BATTERY_LOW,Minor,True
12525,2242,300,754,2025-11-14 13:38:58,ANTENNA_FAULT,Major,False
12526,2178,408,565,2024-08-06 06:26:20,FIBRE_BREAK,Critical,False
12527,3926,200,921,2024-03-22 12:05:31,SOFTWARE_CRASH,Major,False
12528,3219,494,664,2025-06-29 10:54:23,SYNC_LOSS,Major,False
12529,2891,1,792,2025-04-03 12:08:23,POWER_ALARM,Major,True
12530,4047,128,391,2025-10-01 20:53:44,SIGNAL_DEGRADED,Major,False
12531,3767,325,922,2025-01-15 12:12:14,TRANSMISSION_ERROR,Info,False
12532,3501,448,60,2025-08-02 16:20:03,MEMORY_HIGH,Minor,False
12533,320,358,535,2024-11-01 16:56:40,CPU_OVERLOAD,Critical,True
12534,3631,459,3,2025-10-18 21:20:58,SIGNAL_DEGRADED,Major,False
12535,926,210,158,2024-01-01 03:35:17,POWER_ALARM,Minor,True
12536,3383,95,930,2024-12-18 08:02:43,RBS_OVER_TEMP,Minor,False
12537,2440,323,567,2024-01-22 10:20:52,MEMORY_HIGH,Major,False
12538,3180,274,119,2024-05-20 12:58:49,CPU_OVERLOAD,Minor,False
12539,2356,365,376,2024-07-18 22:57:53,SYNC_LOSS,Major,False
12540,496,96,570,2025-03-20 14:16:29,LINK_DOWN,Minor,True
12541,3837,485,408,2024-08-07 10:51:23,LINK_DOWN,Major,False
12542,986,299,99,2025-05-14 20:38:40,FIBRE_BREAK,Major,False
12543,2758,481,750,2024-02-24 14:29:02,SOFTWARE_CRASH,Info,False
12544,1101,329,507,2024-03-22 15:48:24,ANTENNA_FAULT,Major,False
12545,4045,1,338,2025-06-28 11:43:55,FIBRE_BREAK,Minor,True
12546,3789,266,327,2025-08-27 22:16:38,FIBRE_BREAK,Info,True
12547,3974,428,821,2025-12-19 10:42:20,SIGNAL_DEGRADED,Info,False
12548,2391,168,974,2024-09-25 10:24:42,SOFTWARE_CRASH,Info,False
12549,4806,416,869,2025-12-15 15:58:20,LINK_DOWN,Info,True
12550,3824,246,503,2024-08-27 20:20:03,POWER_ALARM,Minor,True
12551,716,332,533,2025-04-22 15:30:57,SIGNAL_DEGRADED,Major,True
12552,1884,471,837,2024-01-08 09:32:49,MEMORY_HIGH,Critical,False
12553,1512,183,126,2025-11-13 06:35:08,SYNC_LOSS,Minor,False
12554,2208,357,319,2024-08-01 13:39:56,SYNC_LOSS,Info,False
12555,3058,478,764,2025-12-24 08:38:50,LINK_DOWN,Minor,False
12556,1487,450,159,2024-01-07 13:16:36,POWER_ALARM,Minor,False
12557,3288,164,845,2024-08-25 14:23:26,FIBRE_BREAK,Major,False
12558,3078,250,939,2025-07-28 10:47:09,SIGNAL_DEGRADED,Minor,False
12559,4147,25,974,2025-01-19 10:02:58,SOFTWARE_CRASH,Critical,True
12560,4085,122,400,2024-11-13 12:01:12,LINK_DOWN,Minor,True
12561,2856,31,790,2024-04-18 14:43:00,CPU_OVERLOAD,Critical,False
12562,1859,492,20,2024-08-14 13:44:03,ANTENNA_FAULT,Info,True
12563,1154,353,375,2025-02-27 05:41:57,ANTENNA_FAULT,Critical,True
12564,4346,9,782,2024-03-08 13:01:20,SOFTWARE_CRASH,Major,True
12565,1637,328,533,2024-12-20 09:22:44,MEMORY_HIGH,Major,False
12566,1318,13,800,2024-08-27 09:48:44,ANTENNA_FAULT,Info,False
12567,4486,222,395,2025-03-10 11:31:05,SYNC_LOSS,Major,True
12568,533,406,148,2025-12-18 14:12:23,POWER_ALARM,Minor,True
12569,447,1,59,2025-04-20 00:36:39,LINK_DOWN,Major,True
12570,4325,273,385,2024-01-05 10:42:13,SIGNAL_DEGRADED,Critical,False
12571,828,44,282,2024-01-20 09:48:29,SIGNAL_DEGRADED,Major,True
12572,4911,112,502,2025-02-26 18:38:59,SOFTWARE_CRASH,Minor,False
12573,3407,247,195,2024-12-27 10:31:05,SOFTWARE_CRASH,Minor,False
12574,1108,377,964,2025-01-02 06:31:40,LINK_DOWN,Minor,False
12575,2618,170,62,2025-11-02 03:03:00,LINK_DOWN,Major,False
12576,2556,76,702,2024-02-19 06:52:27,SOFTWARE_CRASH,Critical,True
12577,4270,438,923,2024-06-10 15:29:23,RBS_OVER_TEMP,Info,False
12578,4993,465,337,2025-09-10 04:56:18,POWER_ALARM,Critical,True
12579,2970,264,219,2024-09-19 13:45:55,TRANSMISSION_ERROR,Critical,False
12580,3527,429,514,2024-04-23 10:58:37,LINK_DOWN,Critical,True
12581,584,146,454,2025-08-11 16:40:36,RBS_OVER_TEMP,Minor,True
12582,1223,94,500,2025-12-10 18:33:10,CPU_OVERLOAD,Major,False
12583,4000,471,334,2025-05-20 15:31:41,ANTENNA_FAULT,Critical,False
12584,210,206,31,2025-04-11 21:19:53,CPU_OVERLOAD,Minor,False
12585,2963,417,592,2025-11-21 11:10:52,SYNC_LOSS,Major,False
12586,866,220,854,2024-10-11 16:29:05,RBS_OVER_TEMP,Info,False
12587,3600,94,651,2025-11-02 15:49:44,SYNC_LOSS,Minor,False
12588,437,180,294,2025-09-30 03:29:13,TRANSMISSION_ERROR,Major,True
12589,2514,428,205,2024-01-15 02:19:01,LINK_DOWN,Info,True
12590,4039,387,575,2024-04-25 11:20:34,SIGNAL_DEGRADED,Minor,False
12591,1389,56,606,2025-06-05 07:35:27,TRANSMISSION_ERROR,Critical,True
12592,656,426,779,2024-11-22 16:09:31,POWER_ALARM,Critical,False
12593,2853,305,379,2024-01-10 20:18:50,POWER_ALARM,Info,False
12594,3637,461,202,2024-04-14 13:27:46,MEMORY_HIGH,Minor,True
12595,3781,450,470,2024-09-10 21:49:09,SYNC_LOSS,Critical,False
12596,3196,8,459,2024-05-27 06:22:31,POWER_ALARM,Critical,True
12597,1394,254,234,2024-01-29 11:17:43,SOFTWARE_CRASH,Info,False
12598,3986,258,653,2024-10-13 15:04:01,FIBRE_BREAK,Critical,False
12599,2852,256,263,2024-05-20 21:32:14,ANTENNA_FAULT,Minor,False
12600,1247,492,958,2024-06-30 11:24:47,POWER_ALARM,Critical,False
12601,4479,420,766,2025-10-08 10:18:46,TRANSMISSION_ERROR,Info,True
12602,4942,285,755,2024-10-30 10:49:49,SIGNAL_DEGRADED,Critical,True
12603,2351,170,643,2024-03-17 16:57:08,RBS_OVER_TEMP,Info,True
12604,1525,124,530,2025-07-29 13:44:22,SOFTWARE_CRASH,Minor,False
12605,1605,136,610,2025-05-31 15:53:31,POWER_ALARM,Minor,True
12606,3512,376,245,2025-01-13 03:12:43,RBS_OVER_TEMP,Minor,False
12607,2570,489,281,2025-08-16 02:47:25,SOFTWARE_CRASH,Minor,False
12608,2852,256,263,2024-05-20 21:36:14,ANTENNA_FAULT,Minor,True
12609,4260,372,526,2025-02-26 07:44:52,LINK_DOWN,Major,True
12610,2524,63,772,2024-12-12 09:48:07,RBS_OVER_TEMP,Minor,False
12611,3099,368,471,2025-04-29 12:24:19,TRANSMISSION_ERROR,Minor,False
12612,4639,53,156,2024-11-20 09:06:42,SOFTWARE_CRASH,Major,False
12613,3110,107,780,2024-11-30 17:10:03,RBS_OVER_TEMP,Minor,False
12614,1916,284,322,2025-01-04 00:48:51,CPU_OVERLOAD,Minor,False
12615,4274,373,81,2025-01-13 19:37:15,ANTENNA_FAULT,Minor,False
12616,1332,381,414,2025-04-16 03:40:26,FIBRE_BREAK,Critical,True
12617,4224,381,592,2024-11-04 07:23:39,FIBRE_BREAK,Major,False
12618,1438,140,267,2024-02-08 04:57:02,SYNC_LOSS,Info,True
12619,4386,158,199,2024-08-14 16:54:40,ANTENNA_FAULT,Info,False
12620,1835,450,508,2024-02-18 01:52:55,SIGNAL_DEGRADED,Major,False
12621,1251,288,429,2025-11-18 16:40:52,SOFTWARE_CRASH,Minor,False
12622,55,450,333,2024-03-30 05:46:10,BATTERY_LOW,Minor,False
12623,118,209,309,2025-05-27 18:59:16,CPU_OVERLOAD,Critical,True
12624,4905,353,956,2025-09-05 12:42:45,SOFTWARE_CRASH,Critical,True
12625,2693,238,962,2025-03-13 22:02:51,LINK_DOWN,Critical,False
12626,137,224,255,2024-04-11 15:42:49,FIBRE_BREAK,Minor,False
12627,4715,80,323,2025-06-10 16:13:26,SYNC_LOSS,Minor,True
12628,4021,481,151,2025-02-25 15:50:27,POWER_ALARM,Info,True
12629,3372,90,716,2025-06-02 06:45:43,TRANSMISSION_ERROR,Major,False
12630,2931,138,494,2025-02-15 07:36:02,TRANSMISSION_ERROR,Info,False
12631,1314,336,809,2024-10-29 14:47:37,BATTERY_LOW,Info,False
12632,2816,7,124,2025-07-08 22:40:51,LINK_DOWN,Info,False
12633,4210,199,403,2024-11-18 19:19:15,BATTERY_LOW,Major,False
12634,4073,239,363,2024-10-04 12:44:10,FIBRE_BREAK,Minor,False
12635,1423,394,158,2024-06-30 23:08:14,LINK_DOWN,Info,True
12636,1062,133,642,2024-07-29 17:28:34,TRANSMISSION_ERROR,Minor,False
12637,1562,145,543,2024-11-14 08:46:10,MEMORY_HIGH,Info,False
12638,3363,66,479,2025-01-18 18:48:22,FIBRE_BREAK,Info,False
12639,2761,383,953,2025-04-09 05:25:42,ANTENNA_FAULT,Info,False
12640,2956,431,409,2025-03-07 12:36:47,SOFTWARE_CRASH,Minor,True
12641,326,380,300,2025-02-08 08:50:45,SIGNAL_DEGRADED,Major,False
12642,3168,439,892,2025-11-28 13:49:43,ANTENNA_FAULT,Info,False
12643,524,47,414,2024-05-14 02:29:27,SOFTWARE_CRASH,Major,True
12644,1687,198,226,2025-10-04 20:04:20,TRANSMISSION_ERROR,Major,False
12645,3045,218,355,2024-02-04 15:50:05,TRANSMISSION_ERROR,Major,False
12646,44,182,319,2025-12-20 13:08:00,FIBRE_BREAK,Minor,True
12647,3902,270,521,2024-06-22 09:56:12,ANTENNA_FAULT,Major,False
12648,4555,401,564,2024-03-10 10:55:17,LINK_DOWN,Info,True
12649,3721,466,393,2024-02-16 02:28:46,MEMORY_HIGH,Info,False
12650,385,91,716,2025-02-04 23:33:38,TRANSMISSION_ERROR,Minor,True
12651,2707,2,363,2024-10-05 11:52:19,LINK_DOWN,Critical,False
12652,2850,360,677,2025-03-01 12:18:48,CPU_OVERLOAD,Major,False
12653,4948,449,649,2024-06-07 20:37:27,LINK_DOWN,Info,False
12654,540,5,110,2025-07-24 17:06:03,CPU_OVERLOAD,Info,False
12655,4411,279,363,2025-07-12 23:06:58,ANTENNA_FAULT,Minor,False
12656,4908,88,378,2024-03-23 04:04:54,FIBRE_BREAK,Minor,False
12657,4152,223,160,2024-06-19 12:13:25,ANTENNA_FAULT,Critical,False
12658,3101,207,361,2025-12-31 10:13:57,CPU_OVERLOAD,Major,False
12659,3198,125,821,2024-01-12 21:19:31,SOFTWARE_CRASH,Critical,False
12660,4351,175,788,2024-07-16 22:51:38,LINK_DOWN,Info,True
12661,3252,400,412,2025-10-10 12:48:21,LINK_DOWN,Info,False
12662,3527,429,514,2024-04-23 11:02:37,SOFTWARE_CRASH,Major,False
12663,3076,136,604,2024-06-04 18:29:30,FIBRE_BREAK,Major,False
12664,4326,60,247,2025-07-12 08:38:39,POWER_ALARM,Info,True
12665,3510,323,8,2024-10-14 05:02:38,SIGNAL_DEGRADED,Minor,True
12666,1738,344,95,2025-12-20 12:26:56,ANTENNA_FAULT,Info,False
12667,4610,22,254,2024-02-13 15:43:31,TRANSMISSION_ERROR,Major,False
12668,5,460,337,2024-12-31 10:49:18,CPU_OVERLOAD,Info,False
12669,181,417,988,2024-10-30 00:49:55,RBS_OVER_TEMP,Critical,False
12670,1963,414,823,2024-11-02 06:44:28,ANTENNA_FAULT,Major,False
12671,1790,345,764,2024-05-30 19:25:43,SYNC_LOSS,Major,False
12672,750,376,64,2025-11-06 19:10:31,RBS_OVER_TEMP,Info,False
12673,4988,72,953,2025-07-30 22:45:31,RBS_OVER_TEMP,Minor,False
12674,1615,367,834,2025-08-09 14:28:13,MEMORY_HIGH,Minor,False
12675,1150,455,657,2025-09-27 10:45:53,RBS_OVER_TEMP,Minor,True
12676,4664,431,475,2025-12-04 11:29:56,SIGNAL_DEGRADED,Info,False
12677,1795,245,830,2025-01-29 11:55:18,LINK_DOWN,Info,False
12678,1535,421,398,2025-07-11 06:34:49,SIGNAL_DEGRADED,Major,False
12679,564,464,969,2025-05-07 23:11:59,SYNC_LOSS,Major,False
12680,4409,103,727,2025-12-23 08:43:47,BATTERY_LOW,Critical,False
12681,2325,1,181,2025-08-09 14:21:43,LINK_DOWN,Major,True
12682,378,35,418,2024-10-04 16:02:13,SOFTWARE_CRASH,Critical,False
12683,1635,367,571,2025-07-05 12:00:20,TRANSMISSION_ERROR,Info,True
12684,2350,247,412,2025-09-12 18:19:29,ANTENNA_FAULT,Major,False
12685,4318,383,75,2025-10-23 19:25:15,ANTENNA_FAULT,Major,False
12686,1864,240,247,2024-02-01 08:12:51,SYNC_LOSS,Minor,False
12687,4534,216,390,2025-11-20 17:08:16,BATTERY_LOW,Minor,True
12688,1047,62,176,2025-08-24 16:18:04,BATTERY_LOW,Info,False
12689,763,231,340,2025-07-28 16:25:43,RBS_OVER_TEMP,Major,True
12690,2910,180,559,2025-04-17 15:16:39,SOFTWARE_CRASH,Minor,False
12691,3305,226,93,2025-09-09 19:47:50,LINK_DOWN,Major,False
12692,3523,14,731,2025-10-04 16:58:12,MEMORY_HIGH,Minor,True
12693,3577,212,236,2025-02-12 00:39:30,MEMORY_HIGH,Critical,False
12694,872,56,536,2024-07-19 09:27:37,TRANSMISSION_ERROR,Critical,False
12695,1069,353,592,2024-09-20 10:29:19,SOFTWARE_CRASH,Minor,False
12696,2276,320,173,2025-07-25 12:21:03,ANTENNA_FAULT,Minor,False
12697,4512,279,578,2024-03-18 12:00:20,RBS_OVER_TEMP,Critical,True
12698,462,229,183,2024-05-26 06:19:02,POWER_ALARM,Minor,True
12699,1937,339,105,2024-06-05 11:06:25,SOFTWARE_CRASH,Major,False
12700,469,435,231,2024-03-08 13:23:45,SYNC_LOSS,Minor,True
12701,3295,281,452,2025-04-06 09:00:06,ANTENNA_FAULT,Major,False
12702,3450,355,591,2024-07-05 17:29:25,CPU_OVERLOAD,Major,False
12703,1828,45,256,2025-12-25 14:48:34,RBS_OVER_TEMP,Minor,False
12704,3996,395,934,2024-08-19 12:20:19,FIBRE_BREAK,Minor,False
12705,383,58,555,2025-05-22 14:07:31,SOFTWARE_CRASH,Critical,False
12706,3667,97,989,2025-08-03 11:34:55,MEMORY_HIGH,Minor,False
12707,10,483,950,2025-08-17 13:15:12,SYNC_LOSS,Minor,True
12708,4432,334,840,2024-10-31 02:51:05,POWER_ALARM,Minor,True
12709,4432,334,840,2024-10-31 02:59:05,POWER_ALARM,Info,True
12710,4924,441,495,2025-03-01 15:45:35,TRANSMISSION_ERROR,Major,False
12711,3033,2,200,2024-05-25 14:34:03,RBS_OVER_TEMP,Info,False
12712,4405,24,435,2024-06-17 01:02:12,TRANSMISSION_ERROR,Major,False
12713,983,334,176,2025-05-22 13:39:56,MEMORY_HIGH,Info,False
12714,4624,190,465,2025-11-14 12:14:16,SOFTWARE_CRASH,Info,True
12715,1177,130,441,2025-05-19 00:52:30,SYNC_LOSS,Info,False
12716,1671,28,69,2024-02-22 09:34:25,SIGNAL_DEGRADED,Major,True
12717,1241,331,646,2025-09-18 18:21:44,MEMORY_HIGH,Major,True
12718,3776,367,788,2025-01-09 11:40:01,FIBRE_BREAK,Info,False
12719,2080,369,89,2024-11-04 16:16:56,FIBRE_BREAK,Critical,False
12720,4969,128,388,2025-04-04 08:26:49,LINK_DOWN,Minor,False
12721,3120,223,115,2024-01-18 17:54:56,SIGNAL_DEGRADED,Info,False
12722,319,414,899,2024-09-27 20:53:02,ANTENNA_FAULT,Major,False
12723,102,474,331,2024-01-14 11:01:19,CPU_OVERLOAD,Minor,False
12724,1876,4,798,2024-09-01 16:31:01,MEMORY_HIGH,Info,False
12725,1520,199,248,2024-09-26 13:40:40,TRANSMISSION_ERROR,Info,True
12726,3749,83,376,2024-09-16 14:33:31,TRANSMISSION_ERROR,Major,True
12727,1474,129,289,2025-05-25 16:25:56,CPU_OVERLOAD,Minor,True
12728,315,68,973,2025-11-27 02:09:09,SIGNAL_DEGRADED,Critical,False
12729,168,408,801,2024-04-24 19:08:41,LINK_DOWN,Critical,False
12730,240,88,252,2025-10-16 06:42:35,SIGNAL_DEGRADED,Info,False
12731,3346,256,162,2024-06-01 20:53:07,RBS_OVER_TEMP,Minor,False
12732,4646,251,730,2025-11-17 17:01:38,CPU_OVERLOAD,Major,False
12733,2119,131,988,2025-02-15 17:11:58,FIBRE_BREAK,Major,True
12734,2393,92,662,2024-02-08 05:44:43,POWER_ALARM,Major,True
12735,2536,419,46,2024-08-26 05:58:03,SOFTWARE_CRASH,Critical,False
12736,1811,28,136,2025-05-26 17:05:46,FIBRE_BREAK,Info,False
12737,3098,93,99,2024-04-04 00:37:29,LINK_DOWN,Critical,False
12738,3668,209,160,2024-03-18 03:25:22,RBS_OVER_TEMP,Minor,False
12739,4376,34,475,2024-07-08 12:00:20,SYNC_LOSS,Minor,True
12740,2690,472,558,2024-03-07 16:26:23,FIBRE_BREAK,Critical,False
12741,2154,244,281,2025-03-23 04:35:24,LINK_DOWN,Major,True
12742,4794,318,3,2024-05-30 15:04:16,BATTERY_LOW,Major,True
12743,406,102,647,2024-02-25 11:36:38,LINK_DOWN,Minor,False
12744,236,160,956,2024-08-24 12:29:50,SIGNAL_DEGRADED,Info,False
12745,1915,476,114,2025-08-08 15:28:41,RBS_OVER_TEMP,Major,False
12746,3678,148,986,2024-05-07 16:24:43,LINK_DOWN,Major,False
12747,2395,143,38,2024-08-30 17:00:39,SIGNAL_DEGRADED,Critical,False
12748,1604,498,95,2024-02-11 14:57:46,BATTERY_LOW,Critical,True
12749,1927,484,499,2024-10-17 13:16:47,BATTERY_LOW,Critical,False
12750,4179,157,528,2024-11-12 14:13:39,ANTENNA_FAULT,Minor,True
12751,4056,242,348,2025-11-05 08:09:00,SOFTWARE_CRASH,Minor,False
12752,600,136,632,2025-01-08 18:45:38,ANTENNA_FAULT,Critical,False
12753,1333,133,525,2025-07-02 20:49:37,BATTERY_LOW,Info,False
12754,225,237,855,2025-01-11 07:49:14,CPU_OVERLOAD,Major,True
12755,2374,267,522,2024-03-26 02:23:46,FIBRE_BREAK,Minor,False
12756,3715,343,771,2025-09-29 14:13:12,ANTENNA_FAULT,Critical,False
12757,936,134,497,2025-09-30 12:08:28,ANTENNA_FAULT,Major,False
12758,922,97,292,2025-05-31 03:54:42,SYNC_LOSS,Critical,False
12759,1167,361,842,2025-01-14 05:31:39,FIBRE_BREAK,Major,False
12760,3925,22,542,2024-02-11 08:07:53,MEMORY_HIGH,Minor,False
12761,3660,284,142,2024-04-28 08:32:09,BATTERY_LOW,Critical,False
12762,3262,294,310,2025-05-22 17:10:59,BATTERY_LOW,Info,True
12763,1764,448,164,2024-11-17 06:47:02,BATTERY_LOW,Minor,False
12764,2860,102,163,2024-01-14 10:49:57,RBS_OVER_TEMP,Critical,False
12765,33,436,945,2024-03-28 17:07:31,CPU_OVERLOAD,Major,False
12766,1744,419,124,2025-03-26 13:14:43,BATTERY_LOW,Minor,False
12767,118,209,309,2025-05-27 18:57:16,ANTENNA_FAULT,Info,False
12768,1477,175,71,2024-08-29 10:54:57,FIBRE_BREAK,Info,False
12769,4134,180,46,2025-09-20 15:17:09,MEMORY_HIGH,Minor,False
12770,357,386,973,2025-12-13 22:42:46,RBS_OVER_TEMP,Info,True
12771,3393,240,556,2025-09-21 11:21:28,RBS_OVER_TEMP,Minor,True
12772,4966,160,884,2024-08-12 02:36:35,BATTERY_LOW,Minor,False
12773,732,374,319,2025-10-13 09:21:56,RBS_OVER_TEMP,Critical,False
12774,4379,116,286,2024-04-02 09:26:53,BATTERY_LOW,Info,True
12775,1936,292,392,2024-05-23 20:00:13,FIBRE_BREAK,Info,False
12776,366,83,587,2024-03-28 08:57:26,SOFTWARE_CRASH,Major,False
12777,4133,347,105,2024-12-25 10:51:37,POWER_ALARM,Major,False
12778,1187,64,976,2024-04-24 12:56:22,LINK_DOWN,Minor,False
12779,1185,389,765,2025-06-20 19:08:01,SIGNAL_DEGRADED,Info,False
12780,3252,400,412,2025-10-10 13:44:21,SYNC_LOSS,Critical,False
12781,3843,272,473,2024-06-24 23:43:57,SOFTWARE_CRASH,Info,False
12782,275,226,913,2024-01-25 16:25:55,SYNC_LOSS,Major,False
12783,1366,132,245,2025-04-21 21:15:14,TRANSMISSION_ERROR,Major,True
12784,2750,172,847,2025-06-05 15:29:55,LINK_DOWN,Info,True
12785,1119,114,684,2025-01-15 21:49:07,SOFTWARE_CRASH,Minor,False
12786,2729,215,422,2024-10-03 04:49:21,LINK_DOWN,Info,False
12787,4275,340,85,2025-04-23 09:00:49,RBS_OVER_TEMP,Minor,False
12788,4701,461,90,2024-07-15 08:47:33,FIBRE_BREAK,Major,False
12789,1025,17,772,2024-11-11 10:24:48,LINK_DOWN,Info,False
12790,2153,319,332,2025-08-13 16:52:32,CPU_OVERLOAD,Minor,False
12791,746,431,119,2025-10-27 14:57:15,ANTENNA_FAULT,Critical,True
12792,4311,256,447,2025-06-25 17:13:51,CPU_OVERLOAD,Major,False
12793,1889,99,995,2024-02-19 08:11:33,POWER_ALARM,Minor,True
12794,4483,74,557,2024-04-06 02:55:27,CPU_OVERLOAD,Critical,True
12795,4014,186,281,2025-02-09 18:23:39,SYNC_LOSS,Info,True
12796,241,17,601,2025-10-20 05:57:22,ANTENNA_FAULT,Minor,False
12797,3734,30,200,2024-04-27 09:28:32,SOFTWARE_CRASH,Minor,False
12798,3247,192,328,2024-04-18 13:09:18,SIGNAL_DEGRADED,Major,False
12799,4759,403,312,2024-09-15 20:38:37,SIGNAL_DEGRADED,Minor,False
12800,2105,161,35,2024-11-21 15:03:15,RBS_OVER_TEMP,Minor,False
12801,1566,145,464,2025-10-22 17:47:00,TRANSMISSION_ERROR,Major,True
12802,4639,53,156,2024-11-20 09:05:42,POWER_ALARM,Minor,False
12803,2929,407,677,2025-08-16 16:18:02,RBS_OVER_TEMP,Minor,False
12804,3964,494,503,2025-11-12 07:54:31,BATTERY_LOW,Info,True
12805,4181,467,919,2025-05-25 13:50:25,TRANSMISSION_ERROR,Minor,False
12806,2975,282,188,2024-12-18 22:54:12,TRANSMISSION_ERROR,Major,False
12807,4234,60,713,2024-06-06 11:02:02,BATTERY_LOW,Minor,True
12808,2520,398,208,2024-06-20 19:52:56,TRANSMISSION_ERROR,Info,False
12809,1760,478,786,2024-12-09 02:26:39,SYNC_LOSS,Info,False
12810,4165,343,238,2024-10-17 20:33:13,TRANSMISSION_ERROR,Minor,False
12811,817,303,549,2025-08-19 00:51:07,BATTERY_LOW,Info,False
12812,1925,442,742,2024-09-02 10:28:49,SOFTWARE_CRASH,Major,False
12813,3180,274,119,2024-05-20 12:39:49,RBS_OVER_TEMP,Info,True
12814,4732,241,95,2025-08-10 20:24:39,CPU_OVERLOAD,Info,False
12815,2327,401,813,2024-09-17 07:45:20,SIGNAL_DEGRADED,Info,False
12816,960,395,516,2024-02-04 03:39:58,TRANSMISSION_ERROR,Minor,False
12817,909,42,629,2024-02-02 09:25:59,POWER_ALARM,Minor,True
12818,2862,182,522,2025-03-26 14:19:40,FIBRE_BREAK,Critical,False
12819,1974,185,33,2024-09-16 10:21:41,CPU_OVERLOAD,Info,False
12820,4991,1,671,2025-12-26 16:56:38,RBS_OVER_TEMP,Minor,True
12821,1629,212,262,2025-07-06 16:25:52,ANTENNA_FAULT,Info,False
12822,261,445,18,2025-02-04 17:02:56,MEMORY_HIGH,Info,False
12823,2511,193,422,2025-09-14 18:10:25,ANTENNA_FAULT,Major,True
12824,1274,111,376,2025-02-12 23:01:15,BATTERY_LOW,Major,False
12825,3426,185,327,2025-08-25 10:59:50,SYNC_LOSS,Minor,True
12826,1959,353,128,2025-06-16 03:09:02,ANTENNA_FAULT,Minor,True
12827,3048,306,728,2025-06-06 15:18:29,BATTERY_LOW,Critical,False
12828,2207,268,121,2025-02-24 13:15:03,SIGNAL_DEGRADED,Minor,False
12829,2988,361,635,2024-04-19 08:33:16,ANTENNA_FAULT,Major,False
12830,1142,423,496,2024-04-11 11:54:16,TRANSMISSION_ERROR,Info,False
12831,2289,124,315,2024-05-14 15:03:26,RBS_OVER_TEMP,Info,False
12832,1127,382,937,2025-07-07 06:09:33,POWER_ALARM,Major,False
12833,2732,275,561,2025-11-23 12:59:41,LINK_DOWN,Critical,True
12834,2098,428,461,2024-12-28 15:07:48,RBS_OVER_TEMP,Minor,False
12835,4421,297,577,2024-12-19 20:53:14,ANTENNA_FAULT,Major,True
12836,1682,268,665,2024-12-24 20:01:33,SYNC_LOSS,Minor,False
12837,3400,178,899,2024-09-10 13:25:00,LINK_DOWN,Info,False
12838,4578,21,313,2025-08-17 11:46:13,SIGNAL_DEGRADED,Minor,True
12839,2734,78,771,2025-06-04 23:37:59,BATTERY_LOW,Major,True
12840,4389,27,771,2025-05-07 09:37:32,POWER_ALARM,Info,True
12841,3612,471,362,2025-07-21 12:14:42,SIGNAL_DEGRADED,Minor,False
12842,170,74,675,2024-06-17 09:55:43,RBS_OVER_TEMP,Minor,True
12843,4500,308,425,2024-09-05 16:49:53,TRANSMISSION_ERROR,Minor,True
12844,1693,197,435,2025-08-06 12:34:20,ANTENNA_FAULT,Minor,True
12845,721,250,60,2025-01-22 09:25:24,SYNC_LOSS,Major,False
12846,4331,400,592,2025-09-08 14:50:04,BATTERY_LOW,Major,False
12847,4047,128,391,2025-10-01 21:00:44,FIBRE_BREAK,Info,False
12848,3562,184,709,2025-02-09 21:40:31,CPU_OVERLOAD,Minor,False
12849,2257,417,976,2024-04-21 11:57:23,SYNC_LOSS,Critical,False
12850,1079,224,642,2024-09-23 17:50:35,BATTERY_LOW,Info,False
12851,2232,237,97,2024-12-12 10:00:41,SYNC_LOSS,Major,False
12852,4113,283,272,2024-01-06 09:58:12,TRANSMISSION_ERROR,Critical,False
12853,4902,328,404,2024-04-23 10:48:35,SYNC_LOSS,Minor,True
12854,3621,239,600,2025-04-25 13:11:09,BATTERY_LOW,Critical,False
12855,4712,28,287,2025-08-28 12:58:03,BATTERY_LOW,Minor,False
12856,393,489,996,2025-05-17 09:39:43,SOFTWARE_CRASH,Major,True
12857,3459,258,140,2024-03-25 09:05:37,SIGNAL_DEGRADED,Major,True
12858,2187,440,975,2024-08-24 05:14:33,BATTERY_LOW,Info,True
12859,3169,469,767,2025-09-26 22:39:26,CPU_OVERLOAD,Info,False
12860,3913,117,871,2025-09-30 10:54:51,SYNC_LOSS,Minor,False
12861,3709,134,734,2025-01-31 12:04:13,MEMORY_HIGH,Minor,True
12862,2917,201,993,2024-03-12 21:51:45,MEMORY_HIGH,Major,False
12863,595,131,419,2024-03-18 16:29:53,ANTENNA_FAULT,Minor,False
12864,4717,86,443,2025-12-10 14:48:09,LINK_DOWN,Major,False
12865,4435,58,166,2025-11-11 11:25:32,SYNC_LOSS,Major,False
12866,1935,429,315,2025-03-14 05:13:19,FIBRE_BREAK,Critical,False
12867,3575,339,427,2025-01-17 15:28:15,SOFTWARE_CRASH,Critical,False
12868,1570,138,942,2025-05-08 13:46:26,LINK_DOWN,Minor,False
12869,922,97,292,2025-05-31 03:08:42,SYNC_LOSS,Critical,True
12870,2246,254,660,2025-04-26 11:55:40,CPU_OVERLOAD,Minor,False
12871,1358,377,94,2025-11-07 15:47:55,SOFTWARE_CRASH,Minor,False
12872,4363,208,50,2025-05-18 02:34:36,RBS_OVER_TEMP,Minor,False
12873,2009,341,630,2025-04-25 05:42:09,ANTENNA_FAULT,Info,False
12874,917,167,747,2024-05-26 15:04:35,SIGNAL_DEGRADED,Critical,False
12875,2025,449,735,2025-11-27 13:20:15,SYNC_LOSS,Minor,False
12876,3057,282,545,2024-02-19 12:55:17,POWER_ALARM,Critical,False
12877,120,20,583,2024-04-06 02:59:26,SOFTWARE_CRASH,Minor,True
12878,4193,180,257,2025-05-26 21:05:12,SIGNAL_DEGRADED,Info,False
12879,2777,202,734,2024-11-24 08:21:32,CPU_OVERLOAD,Info,False
12880,2784,346,468,2025-07-10 21:12:16,SYNC_LOSS,Info,False
12881,3485,15,682,2025-06-03 09:42:03,SIGNAL_DEGRADED,Major,False
12882,4501,191,245,2024-08-01 00:22:45,SIGNAL_DEGRADED,Info,False
12883,4799,61,111,2024-04-10 14:23:07,RBS_OVER_TEMP,Info,False
12884,1521,471,490,2025-12-18 16:40:08,POWER_ALARM,Minor,False
12885,4117,499,888,2024-10-28 15:26:24,LINK_DOWN,Minor,False
12886,2189,368,546,2024-12-17 10:37:34,CPU_OVERLOAD,Minor,False
12887,351,270,276,2025-12-24 18:48:50,SIGNAL_DEGRADED,Minor,True
12888,2068,203,928,2025-08-31 16:55:49,SOFTWARE_CRASH,Major,True
12889,1216,387,925,2025-05-30 04:08:14,BATTERY_LOW,Critical,False
12890,3981,170,154,2024-07-08 09:10:07,POWER_ALARM,Major,False
12891,3817,234,64,2024-05-10 20:05:48,TRANSMISSION_ERROR,Critical,True
12892,2134,419,644,2024-10-29 05:01:38,TRANSMISSION_ERROR,Info,False
12893,1354,65,758,2024-06-28 16:50:56,MEMORY_HIGH,Minor,False
12894,4417,348,21,2025-10-15 09:12:30,TRANSMISSION_ERROR,Info,True
12895,578,412,647,2024-03-18 08:19:41,ANTENNA_FAULT,Critical,False
12896,730,191,966,2024-11-08 17:58:38,TRANSMISSION_ERROR,Minor,False
12897,3521,407,861,2024-08-11 16:39:27,ANTENNA_FAULT,Major,False
12898,3396,205,801,2024-12-12 05:53:38,RBS_OVER_TEMP,Minor,False
12899,477,402,144,2024-11-21 10:35:04,CPU_OVERLOAD,Minor,True
12900,3096,397,238,2024-07-20 07:24:36,POWER_ALARM,Info,False
12901,4494,297,639,2025-10-31 19:45:24,MEMORY_HIGH,Minor,False
12902,926,210,158,2024-01-01 03:26:17,LINK_DOWN,Info,False
12903,2471,175,62,2024-05-14 13:58:45,LINK_DOWN,Info,False
12904,279,124,978,2025-02-24 02:29:11,BATTERY_LOW,Critical,False
12905,3839,438,898,2025-10-01 11:13:04,SYNC_LOSS,Critical,False
12906,4539,325,765,2025-12-11 07:05:48,BATTERY_LOW,Info,True
12907,652,193,332,2025-07-17 21:23:27,SOFTWARE_CRASH,Minor,False
12908,1573,123,691,2024-08-12 14:37:33,RBS_OVER_TEMP,Minor,True
12909,983,334,176,2025-05-22 13:38:56,ANTENNA_FAULT,Info,True
12910,2180,129,863,2024-01-25 00:43:11,CPU_OVERLOAD,Info,False
12911,2400,490,141,2025-04-16 13:59:41,BATTERY_LOW,Major,False
12912,1290,415,827,2024-04-23 05:14:21,POWER_ALARM,Info,False
12913,2769,170,334,2025-09-12 17:20:59,BATTERY_LOW,Major,True
12914,389,32,952,2024-10-21 12:57:30,TRANSMISSION_ERROR,Info,False
12915,600,136,632,2025-01-08 18:17:38,POWER_ALARM,Major,True
12916,4865,351,849,2025-08-19 15:52:46,SOFTWARE_CRASH,Critical,False
12917,214,428,505,2025-09-15 19:52:51,ANTENNA_FAULT,Major,False
12918,3342,426,500,2025-06-03 14:49:20,SIGNAL_DEGRADED,Critical,False
12919,1193,108,944,2025-04-17 12:28:59,SOFTWARE_CRASH,Critical,False
12920,1297,285,31,2024-02-28 10:29:03,BATTERY_LOW,Minor,True
12921,4713,483,779,2025-09-12 17:14:43,SYNC_LOSS,Major,False
12922,703,392,774,2025-05-24 03:27:23,SIGNAL_DEGRADED,Minor,False
12923,1075,112,249,2025-10-29 19:11:36,BATTERY_LOW,Minor,False
12924,32,19,161,2025-05-19 16:41:49,FIBRE_BREAK,Info,False
12925,3753,264,650,2025-06-30 17:11:05,LINK_DOWN,Minor,False
12926,1915,476,114,2025-08-08 15:21:41,SYNC_LOSS,Minor,False
12927,3123,22,626,2025-04-13 01:36:39,CPU_OVERLOAD,Major,False
12928,1440,274,974,2025-08-24 00:40:29,SYNC_LOSS,Major,False
12929,646,253,424,2024-11-18 20:19:33,SYNC_LOSS,Info,True
12930,374,287,164,2024-08-26 00:58:13,SIGNAL_DEGRADED,Info,True
12931,3088,214,586,2024-11-13 16:49:06,POWER_ALARM,Major,True
12932,2884,491,744,2025-03-11 12:18:06,SOFTWARE_CRASH,Minor,False
12933,1138,260,930,2024-12-01 14:35:41,BATTERY_LOW,Critical,False
12934,1180,96,733,2025-01-02 09:59:20,CPU_OVERLOAD,Info,False
12935,2782,168,810,2024-04-29 04:26:11,ANTENNA_FAULT,Info,True
12936,1770,230,41,2024-05-05 16:26:44,ANTENNA_FAULT,Info,False
12937,2354,170,622,2024-08-31 23:47:14,LINK_DOWN,Major,True
12938,496,96,570,2025-03-20 14:29:29,POWER_ALARM,Info,True
12939,1030,203,141,2024-04-10 16:40:01,CPU_OVERLOAD,Minor,True
12940,13,307,422,2024-03-09 00:57:40,CPU_OVERLOAD,Info,True
12941,894,384,200,2025-11-07 13:20:40,MEMORY_HIGH,Minor,False
12942,1491,254,404,2025-01-27 05:31:15,SIGNAL_DEGRADED,Info,True
12943,3076,136,604,2024-06-04 18:08:30,RBS_OVER_TEMP,Critical,True
12944,325,91,106,2025-08-11 06:09:43,POWER_ALARM,Minor,False
12945,3324,404,813,2024-06-28 13:40:33,CPU_OVERLOAD,Info,False
12946,3507,347,556,2025-04-27 20:14:29,MEMORY_HIGH,Major,False
12947,905,412,955,2025-03-12 13:48:56,TRANSMISSION_ERROR,Major,True
12948,4404,5,267,2024-08-02 11:50:38,CPU_OVERLOAD,Critical,False
12949,3876,74,793,2025-10-18 09:58:59,LINK_DOWN,Info,False
12950,300,296,512,2024-10-26 13:08:25,FIBRE_BREAK,Critical,False
12951,4068,51,833,2025-03-27 08:34:03,POWER_ALARM,Info,False
12952,785,424,762,2024-05-10 16:01:50,POWER_ALARM,Info,False
12953,3518,69,809,2024-10-03 15:13:49,FIBRE_BREAK,Info,False
12954,2303,137,903,2025-06-28 15:00:01,LINK_DOWN,Major,False
12955,1407,345,19,2024-03-11 10:19:39,POWER_ALARM,Info,False
12956,2768,302,371,2024-12-01 17:54:08,SIGNAL_DEGRADED,Major,False
12957,4866,21,455,2025-10-28 03:45:32,RBS_OVER_TEMP,Major,True
12958,4748,29,554,2025-02-03 10:16:58,FIBRE_BREAK,Critical,True
12959,2682,25,163,2025-08-21 06:25:09,SIGNAL_DEGRADED,Minor,True
12960,99,225,642,2025-05-12 14:37:44,RBS_OVER_TEMP,Info,False
12961,963,119,151,2025-05-07 20:10:15,CPU_OVERLOAD,Major,True
12962,2750,172,847,2025-06-05 15:29:55,LINK_DOWN,Minor,False
12963,3094,29,465,2025-06-01 03:46:33,RBS_OVER_TEMP,Info,False
12964,4616,180,180,2025-01-16 09:43:44,SIGNAL_DEGRADED,Info,True
12965,249,451,677,2024-11-04 13:03:27,MEMORY_HIGH,Minor,False
12966,527,207,825,2025-03-28 17:53:50,BATTERY_LOW,Critical,True
12967,3467,491,874,2024-09-04 10:41:51,SOFTWARE_CRASH,Minor,True
12968,15,187,178,2024-05-28 09:20:37,RBS_OVER_TEMP,Minor,True
12969,2800,341,585,2024-04-23 14:30:42,TRANSMISSION_ERROR,Minor,False
12970,4255,12,380,2024-04-06 11:17:19,SYNC_LOSS,Major,True
12971,2509,492,583,2024-06-26 14:10:49,BATTERY_LOW,Info,False
12972,2455,13,853,2025-01-20 17:40:57,SYNC_LOSS,Minor,True
12973,3477,498,231,2025-03-05 17:19:02,TRANSMISSION_ERROR,Minor,True
12974,3311,120,345,2025-01-11 11:09:26,SIGNAL_DEGRADED,Critical,False
12975,158,56,154,2025-11-16 14:54:47,MEMORY_HIGH,Info,False
12976,4366,161,228,2024-10-12 18:17:44,POWER_ALARM,Critical,False
12977,3350,168,906,2024-05-30 11:27:14,SIGNAL_DEGRADED,Critical,False
12978,4615,312,448,2025-04-01 01:26:03,CPU_OVERLOAD,Major,True
12979,4279,278,686,2024-01-01 23:00:41,TRANSMISSION_ERROR,Minor,False
12980,2374,267,522,2024-03-26 02:35:46,TRANSMISSION_ERROR,Info,True
12981,2967,146,199,2025-02-14 09:06:36,CPU_OVERLOAD,Minor,True
12982,3373,98,526,2024-04-10 04:55:44,SYNC_LOSS,Minor,False
12983,837,260,653,2025-02-14 10:00:41,CPU_OVERLOAD,Info,False
12984,2420,320,674,2025-02-10 15:14:35,RBS_OVER_TEMP,Critical,False
12985,3397,5,278,2024-03-20 17:27:00,ANTENNA_FAULT,Info,True
12986,1028,397,659,2025-09-03 13:48:57,BATTERY_LOW,Minor,False
12987,3319,155,525,2024-05-30 13:48:39,RBS_OVER_TEMP,Critical,False
12988,4459,315,722,2025-03-31 01:47:02,SYNC_LOSS,Minor,True
12989,457,291,332,2024-12-17 17:02:53,BATTERY_LOW,Info,False
12990,4016,43,841,2025-12-17 17:24:03,POWER_ALARM,Info,False
12991,2155,496,426,2024-03-25 02:09:27,FIBRE_BREAK,Minor,False
12992,1831,181,242,2025-03-20 00:59:48,SOFTWARE_CRASH,Major,True
12993,204,374,384,2025-01-30 09:51:49,CPU_OVERLOAD,Info,False
12994,2722,406,622,2025-02-03 09:53:39,FIBRE_BREAK,Info,False
12995,4981,313,401,2024-02-12 19:09:08,BATTERY_LOW,Major,True
12996,3069,168,133,2024-06-14 08:28:31,SOFTWARE_CRASH,Critical,False
12997,4584,261,12,2024-10-14 12:06:19,LINK_DOWN,Minor,False
12998,3828,177,877,2024-04-19 10:38:40,SIGNAL_DEGRADED,Critical,False
12999,3629,51,984,2025-04-07 12:09:31,SIGNAL_DEGRADED,Minor,False
13000,2700,71,409,2025-03-26 10:31:25,CPU_OVERLOAD,Minor,True
13001,277,25,791,2025-06-05 17:18:45,LINK_DOWN,Minor,True
13002,4054,379,585,2025-02-10 09:54:15,CPU_OVERLOAD,Info,False
13003,3457,85,984,2025-08-14 21:03:27,FIBRE_BREAK,Major,False
13004,4560,493,732,2025-07-17 20:28:39,RBS_OVER_TEMP,Major,False
13005,478,178,528,2025-01-30 18:13:23,CPU_OVERLOAD,Info,False
13006,3715,343,771,2025-09-29 14:17:12,RBS_OVER_TEMP,Major,True
13007,4157,294,823,2025-03-15 17:49:17,RBS_OVER_TEMP,Minor,False
13008,3045,218,355,2024-02-04 16:07:05,RBS_OVER_TEMP,Minor,False
13009,3489,163,2,2025-02-03 09:59:35,CPU_OVERLOAD,Minor,False
13010,652,193,332,2025-07-17 21:22:27,POWER_ALARM,Info,False
13011,4895,198,64,2025-05-29 15:03:32,ANTENNA_FAULT,Minor,False
13012,3495,398,70,2025-11-04 23:17:27,BATTERY_LOW,Info,False
13013,1373,89,600,2025-10-17 17:38:58,CPU_OVERLOAD,Info,True
13014,2965,458,950,2025-11-29 22:25:06,MEMORY_HIGH,Minor,False
13015,1874,489,328,2024-09-27 01:28:08,SOFTWARE_CRASH,Info,True
13016,1692,70,893,2025-10-11 17:51:34,TRANSMISSION_ERROR,Critical,False
13017,4391,164,370,2025-05-06 14:15:10,MEMORY_HIGH,Critical,False
13018,164,270,529,2025-04-09 08:12:12,MEMORY_HIGH,Minor,False
13019,1045,125,135,2025-02-23 22:21:06,TRANSMISSION_ERROR,Info,True
13020,417,271,752,2024-02-09 13:10:13,POWER_ALARM,Major,True
13021,3171,36,142,2025-02-13 23:43:37,RBS_OVER_TEMP,Minor,False
13022,3544,337,86,2025-01-22 14:58:54,ANTENNA_FAULT,Minor,True
13023,1359,236,824,2024-12-24 11:34:24,TRANSMISSION_ERROR,Minor,False
13024,1333,133,525,2025-07-02 20:48:37,LINK_DOWN,Info,True
13025,3370,274,200,2025-11-23 12:30:42,SOFTWARE_CRASH,Major,False
13026,2152,146,241,2024-09-02 14:41:06,CPU_OVERLOAD,Critical,False
13027,4802,176,392,2025-02-26 16:50:49,BATTERY_LOW,Minor,False
13028,4222,13,165,2024-10-13 18:27:04,MEMORY_HIGH,Info,True
13029,4401,176,668,2025-03-19 16:15:08,TRANSMISSION_ERROR,Major,True
13030,1489,52,530,2025-05-14 08:48:16,RBS_OVER_TEMP,Minor,False
13031,3024,334,911,2025-04-24 14:12:51,FIBRE_BREAK,Info,False
13032,2499,98,155,2025-11-16 21:08:04,RBS_OVER_TEMP,Minor,True
13033,2615,232,894,2024-05-27 23:25:39,MEMORY_HIGH,Major,False
13034,1212,79,807,2025-10-06 00:59:00,FIBRE_BREAK,Major,False
13035,1521,471,490,2025-12-18 16:42:08,FIBRE_BREAK,Major,False
13036,42,82,53,2025-08-03 19:03:25,SOFTWARE_CRASH,Minor,False
13037,2414,250,762,2025-02-08 13:00:35,BATTERY_LOW,Info,True
13038,346,10,455,2025-08-19 11:24:19,CPU_OVERLOAD,Critical,False
13039,1515,440,868,2024-08-16 00:43:05,SYNC_LOSS,Info,True
13040,109,189,325,2024-03-06 23:18:37,BATTERY_LOW,Minor,False
13041,3152,37,941,2024-02-16 15:04:06,ANTENNA_FAULT,Minor,False
13042,1795,245,830,2025-01-29 12:06:18,SYNC_LOSS,Major,False
13043,3103,156,59,2024-10-03 11:26:29,FIBRE_BREAK,Info,False
13044,2994,107,421,2024-07-09 10:42:16,FIBRE_BREAK,Minor,False
13045,3061,356,102,2024-07-30 08:19:45,SIGNAL_DEGRADED,Major,True
13046,712,92,158,2025-01-28 18:22:01,CPU_OVERLOAD,Major,False
13047,2828,103,616,2024-05-15 14:07:23,BATTERY_LOW,Major,False
13048,1415,274,720,2025-05-13 13:54:08,SYNC_LOSS,Minor,False
13049,1086,213,437,2024-01-24 12:55:40,POWER_ALARM,Info,False
13050,1484,410,527,2024-08-28 14:23:27,LINK_DOWN,Minor,False
13051,342,21,781,2024-01-31 09:34:20,SYNC_LOSS,Minor,True
13052,4326,60,247,2025-07-12 08:44:39,SYNC_LOSS,Major,True
13053,3718,207,525,2024-12-29 01:46:21,BATTERY_LOW,Major,False
13054,2396,418,621,2024-08-04 21:49:32,SYNC_LOSS,Critical,False
13055,1007,379,9,2025-08-22 13:59:34,LINK_DOWN,Info,False
13056,388,477,204,2025-03-11 12:07:57,FIBRE_BREAK,Critical,False
13057,1413,21,214,2025-05-15 01:43:01,ANTENNA_FAULT,Info,True
13058,4374,333,85,2024-10-05 16:05:26,SIGNAL_DEGRADED,Critical,False
13059,3753,264,650,2025-06-30 17:15:05,RBS_OVER_TEMP,Minor,True
13060,2671,363,30,2025-09-18 07:51:57,ANTENNA_FAULT,Critical,True
13061,1244,18,983,2024-09-28 06:15:42,RBS_OVER_TEMP,Major,False
13062,3088,214,586,2024-11-13 16:50:06,SOFTWARE_CRASH,Minor,False
13063,4894,378,619,2025-08-30 10:36:59,SOFTWARE_CRASH,Info,True
13064,490,171,686,2024-09-04 23:37:32,ANTENNA_FAULT,Major,True
13065,795,434,945,2024-09-19 12:29:48,CPU_OVERLOAD,Minor,False
13066,1915,476,114,2025-08-08 15:16:41,ANTENNA_FAULT,Major,False
13067,2864,60,185,2025-03-06 02:57:44,MEMORY_HIGH,Critical,False
13068,4620,148,667,2025-08-06 21:27:45,FIBRE_BREAK,Major,False
13069,4976,398,24,2024-07-20 07:56:00,SOFTWARE_CRASH,Critical,True
13070,1191,20,490,2025-01-18 00:58:11,LINK_DOWN,Major,False
13071,1320,215,721,2024-10-18 10:20:15,MEMORY_HIGH,Info,True
13072,3656,191,68,2024-09-24 15:42:19,TRANSMISSION_ERROR,Critical,True
13073,2739,412,283,2025-11-15 11:56:00,SIGNAL_DEGRADED,Minor,True
13074,411,469,399,2025-04-08 20:07:32,FIBRE_BREAK,Info,False
13075,4339,163,125,2024-11-01 01:38:34,ANTENNA_FAULT,Critical,False
13076,231,113,759,2024-04-24 09:02:17,RBS_OVER_TEMP,Major,False
13077,358,222,724,2025-12-14 03:52:02,ANTENNA_FAULT,Minor,False
13078,3890,459,156,2024-05-19 20:07:36,POWER_ALARM,Minor,False
13079,4838,207,24,2025-10-30 09:05:17,SOFTWARE_CRASH,Info,False
13080,4956,45,845,2024-01-09 08:15:42,SIGNAL_DEGRADED,Critical,False
13081,1597,330,894,2025-07-21 20:04:57,FIBRE_BREAK,Major,False
13082,1751,57,165,2025-12-05 16:34:35,RBS_OVER_TEMP,Minor,False
13083,1758,218,370,2024-04-18 15:18:23,MEMORY_HIGH,Info,False
13084,949,355,685,2024-04-29 07:34:42,FIBRE_BREAK,Info,False
13085,4724,338,793,2025-02-01 11:18:11,MEMORY_HIGH,Major,False
13086,86,89,177,2025-04-15 17:17:26,BATTERY_LOW,Major,False
13087,582,25,751,2024-07-22 10:03:58,ANTENNA_FAULT,Critical,True
13088,3029,233,455,2025-06-24 13:31:56,SYNC_LOSS,Info,True
13089,4398,118,738,2025-01-25 15:26:18,BATTERY_LOW,Major,False
13090,4816,429,90,2025-12-15 04:34:07,CPU_OVERLOAD,Major,False
13091,1964,416,536,2024-10-09 00:31:35,CPU_OVERLOAD,Minor,False
13092,4326,60,247,2025-07-12 08:40:39,SOFTWARE_CRASH,Minor,False
13093,4622,446,766,2025-02-18 12:19:34,LINK_DOWN,Critical,False
13094,4404,5,267,2024-08-02 13:53:38,MEMORY_HIGH,Minor,False
13095,1641,219,355,2024-12-06 10:20:08,CPU_OVERLOAD,Minor,False
13096,1513,395,731,2024-07-31 11:14:47,CPU_OVERLOAD,Info,False
13097,2884,491,744,2025-03-11 12:18:06,LINK_DOWN,Minor,False
13098,3254,265,351,2025-05-13 09:11:32,LINK_DOWN,Critical,False
13099,1610,94,863,2024-08-31 04:01:32,LINK_DOWN,Critical,False
13100,66,397,575,2024-04-04 16:07:58,RBS_OVER_TEMP,Major,True
13101,4749,291,539,2025-11-13 20:32:26,MEMORY_HIGH,Major,False
13102,4273,390,362,2025-10-09 18:11:34,FIBRE_BREAK,Major,False
13103,229,91,985,2025-03-04 07:23:18,POWER_ALARM,Major,False
13104,654,310,640,2025-10-17 18:18:05,POWER_ALARM,Minor,False
13105,3189,474,93,2025-03-02 14:04:53,BATTERY_LOW,Info,False
13106,4833,213,472,2024-03-13 15:21:04,CPU_OVERLOAD,Major,False
13107,988,482,181,2025-04-26 19:20:52,MEMORY_HIGH,Info,True
13108,2286,408,998,2025-11-16 11:00:32,BATTERY_LOW,Critical,False
13109,1310,454,74,2024-01-08 15:28:00,POWER_ALARM,Minor,False
13110,1462,460,430,2024-12-23 17:00:13,MEMORY_HIGH,Info,False
13111,3670,26,543,2024-06-09 14:03:06,BATTERY_LOW,Major,True
13112,2768,302,371,2024-12-01 17:56:08,POWER_ALARM,Minor,False
13113,4159,75,132,2025-11-28 16:17:34,ANTENNA_FAULT,Major,False
13114,3134,125,810,2025-08-23 13:02:50,RBS_OVER_TEMP,Minor,True
13115,1533,8,900,2024-01-24 11:42:59,SIGNAL_DEGRADED,Info,False
13116,1005,149,992,2024-06-17 06:40:53,SIGNAL_DEGRADED,Major,False
13117,3112,378,148,2025-01-02 20:44:04,ANTENNA_FAULT,Major,False
13118,4902,328,404,2024-04-23 10:36:35,TRANSMISSION_ERROR,Major,False
13119,2879,97,648,2025-02-04 05:36:29,BATTERY_LOW,Major,False
13120,1538,436,283,2024-02-26 12:20:51,RBS_OVER_TEMP,Info,False
13121,589,208,402,2024-07-03 12:56:00,MEMORY_HIGH,Major,False
13122,1545,129,638,2024-03-20 09:32:22,CPU_OVERLOAD,Info,False
13123,516,31,532,2025-06-05 16:37:08,MEMORY_HIGH,Minor,False
13124,2215,455,62,2025-05-15 05:34:52,SIGNAL_DEGRADED,Minor,False
13125,554,442,824,2024-01-01 21:05:36,BATTERY_LOW,Info,False
13126,2380,239,187,2024-03-01 14:54:21,MEMORY_HIGH,Critical,False
13127,2075,174,447,2024-01-15 14:39:39,TRANSMISSION_ERROR,Minor,False
13128,2720,76,885,2025-03-01 11:48:38,MEMORY_HIGH,Critical,False
13129,4651,312,487,2024-04-14 16:47:37,BATTERY_LOW,Info,True
13130,3384,484,523,2025-12-21 15:11:29,MEMORY_HIGH,Minor,False
13131,150,190,581,2024-03-18 10:21:39,SYNC_LOSS,Minor,True
13132,2319,94,225,2025-10-05 12:40:00,ANTENNA_FAULT,Major,False
13133,4491,50,267,2025-09-24 22:24:51,SYNC_LOSS,Minor,False
13134,1156,300,545,2024-09-14 15:11:37,SYNC_LOSS,Info,False
13135,1060,74,248,2025-10-09 12:03:34,SYNC_LOSS,Major,False
13136,798,288,594,2024-08-06 12:02:22,SYNC_LOSS,Minor,True
13137,635,250,696,2025-12-24 02:04:15,SIGNAL_DEGRADED,Minor,False
13138,1454,318,157,2025-07-26 10:11:35,LINK_DOWN,Minor,True
13139,1248,257,728,2024-11-12 10:05:10,BATTERY_LOW,Info,False
13140,3348,143,151,2025-05-03 16:05:19,SOFTWARE_CRASH,Info,False
13141,4835,123,37,2024-01-24 07:49:20,LINK_DOWN,Minor,False
13142,2714,131,945,2024-03-12 00:42:50,BATTERY_LOW,Info,False
13143,2757,213,995,2025-08-02 14:09:52,RBS_OVER_TEMP,Critical,True
13144,2920,235,933,2025-05-11 11:44:51,LINK_DOWN,Info,False
13145,1132,389,566,2025-11-09 17:40:53,SOFTWARE_CRASH,Minor,True
13146,3781,450,470,2024-09-10 21:46:09,CPU_OVERLOAD,Critical,True
13147,4212,64,293,2025-09-24 16:19:07,ANTENNA_FAULT,Critical,False
13148,4839,354,696,2024-03-12 04:02:59,FIBRE_BREAK,Critical,False
13149,3351,233,526,2025-09-18 23:42:51,LINK_DOWN,Info,False
13150,3901,23,184,2025-10-19 10:12:14,CPU_OVERLOAD,Minor,False
13151,1258,202,223,2025-04-29 15:12:33,LINK_DOWN,Minor,False
13152,1030,203,141,2024-04-10 15:52:01,RBS_OVER_TEMP,Minor,False
13153,2113,241,337,2025-10-12 22:42:49,FIBRE_BREAK,Info,False
13154,4635,39,699,2024-09-13 04:37:38,MEMORY_HIGH,Info,False
13155,530,302,954,2025-06-18 04:57:52,ANTENNA_FAULT,Minor,True
13156,877,129,507,2025-09-30 09:30:53,POWER_ALARM,Info,False
13157,1308,154,728,2025-04-24 17:46:33,MEMORY_HIGH,Critical,True
13158,704,441,692,2024-06-15 11:13:26,MEMORY_HIGH,Minor,False
13159,934,125,102,2024-06-20 21:24:02,POWER_ALARM,Info,True
13160,1194,119,11,2025-12-28 03:06:04,LINK_DOWN,Info,False
13161,1394,254,234,2024-01-29 11:02:43,RBS_OVER_TEMP,Major,False
13162,3652,430,714,2025-07-09 14:23:31,LINK_DOWN,Info,False
13163,2731,470,138,2025-05-08 20:53:06,POWER_ALARM,Info,False
13164,1078,423,444,2025-12-17 08:54:43,CPU_OVERLOAD,Major,False
13165,1347,332,71,2024-05-21 15:51:35,RBS_OVER_TEMP,Major,True
13166,3888,416,848,2024-06-22 10:21:01,ANTENNA_FAULT,Info,True
13167,2841,232,279,2025-06-18 20:50:04,SYNC_LOSS,Critical,False
13168,2673,13,780,2025-07-01 09:45:55,BATTERY_LOW,Minor,False
13169,1265,4,20,2024-04-27 21:16:20,LINK_DOWN,Minor,False
13170,935,139,136,2025-01-06 09:05:35,SIGNAL_DEGRADED,Major,False
13171,1381,278,967,2025-06-04 17:52:28,ANTENNA_FAULT,Critical,False
13172,2638,490,540,2025-04-04 20:00:49,FIBRE_BREAK,Info,True
13173,2995,422,585,2024-12-31 03:14:48,LINK_DOWN,Minor,True
13174,1397,70,535,2025-06-30 10:52:48,RBS_OVER_TEMP,Info,False
13175,1832,404,429,2025-07-24 20:15:55,SOFTWARE_CRASH,Info,False
13176,505,475,212,2025-10-27 13:02:04,MEMORY_HIGH,Info,True
13177,2703,394,933,2025-01-30 09:02:07,SOFTWARE_CRASH,Major,False
13178,4697,37,847,2025-06-13 09:41:17,CPU_OVERLOAD,Critical,False
13179,4828,223,511,2024-11-20 14:16:54,TRANSMISSION_ERROR,Info,False
13180,2550,465,58,2025-09-27 17:18:56,MEMORY_HIGH,Minor,True
13181,4203,497,327,2025-04-24 09:17:30,FIBRE_BREAK,Minor,False
13182,2093,87,425,2025-01-16 13:53:27,POWER_ALARM,Minor,False
13183,3800,185,312,2025-10-18 00:11:54,SOFTWARE_CRASH,Major,False
13184,2889,282,132,2025-07-05 10:15:08,SIGNAL_DEGRADED,Critical,False
13185,4287,17,172,2024-10-08 04:37:04,POWER_ALARM,Major,False
13186,4623,112,379,2024-04-16 17:38:28,ANTENNA_FAULT,Minor,False
13187,3874,238,930,2024-02-11 09:41:55,SIGNAL_DEGRADED,Minor,False
13188,962,185,441,2025-03-15 02:08:48,ANTENNA_FAULT,Info,False
13189,4848,12,638,2025-09-02 02:04:58,TRANSMISSION_ERROR,Info,True
13190,44,182,319,2025-12-20 13:00:00,RBS_OVER_TEMP,Minor,False
13191,3193,14,587,2025-09-08 10:34:34,RBS_OVER_TEMP,Minor,True
13192,4212,64,293,2025-09-24 16:16:07,SIGNAL_DEGRADED,Major,True
13193,4888,44,953,2024-04-26 02:01:18,SIGNAL_DEGRADED,Minor,False
13194,65,441,197,2024-03-20 16:57:48,SIGNAL_DEGRADED,Major,False
13195,1601,105,803,2025-03-07 05:43:50,SIGNAL_DEGRADED,Critical,True
13196,4740,399,456,2025-07-06 09:16:29,SYNC_LOSS,Minor,False
13197,1307,134,405,2025-03-03 12:20:44,TRANSMISSION_ERROR,Info,False
13198,4667,453,85,2024-01-12 19:25:14,SYNC_LOSS,Info,True
13199,4491,50,267,2025-09-24 21:35:51,ANTENNA_FAULT,Critical,False
13200,2150,132,227,2024-11-25 08:31:21,POWER_ALARM,Minor,False
13201,4365,383,958,2025-04-29 07:52:52,SYNC_LOSS,Info,False
13202,3971,295,343,2024-08-21 16:44:49,SYNC_LOSS,Minor,True
13203,1903,472,834,2025-01-11 18:51:08,RBS_OVER_TEMP,Critical,False
13204,3233,104,29,2025-06-11 08:28:16,CPU_OVERLOAD,Major,True
13205,4726,469,430,2025-05-13 13:17:45,SOFTWARE_CRASH,Critical,True
13206,3993,402,783,2024-05-04 11:06:18,TRANSMISSION_ERROR,Minor,True
13207,3350,168,906,2024-05-30 11:28:14,SIGNAL_DEGRADED,Critical,False
13208,1538,436,283,2024-02-26 12:14:51,SOFTWARE_CRASH,Major,False
13209,1315,498,530,2025-07-26 22:13:16,FIBRE_BREAK,Info,True
13210,1884,471,837,2024-01-08 09:40:49,LINK_DOWN,Info,False
13211,1260,267,151,2024-01-23 21:18:25,SOFTWARE_CRASH,Minor,False
13212,3174,23,110,2024-09-07 13:51:16,POWER_ALARM,Minor,True
13213,4413,240,987,2025-10-15 08:15:31,ANTENNA_FAULT,Minor,True
13214,1244,18,983,2024-09-28 05:52:42,FIBRE_BREAK,Minor,False
13215,4734,492,271,2025-07-28 21:10:21,SOFTWARE_CRASH,Major,False
13216,1620,254,408,2024-02-08 13:49:13,BATTERY_LOW,Minor,False
13217,2824,174,433,2025-10-14 10:23:13,BATTERY_LOW,Major,False
13218,1825,477,987,2024-01-25 05:19:50,LINK_DOWN,Info,False
13219,4686,337,501,2024-05-06 15:46:46,RBS_OVER_TEMP,Minor,False
13220,4245,121,711,2025-12-02 09:16:30,POWER_ALARM,Minor,False
13221,4929,47,334,2025-09-16 05:54:50,POWER_ALARM,Info,False
13222,3784,448,271,2024-11-07 16:42:13,BATTERY_LOW,Minor,True
13223,3651,333,661,2025-09-05 18:21:24,CPU_OVERLOAD,Critical,True
13224,587,26,904,2024-09-07 16:38:47,RBS_OVER_TEMP,Major,False
13225,2843,467,272,2025-10-10 17:17:34,SOFTWARE_CRASH,Major,True
13226,4194,43,268,2024-05-27 12:01:52,MEMORY_HIGH,Minor,False
13227,587,26,904,2024-09-07 16:36:47,CPU_OVERLOAD,Minor,False
13228,4987,499,162,2025-02-05 14:05:02,SYNC_LOSS,Minor,False
13229,4825,329,925,2025-05-25 04:29:50,FIBRE_BREAK,Info,True
13230,585,350,455,2025-08-29 15:06:44,SIGNAL_DEGRADED,Critical,False
13231,720,119,142,2024-08-30 10:09:25,SIGNAL_DEGRADED,Info,False
13232,1286,77,768,2024-02-09 11:50:07,RBS_OVER_TEMP,Major,False
13233,1240,67,125,2024-03-07 08:54:48,RBS_OVER_TEMP,Critical,False
13234,377,146,571,2025-07-23 14:10:32,SIGNAL_DEGRADED,Info,True
13235,3922,73,901,2025-08-03 20:44:23,ANTENNA_FAULT,Critical,False
13236,1113,277,739,2025-08-25 18:46:14,SIGNAL_DEGRADED,Info,False
13237,2229,250,548,2024-03-20 06:22:40,SOFTWARE_CRASH,Critical,False
13238,242,330,665,2024-02-29 19:29:33,MEMORY_HIGH,Minor,True
13239,1150,455,657,2025-09-27 10:32:53,POWER_ALARM,Major,False
13240,1214,235,518,2024-01-12 16:40:02,ANTENNA_FAULT,Info,False
13241,1395,147,85,2024-09-20 11:04:05,RBS_OVER_TEMP,Major,False
13242,2520,398,208,2024-06-20 20:11:56,SYNC_LOSS,Info,True
13243,4491,50,267,2025-09-24 22:13:51,POWER_ALARM,Major,False
13244,4302,94,885,2025-10-07 16:12:11,CPU_OVERLOAD,Critical,False
13245,1153,417,497,2025-01-04 15:37:21,POWER_ALARM,Minor,True
13246,995,302,736,2024-10-12 02:12:37,LINK_DOWN,Minor,False
13247,3446,348,516,2025-02-10 10:44:25,ANTENNA_FAULT,Critical,True
13248,799,263,344,2025-04-08 17:01:31,POWER_ALARM,Critical,True
13249,3178,342,96,2024-03-20 01:37:49,FIBRE_BREAK,Minor,True
13250,222,499,83,2025-09-18 16:04:18,POWER_ALARM,Minor,False
13251,3689,316,614,2024-12-17 21:50:46,SYNC_LOSS,Critical,False
13252,3247,192,328,2024-04-18 13:01:18,FIBRE_BREAK,Major,True
13253,506,350,180,2024-06-18 04:10:52,BATTERY_LOW,Info,True
13254,509,10,724,2024-09-18 16:00:22,BATTERY_LOW,Major,False
13255,4373,300,342,2025-03-05 23:31:51,LINK_DOWN,Minor,True
13256,3318,424,296,2024-03-02 08:26:13,FIBRE_BREAK,Critical,False
13257,149,392,171,2024-10-15 16:47:43,FIBRE_BREAK,Info,False
13258,4831,317,353,2024-12-03 04:22:38,BATTERY_LOW,Minor,False
13259,2036,329,552,2025-08-13 18:12:48,TRANSMISSION_ERROR,Critical,False
13260,4601,479,691,2025-06-27 04:19:25,CPU_OVERLOAD,Critical,False
13261,3863,152,250,2024-03-14 16:23:31,SOFTWARE_CRASH,Info,False
13262,4042,267,549,2025-07-16 07:50:19,LINK_DOWN,Info,False
13263,4162,83,294,2024-09-15 09:46:20,SYNC_LOSS,Minor,True
13264,370,461,360,2024-03-09 19:38:02,CPU_OVERLOAD,Info,False
13265,1947,411,262,2024-01-13 18:20:47,ANTENNA_FAULT,Info,True
13266,2640,16,736,2025-01-30 13:16:10,TRANSMISSION_ERROR,Critical,False
13267,4780,127,289,2025-04-13 18:49:54,CPU_OVERLOAD,Critical,True
13268,393,489,996,2025-05-17 09:47:43,SOFTWARE_CRASH,Critical,True
13269,201,218,857,2025-01-12 10:12:31,LINK_DOWN,Info,False
13270,2068,203,928,2025-08-31 16:52:49,SOFTWARE_CRASH,Major,True
13271,2575,344,981,2024-07-21 02:32:15,BATTERY_LOW,Minor,True
13272,351,270,276,2025-12-24 18:25:50,FIBRE_BREAK,Info,False
13273,374,287,164,2024-08-26 01:10:13,POWER_ALARM,Info,True
13274,2159,59,468,2024-04-07 20:51:55,MEMORY_HIGH,Minor,True
13275,2814,75,612,2025-02-08 17:39:04,MEMORY_HIGH,Minor,False
13276,4482,496,587,2025-04-21 02:50:31,FIBRE_BREAK,Critical,False
13277,2867,70,389,2024-12-15 16:37:47,FIBRE_BREAK,Minor,False
13278,3253,318,959,2025-07-07 08:30:07,SOFTWARE_CRASH,Minor,False
13279,3041,172,311,2025-03-23 01:52:21,RBS_OVER_TEMP,Minor,False
13280,877,129,507,2025-09-30 09:30:53,TRANSMISSION_ERROR,Info,True
13281,1778,445,936,2024-03-31 12:32:04,FIBRE_BREAK,Info,True
13282,1815,124,789,2024-10-29 16:58:49,ANTENNA_FAULT,Minor,False
13283,2657,211,897,2025-04-03 15:42:20,SOFTWARE_CRASH,Critical,False
13284,3839,438,898,2025-10-01 11:13:04,BATTERY_LOW,Info,True
13285,1045,125,135,2025-02-23 22:22:06,SIGNAL_DEGRADED,Minor,False
13286,3777,246,940,2024-10-07 19:24:32,MEMORY_HIGH,Minor,True
13287,443,362,634,2025-01-22 22:22:40,RBS_OVER_TEMP,Info,True
13288,3448,152,703,2025-04-01 02:16:10,LINK_DOWN,Info,True
13289,789,121,174,2024-01-26 10:31:40,POWER_ALARM,Major,True
13290,3489,163,2,2025-02-03 10:02:35,RBS_OVER_TEMP,Minor,False
13291,2763,477,376,2025-07-03 14:56:30,LINK_DOWN,Minor,True
13292,3381,237,279,2024-10-01 18:34:51,MEMORY_HIGH,Info,False
13293,4501,191,245,2024-08-01 00:08:45,SIGNAL_DEGRADED,Minor,True
13294,4517,390,467,2025-05-11 16:06:40,CPU_OVERLOAD,Info,False
13295,588,421,601,2025-08-23 10:31:41,CPU_OVERLOAD,Minor,True
13296,1832,404,429,2025-07-24 20:13:55,TRANSMISSION_ERROR,Minor,False
13297,2915,388,543,2024-04-13 11:00:46,CPU_OVERLOAD,Critical,True
13298,1676,401,921,2025-07-25 13:36:43,FIBRE_BREAK,Critical,False
13299,2295,462,315,2024-03-13 09:10:12,FIBRE_BREAK,Major,False
13300,1678,86,814,2024-01-27 21:10:54,MEMORY_HIGH,Minor,False
13301,1328,427,691,2024-08-29 14:33:50,BATTERY_LOW,Info,False
13302,3682,220,782,2025-09-22 08:15:18,MEMORY_HIGH,Major,False
13303,3378,11,44,2025-12-01 20:38:15,SIGNAL_DEGRADED,Minor,False
13304,2284,258,378,2024-06-10 15:35:01,RBS_OVER_TEMP,Info,False
13305,4958,170,338,2025-08-26 00:01:46,BATTERY_LOW,Minor,False
13306,3024,334,911,2025-04-24 14:01:51,LINK_DOWN,Major,True
13307,4217,464,89,2025-03-23 12:19:21,CPU_OVERLOAD,Minor,True
13308,4098,167,97,2025-03-12 08:39:00,SIGNAL_DEGRADED,Minor,True
13309,4604,43,595,2025-05-20 10:00:17,SIGNAL_DEGRADED,Minor,False
13310,4687,123,754,2025-05-02 07:12:11,SOFTWARE_CRASH,Major,False
13311,2537,242,295,2024-02-25 01:58:08,ANTENNA_FAULT,Minor,True
13312,4455,18,306,2024-12-09 17:23:35,LINK_DOWN,Info,False
13313,2169,5,34,2025-08-22 06:27:14,SYNC_LOSS,Major,False
13314,1145,77,513,2024-05-06 16:58:46,SOFTWARE_CRASH,Info,False
13315,4856,120,455,2024-09-07 13:31:56,TRANSMISSION_ERROR,Minor,True
13316,1387,213,619,2024-03-24 17:45:39,RBS_OVER_TEMP,Info,True
13317,2460,411,352,2024-03-12 15:19:21,MEMORY_HIGH,Major,True
13318,4920,433,944,2025-11-06 02:43:03,LINK_DOWN,Critical,True
13319,4744,279,973,2024-05-07 18:10:12,SYNC_LOSS,Minor,False
13320,3410,310,708,2024-11-05 15:18:38,ANTENNA_FAULT,Info,True
13321,4795,219,63,2025-09-27 08:51:39,POWER_ALARM,Major,False
13322,3701,333,736,2025-01-26 13:29:51,FIBRE_BREAK,Major,False
13323,3669,84,144,2025-08-01 17:11:51,LINK_DOWN,Minor,False
13324,4664,431,475,2025-12-04 11:29:56,TRANSMISSION_ERROR,Critical,True
13325,4751,163,923,2025-09-25 21:13:50,FIBRE_BREAK,Critical,True
13326,19,135,482,2025-02-28 07:57:12,ANTENNA_FAULT,Major,False
13327,2705,125,26,2025-10-14 05:06:03,MEMORY_HIGH,Critical,False
13328,265,169,650,2025-05-11 18:46:17,CPU_OVERLOAD,Minor,False
13329,841,211,144,2024-07-21 08:55:05,ANTENNA_FAULT,Minor,False
13330,4486,222,395,2025-03-10 10:53:05,RBS_OVER_TEMP,Info,False
13331,2808,413,390,2025-06-29 04:12:32,SIGNAL_DEGRADED,Critical,True
13332,3653,119,137,2025-06-12 17:02:05,LINK_DOWN,Info,False
13333,4393,164,243,2024-04-05 15:13:58,RBS_OVER_TEMP,Minor,False
13334,2846,324,128,2025-05-25 19:18:52,FIBRE_BREAK,Major,True
13335,3920,401,382,2024-02-19 16:21:37,ANTENNA_FAULT,Major,True
13336,523,110,353,2024-05-19 10:08:10,FIBRE_BREAK,Minor,True
13337,1363,324,428,2025-06-22 11:28:05,SIGNAL_DEGRADED,Critical,True
13338,3739,65,652,2025-05-09 11:40:16,MEMORY_HIGH,Critical,False
13339,3512,376,245,2025-01-13 02:55:43,POWER_ALARM,Info,False
13340,1733,323,993,2024-09-29 15:54:42,FIBRE_BREAK,Info,False
13341,2505,277,564,2025-12-25 10:58:52,SYNC_LOSS,Info,False
13342,4636,137,629,2025-12-01 15:00:03,TRANSMISSION_ERROR,Minor,True
13343,2014,382,476,2024-10-12 10:22:58,FIBRE_BREAK,Minor,False
13344,2355,35,439,2025-06-23 04:12:48,RBS_OVER_TEMP,Major,True
13345,3638,385,43,2024-12-03 17:24:34,LINK_DOWN,Critical,True
13346,2493,422,618,2024-05-12 17:33:43,BATTERY_LOW,Major,False
13347,2935,125,480,2025-03-25 15:44:12,CPU_OVERLOAD,Minor,True
13348,1974,185,33,2024-09-16 09:22:41,CPU_OVERLOAD,Major,False
13349,1845,22,600,2025-10-29 14:39:51,POWER_ALARM,Critical,True
13350,2750,172,847,2025-06-05 15:29:55,TRANSMISSION_ERROR,Info,True
13351,3803,262,481,2024-10-19 13:53:42,RBS_OVER_TEMP,Major,False
13352,515,27,390,2025-12-13 07:51:21,TRANSMISSION_ERROR,Major,False
13353,1558,453,532,2024-02-18 13:04:59,SYNC_LOSS,Minor,False
13354,4864,281,314,2024-04-06 14:00:57,BATTERY_LOW,Major,False
13355,3383,95,930,2024-12-18 07:58:43,CPU_OVERLOAD,Major,False
13356,4608,23,771,2025-04-07 17:46:09,LINK_DOWN,Major,False
13357,4382,217,838,2025-11-05 22:27:38,TRANSMISSION_ERROR,Minor,True
13358,2746,498,596,2024-11-14 01:43:37,CPU_OVERLOAD,Major,False
13359,1584,376,440,2024-12-13 14:40:50,TRANSMISSION_ERROR,Major,True
13360,2419,227,411,2025-05-04 13:50:47,POWER_ALARM,Info,False
13361,3095,93,470,2024-07-25 08:41:44,TRANSMISSION_ERROR,Major,True
13362,3736,387,193,2025-01-21 11:38:06,FIBRE_BREAK,Critical,True
13363,2555,335,793,2024-08-06 10:20:47,RBS_OVER_TEMP,Minor,True
13364,1415,274,720,2025-05-13 13:41:08,BATTERY_LOW,Minor,False
13365,4914,130,256,2024-12-21 15:50:04,SIGNAL_DEGRADED,Info,True
13366,4321,313,579,2024-05-03 00:33:28,LINK_DOWN,Minor,True
13367,1513,395,731,2024-07-31 11:13:47,SOFTWARE_CRASH,Info,False
13368,166,192,845,2024-11-27 02:51:07,BATTERY_LOW,Major,False
13369,4359,209,285,2024-04-29 16:26:52,LINK_DOWN,Minor,False
13370,2545,79,99,2024-08-04 14:46:34,RBS_OVER_TEMP,Minor,False
13371,3316,257,482,2024-01-13 16:45:59,ANTENNA_FAULT,Major,True
13372,3135,326,715,2024-11-14 14:19:37,SYNC_LOSS,Major,True
13373,1757,378,210,2024-10-22 22:09:27,ANTENNA_FAULT,Minor,False
13374,4706,314,647,2025-09-30 04:38:32,MEMORY_HIGH,Major,True
13375,2313,37,177,2024-04-22 11:39:10,ANTENNA_FAULT,Minor,False
13376,1969,115,266,2024-01-12 13:34:02,SIGNAL_DEGRADED,Info,False
13377,4956,45,845,2024-01-09 07:44:42,SYNC_LOSS,Critical,False
13378,4458,483,813,2024-07-05 04:52:14,ANTENNA_FAULT,Critical,True
13379,301,195,44,2024-02-08 16:47:48,BATTERY_LOW,Info,False
13380,2568,272,579,2025-10-08 17:49:25,BATTERY_LOW,Minor,False
13381,1005,149,992,2024-06-17 06:43:53,SYNC_LOSS,Info,False
13382,4834,9,891,2024-01-12 09:08:16,BATTERY_LOW,Minor,True
13383,3686,237,243,2025-01-09 16:05:38,LINK_DOWN,Critical,False
13384,2873,370,982,2025-02-19 13:00:04,SYNC_LOSS,Info,True
13385,4870,20,480,2025-05-23 23:22:01,SIGNAL_DEGRADED,Minor,False
13386,1904,3,660,2025-12-27 16:43:19,POWER_ALARM,Info,True
13387,893,383,158,2024-01-08 18:06:48,TRANSMISSION_ERROR,Minor,False
13388,2000,148,796,2025-09-28 16:19:58,TRANSMISSION_ERROR,Critical,True
13389,71,351,639,2025-07-07 13:50:30,SIGNAL_DEGRADED,Minor,True
13390,826,382,393,2025-10-04 11:29:46,SIGNAL_DEGRADED,Major,False
13391,29,237,871,2025-12-19 13:43:38,TRANSMISSION_ERROR,Info,False
13392,2378,270,256,2025-08-13 00:37:53,TRANSMISSION_ERROR,Minor,True
13393,1061,403,651,2024-06-09 21:10:36,FIBRE_BREAK,Major,True
13394,1435,57,114,2025-01-02 14:27:23,BATTERY_LOW,Minor,True
13395,1268,9,316,2024-08-02 00:08:28,SOFTWARE_CRASH,Critical,False
13396,2430,483,919,2025-03-03 14:33:10,BATTERY_LOW,Info,True
13397,1039,326,102,2024-04-08 18:14:20,POWER_ALARM,Minor,False
13398,1868,279,377,2024-12-27 13:55:43,LINK_DOWN,Major,True
13399,2465,367,521,2025-08-03 16:59:15,MEMORY_HIGH,Info,False
13400,1592,103,254,2025-06-13 14:36:47,MEMORY_HIGH,Minor,True
13401,3542,174,331,2025-03-01 11:29:16,SOFTWARE_CRASH,Major,False
13402,2463,289,801,2024-12-07 04:23:46,SOFTWARE_CRASH,Info,False
13403,4812,218,74,2024-02-16 15:35:04,RBS_OVER_TEMP,Minor,False
13404,278,471,180,2025-10-22 16:36:49,SIGNAL_DEGRADED,Critical,True
13405,3451,445,631,2025-05-19 20:51:38,ANTENNA_FAULT,Info,False
13406,3601,495,609,2024-01-17 10:12:17,POWER_ALARM,Info,False
13407,200,400,281,2025-02-23 21:43:08,TRANSMISSION_ERROR,Critical,False
13408,1620,254,408,2024-02-08 13:53:13,ANTENNA_FAULT,Minor,False
13409,1265,4,20,2024-04-27 21:13:20,FIBRE_BREAK,Critical,True
13410,2535,389,709,2025-10-12 13:05:15,BATTERY_LOW,Critical,True
13411,3230,294,921,2025-07-20 15:59:28,ANTENNA_FAULT,Major,False
13412,1023,368,994,2025-01-29 15:15:01,SYNC_LOSS,Minor,False
13413,5000,310,228,2025-04-28 15:12:29,CPU_OVERLOAD,Major,False
13414,3652,430,714,2025-07-09 14:28:31,POWER_ALARM,Minor,False
13415,2400,490,141,2025-04-16 14:07:41,FIBRE_BREAK,Major,False
13416,4417,348,21,2025-10-15 09:09:30,LINK_DOWN,Info,False
13417,735,176,921,2025-04-14 11:49:01,RBS_OVER_TEMP,Info,False
13418,1954,500,971,2024-11-20 15:44:10,CPU_OVERLOAD,Critical,True
13419,3639,281,155,2024-12-19 12:42:50,BATTERY_LOW,Minor,False
13420,2613,73,35,2024-03-05 16:50:40,SIGNAL_DEGRADED,Major,False
13421,4102,404,370,2025-07-20 15:58:40,TRANSMISSION_ERROR,Minor,False
13422,2502,261,769,2024-02-01 13:10:34,LINK_DOWN,Critical,True
13423,3545,297,25,2025-08-21 16:09:03,POWER_ALARM,Minor,False
13424,265,169,650,2025-05-11 18:46:17,POWER_ALARM,Minor,False
13425,3109,347,452,2025-09-29 14:25:55,FIBRE_BREAK,Minor,False
13426,3116,337,63,2024-11-28 18:00:39,SYNC_LOSS,Minor,False
13427,850,70,911,2025-02-26 06:24:36,SYNC_LOSS,Info,False
13428,2730,26,971,2024-04-03 10:16:02,SOFTWARE_CRASH,Major,False
13429,4506,223,651,2024-01-14 12:07:23,SIGNAL_DEGRADED,Info,True
13430,2610,476,59,2025-12-16 15:41:38,SIGNAL_DEGRADED,Critical,False
13431,1138,260,930,2024-12-01 14:12:41,CPU_OVERLOAD,Critical,False
13432,836,334,76,2025-01-18 20:41:48,CPU_OVERLOAD,Critical,False
13433,2198,440,161,2024-01-21 21:56:05,BATTERY_LOW,Info,True
13434,1777,312,531,2024-10-24 09:16:34,RBS_OVER_TEMP,Minor,False
13435,288,474,842,2025-06-28 12:58:16,ANTENNA_FAULT,Minor,True
13436,178,163,264,2025-07-30 23:15:00,SOFTWARE_CRASH,Critical,False
13437,2445,109,967,2025-08-24 18:23:30,FIBRE_BREAK,Minor,False
13438,4593,390,737,2025-02-28 17:25:11,TRANSMISSION_ERROR,Critical,False
13439,1365,388,516,2024-03-11 09:39:27,TRANSMISSION_ERROR,Critical,False
13440,129,185,129,2024-05-19 10:09:29,MEMORY_HIGH,Info,False
13441,97,282,623,2025-01-02 16:44:20,LINK_DOWN,Minor,False
13442,1630,380,83,2025-01-30 20:10:22,FIBRE_BREAK,Minor,False
13443,955,17,10,2025-09-22 14:46:46,CPU_OVERLOAD,Info,False
13444,4989,425,541,2025-07-25 09:59:49,POWER_ALARM,Info,False
13445,1359,236,824,2024-12-24 11:28:24,TRANSMISSION_ERROR,Major,True
13446,4189,78,612,2024-03-23 01:42:41,SOFTWARE_CRASH,Major,True
13447,51,143,754,2024-07-04 14:31:23,CPU_OVERLOAD,Info,False
13448,807,19,139,2025-01-03 09:05:57,BATTERY_LOW,Major,False
13449,4217,464,89,2025-03-23 12:25:21,TRANSMISSION_ERROR,Info,False
13450,2641,372,361,2025-12-09 09:39:54,ANTENNA_FAULT,Info,False
13451,2304,461,99,2025-07-07 16:42:02,TRANSMISSION_ERROR,Info,False
13452,3598,161,199,2024-02-18 17:06:30,POWER_ALARM,Minor,True
13453,500,331,965,2024-05-05 16:53:24,TRANSMISSION_ERROR,Major,False
13454,1440,274,974,2025-08-24 00:32:29,SYNC_LOSS,Info,False
13455,1775,247,904,2024-09-22 22:02:04,ANTENNA_FAULT,Critical,False
13456,121,83,61,2024-12-08 23:27:04,POWER_ALARM,Minor,True
13457,2860,102,163,2024-01-14 10:35:57,SOFTWARE_CRASH,Info,False
13458,3620,434,232,2025-08-17 13:51:26,SYNC_LOSS,Major,True
13459,1839,80,561,2024-08-08 08:31:16,POWER_ALARM,Major,False
13460,91,387,690,2024-01-09 15:33:38,CPU_OVERLOAD,Major,False
13461,3452,159,627,2024-04-11 15:05:02,LINK_DOWN,Major,False
13462,3056,272,112,2024-03-14 00:58:39,CPU_OVERLOAD,Critical,False
13463,2416,68,444,2025-11-13 16:15:07,FIBRE_BREAK,Major,False
13464,2329,349,578,2024-11-01 23:28:34,TRANSMISSION_ERROR,Major,True
13465,3504,470,103,2024-07-08 08:46:50,POWER_ALARM,Info,False
13466,2611,287,959,2024-07-24 18:18:50,BATTERY_LOW,Critical,True
13467,3581,276,880,2024-11-23 17:36:01,FIBRE_BREAK,Major,True
13468,2909,266,669,2024-10-21 10:08:32,POWER_ALARM,Major,True
13469,4017,471,265,2024-09-26 18:48:45,LINK_DOWN,Critical,True
13470,698,62,763,2025-02-14 19:42:51,POWER_ALARM,Info,True
13471,3017,181,764,2024-06-18 02:34:55,RBS_OVER_TEMP,Major,False
13472,1474,129,289,2025-05-25 16:24:56,LINK_DOWN,Minor,False
13473,1816,313,390,2025-08-14 11:00:54,TRANSMISSION_ERROR,Critical,True
13474,2817,418,781,2025-06-09 03:46:18,SIGNAL_DEGRADED,Minor,True
13475,3028,322,778,2025-04-08 13:46:17,SIGNAL_DEGRADED,Minor,False
13476,4172,420,121,2025-12-16 08:26:43,SIGNAL_DEGRADED,Info,False
13477,3082,144,990,2025-08-26 18:36:56,ANTENNA_FAULT,Critical,False
13478,4173,469,690,2024-09-02 18:20:21,TRANSMISSION_ERROR,Critical,False
13479,710,335,814,2024-07-16 10:01:14,SIGNAL_DEGRADED,Major,True
13480,2480,330,946,2025-02-28 04:38:22,POWER_ALARM,Minor,False
13481,4162,83,294,2024-09-15 09:46:20,CPU_OVERLOAD,Major,False
13482,4,198,145,2024-12-24 22:48:33,POWER_ALARM,Minor,True
13483,3633,419,468,2024-02-05 02:41:27,RBS_OVER_TEMP,Minor,True
13484,4288,219,848,2024-01-17 16:08:54,POWER_ALARM,Critical,True
13485,3102,119,781,2025-07-19 13:31:59,FIBRE_BREAK,Minor,True
13486,2422,454,880,2025-02-13 19:52:09,MEMORY_HIGH,Minor,False
13487,3680,434,384,2025-07-17 10:36:51,RBS_OVER_TEMP,Minor,False
13488,1792,232,4,2025-11-05 16:34:37,RBS_OVER_TEMP,Minor,False
13489,364,33,282,2024-09-24 13:01:39,SOFTWARE_CRASH,Info,False
13490,1577,450,741,2025-07-24 21:15:48,CPU_OVERLOAD,Minor,False
13491,34,344,925,2024-10-19 10:27:35,SYNC_LOSS,Minor,False
13492,1643,421,472,2025-03-17 15:52:13,LINK_DOWN,Minor,False
13493,1188,354,959,2024-06-23 20:27:28,POWER_ALARM,Minor,False
13494,3809,267,904,2024-12-04 02:53:39,SYNC_LOSS,Minor,False
13495,1,362,380,2025-10-20 13:13:04,POWER_ALARM,Minor,True
13496,1236,231,693,2024-05-29 17:52:01,TRANSMISSION_ERROR,Major,False
13497,3953,242,12,2024-09-17 22:30:41,RBS_OVER_TEMP,Major,False
13498,4492,344,299,2024-06-21 00:25:38,POWER_ALARM,Critical,False
13499,3405,76,396,2025-10-30 10:57:12,POWER_ALARM,Minor,False
13500,762,45,968,2024-06-20 02:19:53,MEMORY_HIGH,Major,False
13501,196,287,165,2025-05-23 18:33:31,FIBRE_BREAK,Major,True
13502,4918,318,474,2024-05-12 16:21:47,BATTERY_LOW,Minor,False
13503,1481,169,510,2024-12-29 09:01:24,CPU_OVERLOAD,Critical,False
13504,2036,329,552,2025-08-13 19:24:48,TRANSMISSION_ERROR,Critical,False
13505,4587,90,883,2025-09-03 12:14:35,POWER_ALARM,Minor,True
13506,3731,279,803,2025-06-16 10:21:01,SOFTWARE_CRASH,Info,False
13507,521,187,770,2025-06-29 03:15:40,ANTENNA_FAULT,Minor,False
13508,2879,97,648,2025-02-04 05:30:29,SOFTWARE_CRASH,Critical,False
13509,3106,334,284,2024-11-11 20:43:23,BATTERY_LOW,Minor,False
13510,3378,11,44,2025-12-01 20:39:15,LINK_DOWN,Info,True
13511,924,203,286,2024-01-17 22:51:49,FIBRE_BREAK,Info,False
13512,4873,481,821,2025-07-28 17:26:20,SOFTWARE_CRASH,Major,False
13513,2286,408,998,2025-11-16 11:21:32,MEMORY_HIGH,Major,False
13514,4974,130,324,2024-07-07 17:54:01,TRANSMISSION_ERROR,Major,True
13515,3376,263,502,2024-03-20 11:40:49,CPU_OVERLOAD,Info,False
13516,3317,321,67,2024-07-13 14:26:09,SIGNAL_DEGRADED,Critical,True
13517,3952,477,676,2024-03-10 16:11:22,BATTERY_LOW,Info,False
13518,1089,124,723,2024-05-11 14:51:56,RBS_OVER_TEMP,Major,True
13519,2798,336,913,2024-05-20 14:22:23,SYNC_LOSS,Info,False
13520,120,20,583,2024-04-06 02:55:26,TRANSMISSION_ERROR,Info,False
13521,3593,322,737,2024-06-08 20:34:48,SIGNAL_DEGRADED,Minor,True
13522,716,332,533,2025-04-22 15:29:57,FIBRE_BREAK,Minor,True
13523,3355,22,652,2025-10-05 19:16:43,BATTERY_LOW,Major,False
13524,386,235,839,2025-07-30 21:00:43,SYNC_LOSS,Info,True
13525,2804,451,273,2024-04-02 10:24:03,FIBRE_BREAK,Info,False
13526,2795,111,773,2025-11-24 16:35:16,POWER_ALARM,Major,False
13527,2315,5,778,2025-03-08 14:51:48,ANTENNA_FAULT,Info,True
13528,3626,406,339,2024-04-18 06:53:32,RBS_OVER_TEMP,Info,True
13529,3976,270,603,2025-05-17 15:22:37,LINK_DOWN,Minor,True
13530,2567,422,360,2024-11-13 09:06:25,CPU_OVERLOAD,Major,False
13531,4957,216,269,2024-02-16 08:51:43,FIBRE_BREAK,Minor,False
13532,829,424,31,2024-02-22 03:04:09,SYNC_LOSS,Critical,True
13533,3904,211,276,2025-01-12 11:40:50,SYNC_LOSS,Critical,True
13534,97,282,623,2025-01-02 16:46:20,CPU_OVERLOAD,Info,True
13535,753,146,226,2025-01-19 03:36:04,LINK_DOWN,Info,False
13536,3792,407,836,2025-04-16 06:24:41,SIGNAL_DEGRADED,Minor,False
13537,968,133,392,2024-12-26 04:43:09,SOFTWARE_CRASH,Info,False
13538,3374,483,659,2024-06-05 08:21:07,RBS_OVER_TEMP,Critical,False
13539,4568,145,149,2024-04-19 22:04:37,POWER_ALARM,Minor,False
13540,1870,397,729,2025-08-07 15:50:15,CPU_OVERLOAD,Info,True
13541,2248,181,462,2024-04-10 07:27:15,RBS_OVER_TEMP,Info,False
13542,544,452,280,2025-12-04 16:05:29,SYNC_LOSS,Major,False
13543,1518,425,242,2024-04-26 14:36:15,SYNC_LOSS,Info,False
13544,79,488,461,2025-05-09 10:28:03,TRANSMISSION_ERROR,Minor,True
13545,4305,472,825,2025-03-16 10:05:40,MEMORY_HIGH,Major,False
13546,487,342,481,2025-02-15 14:43:43,BATTERY_LOW,Info,True
13547,3316,257,482,2024-01-13 16:40:59,TRANSMISSION_ERROR,Minor,False
13548,120,20,583,2024-04-06 02:59:26,ANTENNA_FAULT,Minor,True
13549,2642,57,504,2024-10-13 05:33:41,LINK_DOWN,Minor,False
13550,3040,433,670,2025-11-04 16:34:29,RBS_OVER_TEMP,Major,False
13551,3485,15,682,2025-06-03 10:02:03,CPU_OVERLOAD,Minor,True
13552,4977,192,169,2025-09-16 12:13:53,ANTENNA_FAULT,Minor,True
13553,1698,268,776,2024-01-19 12:14:33,FIBRE_BREAK,Major,False
13554,414,234,114,2025-09-10 17:34:31,SOFTWARE_CRASH,Minor,True
13555,2247,303,476,2025-10-01 13:43:11,BATTERY_LOW,Info,False
13556,818,28,246,2024-03-04 15:47:43,SIGNAL_DEGRADED,Info,False
13557,607,105,426,2025-01-21 02:00:16,SIGNAL_DEGRADED,Minor,True
13558,2309,204,182,2025-11-21 02:46:45,BATTERY_LOW,Info,False
13559,77,370,442,2025-03-04 17:52:55,CPU_OVERLOAD,Minor,False
13560,110,214,484,2024-03-11 17:20:08,BATTERY_LOW,Critical,False
13561,3376,263,502,2024-03-20 11:41:49,FIBRE_BREAK,Info,False
13562,2685,334,594,2025-11-22 13:43:17,MEMORY_HIGH,Info,False
13563,2187,440,975,2024-08-24 05:14:33,POWER_ALARM,Major,False
13564,2246,254,660,2025-04-26 12:08:40,FIBRE_BREAK,Info,True
13565,3713,353,897,2025-11-16 13:53:05,SIGNAL_DEGRADED,Major,True
13566,4379,116,286,2024-04-02 08:11:53,LINK_DOWN,Critical,False
13567,1743,389,574,2024-10-21 13:36:53,ANTENNA_FAULT,Major,True
13568,2730,26,971,2024-04-03 10:14:02,POWER_ALARM,Major,False
13569,329,15,487,2024-03-13 11:00:19,MEMORY_HIGH,Minor,False
13570,3959,233,683,2024-07-20 09:28:05,MEMORY_HIGH,Minor,False
13571,690,183,587,2024-10-15 14:08:14,MEMORY_HIGH,Major,False
13572,739,139,672,2025-10-16 16:08:44,LINK_DOWN,Major,False
13573,3146,455,980,2025-03-27 23:59:37,POWER_ALARM,Critical,False
13574,139,260,647,2024-07-23 09:54:21,LINK_DOWN,Major,False
13575,2679,327,459,2025-09-08 08:17:00,MEMORY_HIGH,Info,False
13576,1991,222,19,2024-12-09 16:56:21,SYNC_LOSS,Info,False
13577,2092,267,748,2024-08-21 07:33:40,SYNC_LOSS,Minor,False
13578,1061,403,651,2024-06-09 22:03:36,FIBRE_BREAK,Info,False
13579,4002,167,652,2024-02-12 11:06:10,RBS_OVER_TEMP,Minor,True
13580,1788,73,759,2025-02-10 14:19:26,FIBRE_BREAK,Info,False
13581,1950,495,887,2024-10-27 09:50:45,POWER_ALARM,Info,False
13582,2487,316,804,2024-04-12 19:57:50,CPU_OVERLOAD,Minor,False
13583,609,497,243,2024-09-22 09:36:25,SYNC_LOSS,Info,False
13584,3590,51,912,2024-12-11 14:02:43,SYNC_LOSS,Major,False
13585,4463,64,347,2025-08-12 14:17:54,CPU_OVERLOAD,Minor,False
13586,1833,410,263,2025-10-19 01:51:46,SIGNAL_DEGRADED,Minor,True
13587,4610,22,254,2024-02-13 16:13:31,RBS_OVER_TEMP,Minor,True
13588,2634,140,538,2024-10-23 11:37:43,RBS_OVER_TEMP,Major,False
13589,2120,274,235,2024-05-15 14:55:50,CPU_OVERLOAD,Info,False
13590,3203,6,843,2024-05-28 18:50:02,SYNC_LOSS,Minor,False
13591,318,171,346,2024-08-23 07:02:47,MEMORY_HIGH,Minor,True
13592,663,30,578,2025-03-21 15:12:21,ANTENNA_FAULT,Info,True
13593,4277,46,161,2025-08-21 14:09:49,LINK_DOWN,Major,False
13594,3338,399,464,2025-10-20 15:36:15,MEMORY_HIGH,Info,True
13595,1213,199,966,2025-08-15 10:50:47,POWER_ALARM,Critical,False
13596,2206,302,196,2024-11-28 11:38:57,LINK_DOWN,Info,False
13597,1585,21,25,2024-11-03 20:58:04,MEMORY_HIGH,Info,False
13598,2606,257,683,2024-02-23 18:20:50,BATTERY_LOW,Info,False
13599,4835,123,37,2024-01-24 07:46:20,LINK_DOWN,Critical,False
13600,3981,170,154,2024-07-08 09:09:07,SOFTWARE_CRASH,Minor,False
13601,4075,56,581,2025-11-25 17:50:48,SIGNAL_DEGRADED,Critical,False
13602,1825,477,987,2024-01-25 05:06:50,SIGNAL_DEGRADED,Info,True
13603,4347,214,703,2024-02-22 11:13:28,RBS_OVER_TEMP,Major,False
13604,4463,64,347,2025-08-12 14:17:54,MEMORY_HIGH,Critical,False
13605,2085,472,261,2024-07-02 04:06:46,RBS_OVER_TEMP,Info,False
13606,1047,62,176,2025-08-24 16:02:04,MEMORY_HIGH,Major,True
13607,2923,63,734,2025-09-02 04:56:12,TRANSMISSION_ERROR,Minor,True
13608,3541,387,136,2025-07-18 14:15:17,MEMORY_HIGH,Minor,True
13609,3891,461,45,2024-08-22 09:14:04,POWER_ALARM,Info,False
13610,25,182,888,2025-08-13 17:13:14,SYNC_LOSS,Major,False
13611,4819,153,666,2025-04-17 20:39:47,POWER_ALARM,Critical,False
13612,66,397,575,2024-04-04 16:07:58,MEMORY_HIGH,Minor,False
13613,3469,496,533,2024-06-06 11:38:00,SYNC_LOSS,Major,False
13614,1057,369,287,2025-09-29 08:47:59,SOFTWARE_CRASH,Info,True
13615,2793,138,435,2025-12-16 17:14:38,RBS_OVER_TEMP,Critical,True
13616,4901,155,414,2024-02-25 18:56:14,SOFTWARE_CRASH,Major,False
13617,1036,428,187,2024-01-29 17:26:35,SIGNAL_DEGRADED,Minor,False
13618,3168,439,892,2025-11-28 13:44:43,TRANSMISSION_ERROR,Info,False
13619,935,139,136,2025-01-06 09:02:35,POWER_ALARM,Minor,True
13620,2161,301,720,2024-04-18 14:14:04,SIGNAL_DEGRADED,Info,False
13621,1272,280,563,2025-11-28 09:21:17,FIBRE_BREAK,Minor,False
13622,1666,229,701,2024-09-13 15:54:25,SOFTWARE_CRASH,Info,True
13623,3258,1,362,2024-01-04 15:24:37,SYNC_LOSS,Info,False
13624,2843,467,272,2025-10-10 17:03:34,SYNC_LOSS,Minor,True
13625,1520,199,248,2024-09-26 13:40:40,SIGNAL_DEGRADED,Info,True
13626,3039,365,566,2024-05-28 14:13:19,ANTENNA_FAULT,Minor,True
13627,314,273,601,2025-12-01 09:59:46,ANTENNA_FAULT,Minor,False
13628,2221,298,260,2024-01-03 14:29:17,SOFTWARE_CRASH,Major,True
13629,2875,203,222,2024-05-18 17:41:47,CPU_OVERLOAD,Minor,False
13630,631,267,865,2025-09-20 00:02:44,SYNC_LOSS,Major,False
13631,4451,30,397,2025-08-20 14:54:55,ANTENNA_FAULT,Critical,False
13632,89,117,17,2024-12-19 00:08:54,ANTENNA_FAULT,Critical,True
13633,3371,29,901,2025-12-04 00:10:48,SIGNAL_DEGRADED,Info,False
13634,2978,440,337,2025-03-07 10:53:55,SOFTWARE_CRASH,Info,False
13635,3436,374,28,2025-06-17 16:07:50,RBS_OVER_TEMP,Info,True
13636,4074,431,477,2024-08-09 16:18:47,SIGNAL_DEGRADED,Critical,False
13637,1131,246,436,2025-07-28 09:48:43,SOFTWARE_CRASH,Info,False
13638,2968,435,947,2024-11-27 10:42:28,SIGNAL_DEGRADED,Critical,False
13639,2929,407,677,2025-08-16 15:42:02,POWER_ALARM,Major,False
13640,1773,440,964,2024-05-09 09:02:18,CPU_OVERLOAD,Minor,False
13641,654,310,640,2025-10-17 18:11:05,CPU_OVERLOAD,Info,False
13642,3365,161,902,2025-02-24 21:16:52,SYNC_LOSS,Info,False
13643,3145,259,929,2025-08-02 20:37:52,SOFTWARE_CRASH,Info,True
13644,3106,334,284,2024-11-11 20:42:23,MEMORY_HIGH,Minor,False
13645,648,76,252,2025-10-25 08:45:14,RBS_OVER_TEMP,Minor,False
13646,2993,484,373,2025-10-04 08:49:44,TRANSMISSION_ERROR,Info,False
13647,2465,367,521,2025-08-03 16:40:15,FIBRE_BREAK,Critical,False
13648,3489,163,2,2025-02-03 09:58:35,SIGNAL_DEGRADED,Minor,False
13649,3906,143,38,2025-04-08 13:41:35,POWER_ALARM,Major,False
13650,1230,393,871,2025-09-22 05:25:19,MEMORY_HIGH,Info,True
13651,3373,98,526,2024-04-10 04:49:44,CPU_OVERLOAD,Minor,False
13652,3501,448,60,2025-08-02 16:17:03,ANTENNA_FAULT,Minor,True
13653,704,441,692,2024-06-15 11:13:26,ANTENNA_FAULT,Info,True
13654,2587,86,312,2025-08-14 09:41:24,FIBRE_BREAK,Minor,False
13655,468,187,344,2024-12-02 16:07:23,POWER_ALARM,Critical,False
13656,753,146,226,2025-01-19 01:45:04,RBS_OVER_TEMP,Major,False
13657,4763,375,730,2025-03-10 00:29:06,MEMORY_HIGH,Major,False
13658,2274,225,803,2025-06-15 14:35:17,RBS_OVER_TEMP,Critical,False
13659,2457,493,750,2024-03-14 09:40:32,ANTENNA_FAULT,Major,False
13660,2416,68,444,2025-11-13 15:05:07,SYNC_LOSS,Major,True
13661,3685,217,318,2025-10-31 15:27:06,CPU_OVERLOAD,Critical,False
13662,4094,350,927,2024-12-20 16:07:18,FIBRE_BREAK,Major,False
13663,2236,291,820,2025-11-05 04:40:16,POWER_ALARM,Major,True
13664,4828,223,511,2024-11-20 14:08:54,RBS_OVER_TEMP,Minor,False
13665,448,205,447,2024-06-24 08:20:50,SYNC_LOSS,Info,False
13666,4750,471,708,2024-01-29 04:54:30,MEMORY_HIGH,Major,False
13667,1936,292,392,2024-05-23 19:58:13,SIGNAL_DEGRADED,Info,False
13668,4333,355,378,2024-07-06 09:53:05,MEMORY_HIGH,Info,False
13669,1942,260,549,2025-05-28 17:56:30,MEMORY_HIGH,Minor,False
13670,4551,107,511,2024-07-29 11:40:13,RBS_OVER_TEMP,Info,False
13671,3537,275,238,2024-07-07 16:42:44,SOFTWARE_CRASH,Info,False
13672,2398,154,1,2024-12-08 17:34:48,SOFTWARE_CRASH,Major,True
13673,1361,173,387,2024-06-02 16:38:22,CPU_OVERLOAD,Minor,True
13674,3954,105,389,2025-04-21 09:17:33,FIBRE_BREAK,Critical,False
13675,2364,214,78,2025-08-22 12:37:55,SYNC_LOSS,Info,False
13676,1798,325,514,2024-05-19 18:52:59,SOFTWARE_CRASH,Minor,False
13677,4733,394,489,2024-05-07 14:27:00,ANTENNA_FAULT,Info,False
13678,2118,352,465,2025-11-11 01:02:15,CPU_OVERLOAD,Major,False
13679,3578,5,479,2025-05-20 17:02:34,SIGNAL_DEGRADED,Info,False
13680,587,26,904,2024-09-07 16:35:47,TRANSMISSION_ERROR,Info,False
13681,1480,46,366,2025-09-07 23:18:02,RBS_OVER_TEMP,Major,False
13682,2248,181,462,2024-04-10 07:25:15,POWER_ALARM,Major,False
13683,1389,56,606,2025-06-05 06:38:27,LINK_DOWN,Major,False
13684,294,260,208,2025-07-11 00:17:43,MEMORY_HIGH,Major,False
13685,70,199,47,2025-05-12 12:12:10,POWER_ALARM,Minor,False
13686,694,155,961,2024-03-25 22:10:47,SIGNAL_DEGRADED,Critical,True
13687,1184,78,199,2024-03-23 17:17:33,POWER_ALARM,Major,False
13688,4887,89,669,2025-11-13 08:51:31,BATTERY_LOW,Critical,False
13689,1763,302,291,2024-12-02 21:27:54,LINK_DOWN,Critical,False
13690,3399,91,63,2025-10-26 16:14:08,SIGNAL_DEGRADED,Minor,False
13691,2706,142,509,2024-02-26 11:03:44,FIBRE_BREAK,Major,False
13692,1807,484,817,2024-03-08 17:18:42,TRANSMISSION_ERROR,Critical,False
13693,2591,270,257,2025-01-27 16:29:12,POWER_ALARM,Critical,True
13694,795,434,945,2024-09-19 12:28:48,FIBRE_BREAK,Minor,True
13695,2226,396,636,2025-07-16 12:47:55,SYNC_LOSS,Info,True
13696,4097,252,195,2025-01-12 12:46:25,LINK_DOWN,Major,False
13697,2498,453,863,2025-05-07 08:11:38,TRANSMISSION_ERROR,Info,False
13698,3153,97,72,2024-04-27 17:48:40,SIGNAL_DEGRADED,Info,True
13699,764,323,197,2024-03-01 21:09:43,RBS_OVER_TEMP,Info,False
13700,2908,369,112,2025-07-19 17:38:32,RBS_OVER_TEMP,Minor,False
13701,120,20,583,2024-04-06 02:57:26,FIBRE_BREAK,Minor,False
13702,3262,294,310,2025-05-22 17:19:59,MEMORY_HIGH,Minor,False
13703,893,383,158,2024-01-08 18:05:48,CPU_OVERLOAD,Critical,True
13704,1152,411,915,2024-11-05 10:25:14,FIBRE_BREAK,Critical,False
13705,375,221,950,2024-03-05 04:47:11,POWER_ALARM,Critical,False
13706,425,390,688,2024-03-04 17:02:22,RBS_OVER_TEMP,Major,False
13707,2700,71,409,2025-03-26 10:38:25,POWER_ALARM,Minor,False
13708,394,159,933,2024-07-06 22:25:36,FIBRE_BREAK,Minor,True
13709,3364,230,842,2025-10-18 18:05:47,MEMORY_HIGH,Minor,False
13710,4589,193,157,2025-08-27 01:59:03,LINK_DOWN,Critical,True
13711,1225,53,227,2024-09-21 14:17:30,CPU_OVERLOAD,Major,False
13712,3449,348,801,2025-01-08 11:22:02,SIGNAL_DEGRADED,Critical,False
13713,262,394,830,2025-04-15 15:22:08,SIGNAL_DEGRADED,Minor,True
13714,2040,412,234,2025-11-02 18:12:51,SYNC_LOSS,Major,False
13715,1095,100,456,2025-06-29 14:33:26,TRANSMISSION_ERROR,Info,False
13716,3866,490,616,2025-04-15 17:01:21,SOFTWARE_CRASH,Info,False
13717,3270,144,353,2025-08-04 15:48:49,ANTENNA_FAULT,Minor,False
13718,4162,83,294,2024-09-15 09:50:20,CPU_OVERLOAD,Info,False
13719,4877,245,573,2024-09-23 15:18:37,POWER_ALARM,Minor,False
13720,4739,8,493,2024-09-14 14:48:08,MEMORY_HIGH,Info,True
13721,1323,443,824,2025-03-06 16:17:05,SOFTWARE_CRASH,Info,False
13722,1831,181,242,2025-03-20 01:18:48,SOFTWARE_CRASH,Minor,False
13723,2204,307,124,2024-12-25 16:31:56,POWER_ALARM,Critical,False
13724,1039,326,102,2024-04-08 18:17:20,TRANSMISSION_ERROR,Minor,False
13725,1454,318,157,2025-07-26 09:55:35,SYNC_LOSS,Minor,False
13726,2773,33,391,2025-11-15 14:19:34,ANTENNA_FAULT,Info,True
13727,2331,76,726,2024-01-09 09:23:22,RBS_OVER_TEMP,Major,False
13728,458,266,81,2024-09-30 12:13:35,SOFTWARE_CRASH,Critical,False
13729,82,460,701,2025-01-07 08:39:39,SIGNAL_DEGRADED,Info,True
13730,2370,306,239,2025-08-26 16:19:49,ANTENNA_FAULT,Major,True
13731,1912,460,547,2024-04-30 17:25:19,ANTENNA_FAULT,Minor,True
13732,1844,472,531,2025-02-04 21:23:42,SOFTWARE_CRASH,Minor,True
13733,4862,123,394,2024-02-06 13:56:21,ANTENNA_FAULT,Major,True
13734,3956,53,263,2025-06-03 13:20:37,RBS_OVER_TEMP,Minor,False
13735,4586,455,166,2025-11-04 01:16:35,TRANSMISSION_ERROR,Major,True
13736,4672,235,304,2024-07-09 08:40:31,SIGNAL_DEGRADED,Info,False
13737,4705,107,218,2024-03-01 23:38:04,RBS_OVER_TEMP,Minor,False
13738,3373,98,526,2024-04-10 04:51:44,FIBRE_BREAK,Minor,False
13739,670,312,443,2025-06-15 10:25:33,TRANSMISSION_ERROR,Minor,True
13740,1679,20,684,2025-12-14 15:51:19,SIGNAL_DEGRADED,Info,False
13741,2979,90,635,2025-10-27 10:51:47,MEMORY_HIGH,Critical,True
13742,484,331,633,2025-11-20 08:29:26,MEMORY_HIGH,Major,False
13743,361,406,137,2025-12-23 04:35:57,TRANSMISSION_ERROR,Major,False
13744,4230,274,264,2024-08-19 15:50:54,MEMORY_HIGH,Major,True
13745,523,110,353,2024-05-19 10:34:10,CPU_OVERLOAD,Critical,False
13746,3233,104,29,2025-06-11 09:02:16,TRANSMISSION_ERROR,Info,False
13747,4644,418,880,2025-02-17 14:09:18,SYNC_LOSS,Major,True
13748,1317,408,385,2024-10-24 08:10:13,CPU_OVERLOAD,Info,True
13749,2433,67,701,2025-07-26 11:55:19,ANTENNA_FAULT,Info,False
13750,290,194,432,2024-05-23 12:20:15,ANTENNA_FAULT,Minor,False
13751,1905,411,828,2025-11-14 11:59:10,RBS_OVER_TEMP,Major,False
13752,181,417,988,2024-10-30 00:51:55,LINK_DOWN,Major,False
13753,1085,318,168,2025-03-31 13:31:18,POWER_ALARM,Major,False
13754,2805,28,404,2025-11-08 06:52:42,FIBRE_BREAK,Info,False
13755,2586,398,988,2024-08-11 14:17:56,SIGNAL_DEGRADED,Major,True
13756,3247,192,328,2024-04-18 13:06:18,ANTENNA_FAULT,Minor,False
13757,2742,488,350,2024-11-28 02:43:37,FIBRE_BREAK,Minor,False
13758,4972,165,895,2025-12-02 00:50:06,ANTENNA_FAULT,Minor,False
13759,1703,491,358,2025-01-16 17:59:25,SYNC_LOSS,Major,True
13760,3617,196,635,2025-12-08 13:24:09,SIGNAL_DEGRADED,Minor,True
13761,2371,493,800,2025-11-26 10:45:02,MEMORY_HIGH,Major,True
13762,2353,271,393,2025-01-27 16:27:19,BATTERY_LOW,Minor,False
13763,1421,500,687,2025-11-02 15:12:40,SIGNAL_DEGRADED,Minor,True
13764,3349,18,269,2025-07-10 16:21:08,ANTENNA_FAULT,Major,False
13765,4830,285,562,2025-12-11 16:55:37,MEMORY_HIGH,Minor,True
13766,827,212,495,2024-12-22 08:58:24,SIGNAL_DEGRADED,Major,False
13767,2935,125,480,2025-03-25 15:44:12,RBS_OVER_TEMP,Major,False
13768,1687,198,226,2025-10-04 19:41:20,TRANSMISSION_ERROR,Major,False
13769,789,121,174,2024-01-26 10:28:40,CPU_OVERLOAD,Info,False
13770,3636,482,717,2025-02-10 09:00:45,MEMORY_HIGH,Minor,False
13771,856,432,546,2025-08-16 08:26:24,TRANSMISSION_ERROR,Major,False
13772,4571,100,694,2024-12-31 13:54:11,MEMORY_HIGH,Major,False
13773,4900,40,925,2024-02-27 08:31:34,FIBRE_BREAK,Major,True
13774,4888,44,953,2024-04-26 02:01:18,SIGNAL_DEGRADED,Info,True
13775,2470,153,365,2024-01-12 12:36:52,BATTERY_LOW,Minor,False
13776,1462,460,430,2024-12-23 17:00:13,SOFTWARE_CRASH,Minor,False
13777,3027,182,89,2024-02-28 10:16:30,MEMORY_HIGH,Major,False
13778,2716,357,340,2024-12-07 10:11:31,ANTENNA_FAULT,Minor,True
13779,4604,43,595,2025-05-20 10:03:17,RBS_OVER_TEMP,Info,True
13780,1409,92,46,2025-05-30 10:37:00,BATTERY_LOW,Critical,True
13781,2328,464,885,2024-09-20 15:42:59,SOFTWARE_CRASH,Minor,True
13782,1679,20,684,2025-12-14 15:44:19,TRANSMISSION_ERROR,Minor,True
13783,339,447,227,2024-11-23 07:55:59,ANTENNA_FAULT,Major,False
13784,716,332,533,2025-04-22 15:23:57,ANTENNA_FAULT,Info,False
13785,659,300,587,2025-03-03 17:21:18,LINK_DOWN,Minor,False
13786,16,212,143,2024-12-24 14:46:35,SYNC_LOSS,Major,True
13787,136,86,365,2024-06-13 03:18:25,POWER_ALARM,Minor,False
13788,381,92,347,2024-09-08 11:27:44,TRANSMISSION_ERROR,Minor,False
13789,2041,461,801,2025-07-27 14:38:44,BATTERY_LOW,Minor,False
13790,4149,51,42,2025-04-02 16:42:07,MEMORY_HIGH,Minor,False
13791,1923,273,421,2025-05-11 11:39:04,SIGNAL_DEGRADED,Minor,False
13792,4312,95,828,2024-11-25 21:01:21,POWER_ALARM,Critical,False
13793,1953,183,83,2024-03-18 12:35:55,ANTENNA_FAULT,Minor,False
13794,3675,219,139,2025-04-16 10:24:19,MEMORY_HIGH,Minor,False
13795,4456,115,569,2024-07-26 15:12:01,RBS_OVER_TEMP,Info,False
13796,1880,349,841,2024-01-26 23:45:00,CPU_OVERLOAD,Minor,False
13797,4715,80,323,2025-06-10 15:30:26,BATTERY_LOW,Minor,False
13798,3522,91,456,2025-12-11 20:12:15,SOFTWARE_CRASH,Major,False
13799,3429,487,412,2024-08-12 15:04:55,SIGNAL_DEGRADED,Critical,True
13800,140,162,983,2025-02-14 13:32:24,FIBRE_BREAK,Critical,False
13801,4095,167,939,2024-04-22 18:03:00,TRANSMISSION_ERROR,Minor,False
13802,1586,192,521,2024-06-05 10:16:10,CPU_OVERLOAD,Minor,False
13803,2443,389,686,2024-09-16 12:58:36,SYNC_LOSS,Info,False
13804,1859,492,20,2024-08-14 14:21:03,TRANSMISSION_ERROR,Critical,True
13805,1365,388,516,2024-03-11 09:49:27,SIGNAL_DEGRADED,Minor,False
13806,2718,276,246,2025-08-26 17:28:30,SIGNAL_DEGRADED,Major,True
13807,3641,241,773,2024-08-15 13:11:51,CPU_OVERLOAD,Minor,False
13808,4536,407,272,2025-05-06 07:21:31,SIGNAL_DEGRADED,Critical,False
13809,3713,353,897,2025-11-16 14:07:05,FIBRE_BREAK,Minor,False
13810,716,332,533,2025-04-22 15:21:57,RBS_OVER_TEMP,Minor,True
13811,4273,390,362,2025-10-09 18:14:34,CPU_OVERLOAD,Minor,False
13812,854,423,929,2025-03-20 00:41:01,SOFTWARE_CRASH,Minor,False
13813,2611,287,959,2024-07-24 17:56:50,MEMORY_HIGH,Critical,True
13814,3405,76,396,2025-10-30 10:58:12,FIBRE_BREAK,Minor,False
13815,2757,213,995,2025-08-02 14:07:52,SOFTWARE_CRASH,Major,True
13816,1143,17,971,2025-02-19 23:57:54,BATTERY_LOW,Major,True
13817,3879,95,707,2024-03-14 08:47:40,POWER_ALARM,Minor,False
13818,2607,498,134,2024-09-03 07:26:34,BATTERY_LOW,Critical,True
13819,3317,321,67,2024-07-13 14:22:09,ANTENNA_FAULT,Major,True
13820,1450,292,578,2025-08-31 07:09:42,CPU_OVERLOAD,Minor,True
13821,2389,497,668,2025-04-24 20:13:04,RBS_OVER_TEMP,Info,False
13822,1717,113,692,2025-12-25 16:14:06,POWER_ALARM,Critical,False
13823,2728,24,838,2025-07-28 18:43:15,ANTENNA_FAULT,Critical,False
13824,1014,256,428,2025-02-23 13:27:33,LINK_DOWN,Minor,False
13825,162,38,813,2025-06-19 12:59:31,ANTENNA_FAULT,Minor,False
13826,1504,214,952,2024-04-11 12:54:24,ANTENNA_FAULT,Info,False
13827,4200,463,979,2024-05-14 19:25:16,LINK_DOWN,Minor,False
13828,3570,307,276,2025-08-18 16:01:04,RBS_OVER_TEMP,Major,True
13829,2993,484,373,2025-10-04 08:49:44,FIBRE_BREAK,Minor,False
13830,3025,487,50,2025-11-22 00:28:24,POWER_ALARM,Major,True
13831,3525,60,647,2025-10-13 23:42:41,RBS_OVER_TEMP,Info,False
13832,957,336,751,2025-07-24 12:41:50,FIBRE_BREAK,Critical,False
13833,320,358,535,2024-11-01 17:05:40,FIBRE_BREAK,Info,False
13834,3914,175,805,2024-02-16 17:11:25,POWER_ALARM,Info,False
13835,3932,170,842,2025-11-24 00:57:05,TRANSMISSION_ERROR,Critical,True
13836,2108,461,713,2026-01-01 18:05:00,SOFTWARE_CRASH,Major,False
13837,4400,405,345,2024-04-10 20:52:55,LINK_DOWN,Info,False
13838,2834,16,43,2024-09-16 22:07:52,LINK_DOWN,Major,False
13839,3935,215,735,2025-09-19 09:05:52,RBS_OVER_TEMP,Critical,True
13840,2873,370,982,2025-02-19 13:08:04,SIGNAL_DEGRADED,Major,False
13841,614,95,15,2024-05-19 05:27:20,RBS_OVER_TEMP,Minor,False
13842,647,448,355,2024-05-18 05:44:52,CPU_OVERLOAD,Minor,True
13843,4245,121,711,2025-12-02 09:20:30,FIBRE_BREAK,Critical,False
13844,27,202,530,2025-05-08 07:54:51,LINK_DOWN,Minor,False
13845,121,83,61,2024-12-08 23:32:04,POWER_ALARM,Minor,True
13846,1133,225,32,2025-06-18 16:53:01,BATTERY_LOW,Minor,False
13847,642,229,540,2025-11-06 18:03:34,MEMORY_HIGH,Critical,False
13848,3536,476,273,2025-05-28 13:58:55,BATTERY_LOW,Minor,False
13849,4351,175,788,2024-07-16 22:53:38,SIGNAL_DEGRADED,Critical,True
13850,3029,233,455,2025-06-24 13:42:56,SIGNAL_DEGRADED,Minor,True
13851,3931,376,323,2025-01-04 10:56:21,FIBRE_BREAK,Info,False
13852,455,331,102,2024-06-15 19:09:21,SYNC_LOSS,Major,False
13853,3708,238,181,2025-09-25 14:48:44,SOFTWARE_CRASH,Minor,False
13854,1090,8,767,2024-07-31 22:19:13,TRANSMISSION_ERROR,Minor,True
13855,1737,451,896,2025-06-07 22:20:41,RBS_OVER_TEMP,Minor,False
13856,4814,184,629,2024-01-01 14:55:21,RBS_OVER_TEMP,Major,False
13857,2096,199,57,2025-10-02 14:12:43,CPU_OVERLOAD,Info,False
13858,2783,123,596,2025-12-06 12:33:11,SYNC_LOSS,Major,False
13859,4518,474,320,2024-12-12 09:16:24,FIBRE_BREAK,Info,False
13860,2893,86,920,2025-02-19 14:08:00,SYNC_LOSS,Info,False
13861,4938,87,937,2025-02-17 15:30:30,SOFTWARE_CRASH,Critical,False
13862,86,89,177,2025-04-15 17:16:26,BATTERY_LOW,Minor,False
13863,33,436,945,2024-03-28 17:13:31,ANTENNA_FAULT,Minor,True
13864,151,28,223,2025-04-09 18:51:32,RBS_OVER_TEMP,Minor,False
13865,3739,65,652,2025-05-09 13:48:16,LINK_DOWN,Minor,True
13866,4479,420,766,2025-10-08 10:17:46,LINK_DOWN,Major,False
13867,3073,399,223,2024-02-16 04:44:11,LINK_DOWN,Minor,False
13868,173,421,945,2025-05-10 02:32:19,TRANSMISSION_ERROR,Minor,False
13869,2770,427,366,2025-04-02 11:59:14,TRANSMISSION_ERROR,Minor,False
13870,4211,36,466,2024-10-17 20:20:44,SOFTWARE_CRASH,Major,True
13871,2710,427,34,2025-01-27 14:24:05,POWER_ALARM,Minor,False
13872,3971,295,343,2024-08-21 16:47:49,ANTENNA_FAULT,Critical,False
13873,290,194,432,2024-05-23 12:29:15,FIBRE_BREAK,Major,False
13874,3315,199,39,2024-12-19 15:07:02,ANTENNA_FAULT,Minor,False
13875,2956,431,409,2025-03-07 12:12:47,BATTERY_LOW,Info,False
13876,99,225,642,2025-05-12 14:36:44,TRANSMISSION_ERROR,Major,False
13877,3525,60,647,2025-10-13 23:42:41,MEMORY_HIGH,Minor,False
13878,4659,441,102,2024-03-02 08:39:47,RBS_OVER_TEMP,Info,True
13879,2275,369,268,2025-11-08 14:21:11,FIBRE_BREAK,Minor,False
13880,4837,358,141,2024-04-27 14:38:23,FIBRE_BREAK,Minor,False
13881,3079,290,875,2025-06-03 00:40:37,MEMORY_HIGH,Info,False
13882,3035,260,616,2025-09-19 08:14:21,FIBRE_BREAK,Major,False
13883,1198,333,759,2024-06-25 13:26:22,FIBRE_BREAK,Info,False
13884,4297,207,372,2024-11-17 00:26:24,ANTENNA_FAULT,Info,True
13885,324,212,194,2024-01-15 09:51:26,POWER_ALARM,Critical,False
13886,302,279,45,2024-08-30 15:10:37,SOFTWARE_CRASH,Info,False
13887,2457,493,750,2024-03-14 09:41:32,MEMORY_HIGH,Critical,False
13888,2432,229,815,2025-03-11 20:53:34,SIGNAL_DEGRADED,Major,False
13889,2276,320,173,2025-07-25 12:16:03,POWER_ALARM,Major,True
13890,3873,412,685,2025-08-27 09:13:55,SYNC_LOSS,Info,True
13891,2982,264,366,2025-09-17 04:30:49,BATTERY_LOW,Info,False
13892,2217,18,23,2025-01-24 15:20:20,TRANSMISSION_ERROR,Minor,False
13893,3119,432,267,2024-10-31 14:05:43,SOFTWARE_CRASH,Info,False
13894,601,171,628,2025-04-16 09:42:03,SYNC_LOSS,Minor,True
13895,532,132,569,2025-12-04 16:34:47,FIBRE_BREAK,Info,False
13896,130,484,37,2024-04-03 01:13:23,TRANSMISSION_ERROR,Minor,False
13897,1580,8,715,2025-07-10 05:19:09,LINK_DOWN,Major,True
13898,1937,339,105,2024-06-05 10:53:25,ANTENNA_FAULT,Minor,False
13899,2294,439,167,2024-09-01 06:58:59,CPU_OVERLOAD,Critical,False
13900,1409,92,46,2025-05-30 10:40:00,BATTERY_LOW,Major,False
13901,562,492,37,2024-12-26 18:01:51,MEMORY_HIGH,Major,False
13902,2781,462,856,2025-04-19 22:10:56,SYNC_LOSS,Major,False
13903,4924,441,495,2025-03-01 15:59:35,SYNC_LOSS,Info,False
13904,2752,205,57,2024-08-02 05:20:25,BATTERY_LOW,Major,False
13905,2818,249,194,2024-08-17 11:20:29,SIGNAL_DEGRADED,Major,False
13906,2072,132,25,2024-09-05 16:08:06,RBS_OVER_TEMP,Info,False
13907,4472,395,151,2024-01-20 17:46:48,RBS_OVER_TEMP,Major,False
13908,4049,374,538,2024-02-23 12:13:10,RBS_OVER_TEMP,Info,True
13909,3275,483,847,2024-12-20 10:55:08,LINK_DOWN,Major,False
13910,2276,320,173,2025-07-25 12:25:03,SYNC_LOSS,Info,True
13911,1006,129,474,2025-05-08 12:42:46,RBS_OVER_TEMP,Info,False
13912,3039,365,566,2024-05-28 14:30:19,SOFTWARE_CRASH,Info,False
13913,1144,286,352,2024-11-14 15:16:26,FIBRE_BREAK,Info,False
13914,4898,186,27,2024-10-09 14:39:55,MEMORY_HIGH,Critical,False
13915,3480,399,732,2024-08-04 01:30:44,RBS_OVER_TEMP,Info,False
13916,1096,158,51,2024-03-12 16:20:31,SYNC_LOSS,Minor,False
13917,4027,464,567,2025-02-11 05:38:35,ANTENNA_FAULT,Minor,True
13918,1113,277,739,2025-08-25 18:46:14,BATTERY_LOW,Info,False
13919,2203,180,366,2024-06-22 04:06:01,POWER_ALARM,Info,False
13920,4062,439,269,2025-03-23 15:13:58,LINK_DOWN,Major,True
13921,2201,106,920,2025-09-12 06:12:31,CPU_OVERLOAD,Minor,False
13922,3881,272,656,2024-11-15 22:36:52,ANTENNA_FAULT,Info,True
13923,4380,494,437,2025-09-15 01:28:41,ANTENNA_FAULT,Major,False
13924,866,220,854,2024-10-11 16:28:05,LINK_DOWN,Major,False
13925,1397,70,535,2025-06-30 10:45:48,BATTERY_LOW,Critical,True
13926,3930,95,29,2024-06-12 16:29:00,SOFTWARE_CRASH,Minor,False
13927,4786,124,622,2025-12-10 16:35:55,MEMORY_HIGH,Major,False
13928,2157,101,766,2024-11-13 12:40:02,SOFTWARE_CRASH,Critical,True
13929,4633,242,378,2025-02-11 19:09:54,SYNC_LOSS,Minor,False
13930,4983,435,76,2025-07-04 11:16:18,CPU_OVERLOAD,Info,False
13931,4163,215,73,2025-12-17 17:32:36,SOFTWARE_CRASH,Info,False
13932,2317,297,527,2024-12-20 08:34:47,MEMORY_HIGH,Info,True
13933,3684,222,954,2024-10-19 16:43:42,TRANSMISSION_ERROR,Minor,False
13934,4385,254,257,2024-07-17 12:49:39,SYNC_LOSS,Minor,False
13935,3089,468,777,2025-10-19 10:39:06,MEMORY_HIGH,Minor,False
13936,16,212,143,2024-12-24 14:50:35,CPU_OVERLOAD,Minor,False
13937,4253,382,527,2024-08-11 11:10:56,CPU_OVERLOAD,Info,False
13938,1328,427,691,2024-08-29 14:50:50,SYNC_LOSS,Major,False
13939,1340,43,121,2024-06-20 13:42:23,TRANSMISSION_ERROR,Critical,False
13940,3601,495,609,2024-01-17 10:13:17,SOFTWARE_CRASH,Info,True
13941,2050,117,365,2025-02-28 22:33:08,FIBRE_BREAK,Critical,False
13942,4242,185,570,2025-04-10 00:44:15,SIGNAL_DEGRADED,Info,False
13943,1841,494,304,2024-06-18 12:10:16,POWER_ALARM,Info,False
13944,3275,483,847,2024-12-20 11:04:08,SYNC_LOSS,Critical,True
13945,4377,201,411,2024-01-20 13:45:21,ANTENNA_FAULT,Minor,False
13946,1010,249,986,2024-08-21 14:13:27,BATTERY_LOW,Info,False
13947,2217,18,23,2025-01-24 15:31:20,SYNC_LOSS,Major,True
13948,451,36,556,2025-01-21 08:54:49,CPU_OVERLOAD,Major,False
13949,2808,413,390,2025-06-29 03:47:32,SOFTWARE_CRASH,Critical,True
13950,1895,360,216,2024-12-10 14:27:52,SIGNAL_DEGRADED,Minor,True
13951,433,421,126,2024-06-19 14:18:33,POWER_ALARM,Info,False
13952,3038,178,242,2025-07-02 07:38:43,POWER_ALARM,Info,False
13953,4875,38,622,2025-10-24 21:49:51,BATTERY_LOW,Major,False
13954,143,52,529,2024-10-24 12:52:43,ANTENNA_FAULT,Major,True
13955,2969,27,868,2024-07-19 11:15:05,MEMORY_HIGH,Critical,False
13956,3516,223,170,2025-10-26 15:07:19,LINK_DOWN,Major,True
13957,848,300,293,2024-09-15 08:40:49,POWER_ALARM,Major,False
13958,1966,213,710,2024-12-08 19:12:28,SYNC_LOSS,Minor,False
13959,245,73,609,2025-05-26 15:24:41,CPU_OVERLOAD,Minor,False
13960,1997,222,873,2024-01-22 21:29:04,SOFTWARE_CRASH,Minor,True
13961,3061,356,102,2024-07-30 08:28:45,FIBRE_BREAK,Critical,False
13962,771,112,108,2024-10-25 16:45:38,CPU_OVERLOAD,Critical,True
13963,2647,151,408,2025-10-30 08:34:51,ANTENNA_FAULT,Minor,False
13964,3690,219,286,2025-03-26 01:10:32,LINK_DOWN,Major,False
13965,3543,31,521,2025-11-23 00:23:11,LINK_DOWN,Info,True
13966,111,221,538,2025-12-11 09:08:21,MEMORY_HIGH,Critical,False
13967,1067,103,351,2025-08-10 20:11:20,ANTENNA_FAULT,Major,True
13968,751,109,983,2024-03-01 00:29:33,BATTERY_LOW,Major,True
13969,4000,471,334,2025-05-20 15:39:41,TRANSMISSION_ERROR,Major,False
13970,1594,370,918,2025-11-03 13:17:06,SIGNAL_DEGRADED,Info,False
13971,3483,274,23,2024-03-28 11:36:52,POWER_ALARM,Critical,False
13972,1529,432,179,2024-04-11 15:54:47,BATTERY_LOW,Minor,False
13973,1636,102,914,2025-06-03 17:46:35,SIGNAL_DEGRADED,Critical,True
13974,4440,7,919,2025-10-14 15:54:32,SIGNAL_DEGRADED,Critical,False
13975,780,159,102,2025-08-11 07:53:45,FIBRE_BREAK,Major,False
13976,4670,108,599,2024-01-14 03:02:51,SIGNAL_DEGRADED,Info,False
13977,1043,226,697,2025-08-31 01:11:02,FIBRE_BREAK,Minor,False
13978,4613,244,24,2025-04-26 18:24:36,MEMORY_HIGH,Critical,False
13979,1720,268,889,2024-12-08 10:25:48,FIBRE_BREAK,Minor,False
13980,3152,37,941,2024-02-16 14:43:06,LINK_DOWN,Major,False
13981,4639,53,156,2024-11-20 09:12:42,FIBRE_BREAK,Minor,True
13982,2170,254,335,2024-02-14 13:23:53,POWER_ALARM,Minor,False
13983,1695,13,755,2025-12-25 09:39:08,SOFTWARE_CRASH,Info,True
13984,4838,207,24,2025-10-30 09:04:17,POWER_ALARM,Info,False
13985,754,385,331,2025-05-23 12:48:25,TRANSMISSION_ERROR,Major,True
13986,2685,334,594,2025-11-22 13:41:17,LINK_DOWN,Info,True
13987,3870,73,464,2025-09-01 06:58:01,FIBRE_BREAK,Info,False
13988,568,489,983,2025-01-12 13:39:47,POWER_ALARM,Info,False
13989,4478,41,800,2025-08-29 15:03:42,SOFTWARE_CRASH,Minor,True
13990,3888,416,848,2024-06-22 10:15:01,FIBRE_BREAK,Info,False
13991,2886,310,439,2025-10-03 12:51:59,CPU_OVERLOAD,Info,False
13992,2081,178,216,2025-10-31 20:19:12,ANTENNA_FAULT,Critical,False
13993,354,341,76,2024-11-28 10:09:27,SOFTWARE_CRASH,Major,True
13994,2839,101,524,2025-08-01 15:38:17,SYNC_LOSS,Major,True
13995,2362,369,407,2024-09-23 11:57:53,BATTERY_LOW,Minor,True
13996,2015,1,369,2025-11-04 16:51:24,SIGNAL_DEGRADED,Minor,False
13997,4148,153,666,2025-01-08 08:14:12,BATTERY_LOW,Critical,False
13998,1410,43,179,2024-03-04 14:11:39,BATTERY_LOW,Info,False
13999,3442,70,256,2024-11-27 04:14:39,ANTENNA_FAULT,Critical,False
14000,1044,498,697,2024-02-22 11:37:07,BATTERY_LOW,Info,False
14001,4192,184,48,2025-10-09 07:43:44,LINK_DOWN,Info,True
14002,750,376,64,2025-11-06 19:01:31,SIGNAL_DEGRADED,Major,False
14003,1958,280,689,2024-01-10 10:42:33,BATTERY_LOW,Info,False
14004,1122,456,13,2025-06-06 06:58:56,POWER_ALARM,Critical,False
14005,2694,133,310,2024-04-21 16:35:48,SIGNAL_DEGRADED,Critical,True
14006,2942,472,77,2025-12-28 01:21:43,LINK_DOWN,Major,False
14007,3061,356,102,2024-07-30 08:32:45,SYNC_LOSS,Minor,True
14008,2076,60,334,2024-11-23 08:52:19,MEMORY_HIGH,Minor,False
14009,4357,15,506,2024-06-28 09:04:06,ANTENNA_FAULT,Info,False
14010,4001,485,38,2024-11-10 10:09:43,TRANSMISSION_ERROR,Info,True
14011,1095,100,456,2025-06-29 14:34:26,POWER_ALARM,Major,False
14012,2378,270,256,2025-08-12 23:34:53,SOFTWARE_CRASH,Major,False
14013,32,19,161,2025-05-19 16:32:49,TRANSMISSION_ERROR,Critical,False
14014,3472,491,819,2024-06-14 17:34:44,CPU_OVERLOAD,Major,True
14015,3217,313,210,2024-11-27 01:25:19,SIGNAL_DEGRADED,Info,False
14016,3590,51,912,2024-12-11 14:16:43,LINK_DOWN,Critical,False
14017,4751,163,923,2025-09-25 21:51:50,POWER_ALARM,Info,False
14018,765,477,314,2024-05-21 15:02:32,CPU_OVERLOAD,Info,False
14019,874,308,635,2025-05-24 12:51:33,ANTENNA_FAULT,Info,False
14020,322,379,585,2024-04-06 10:18:28,SYNC_LOSS,Info,True
14021,1420,151,900,2025-12-10 21:16:41,MEMORY_HIGH,Minor,False
14022,1109,196,863,2025-04-08 17:46:12,ANTENNA_FAULT,Minor,True
14023,1598,39,75,2025-06-26 11:07:38,SIGNAL_DEGRADED,Info,True
14024,1271,495,62,2025-12-12 19:07:05,SYNC_LOSS,Critical,False
14025,1425,309,890,2025-02-04 14:51:25,FIBRE_BREAK,Major,True
14026,4360,241,11,2025-01-25 17:45:02,LINK_DOWN,Major,False
14027,4069,263,331,2024-07-15 23:21:01,BATTERY_LOW,Critical,False
14028,2133,452,529,2025-08-09 15:01:25,TRANSMISSION_ERROR,Info,True
14029,4825,329,925,2025-05-25 03:54:50,MEMORY_HIGH,Minor,False
14030,3450,355,591,2024-07-05 17:22:25,RBS_OVER_TEMP,Minor,True
14031,712,92,158,2025-01-28 18:14:01,BATTERY_LOW,Info,False
14032,132,369,644,2024-12-16 15:30:22,RBS_OVER_TEMP,Info,True
14033,2100,258,456,2024-04-15 17:27:40,SOFTWARE_CRASH,Info,False
14034,1160,447,221,2024-10-01 11:40:09,RBS_OVER_TEMP,Info,False
14035,2981,34,485,2025-04-28 13:30:20,ANTENNA_FAULT,Info,False
14036,2549,444,524,2025-04-22 17:19:29,MEMORY_HIGH,Minor,True
14037,345,125,198,2024-11-29 14:44:47,BATTERY_LOW,Minor,False
14038,1505,187,962,2025-11-23 05:00:45,BATTERY_LOW,Major,True
14039,3388,111,108,2024-01-15 11:57:57,LINK_DOWN,Critical,True
14040,135,115,663,2025-06-06 09:50:01,ANTENNA_FAULT,Info,False
14041,480,419,882,2024-04-25 17:24:26,POWER_ALARM,Critical,True
14042,1923,273,421,2025-05-11 11:33:04,SIGNAL_DEGRADED,Major,False
14043,1664,266,150,2025-01-01 23:49:24,ANTENNA_FAULT,Minor,True
14044,1385,206,140,2024-08-01 08:25:51,SYNC_LOSS,Minor,False
14045,2155,496,426,2024-03-25 02:10:27,TRANSMISSION_ERROR,Info,True
14046,1307,134,405,2025-03-03 12:23:44,BATTERY_LOW,Critical,False
14047,2191,232,946,2024-01-29 23:01:25,FIBRE_BREAK,Critical,True
14048,3440,71,968,2024-11-25 16:54:14,CPU_OVERLOAD,Minor,False
14049,1949,309,787,2024-07-24 00:20:38,TRANSMISSION_ERROR,Major,False
14050,1946,190,458,2025-06-22 13:35:50,MEMORY_HIGH,Major,False
14051,2625,16,826,2024-02-18 17:20:45,SOFTWARE_CRASH,Major,True
14052,162,38,813,2025-06-19 13:05:31,BATTERY_LOW,Minor,True
14053,2046,305,929,2024-04-30 03:04:38,SIGNAL_DEGRADED,Major,True
14054,2161,301,720,2024-04-18 14:14:04,SIGNAL_DEGRADED,Info,False
14055,2575,344,981,2024-07-21 02:05:15,TRANSMISSION_ERROR,Info,False
14056,3250,408,139,2024-12-29 02:37:20,POWER_ALARM,Minor,False
14057,4764,17,87,2024-06-27 14:38:02,CPU_OVERLOAD,Info,True
14058,1960,99,617,2025-04-11 08:42:38,SOFTWARE_CRASH,Minor,False
14059,3497,134,581,2025-07-18 08:33:37,LINK_DOWN,Minor,False
14060,1988,202,904,2024-05-02 12:26:24,TRANSMISSION_ERROR,Minor,False
14061,4552,150,770,2025-11-28 18:54:44,POWER_ALARM,Minor,False
14062,939,169,463,2024-07-07 17:26:29,SIGNAL_DEGRADED,Minor,False
14063,3432,284,736,2025-12-24 10:43:03,CPU_OVERLOAD,Critical,False
14064,4317,460,203,2025-12-03 16:09:48,ANTENNA_FAULT,Minor,False
14065,3705,468,882,2025-03-03 11:11:09,FIBRE_BREAK,Minor,False
14066,614,95,15,2024-05-19 05:40:20,BATTERY_LOW,Minor,True
14067,2424,254,632,2024-08-13 06:17:05,MEMORY_HIGH,Critical,False
14068,3125,411,675,2024-02-11 03:42:55,MEMORY_HIGH,Minor,True
14069,944,42,679,2025-04-09 08:53:49,CPU_OVERLOAD,Minor,False
14070,1985,48,978,2025-04-26 02:52:49,RBS_OVER_TEMP,Minor,False
14071,340,2,330,2025-05-05 15:01:58,SYNC_LOSS,Major,True
14072,1789,361,225,2024-12-03 00:15:54,SIGNAL_DEGRADED,Minor,False
14073,604,434,727,2024-12-15 12:55:37,SYNC_LOSS,Minor,False
14074,645,268,551,2024-01-21 16:51:43,TRANSMISSION_ERROR,Info,True
14075,3273,49,466,2025-05-29 23:16:03,RBS_OVER_TEMP,Major,True
14076,4540,111,738,2024-12-29 06:39:15,FIBRE_BREAK,Info,False
14077,4307,318,655,2024-07-29 15:59:24,SOFTWARE_CRASH,Critical,False
14078,3996,395,934,2024-08-19 12:20:19,SIGNAL_DEGRADED,Critical,False
14079,1824,10,373,2024-06-19 12:34:16,RBS_OVER_TEMP,Minor,True
14080,4471,58,759,2025-10-30 04:20:48,CPU_OVERLOAD,Major,True
14081,137,224,255,2024-04-11 15:48:49,TRANSMISSION_ERROR,Major,True
14082,4719,454,41,2025-10-03 12:13:12,FIBRE_BREAK,Major,False
14083,3990,170,89,2025-09-02 17:07:12,SOFTWARE_CRASH,Major,True
14084,3066,471,655,2025-03-07 13:32:30,SOFTWARE_CRASH,Info,False
14085,4973,220,690,2025-08-07 22:42:09,POWER_ALARM,Minor,False
14086,1956,429,505,2024-04-14 04:47:03,SOFTWARE_CRASH,Info,False
14087,4749,291,539,2025-11-13 21:24:26,FIBRE_BREAK,Critical,False
14088,1615,367,834,2025-08-09 14:31:13,RBS_OVER_TEMP,Info,False
14089,4706,314,647,2025-09-30 04:32:32,SOFTWARE_CRASH,Critical,False
14090,3338,399,464,2025-10-20 15:25:15,SIGNAL_DEGRADED,Major,True
14091,262,394,830,2025-04-15 15:21:08,CPU_OVERLOAD,Info,False
14092,3956,53,263,2025-06-03 13:12:37,RBS_OVER_TEMP,Critical,True
14093,454,299,729,2024-05-22 17:09:00,TRANSMISSION_ERROR,Major,True
14094,46,228,804,2024-05-31 08:30:10,RBS_OVER_TEMP,Critical,False
14095,1909,297,14,2024-03-04 11:58:03,RBS_OVER_TEMP,Info,True
14096,4052,11,693,2025-12-04 10:52:21,POWER_ALARM,Critical,False
14097,2696,117,559,2024-10-01 17:25:08,FIBRE_BREAK,Major,False
14098,2233,472,975,2025-07-17 14:55:13,CPU_OVERLOAD,Info,False
14099,3061,356,102,2024-07-30 08:23:45,FIBRE_BREAK,Minor,False
14100,832,181,363,2024-07-13 19:26:27,SYNC_LOSS,Minor,False
14101,1367,227,818,2025-05-24 18:03:13,SYNC_LOSS,Info,False
14102,3929,425,38,2024-04-19 03:43:09,BATTERY_LOW,Minor,True
14103,197,178,22,2025-07-29 13:10:20,MEMORY_HIGH,Minor,False
14104,345,125,198,2024-11-29 14:32:47,FIBRE_BREAK,Info,False
14105,1036,428,187,2024-01-29 18:48:35,SYNC_LOSS,Info,True
14106,3363,66,479,2025-01-18 19:07:22,RBS_OVER_TEMP,Major,False
14107,3540,126,857,2025-12-29 17:28:49,LINK_DOWN,Info,True
14108,3073,399,223,2024-02-16 04:52:11,RBS_OVER_TEMP,Minor,True
14109,656,426,779,2024-11-22 16:24:31,LINK_DOWN,Major,False
14110,3087,328,243,2025-09-26 16:53:50,BATTERY_LOW,Info,True
14111,1188,354,959,2024-06-23 20:26:28,SOFTWARE_CRASH,Major,True
14112,2755,29,918,2025-01-16 03:34:04,CPU_OVERLOAD,Major,False
14113,2532,426,710,2024-03-11 09:13:14,ANTENNA_FAULT,Info,True
14114,3039,365,566,2024-05-28 14:29:19,BATTERY_LOW,Major,False
14115,4107,199,658,2024-10-30 12:53:57,POWER_ALARM,Info,False
14116,3530,19,539,2024-07-31 06:07:56,ANTENNA_FAULT,Minor,False
14117,3441,120,346,2024-01-21 19:14:59,LINK_DOWN,Info,False
14118,3693,321,265,2025-07-27 10:38:26,SOFTWARE_CRASH,Info,False
14119,3093,119,749,2025-04-02 19:36:49,CPU_OVERLOAD,Info,False
14120,2813,284,434,2025-04-23 09:27:22,SOFTWARE_CRASH,Major,False
14121,652,193,332,2025-07-17 21:22:27,SOFTWARE_CRASH,Minor,False
14122,3841,261,404,2024-01-22 18:05:46,BATTERY_LOW,Minor,False
14123,1939,105,266,2025-10-04 08:26:17,SYNC_LOSS,Info,False
14124,858,274,989,2025-04-01 06:29:40,ANTENNA_FAULT,Critical,False
14125,4072,467,971,2025-09-08 17:30:11,BATTERY_LOW,Minor,False
14126,2267,374,733,2025-06-17 12:22:31,MEMORY_HIGH,Minor,True
14127,1464,491,364,2025-08-10 03:37:19,POWER_ALARM,Minor,False
14128,3168,439,892,2025-11-28 13:48:43,BATTERY_LOW,Minor,False
14129,654,310,640,2025-10-17 18:14:05,FIBRE_BREAK,Critical,False
14130,4713,483,779,2025-09-12 17:43:43,FIBRE_BREAK,Critical,True
14131,1796,365,401,2025-09-20 08:49:42,ANTENNA_FAULT,Critical,True
14132,1654,451,843,2025-03-29 15:45:14,POWER_ALARM,Major,False
14133,3158,64,513,2025-07-07 16:26:33,SYNC_LOSS,Minor,False
14134,1976,381,518,2024-07-28 02:57:54,CPU_OVERLOAD,Major,True
14135,3381,237,279,2024-10-01 18:30:51,RBS_OVER_TEMP,Minor,False
14136,1857,278,784,2024-09-28 06:44:09,RBS_OVER_TEMP,Minor,False
14137,3201,124,117,2024-06-21 21:00:43,SIGNAL_DEGRADED,Major,False
14138,218,426,998,2024-05-04 17:35:15,SYNC_LOSS,Major,False
14139,1130,465,705,2024-01-16 05:42:25,POWER_ALARM,Minor,False
14140,3380,273,393,2025-03-09 12:36:54,POWER_ALARM,Minor,True
14141,1679,20,684,2025-12-14 15:44:19,SYNC_LOSS,Critical,False
14142,20,461,244,2025-04-25 19:51:39,FIBRE_BREAK,Info,False
14143,4963,336,372,2024-07-12 05:10:50,BATTERY_LOW,Minor,False
14144,4384,155,810,2025-10-09 14:11:05,SOFTWARE_CRASH,Major,True
14145,4668,160,601,2025-12-21 11:35:21,RBS_OVER_TEMP,Info,False
14146,2309,204,182,2025-11-21 02:44:45,FIBRE_BREAK,Info,False
14147,3433,457,652,2025-06-24 08:57:08,SYNC_LOSS,Major,True
14148,2766,499,965,2025-04-29 03:42:28,MEMORY_HIGH,Minor,False
14149,1407,345,19,2024-03-11 10:32:39,CPU_OVERLOAD,Minor,True
14150,1734,174,149,2024-03-15 02:37:30,ANTENNA_FAULT,Minor,True
14151,2019,413,274,2024-12-07 16:39:58,TRANSMISSION_ERROR,Major,False
14152,4567,131,333,2025-06-28 12:28:03,CPU_OVERLOAD,Minor,True
14153,4268,361,135,2025-10-04 00:48:40,BATTERY_LOW,Minor,False
14154,1061,403,651,2024-06-09 22:15:36,RBS_OVER_TEMP,Minor,False
14155,369,430,820,2024-12-24 11:32:08,RBS_OVER_TEMP,Minor,True
14156,157,303,304,2025-12-14 06:54:45,BATTERY_LOW,Critical,False
14157,4797,452,423,2024-03-30 10:20:09,RBS_OVER_TEMP,Info,True
14158,3210,317,389,2024-08-28 15:16:08,ANTENNA_FAULT,Minor,True
14159,2602,300,45,2024-09-05 17:43:20,SYNC_LOSS,Info,False
14160,299,102,748,2025-02-20 19:35:52,TRANSMISSION_ERROR,Minor,False
14161,4699,411,250,2024-07-22 06:35:34,SYNC_LOSS,Minor,False
14162,3755,232,416,2025-10-19 21:05:28,RBS_OVER_TEMP,Info,False
14163,1746,37,892,2025-07-15 15:42:32,POWER_ALARM,Minor,False
14164,1225,53,227,2024-09-21 14:18:30,SOFTWARE_CRASH,Major,False
14165,2059,335,732,2024-06-15 11:56:49,ANTENNA_FAULT,Info,False
14166,678,206,691,2025-04-24 17:02:57,BATTERY_LOW,Minor,False
14167,3446,348,516,2025-02-10 10:44:25,BATTERY_LOW,Minor,True
14168,1076,45,871,2025-10-02 22:22:39,FIBRE_BREAK,Info,False
14169,1262,282,121,2025-01-27 20:39:24,TRANSMISSION_ERROR,Major,False
14170,1748,212,906,2024-08-20 04:01:16,RBS_OVER_TEMP,Major,False
14171,1717,113,692,2025-12-25 15:04:06,BATTERY_LOW,Minor,True
14172,43,11,309,2024-09-21 13:01:27,POWER_ALARM,Minor,False
14173,4284,319,969,2024-12-13 12:37:24,SYNC_LOSS,Info,True
14174,1781,192,83,2025-09-29 11:11:01,MEMORY_HIGH,Critical,False
14175,393,489,996,2025-05-17 10:38:43,FIBRE_BREAK,Critical,False
14176,2564,440,754,2024-02-04 11:50:08,CPU_OVERLOAD,Minor,True
14177,1198,333,759,2024-06-25 13:39:22,MEMORY_HIGH,Major,True
14178,1587,250,924,2024-06-11 02:44:18,SYNC_LOSS,Minor,True
14179,1197,90,939,2025-06-29 13:23:25,RBS_OVER_TEMP,Minor,True
14180,3102,119,781,2025-07-19 13:24:59,CPU_OVERLOAD,Major,True
14181,4215,322,934,2025-12-02 12:57:48,MEMORY_HIGH,Minor,False
14182,610,46,679,2024-01-25 12:27:40,ANTENNA_FAULT,Critical,False
14183,4196,127,832,2024-05-06 16:41:02,MEMORY_HIGH,Minor,False
14184,2076,60,334,2024-11-23 08:43:19,POWER_ALARM,Major,False
14185,4064,243,261,2024-08-12 12:51:15,SIGNAL_DEGRADED,Info,True
14186,2604,445,1,2024-03-18 19:20:50,TRANSMISSION_ERROR,Critical,False
14187,3603,426,751,2025-12-11 16:38:38,TRANSMISSION_ERROR,Minor,False
14188,2195,213,940,2024-10-01 12:53:14,SOFTWARE_CRASH,Critical,False
14189,4213,254,249,2024-07-11 19:29:18,LINK_DOWN,Critical,False
14190,2104,428,318,2024-03-29 19:07:13,MEMORY_HIGH,Critical,True
14191,1540,44,867,2025-04-02 12:13:53,CPU_OVERLOAD,Info,False
14192,1487,450,159,2024-01-07 13:17:36,SIGNAL_DEGRADED,Major,False
14193,3392,442,774,2024-09-24 04:40:47,POWER_ALARM,Critical,False
14194,3204,488,65,2024-12-19 01:50:02,MEMORY_HIGH,Critical,False
14195,3941,101,315,2025-07-27 08:35:40,SOFTWARE_CRASH,Minor,False
14196,1474,129,289,2025-05-25 16:20:56,TRANSMISSION_ERROR,Info,False
14197,2151,122,875,2025-03-10 18:13:48,POWER_ALARM,Info,False
14198,2680,270,982,2024-06-02 21:25:55,MEMORY_HIGH,Minor,False
14199,4912,91,12,2025-08-09 12:33:25,RBS_OVER_TEMP,Major,True
14200,4305,472,825,2025-03-16 10:08:40,SYNC_LOSS,Minor,True
14201,229,91,985,2025-03-04 07:27:18,CPU_OVERLOAD,Minor,False
14202,4352,42,385,2025-06-01 23:04:47,SIGNAL_DEGRADED,Minor,False
14203,2381,388,183,2025-06-20 22:37:17,SYNC_LOSS,Minor,True
14204,3896,424,117,2024-08-30 10:57:13,SIGNAL_DEGRADED,Minor,False
14205,3980,295,471,2025-05-26 22:30:02,SYNC_LOSS,Major,False
14206,2322,23,214,2025-11-18 11:52:20,RBS_OVER_TEMP,Minor,False
14207,3470,112,96,2025-08-30 12:22:06,POWER_ALARM,Minor,False
14208,2070,110,799,2025-08-02 07:21:44,SYNC_LOSS,Major,True
14209,4907,313,927,2025-09-06 12:36:31,TRANSMISSION_ERROR,Minor,True
14210,2625,16,826,2024-02-18 17:33:45,RBS_OVER_TEMP,Info,False
14211,3949,145,246,2024-11-20 12:22:47,ANTENNA_FAULT,Minor,False
14212,3427,144,168,2024-01-10 01:20:53,SYNC_LOSS,Major,False
14213,1020,469,488,2025-08-02 23:48:10,CPU_OVERLOAD,Minor,False
14214,4857,151,174,2024-07-21 15:18:10,CPU_OVERLOAD,Minor,False
14215,2375,302,778,2025-06-11 12:21:59,SIGNAL_DEGRADED,Critical,False
14216,3382,412,985,2025-01-29 16:53:23,FIBRE_BREAK,Major,True
14217,1656,180,539,2024-07-09 22:05:21,BATTERY_LOW,Major,False
14218,4886,256,632,2024-12-15 17:39:30,TRANSMISSION_ERROR,Minor,False
14219,1893,181,103,2024-04-22 11:24:56,CPU_OVERLOAD,Major,True
14220,1573,123,691,2024-08-12 14:36:33,LINK_DOWN,Critical,False
14221,3755,232,416,2025-10-19 21:02:28,RBS_OVER_TEMP,Minor,True
14222,2311,189,308,2025-02-16 00:25:01,LINK_DOWN,Info,False
14223,3710,391,68,2024-11-05 18:38:09,FIBRE_BREAK,Major,False
14224,4610,22,254,2024-02-13 15:04:31,MEMORY_HIGH,Critical,False
14225,4226,120,765,2024-11-07 11:26:51,BATTERY_LOW,Major,False
14226,3895,432,647,2024-07-30 08:05:13,LINK_DOWN,Info,False
14227,1237,142,948,2024-12-28 16:42:18,ANTENNA_FAULT,Major,False
14228,3450,355,591,2024-07-05 17:22:25,FIBRE_BREAK,Minor,True
14229,1468,255,43,2025-12-13 16:38:57,SOFTWARE_CRASH,Major,True
14230,1257,147,207,2025-09-28 09:56:48,RBS_OVER_TEMP,Minor,False
14231,4352,42,385,2025-06-01 23:13:47,RBS_OVER_TEMP,Info,False
14232,4076,63,430,2025-03-29 19:23:46,SIGNAL_DEGRADED,Minor,False
14233,1080,410,776,2024-03-14 23:30:58,SIGNAL_DEGRADED,Major,True
14234,2234,384,489,2024-11-02 10:59:18,POWER_ALARM,Major,False
14235,2670,31,98,2024-06-23 17:46:41,SYNC_LOSS,Minor,False
14236,3307,500,387,2024-01-24 11:24:05,CPU_OVERLOAD,Critical,False
14237,3625,449,113,2024-10-24 10:14:08,ANTENNA_FAULT,Major,True
14238,2324,420,820,2024-02-20 00:26:54,ANTENNA_FAULT,Minor,False
14239,3217,313,210,2024-11-27 01:47:19,SOFTWARE_CRASH,Major,False
14240,3939,317,104,2025-12-09 02:49:38,LINK_DOWN,Info,False
14241,77,370,442,2025-03-04 18:06:55,MEMORY_HIGH,Critical,False
14242,3598,161,199,2024-02-18 17:00:30,BATTERY_LOW,Critical,False
14243,4580,367,866,2025-04-26 06:04:55,TRANSMISSION_ERROR,Info,True
14244,885,370,52,2024-11-13 09:36:48,POWER_ALARM,Info,False
14245,2361,443,814,2024-01-17 12:20:34,FIBRE_BREAK,Minor,True
14246,4445,60,86,2024-06-12 03:57:35,MEMORY_HIGH,Major,False
14247,1190,161,860,2025-12-25 01:38:06,RBS_OVER_TEMP,Minor,False
14248,3016,227,635,2025-11-18 13:18:19,TRANSMISSION_ERROR,Minor,True
14249,4695,413,88,2024-02-18 10:39:24,SOFTWARE_CRASH,Critical,True
14250,3208,86,266,2024-03-05 07:33:31,TRANSMISSION_ERROR,Major,False
14251,1373,89,600,2025-10-17 17:00:58,RBS_OVER_TEMP,Info,True
14252,3265,68,189,2025-05-05 21:05:02,CPU_OVERLOAD,Major,False
14253,111,221,538,2025-12-11 08:21:21,ANTENNA_FAULT,Major,False
14254,950,150,750,2024-06-03 09:30:19,TRANSMISSION_ERROR,Major,False
14255,2130,149,348,2025-02-14 17:55:46,FIBRE_BREAK,Critical,False
14256,1742,212,770,2025-06-27 23:18:26,FIBRE_BREAK,Info,False
14257,2930,313,802,2024-12-22 16:33:15,SYNC_LOSS,Major,False
14258,2939,37,308,2025-11-11 14:31:06,SOFTWARE_CRASH,Major,True
14259,4960,397,190,2024-12-07 22:38:57,POWER_ALARM,Info,False
14260,2465,367,521,2025-08-03 17:25:15,CPU_OVERLOAD,Critical,False
14261,19,135,482,2025-02-28 08:09:12,MEMORY_HIGH,Info,False
14262,2251,378,514,2025-07-09 17:54:47,TRANSMISSION_ERROR,Minor,False
14263,1560,270,574,2024-07-14 10:38:24,FIBRE_BREAK,Minor,False
14264,3386,217,831,2025-01-12 12:59:57,POWER_ALARM,Info,False
14265,973,485,844,2024-08-31 12:14:31,SOFTWARE_CRASH,Critical,False
14266,3636,482,717,2025-02-10 09:05:45,POWER_ALARM,Major,True
14267,3966,415,402,2025-07-27 11:26:50,BATTERY_LOW,Critical,False
14268,1969,115,266,2024-01-12 13:40:02,MEMORY_HIGH,Info,False
14269,2798,336,913,2024-05-20 14:09:23,LINK_DOWN,Minor,False
14270,2966,416,987,2024-03-31 09:31:15,FIBRE_BREAK,Info,False
14271,3644,173,269,2025-09-10 15:43:09,MEMORY_HIGH,Major,False
14272,3046,45,453,2024-03-26 13:58:51,RBS_OVER_TEMP,Major,True
14273,4238,138,762,2024-02-19 23:19:07,BATTERY_LOW,Minor,True
14274,305,188,471,2025-04-10 03:35:30,TRANSMISSION_ERROR,Info,False
14275,2258,255,957,2024-04-07 16:51:13,ANTENNA_FAULT,Major,True
14276,697,433,516,2024-02-22 11:13:47,POWER_ALARM,Minor,False
14277,4957,216,269,2024-02-16 08:41:43,CPU_OVERLOAD,Info,False
14278,2616,261,281,2025-06-22 16:51:50,LINK_DOWN,Minor,False
14279,2079,193,915,2024-06-26 04:54:42,ANTENNA_FAULT,Critical,False
14280,3693,321,265,2025-07-27 10:38:26,MEMORY_HIGH,Minor,True
14281,4883,169,125,2025-11-18 09:49:41,RBS_OVER_TEMP,Minor,False
14282,1571,32,307,2024-07-24 07:36:41,TRANSMISSION_ERROR,Minor,True
14283,3825,335,647,2024-05-05 23:52:52,BATTERY_LOW,Minor,False
14284,2248,181,462,2024-04-10 07:26:15,RBS_OVER_TEMP,Minor,True
14285,4870,20,480,2025-05-23 23:14:01,LINK_DOWN,Minor,True
14286,2935,125,480,2025-03-25 15:42:12,SIGNAL_DEGRADED,Minor,True
14287,223,248,524,2024-06-12 17:49:35,SOFTWARE_CRASH,Minor,False
14288,1137,500,25,2025-01-21 11:53:32,MEMORY_HIGH,Info,False
14289,2042,399,26,2025-04-26 16:21:52,LINK_DOWN,Info,False
14290,1775,247,904,2024-09-22 21:50:04,CPU_OVERLOAD,Critical,True
14291,4670,108,599,2024-01-14 02:52:51,ANTENNA_FAULT,Minor,False
14292,2640,16,736,2025-01-30 12:23:10,ANTENNA_FAULT,Critical,True
14293,4917,192,920,2024-11-26 20:31:25,TRANSMISSION_ERROR,Critical,False
14294,157,303,304,2025-12-14 06:50:45,POWER_ALARM,Info,False
14295,2580,76,211,2024-06-01 23:14:42,MEMORY_HIGH,Info,True
14296,825,275,132,2024-09-19 09:13:48,FIBRE_BREAK,Minor,False
14297,2400,490,141,2025-04-16 14:11:41,RBS_OVER_TEMP,Minor,False
14298,76,273,87,2025-10-22 11:34:26,RBS_OVER_TEMP,Info,False
14299,1186,356,254,2025-01-13 16:37:34,POWER_ALARM,Info,False
14300,4301,432,303,2024-10-02 11:34:56,POWER_ALARM,Info,True
14301,751,109,983,2024-03-01 00:24:33,TRANSMISSION_ERROR,Minor,False
14302,1809,201,84,2025-09-18 13:20:50,SYNC_LOSS,Critical,False
14303,2983,92,415,2024-04-24 15:05:25,CPU_OVERLOAD,Info,True
14304,928,326,719,2025-06-20 04:14:12,TRANSMISSION_ERROR,Minor,True
14305,2394,304,588,2024-05-23 12:23:46,LINK_DOWN,Major,False
14306,4458,483,813,2024-07-05 05:03:14,MEMORY_HIGH,Info,True
14307,3902,270,521,2024-06-22 10:04:12,LINK_DOWN,Critical,False
14308,3268,212,71,2025-10-10 12:56:56,SOFTWARE_CRASH,Info,False
14309,136,86,365,2024-06-13 03:19:25,CPU_OVERLOAD,Info,True
14310,2769,170,334,2025-09-12 17:22:59,ANTENNA_FAULT,Critical,False
14311,3932,170,842,2025-11-24 00:58:05,RBS_OVER_TEMP,Info,False
14312,117,70,145,2024-03-05 17:00:01,ANTENNA_FAULT,Minor,False
14313,4294,183,799,2025-08-10 15:11:10,TRANSMISSION_ERROR,Info,False
14314,348,305,263,2025-06-11 17:44:15,RBS_OVER_TEMP,Major,False
14315,1037,207,622,2024-02-05 11:57:59,POWER_ALARM,Major,False
14316,4619,3,151,2024-05-09 02:42:30,RBS_OVER_TEMP,Minor,False
14317,3755,232,416,2025-10-19 21:03:28,ANTENNA_FAULT,Major,True
14318,3117,172,647,2024-03-26 01:01:23,POWER_ALARM,Minor,True
14319,4694,8,241,2024-10-12 19:00:16,BATTERY_LOW,Minor,False
14320,3053,490,919,2025-09-01 05:00:47,LINK_DOWN,Major,False
14321,3299,136,599,2024-05-20 16:00:10,SIGNAL_DEGRADED,Minor,False
14322,2741,72,269,2026-01-01 14:17:41,BATTERY_LOW,Info,False
14323,1886,289,464,2024-08-22 12:39:36,TRANSMISSION_ERROR,Info,False
14324,3819,194,737,2025-11-14 13:16:27,TRANSMISSION_ERROR,Minor,False
14325,1052,361,853,2025-12-13 12:14:23,SYNC_LOSS,Minor,False
14326,3911,142,497,2025-12-24 07:34:27,CPU_OVERLOAD,Major,False
14327,2922,46,369,2024-12-04 06:25:56,MEMORY_HIGH,Minor,False
14328,1687,198,226,2025-10-04 19:28:20,FIBRE_BREAK,Critical,False
14329,4952,296,677,2025-06-29 09:27:51,BATTERY_LOW,Minor,False
14330,4245,121,711,2025-12-02 09:21:30,BATTERY_LOW,Info,True
14331,3946,117,630,2025-05-04 01:18:35,LINK_DOWN,Minor,False
14332,1410,43,179,2024-03-04 14:08:39,LINK_DOWN,Minor,False
14333,476,148,612,2024-02-14 08:01:45,TRANSMISSION_ERROR,Minor,False
14334,484,331,633,2025-11-20 08:24:26,POWER_ALARM,Minor,True
14335,1806,91,86,2024-10-19 14:02:49,SIGNAL_DEGRADED,Info,False
14336,3271,214,608,2025-06-23 14:59:45,BATTERY_LOW,Info,False
14337,4701,461,90,2024-07-15 08:46:33,TRANSMISSION_ERROR,Minor,False
14338,3304,48,9,2025-07-25 14:59:35,MEMORY_HIGH,Info,False
14339,4148,153,666,2025-01-08 08:10:12,FIBRE_BREAK,Minor,True
14340,1400,356,818,2025-11-27 14:29:09,POWER_ALARM,Critical,False
14341,1848,72,143,2024-03-29 23:18:10,ANTENNA_FAULT,Info,True
14342,3758,397,461,2024-12-14 15:48:26,SIGNAL_DEGRADED,Major,False
14343,1334,79,21,2024-04-20 13:42:54,MEMORY_HIGH,Critical,True
14344,3246,87,70,2024-03-20 17:03:53,BATTERY_LOW,Critical,False
14345,126,123,514,2025-02-03 16:25:01,BATTERY_LOW,Major,True
14346,2251,378,514,2025-07-09 17:47:47,RBS_OVER_TEMP,Info,True
14347,3557,435,94,2024-07-08 08:24:12,CPU_OVERLOAD,Minor,False
14348,3636,482,717,2025-02-10 09:05:45,POWER_ALARM,Minor,False
14349,2444,17,557,2024-06-21 10:44:06,TRANSMISSION_ERROR,Info,False
14350,2161,301,720,2024-04-18 14:10:04,SYNC_LOSS,Info,True
14351,2642,57,504,2024-10-13 05:20:41,CPU_OVERLOAD,Minor,False
14352,2142,236,348,2025-03-04 18:23:13,ANTENNA_FAULT,Info,False
14353,3239,316,598,2024-08-11 13:11:16,CPU_OVERLOAD,Minor,True
14354,1546,468,909,2025-02-21 05:20:09,ANTENNA_FAULT,Info,False
14355,4698,29,548,2024-01-12 08:04:21,SYNC_LOSS,Info,True
14356,4415,57,595,2025-03-02 14:41:16,SIGNAL_DEGRADED,Major,True
14357,842,259,770,2025-12-02 11:33:53,LINK_DOWN,Info,False
14358,1492,35,491,2024-12-07 16:48:25,ANTENNA_FAULT,Minor,False
14359,2383,255,517,2025-11-19 06:36:38,MEMORY_HIGH,Info,False
14360,600,136,632,2025-01-08 18:11:38,MEMORY_HIGH,Critical,False
14361,449,381,957,2025-01-22 11:50:06,RBS_OVER_TEMP,Info,False
14362,4364,244,295,2025-09-23 07:12:07,MEMORY_HIGH,Info,True
14363,1670,270,471,2025-08-04 16:03:37,POWER_ALARM,Major,False
14364,120,20,583,2024-04-06 02:58:26,LINK_DOWN,Major,True
14365,2078,489,354,2024-12-26 16:19:04,POWER_ALARM,Critical,True
14366,3511,464,280,2025-03-02 00:47:23,SOFTWARE_CRASH,Critical,False
14367,37,475,98,2025-08-12 09:40:41,FIBRE_BREAK,Info,False
14368,271,130,817,2025-01-23 14:11:13,SOFTWARE_CRASH,Major,False
14369,3489,163,2,2025-02-03 10:08:35,SOFTWARE_CRASH,Info,False
14370,1676,401,921,2025-07-25 13:36:43,FIBRE_BREAK,Minor,True
14371,917,167,747,2024-05-26 14:52:35,ANTENNA_FAULT,Minor,False
14372,108,494,52,2025-12-03 08:48:37,MEMORY_HIGH,Critical,False
14373,2432,229,815,2025-03-11 20:54:34,CPU_OVERLOAD,Major,True
14374,4967,27,44,2024-08-22 10:52:30,FIBRE_BREAK,Critical,False
14375,1736,183,736,2025-12-13 10:25:48,RBS_OVER_TEMP,Major,False
14376,1392,198,625,2025-06-18 17:23:29,CPU_OVERLOAD,Major,False
14377,2243,206,699,2024-08-08 12:22:23,FIBRE_BREAK,Critical,True
14378,2874,178,696,2024-02-19 03:59:48,ANTENNA_FAULT,Minor,False
14379,408,419,814,2024-08-21 11:44:26,POWER_ALARM,Minor,False
14380,3602,146,517,2025-03-01 21:32:53,LINK_DOWN,Minor,False
14381,496,96,570,2025-03-20 14:20:29,FIBRE_BREAK,Minor,False
14382,4744,279,973,2024-05-07 17:40:12,LINK_DOWN,Major,False
14383,4513,260,758,2024-02-27 14:01:31,CPU_OVERLOAD,Minor,False
14384,451,36,556,2025-01-21 08:56:49,CPU_OVERLOAD,Major,False
14385,4931,78,927,2024-10-26 10:15:34,SYNC_LOSS,Minor,False
14386,4276,487,306,2025-10-19 10:05:23,ANTENNA_FAULT,Info,False
14387,2875,203,222,2024-05-18 17:36:47,TRANSMISSION_ERROR,Critical,False
14388,4543,13,397,2024-05-26 13:18:28,TRANSMISSION_ERROR,Minor,True
14389,2953,321,506,2024-02-08 05:59:10,LINK_DOWN,Info,False
14390,3075,191,244,2024-02-28 12:21:18,SOFTWARE_CRASH,Critical,False
14391,2052,21,626,2024-12-17 17:50:52,POWER_ALARM,Critical,False
14392,2499,98,155,2025-11-16 21:09:04,RBS_OVER_TEMP,Critical,True
14393,3457,85,984,2025-08-14 21:01:27,SIGNAL_DEGRADED,Minor,False
14394,3476,327,790,2024-05-13 08:21:42,POWER_ALARM,Minor,False
14395,4822,130,777,2024-01-17 05:01:06,POWER_ALARM,Minor,False
14396,1027,22,467,2025-04-05 02:58:51,RBS_OVER_TEMP,Critical,True
14397,747,203,484,2024-05-01 11:59:59,BATTERY_LOW,Minor,False
14398,552,20,899,2025-02-16 09:17:30,ANTENNA_FAULT,Critical,True
14399,4144,267,535,2025-11-17 21:25:59,TRANSMISSION_ERROR,Minor,False
14400,1009,260,270,2025-02-25 07:55:42,SYNC_LOSS,Major,False
14401,296,33,353,2024-01-26 09:37:20,ANTENNA_FAULT,Minor,False
14402,1083,84,566,2025-11-14 03:23:21,FIBRE_BREAK,Info,False
14403,1751,57,165,2025-12-05 16:46:35,SIGNAL_DEGRADED,Major,False
14404,188,121,973,2025-03-22 03:00:06,BATTERY_LOW,Major,False
14405,4703,345,360,2024-04-07 15:00:00,TRANSMISSION_ERROR,Critical,False
14406,2505,277,564,2025-12-25 11:04:52,MEMORY_HIGH,Info,True
14407,2353,271,393,2025-01-27 16:30:19,BATTERY_LOW,Info,True
14408,447,1,59,2025-04-20 00:35:39,CPU_OVERLOAD,Major,False
14409,1017,477,560,2025-06-17 18:32:34,CPU_OVERLOAD,Critical,False
14410,8,2,279,2024-06-12 16:23:41,LINK_DOWN,Critical,True
14411,1872,447,800,2024-01-20 09:56:50,FIBRE_BREAK,Info,False
14412,2361,443,814,2024-01-17 13:25:34,CPU_OVERLOAD,Major,False
14413,1178,286,534,2025-05-20 03:45:55,TRANSMISSION_ERROR,Info,True
14414,372,359,379,2024-03-24 12:03:31,FIBRE_BREAK,Major,True
14415,4288,219,848,2024-01-17 16:31:54,ANTENNA_FAULT,Critical,False
14416,3035,260,616,2025-09-19 08:07:21,TRANSMISSION_ERROR,Minor,True
14417,4850,292,529,2024-05-13 12:34:58,SYNC_LOSS,Info,False
14418,3539,444,705,2024-08-27 07:02:02,ANTENNA_FAULT,Minor,False
14419,1678,86,814,2024-01-27 21:09:54,RBS_OVER_TEMP,Info,False
14420,3021,271,934,2025-11-08 22:50:59,MEMORY_HIGH,Minor,True
14421,514,305,532,2024-09-15 13:59:52,SOFTWARE_CRASH,Info,False
14422,3118,198,251,2025-10-03 15:19:17,SIGNAL_DEGRADED,Major,True
14423,3865,374,17,2024-04-07 10:14:32,SIGNAL_DEGRADED,Info,False
14424,130,484,37,2024-04-03 01:14:23,ANTENNA_FAULT,Minor,False
14425,1521,471,490,2025-12-18 16:30:08,BATTERY_LOW,Major,True
14426,2121,62,69,2024-03-18 04:55:37,RBS_OVER_TEMP,Minor,False
14427,1200,17,588,2025-07-10 14:26:38,MEMORY_HIGH,Info,False
14428,3982,429,468,2025-05-27 17:17:35,TRANSMISSION_ERROR,Info,False
14429,3779,23,2,2024-10-29 14:43:22,RBS_OVER_TEMP,Minor,False
14430,3038,178,242,2025-07-02 07:48:43,TRANSMISSION_ERROR,Minor,False
14431,3124,77,772,2025-08-16 12:42:58,RBS_OVER_TEMP,Minor,True
14432,2533,219,689,2025-06-06 21:47:19,ANTENNA_FAULT,Critical,False
14433,3282,368,116,2025-07-20 09:18:58,BATTERY_LOW,Minor,False
14434,2907,189,50,2025-01-12 13:36:49,CPU_OVERLOAD,Major,True
14435,1598,39,75,2025-06-26 11:11:38,BATTERY_LOW,Minor,False
14436,3659,404,811,2024-08-03 17:45:52,MEMORY_HIGH,Critical,True
14437,1395,147,85,2024-09-20 11:17:05,TRANSMISSION_ERROR,Minor,False
14438,502,418,190,2025-09-03 03:30:14,FIBRE_BREAK,Minor,False
14439,2809,376,746,2025-05-28 17:48:48,LINK_DOWN,Info,False
14440,3145,259,929,2025-08-02 20:42:52,SOFTWARE_CRASH,Minor,False
14441,3961,372,17,2025-12-25 03:43:54,LINK_DOWN,Major,False
14442,816,67,540,2025-09-27 13:25:27,SOFTWARE_CRASH,Minor,False
14443,915,494,2,2024-11-21 14:29:08,SYNC_LOSS,Minor,True
14444,3735,167,81,2024-04-05 06:13:15,MEMORY_HIGH,Critical,True
14445,2118,352,465,2025-11-11 01:00:15,TRANSMISSION_ERROR,Major,True
14446,4089,219,913,2024-02-09 00:49:54,SIGNAL_DEGRADED,Minor,True
14447,4495,292,790,2024-09-20 15:28:49,CPU_OVERLOAD,Info,False
14448,585,350,455,2025-08-29 14:45:44,MEMORY_HIGH,Critical,False
14449,4779,52,521,2025-09-02 11:00:43,SIGNAL_DEGRADED,Major,True
14450,750,376,64,2025-11-06 19:03:31,POWER_ALARM,Major,False
14451,235,284,389,2025-03-15 16:21:50,MEMORY_HIGH,Minor,False
14452,3446,348,516,2025-02-10 10:45:25,RBS_OVER_TEMP,Major,True
14453,3492,14,140,2024-01-22 04:53:31,RBS_OVER_TEMP,Critical,False
14454,4602,258,448,2025-10-17 05:10:21,MEMORY_HIGH,Info,False
14455,2881,421,958,2024-08-28 23:03:54,BATTERY_LOW,Major,False
14456,1000,484,950,2024-07-16 21:52:38,RBS_OVER_TEMP,Major,False
14457,3434,65,447,2025-02-02 03:35:49,SIGNAL_DEGRADED,Minor,False
14458,3446,348,516,2025-02-10 10:43:25,RBS_OVER_TEMP,Critical,False
14459,2904,178,736,2024-11-04 13:34:27,BATTERY_LOW,Major,True
14460,3136,92,591,2024-07-04 13:50:37,SYNC_LOSS,Critical,False
14461,2096,199,57,2025-10-02 14:18:43,RBS_OVER_TEMP,Info,False
14462,1921,203,533,2024-04-30 10:14:58,SYNC_LOSS,Major,False
14463,3890,459,156,2024-05-19 19:56:36,LINK_DOWN,Minor,False
14464,2644,236,830,2025-03-27 09:25:35,SYNC_LOSS,Minor,False
14465,2146,485,913,2024-10-03 13:01:27,TRANSMISSION_ERROR,Info,False
14466,2355,35,439,2025-06-23 04:11:48,TRANSMISSION_ERROR,Info,False
14467,790,123,150,2025-10-09 23:53:14,ANTENNA_FAULT,Info,False
14468,4893,81,660,2025-12-13 12:17:57,SIGNAL_DEGRADED,Major,False
14469,374,287,164,2024-08-26 00:54:13,SOFTWARE_CRASH,Minor,False
14470,939,169,463,2024-07-07 17:26:29,TRANSMISSION_ERROR,Minor,False
14471,1806,91,86,2024-10-19 14:01:49,SYNC_LOSS,Critical,False
14472,2168,298,624,2025-04-17 06:03:05,ANTENNA_FAULT,Major,False
14473,4555,401,564,2024-03-10 10:51:17,MEMORY_HIGH,Major,True
14474,3738,27,107,2024-01-23 16:12:36,FIBRE_BREAK,Major,False
14475,2769,170,334,2025-09-12 17:17:59,SOFTWARE_CRASH,Major,True
14476,2137,266,743,2024-03-29 17:09:53,CPU_OVERLOAD,Critical,False
14477,3954,105,389,2025-04-21 08:54:33,POWER_ALARM,Major,False
14478,388,477,204,2025-03-11 12:28:57,SYNC_LOSS,Info,False
14479,2896,167,802,2024-06-08 17:51:36,POWER_ALARM,Info,False
14480,1539,39,281,2024-10-06 14:48:00,ANTENNA_FAULT,Info,False
14481,1941,198,801,2025-07-25 13:33:13,TRANSMISSION_ERROR,Info,True
14482,2664,83,59,2024-12-20 18:29:22,SYNC_LOSS,Info,False
14483,4874,422,344,2024-11-30 11:01:45,RBS_OVER_TEMP,Info,True
14484,4833,213,472,2024-03-13 15:19:04,FIBRE_BREAK,Info,True
14485,4049,374,538,2024-02-23 12:05:10,ANTENNA_FAULT,Critical,True
14486,3046,45,453,2024-03-26 13:34:51,CPU_OVERLOAD,Minor,False
14487,3900,200,630,2024-05-09 16:00:22,SYNC_LOSS,Minor,False
14488,4368,295,684,2024-12-19 11:34:55,CPU_OVERLOAD,Minor,True
14489,4520,141,989,2024-11-10 15:55:37,CPU_OVERLOAD,Major,False
14490,1094,132,570,2025-01-04 20:57:49,MEMORY_HIGH,Minor,False
14491,439,421,17,2025-04-04 10:45:21,MEMORY_HIGH,Minor,False
14492,3292,303,913,2024-05-13 08:17:24,SIGNAL_DEGRADED,Minor,False
14493,2994,107,421,2024-07-09 10:42:16,RBS_OVER_TEMP,Major,False
14494,2130,149,348,2025-02-14 15:59:46,CPU_OVERLOAD,Critical,False
14495,4353,261,205,2025-09-14 03:13:59,ANTENNA_FAULT,Critical,True
14496,4381,367,130,2024-08-10 20:05:46,SIGNAL_DEGRADED,Critical,True
14497,3011,86,951,2024-01-02 17:00:42,POWER_ALARM,Minor,False
14498,3457,85,984,2025-08-14 21:00:27,RBS_OVER_TEMP,Minor,False
14499,3353,25,994,2024-11-03 10:21:41,ANTENNA_FAULT,Minor,False
14500,4052,11,693,2025-12-04 10:54:21,ANTENNA_FAULT,Major,False
14501,1806,91,86,2024-10-19 14:14:49,FIBRE_BREAK,Critical,False
14502,479,135,884,2025-04-12 04:11:56,SYNC_LOSS,Major,True
14503,2344,417,927,2025-08-03 07:22:47,RBS_OVER_TEMP,Info,False
14504,4290,209,197,2024-02-06 13:05:58,SIGNAL_DEGRADED,Major,False
14505,3612,471,362,2025-07-21 12:14:42,BATTERY_LOW,Info,False
14506,891,338,248,2025-06-03 14:24:09,POWER_ALARM,Info,False
14507,811,428,387,2025-12-11 05:21:28,SOFTWARE_CRASH,Major,False
14508,797,500,53,2025-06-03 16:15:29,TRANSMISSION_ERROR,Critical,False
14509,1619,191,506,2025-10-07 21:43:08,SYNC_LOSS,Info,False
14510,1897,70,65,2025-12-29 01:22:49,FIBRE_BREAK,Info,True
14511,2557,283,532,2025-08-09 11:13:40,CPU_OVERLOAD,Minor,False
14512,4635,39,699,2024-09-13 04:24:38,CPU_OVERLOAD,Info,False
14513,366,83,587,2024-03-28 09:04:26,POWER_ALARM,Info,False
14514,3377,132,811,2025-03-31 20:59:09,ANTENNA_FAULT,Info,False
14515,259,414,917,2025-10-09 05:10:28,RBS_OVER_TEMP,Major,True
14516,1529,432,179,2024-04-11 15:53:47,SIGNAL_DEGRADED,Minor,False
14517,1855,58,865,2024-12-23 08:23:00,SYNC_LOSS,Minor,False
14518,3617,196,635,2025-12-08 13:27:09,BATTERY_LOW,Info,True
14519,3705,468,882,2025-03-03 11:27:09,SOFTWARE_CRASH,Minor,False
14520,2398,154,1,2024-12-08 17:37:48,CPU_OVERLOAD,Info,True
14521,3968,21,225,2024-02-28 20:33:09,FIBRE_BREAK,Major,False
14522,2048,465,635,2024-01-03 09:05:26,MEMORY_HIGH,Minor,True
14523,3200,432,692,2024-06-24 13:07:45,CPU_OVERLOAD,Minor,False
14524,3781,450,470,2024-09-10 21:30:09,SOFTWARE_CRASH,Info,False
14525,993,353,742,2025-03-21 09:28:47,BATTERY_LOW,Major,True
14526,2610,476,59,2025-12-16 15:53:38,LINK_DOWN,Minor,False
14527,1541,239,105,2025-10-24 16:34:20,BATTERY_LOW,Info,False
14528,3119,432,267,2024-10-31 14:07:43,SYNC_LOSS,Info,False
14529,1583,494,771,2024-11-27 17:08:31,TRANSMISSION_ERROR,Critical,False
14530,3472,491,819,2024-06-14 17:43:44,BATTERY_LOW,Info,False
14531,1664,266,150,2025-01-01 23:33:24,TRANSMISSION_ERROR,Minor,False
14532,3081,197,788,2024-01-10 11:23:56,SOFTWARE_CRASH,Major,False
14533,2844,290,205,2025-07-22 18:18:18,SYNC_LOSS,Minor,False
14534,3996,395,934,2024-08-19 12:09:19,RBS_OVER_TEMP,Info,False
14535,3306,268,558,2025-05-22 23:26:56,POWER_ALARM,Info,True
14536,4919,447,292,2024-02-17 09:40:57,SYNC_LOSS,Info,False
14537,3330,290,421,2025-05-19 22:31:04,POWER_ALARM,Minor,True
14538,468,187,344,2024-12-02 16:20:23,FIBRE_BREAK,Minor,False
14539,2622,79,960,2024-07-12 09:41:18,BATTERY_LOW,Minor,True
14540,986,299,99,2025-05-14 21:35:40,SYNC_LOSS,Minor,False
14541,4477,430,258,2025-07-15 10:21:24,FIBRE_BREAK,Minor,True
14542,4525,122,788,2025-09-21 18:24:02,LINK_DOWN,Minor,False
14543,4593,390,737,2025-02-28 17:44:11,ANTENNA_FAULT,Critical,True
14544,3512,376,245,2025-01-13 03:27:43,POWER_ALARM,Info,False
14545,165,340,912,2025-09-16 22:38:32,LINK_DOWN,Critical,True
14546,4366,161,228,2024-10-12 18:20:44,POWER_ALARM,Critical,False
14547,2324,420,820,2024-02-20 00:31:54,FIBRE_BREAK,Info,False
14548,8,2,279,2024-06-12 16:27:41,SOFTWARE_CRASH,Critical,False
14549,609,497,243,2024-09-22 09:50:25,TRANSMISSION_ERROR,Info,False
14550,2217,18,23,2025-01-24 15:18:20,LINK_DOWN,Minor,False
14551,974,317,480,2024-07-25 14:09:11,CPU_OVERLOAD,Critical,True
14552,3001,178,495,2025-06-06 13:20:37,SYNC_LOSS,Minor,True
14553,2646,447,903,2025-09-11 15:20:54,FIBRE_BREAK,Major,False
14554,516,31,532,2025-06-05 17:05:08,SOFTWARE_CRASH,Major,True
14555,4026,369,505,2024-07-31 15:26:39,MEMORY_HIGH,Major,False
14556,848,300,293,2024-09-15 08:42:49,MEMORY_HIGH,Critical,True
14557,2940,314,92,2025-06-05 13:22:27,CPU_OVERLOAD,Major,True
14558,3022,164,675,2024-10-04 06:27:02,FIBRE_BREAK,Info,True
14559,1622,346,637,2024-02-26 08:28:21,CPU_OVERLOAD,Major,False
14560,4360,241,11,2025-01-25 17:46:02,MEMORY_HIGH,Minor,False
14561,3786,316,657,2025-05-08 23:32:30,SIGNAL_DEGRADED,Major,False
14562,1883,321,383,2024-10-10 10:47:50,SOFTWARE_CRASH,Major,False
14563,2457,493,750,2024-03-14 09:39:32,POWER_ALARM,Critical,False
14564,2412,152,296,2025-06-05 06:19:57,POWER_ALARM,Major,False
14565,3490,400,779,2025-10-16 08:47:02,FIBRE_BREAK,Major,False
14566,215,465,269,2024-02-16 08:49:13,SOFTWARE_CRASH,Major,False
14567,3880,292,339,2025-04-26 02:08:40,BATTERY_LOW,Major,False
14568,4410,171,480,2025-04-29 12:29:29,MEMORY_HIGH,Major,True
14569,1817,264,119,2026-01-01 22:55:26,SIGNAL_DEGRADED,Minor,True
14570,1208,33,766,2025-05-12 05:19:10,CPU_OVERLOAD,Minor,True
14571,3824,246,503,2024-08-27 20:09:03,SIGNAL_DEGRADED,Major,False
14572,911,237,207,2025-01-02 13:39:19,POWER_ALARM,Minor,False
14573,1733,323,993,2024-09-29 15:45:42,TRANSMISSION_ERROR,Critical,True
14574,600,136,632,2025-01-08 18:28:38,SYNC_LOSS,Minor,True
14575,4738,52,300,2024-05-15 05:55:03,CPU_OVERLOAD,Critical,False
14576,2402,20,259,2025-03-11 21:54:09,FIBRE_BREAK,Info,False
14577,1155,155,888,2025-06-24 16:25:28,MEMORY_HIGH,Critical,False
14578,179,394,283,2025-01-26 17:56:46,RBS_OVER_TEMP,Minor,False
14579,394,159,933,2024-07-06 22:14:36,MEMORY_HIGH,Info,False
14580,3016,227,635,2025-11-18 12:54:19,ANTENNA_FAULT,Minor,True
14581,995,302,736,2024-10-12 02:24:37,SIGNAL_DEGRADED,Major,True
14582,4747,144,363,2025-03-20 14:43:36,ANTENNA_FAULT,Major,False
14583,2271,13,260,2025-06-06 06:28:45,LINK_DOWN,Major,True
14584,3751,105,443,2024-01-25 10:09:13,FIBRE_BREAK,Info,False
14585,4980,99,344,2025-11-23 09:21:47,SIGNAL_DEGRADED,Info,False
14586,1267,468,379,2024-09-16 10:06:25,LINK_DOWN,Info,False
14587,4875,38,622,2025-10-24 21:50:51,SIGNAL_DEGRADED,Minor,False
14588,559,421,206,2024-10-23 09:15:44,POWER_ALARM,Minor,False
14589,3452,159,627,2024-04-11 16:00:02,BATTERY_LOW,Critical,False
14590,460,76,914,2024-08-22 07:45:26,LINK_DOWN,Major,False
14591,3075,191,244,2024-02-28 12:30:18,SYNC_LOSS,Critical,False
14592,1257,147,207,2025-09-28 10:26:48,BATTERY_LOW,Major,False
14593,1410,43,179,2024-03-04 14:10:39,SIGNAL_DEGRADED,Info,False
14594,1520,199,248,2024-09-26 13:37:40,ANTENNA_FAULT,Minor,False
14595,1681,330,562,2024-02-03 11:49:51,POWER_ALARM,Minor,False
14596,3883,361,112,2025-10-18 10:16:39,RBS_OVER_TEMP,Major,False
14597,1634,35,618,2024-10-21 22:04:58,FIBRE_BREAK,Major,False
14598,986,299,99,2025-05-14 21:16:40,BATTERY_LOW,Info,False
14599,4121,90,909,2025-03-12 19:34:06,SIGNAL_DEGRADED,Info,False
14600,2538,24,127,2025-04-19 13:25:57,TRANSMISSION_ERROR,Critical,False
14601,3476,327,790,2024-05-13 08:19:42,CPU_OVERLOAD,Major,False
14602,1522,353,652,2025-07-28 18:33:05,TRANSMISSION_ERROR,Minor,False
14603,3946,117,630,2025-05-04 01:53:35,ANTENNA_FAULT,Major,True
14604,2939,37,308,2025-11-11 14:31:06,SIGNAL_DEGRADED,Critical,False
14605,4165,343,238,2024-10-17 20:40:13,SOFTWARE_CRASH,Info,False
14606,4686,337,501,2024-05-06 14:36:46,SIGNAL_DEGRADED,Major,False
14607,3333,369,537,2025-04-08 09:43:18,FIBRE_BREAK,Info,False
14608,2748,476,192,2025-03-09 14:46:50,POWER_ALARM,Info,False
14609,3941,101,315,2025-07-27 08:45:40,TRANSMISSION_ERROR,Minor,False
14610,658,337,877,2025-03-28 17:30:17,BATTERY_LOW,Minor,False
14611,3084,350,855,2024-03-28 01:31:54,SYNC_LOSS,Major,False
14612,3818,376,918,2025-10-28 16:54:53,MEMORY_HIGH,Info,True
14613,3531,376,141,2025-03-18 11:51:41,MEMORY_HIGH,Info,False
14614,515,27,390,2025-12-13 07:53:21,FIBRE_BREAK,Major,False
14615,3444,344,260,2025-05-16 22:24:54,POWER_ALARM,Minor,True
14616,1584,376,440,2024-12-13 14:54:50,POWER_ALARM,Critical,False
14617,711,217,160,2024-05-09 08:43:31,SYNC_LOSS,Info,False
14618,4037,259,777,2024-02-17 13:17:42,SIGNAL_DEGRADED,Minor,True
14619,1986,287,984,2025-05-05 13:38:42,SYNC_LOSS,Major,False
14620,4048,211,39,2024-04-17 02:43:02,POWER_ALARM,Major,False
14621,947,366,345,2024-05-06 23:13:00,SIGNAL_DEGRADED,Info,False
14622,2268,302,741,2025-08-25 12:19:23,SOFTWARE_CRASH,Minor,False
14623,180,43,224,2024-03-12 02:39:05,POWER_ALARM,Info,False
14624,4515,499,891,2024-03-31 19:25:10,SYNC_LOSS,Info,True
14625,45,440,726,2025-11-28 16:01:39,SYNC_LOSS,Minor,False
14626,2595,462,259,2024-10-04 14:43:49,SYNC_LOSS,Major,False
14627,2533,219,689,2025-06-06 21:47:19,SIGNAL_DEGRADED,Major,True
14628,3021,271,934,2025-11-08 22:59:59,RBS_OVER_TEMP,Info,False
14629,1191,20,490,2025-01-18 01:09:11,POWER_ALARM,Major,False
14630,617,492,480,2025-11-21 18:48:48,TRANSMISSION_ERROR,Minor,True
14631,692,180,29,2024-02-04 00:09:39,CPU_OVERLOAD,Info,False
14632,260,404,362,2025-06-21 01:33:41,TRANSMISSION_ERROR,Critical,False
14633,2612,457,988,2024-03-26 08:46:41,MEMORY_HIGH,Info,False
14634,4080,213,31,2024-07-24 15:42:49,BATTERY_LOW,Info,False
14635,3125,411,675,2024-02-11 03:47:55,SOFTWARE_CRASH,Critical,True
14636,3106,334,284,2024-11-11 20:29:23,SOFTWARE_CRASH,Critical,False
14637,3705,468,882,2025-03-03 11:16:09,POWER_ALARM,Minor,True
14638,2714,131,945,2024-03-12 00:40:50,BATTERY_LOW,Minor,True
14639,4888,44,953,2024-04-26 02:01:18,CPU_OVERLOAD,Minor,True
14640,2239,252,501,2024-09-15 03:17:58,TRANSMISSION_ERROR,Minor,True
14641,2351,170,643,2024-03-17 17:02:08,ANTENNA_FAULT,Critical,False
14642,2687,60,545,2025-01-21 12:28:49,LINK_DOWN,Minor,False
14643,4430,499,315,2025-04-03 06:34:05,LINK_DOWN,Info,True
14644,3391,415,967,2025-11-14 17:40:13,RBS_OVER_TEMP,Minor,False
14645,893,383,158,2024-01-08 18:03:48,POWER_ALARM,Info,False
14646,629,110,802,2025-01-10 04:29:55,SYNC_LOSS,Major,True
14647,3139,100,620,2025-08-24 00:18:42,TRANSMISSION_ERROR,Minor,False
14648,1787,247,344,2024-01-25 02:11:22,ANTENNA_FAULT,Minor,False
14649,853,373,452,2025-08-08 03:04:50,LINK_DOWN,Major,True
14650,1558,453,532,2024-02-18 12:59:59,LINK_DOWN,Minor,False
14651,3921,209,766,2024-09-10 10:03:07,SYNC_LOSS,Critical,False
14652,3825,335,647,2024-05-05 23:55:52,RBS_OVER_TEMP,Info,False
14653,2910,180,559,2025-04-17 14:35:39,FIBRE_BREAK,Critical,False
14654,1133,225,32,2025-06-18 16:51:01,ANTENNA_FAULT,Critical,True
14655,4114,167,922,2024-09-04 05:19:49,SOFTWARE_CRASH,Info,True
14656,1565,190,8,2024-03-28 21:13:33,FIBRE_BREAK,Minor,False
14657,2933,214,525,2025-05-10 00:47:59,FIBRE_BREAK,Major,True
14658,1333,133,525,2025-07-02 20:56:37,SYNC_LOSS,Info,False
14659,2893,86,920,2025-02-19 14:00:00,SYNC_LOSS,Minor,False
14660,3411,46,68,2024-09-27 13:13:38,POWER_ALARM,Major,True
14661,683,260,16,2024-05-20 22:08:16,CPU_OVERLOAD,Info,False
14662,1705,457,931,2024-06-20 11:21:37,FIBRE_BREAK,Major,False
14663,4452,353,368,2024-05-04 09:23:16,LINK_DOWN,Info,True
14664,566,121,930,2025-10-09 11:47:26,SOFTWARE_CRASH,Minor,True
14665,877,129,507,2025-09-30 09:37:53,RBS_OVER_TEMP,Minor,True
14666,2736,215,396,2025-08-27 06:33:14,SIGNAL_DEGRADED,Info,True
14667,4690,69,349,2024-10-18 15:23:29,RBS_OVER_TEMP,Info,False
14668,901,325,934,2025-04-29 21:54:45,SIGNAL_DEGRADED,Critical,True
14669,3260,209,582,2025-09-02 23:14:00,BATTERY_LOW,Major,False
14670,724,155,482,2024-07-10 18:21:53,LINK_DOWN,Critical,False
14671,1616,207,526,2024-06-23 21:45:36,FIBRE_BREAK,Minor,True
14672,4552,150,770,2025-11-28 18:55:44,SIGNAL_DEGRADED,Info,False
14673,2062,437,335,2025-07-27 18:17:19,TRANSMISSION_ERROR,Info,False
14674,1483,287,891,2024-04-26 06:21:56,MEMORY_HIGH,Info,False
14675,718,294,665,2024-03-15 02:56:19,CPU_OVERLOAD,Major,False
14676,1434,64,358,2025-12-08 03:27:41,TRANSMISSION_ERROR,Major,True
14677,3116,337,63,2024-11-28 18:01:39,RBS_OVER_TEMP,Critical,False
14678,499,250,299,2024-10-29 11:46:14,TRANSMISSION_ERROR,Info,False
14679,1001,200,162,2025-08-28 11:37:03,FIBRE_BREAK,Minor,False
14680,3649,252,55,2024-01-27 13:41:06,CPU_OVERLOAD,Minor,True
14681,2658,496,168,2025-04-02 13:51:22,MEMORY_HIGH,Major,False
14682,2084,11,551,2025-10-12 09:52:47,POWER_ALARM,Major,True
14683,1069,353,592,2024-09-20 10:17:19,SYNC_LOSS,Info,False
14684,1370,226,767,2025-03-29 05:30:29,LINK_DOWN,Critical,True
14685,4119,440,830,2024-12-16 05:08:48,SOFTWARE_CRASH,Major,False
14686,1247,492,958,2024-06-30 11:26:47,MEMORY_HIGH,Info,False
14687,1518,425,242,2024-04-26 14:43:15,POWER_ALARM,Critical,False
14688,1667,222,667,2024-11-16 21:47:20,SIGNAL_DEGRADED,Critical,False
14689,719,197,592,2025-12-16 16:01:01,FIBRE_BREAK,Minor,False
14690,2781,462,856,2025-04-19 22:22:56,BATTERY_LOW,Info,False
14691,4859,55,572,2024-11-14 16:47:08,SYNC_LOSS,Info,False
14692,1432,89,555,2024-09-14 13:09:14,LINK_DOWN,Info,False
14693,3498,219,828,2024-06-13 11:38:55,RBS_OVER_TEMP,Info,False
14694,4596,426,191,2024-03-25 13:34:02,RBS_OVER_TEMP,Minor,False
14695,139,260,647,2024-07-23 10:05:21,TRANSMISSION_ERROR,Critical,False
14696,773,493,515,2025-02-22 16:07:22,MEMORY_HIGH,Major,True
14697,615,191,396,2025-12-09 05:27:38,BATTERY_LOW,Info,False
14698,2967,146,199,2025-02-14 09:30:36,SOFTWARE_CRASH,Info,False
14699,3225,165,461,2024-11-13 12:46:25,BATTERY_LOW,Info,False
14700,400,342,667,2024-01-01 15:19:31,LINK_DOWN,Minor,True
14701,795,434,945,2024-09-19 12:29:48,ANTENNA_FAULT,Info,True
14702,483,189,691,2025-04-23 03:56:09,MEMORY_HIGH,Major,False
14703,2493,422,618,2024-05-12 17:28:43,TRANSMISSION_ERROR,Info,False
14704,915,494,2,2024-11-21 14:24:08,RBS_OVER_TEMP,Minor,False
14705,3684,222,954,2024-10-19 16:43:42,TRANSMISSION_ERROR,Minor,False
14706,1165,2,438,2024-10-03 10:27:22,MEMORY_HIGH,Critical,False
14707,1240,67,125,2024-03-07 09:44:48,TRANSMISSION_ERROR,Major,False
14708,4315,148,471,2025-10-19 14:32:27,SIGNAL_DEGRADED,Minor,False
14709,2631,488,942,2025-04-22 16:18:31,CPU_OVERLOAD,Minor,False
14710,2767,246,542,2024-08-03 05:15:53,POWER_ALARM,Minor,True
14711,3962,259,701,2025-05-09 18:52:41,POWER_ALARM,Info,False
14712,3978,341,461,2024-07-26 15:23:12,SIGNAL_DEGRADED,Major,False
14713,2363,68,437,2024-11-09 05:44:02,ANTENNA_FAULT,Major,False
14714,3609,62,262,2024-08-27 17:45:20,LINK_DOWN,Minor,False
14715,50,48,790,2024-02-11 13:28:15,ANTENNA_FAULT,Major,False
14716,1280,60,223,2025-09-11 14:14:17,SYNC_LOSS,Critical,False
14717,2858,199,733,2024-05-29 00:29:56,SYNC_LOSS,Minor,False
14718,911,237,207,2025-01-02 13:36:19,SOFTWARE_CRASH,Critical,False
14719,2174,447,700,2025-01-18 08:48:26,LINK_DOWN,Minor,False
14720,578,412,647,2024-03-18 08:37:41,TRANSMISSION_ERROR,Major,False
14721,1738,344,95,2025-12-20 12:26:56,LINK_DOWN,Minor,False
14722,1682,268,665,2024-12-24 20:05:33,SIGNAL_DEGRADED,Info,False
14723,1856,319,55,2025-01-05 20:59:29,TRANSMISSION_ERROR,Info,False
14724,4858,442,827,2025-01-09 16:46:13,SOFTWARE_CRASH,Info,True
14725,1509,353,483,2024-12-06 10:06:22,BATTERY_LOW,Critical,True
14726,1730,269,63,2025-08-01 11:05:42,SOFTWARE_CRASH,Major,False
14727,2794,192,321,2024-01-12 21:50:38,ANTENNA_FAULT,Minor,True
14728,4338,404,315,2025-06-20 08:42:56,POWER_ALARM,Minor,False
14729,2054,280,654,2025-04-03 13:28:27,SOFTWARE_CRASH,Info,False
14730,4982,92,111,2024-09-03 09:34:08,FIBRE_BREAK,Major,False
14731,4644,418,880,2025-02-17 14:13:18,CPU_OVERLOAD,Major,False
14732,4017,471,265,2024-09-26 18:38:45,SOFTWARE_CRASH,Major,False
14733,2748,476,192,2025-03-09 15:20:50,FIBRE_BREAK,Major,False
14734,3662,304,718,2025-07-31 09:22:18,SIGNAL_DEGRADED,Info,True
14735,4084,52,393,2025-05-28 10:31:14,SIGNAL_DEGRADED,Major,True
14736,3437,261,681,2025-11-18 18:09:34,FIBRE_BREAK,Critical,False
14737,1630,380,83,2025-01-30 20:09:22,SIGNAL_DEGRADED,Info,False
14738,1825,477,987,2024-01-25 04:56:50,ANTENNA_FAULT,Critical,True
14739,2029,426,671,2025-06-01 18:37:37,MEMORY_HIGH,Info,False
14740,3485,15,682,2025-06-03 09:22:03,SYNC_LOSS,Info,False
14741,706,158,313,2024-03-21 03:09:15,LINK_DOWN,Info,False
14742,61,10,380,2024-12-25 13:27:06,POWER_ALARM,Info,True
14743,4685,104,42,2024-03-06 13:20:06,SOFTWARE_CRASH,Minor,False
14744,272,114,905,2024-06-16 15:12:50,LINK_DOWN,Minor,False
14745,3679,392,226,2024-08-03 12:57:13,POWER_ALARM,Major,False
14746,2715,293,150,2025-01-30 17:46:58,SIGNAL_DEGRADED,Major,True
14747,3245,329,875,2025-06-27 09:18:48,SOFTWARE_CRASH,Info,True
14748,3226,83,757,2024-04-20 08:11:32,CPU_OVERLOAD,Info,False
14749,1737,451,896,2025-06-07 22:55:41,TRANSMISSION_ERROR,Minor,False
14750,1265,4,20,2024-04-27 21:20:20,SYNC_LOSS,Info,False
14751,1294,270,600,2025-10-14 05:32:37,MEMORY_HIGH,Major,True
14752,3883,361,112,2025-10-18 11:03:39,MEMORY_HIGH,Info,False
14753,3484,276,831,2024-09-04 19:02:12,ANTENNA_FAULT,Major,True
14754,687,115,832,2025-02-15 09:22:54,SOFTWARE_CRASH,Info,False
14755,914,347,878,2025-01-26 12:02:11,ANTENNA_FAULT,Major,False
14756,784,256,527,2024-05-25 06:04:05,BATTERY_LOW,Info,False
14757,226,368,795,2025-01-31 17:14:50,SIGNAL_DEGRADED,Minor,False
14758,3042,1,153,2024-05-06 10:08:38,ANTENNA_FAULT,Minor,False
14759,3631,459,3,2025-10-18 21:31:58,FIBRE_BREAK,Critical,False
14760,1642,285,639,2024-07-02 08:12:12,MEMORY_HIGH,Info,False
14761,3989,106,143,2025-10-25 11:44:36,POWER_ALARM,Minor,False
14762,4192,184,48,2025-10-09 07:43:44,ANTENNA_FAULT,Critical,False
14763,1234,214,356,2024-07-01 03:16:16,SOFTWARE_CRASH,Info,False
14764,431,469,278,2024-12-24 22:07:06,CPU_OVERLOAD,Info,True
14765,1664,266,150,2025-01-01 23:30:24,MEMORY_HIGH,Critical,True
14766,3829,478,535,2024-10-24 10:23:47,TRANSMISSION_ERROR,Info,True
14767,1784,128,707,2025-08-10 05:00:49,SIGNAL_DEGRADED,Critical,False
14768,2042,399,26,2025-04-26 16:23:52,MEMORY_HIGH,Minor,False
14769,2232,237,97,2024-12-12 11:21:41,POWER_ALARM,Major,False
14770,3651,333,661,2025-09-05 18:41:24,SOFTWARE_CRASH,Major,True
14771,4455,18,306,2024-12-09 16:41:35,MEMORY_HIGH,Minor,False
14772,1019,396,410,2024-11-17 01:04:39,TRANSMISSION_ERROR,Info,True
14773,4682,332,840,2024-04-28 06:30:45,POWER_ALARM,Info,True
14774,2648,450,324,2025-08-15 09:36:26,BATTERY_LOW,Info,False
14775,4984,394,71,2024-04-21 02:00:30,TRANSMISSION_ERROR,Minor,True
14776,1751,57,165,2025-12-05 16:47:35,CPU_OVERLOAD,Minor,False
14777,510,225,646,2024-08-16 15:48:15,RBS_OVER_TEMP,Critical,False
14778,4214,196,288,2025-04-28 10:21:53,BATTERY_LOW,Minor,False
14779,4439,14,208,2024-05-06 15:04:22,POWER_ALARM,Major,True
14780,4581,363,426,2025-02-23 10:29:32,POWER_ALARM,Major,True
14781,1553,339,235,2024-03-13 17:20:21,LINK_DOWN,Minor,False
14782,4550,483,361,2024-02-05 21:19:06,SOFTWARE_CRASH,Minor,False
14783,1686,147,514,2025-03-01 00:23:05,CPU_OVERLOAD,Minor,False
14784,2982,264,366,2025-09-17 04:26:49,POWER_ALARM,Info,True
14785,566,121,930,2025-10-09 11:54:26,SOFTWARE_CRASH,Info,False
14786,2304,461,99,2025-07-07 16:52:02,ANTENNA_FAULT,Critical,True
14787,47,436,74,2025-04-06 12:43:34,SOFTWARE_CRASH,Minor,False
14788,4890,21,514,2025-08-30 10:32:06,FIBRE_BREAK,Info,False
14789,548,317,926,2025-04-25 10:19:25,TRANSMISSION_ERROR,Minor,True
14790,2529,403,91,2024-11-12 14:30:00,TRANSMISSION_ERROR,Info,True
14791,2688,407,337,2024-03-23 13:55:29,SIGNAL_DEGRADED,Major,True
14792,1108,377,964,2025-01-02 07:07:40,RBS_OVER_TEMP,Minor,False
14793,2074,61,532,2025-06-03 16:58:31,ANTENNA_FAULT,Major,True
14794,3342,426,500,2025-06-03 14:57:20,LINK_DOWN,Minor,False
14795,1394,254,234,2024-01-29 11:11:43,SYNC_LOSS,Info,False
14796,2184,397,916,2024-01-30 09:39:09,FIBRE_BREAK,Info,False
14797,2957,249,91,2025-07-27 17:12:30,RBS_OVER_TEMP,Major,False
14798,2998,124,830,2024-12-07 15:33:02,SIGNAL_DEGRADED,Info,False
14799,1499,130,827,2024-10-15 17:28:47,FIBRE_BREAK,Major,False
14800,873,344,32,2024-02-10 16:44:34,SYNC_LOSS,Critical,False
14801,2645,129,805,2024-08-01 16:46:30,SOFTWARE_CRASH,Info,False
14802,467,20,56,2025-06-03 16:59:26,SOFTWARE_CRASH,Major,True
14803,3647,178,617,2024-08-31 17:59:41,MEMORY_HIGH,Minor,False
14804,4536,407,272,2025-05-06 07:13:31,SYNC_LOSS,Info,False
14805,2277,17,811,2025-02-18 12:40:30,RBS_OVER_TEMP,Info,False
14806,3532,417,267,2025-07-13 11:22:50,RBS_OVER_TEMP,Minor,False
14807,1443,226,149,2025-12-24 11:10:46,RBS_OVER_TEMP,Minor,False
14808,4774,21,795,2024-11-29 11:35:59,SYNC_LOSS,Critical,True
14809,2228,288,326,2024-05-30 10:17:39,LINK_DOWN,Critical,False
14810,2525,262,293,2024-06-06 09:15:30,RBS_OVER_TEMP,Minor,False
14811,1452,299,677,2024-09-22 22:39:16,RBS_OVER_TEMP,Minor,False
14812,2220,280,109,2025-11-14 05:49:42,ANTENNA_FAULT,Major,False
14813,1674,157,245,2024-12-11 08:49:00,TRANSMISSION_ERROR,Minor,False
14814,4928,108,552,2024-11-19 06:09:45,CPU_OVERLOAD,Minor,True
14815,3147,126,809,2025-10-24 11:04:05,POWER_ALARM,Critical,False
14816,2941,393,937,2025-05-25 08:48:36,FIBRE_BREAK,Minor,False
14817,1918,171,748,2025-12-17 00:04:36,RBS_OVER_TEMP,Minor,False
14818,3570,307,276,2025-08-18 16:01:04,TRANSMISSION_ERROR,Info,False
14819,4036,411,701,2024-04-03 15:35:01,POWER_ALARM,Info,True
14820,638,141,531,2025-11-03 21:25:39,SIGNAL_DEGRADED,Minor,False
14821,2066,31,89,2024-08-10 13:12:48,FIBRE_BREAK,Critical,False
14822,2639,468,897,2024-03-27 20:39:53,SOFTWARE_CRASH,Minor,False
14823,107,237,801,2025-11-26 16:42:56,FIBRE_BREAK,Minor,False
14824,3192,127,15,2024-03-01 16:08:50,SYNC_LOSS,Major,True
14825,84,461,175,2025-01-06 14:54:04,MEMORY_HIGH,Major,False
14826,3790,398,961,2025-02-10 06:48:44,SIGNAL_DEGRADED,Critical,True
14827,4334,61,154,2024-05-22 12:42:37,CPU_OVERLOAD,Minor,True
14828,17,361,883,2025-09-03 17:26:42,BATTERY_LOW,Major,False
14829,4869,474,383,2025-05-24 00:17:56,POWER_ALARM,Info,False
14830,3317,321,67,2024-07-13 14:17:09,ANTENNA_FAULT,Minor,False
14831,4202,416,524,2024-08-05 15:26:31,TRANSMISSION_ERROR,Major,True
14832,807,19,139,2025-01-03 09:09:57,SOFTWARE_CRASH,Info,False
14833,4984,394,71,2024-04-21 01:54:30,BATTERY_LOW,Info,False
14834,3148,125,435,2024-06-29 23:13:40,LINK_DOWN,Major,False
14835,709,137,391,2025-09-24 18:27:13,POWER_ALARM,Major,False
14836,964,227,74,2024-09-07 16:21:38,FIBRE_BREAK,Minor,False
14837,3759,351,62,2025-05-05 11:48:53,BATTERY_LOW,Minor,False
14838,3985,103,882,2024-02-29 15:10:06,RBS_OVER_TEMP,Minor,False
14839,4680,156,720,2025-12-22 18:52:33,SIGNAL_DEGRADED,Major,True
14840,3325,233,963,2024-10-03 14:12:34,LINK_DOWN,Minor,True
14841,903,332,491,2025-04-24 03:59:10,SOFTWARE_CRASH,Info,True
14842,4599,16,751,2024-08-15 15:43:09,SOFTWARE_CRASH,Minor,False
14843,4169,133,930,2025-09-07 02:26:03,MEMORY_HIGH,Minor,False
14844,3329,217,520,2025-05-19 03:09:05,LINK_DOWN,Critical,False
14845,1614,333,137,2025-01-10 14:23:31,SOFTWARE_CRASH,Major,False
14846,3089,468,777,2025-10-19 11:31:06,BATTERY_LOW,Minor,False
14847,4020,172,336,2025-10-16 09:49:24,ANTENNA_FAULT,Critical,False
14848,2690,472,558,2024-03-07 16:37:23,CPU_OVERLOAD,Critical,False
14849,4542,291,362,2025-04-02 02:20:50,SIGNAL_DEGRADED,Minor,False
14850,4560,493,732,2025-07-17 20:31:39,SOFTWARE_CRASH,Info,False
14851,1059,167,520,2025-02-06 14:12:46,TRANSMISSION_ERROR,Info,False
14852,4204,75,978,2025-03-02 14:02:01,SIGNAL_DEGRADED,Major,False
14853,2136,439,746,2024-07-08 14:35:11,LINK_DOWN,Minor,True
14854,3941,101,315,2025-07-27 08:44:40,BATTERY_LOW,Minor,False
14855,3452,159,627,2024-04-11 14:27:02,SYNC_LOSS,Info,False
14856,4559,348,38,2024-04-06 15:00:14,FIBRE_BREAK,Info,False
14857,1501,407,854,2024-06-10 13:21:09,SYNC_LOSS,Minor,False
14858,3176,426,920,2025-03-20 20:38:30,BATTERY_LOW,Major,False
14859,1839,80,561,2024-08-08 08:38:16,ANTENNA_FAULT,Minor,True
14860,4605,293,624,2025-03-27 09:30:53,CPU_OVERLOAD,Minor,False
14861,3716,111,26,2024-08-06 21:13:13,POWER_ALARM,Major,True
14862,4147,25,974,2025-01-19 09:54:58,MEMORY_HIGH,Major,False
14863,2605,223,683,2025-01-10 13:50:36,MEMORY_HIGH,Critical,False
14864,729,42,688,2024-02-28 19:22:06,TRANSMISSION_ERROR,Critical,False
14865,4427,445,87,2025-07-27 04:49:26,SYNC_LOSS,Minor,True
14866,2929,407,677,2025-08-16 16:45:02,TRANSMISSION_ERROR,Major,True
14867,3078,250,939,2025-07-28 10:43:09,SOFTWARE_CRASH,Info,False
14868,4597,386,569,2024-11-03 13:38:27,BATTERY_LOW,Minor,False
14869,360,348,511,2025-11-03 05:38:58,ANTENNA_FAULT,Info,False
14870,1361,173,387,2024-06-02 16:49:22,SOFTWARE_CRASH,Minor,False
14871,3276,455,707,2024-01-01 09:39:01,LINK_DOWN,Minor,False
14872,4796,68,545,2025-03-08 03:48:25,SIGNAL_DEGRADED,Info,False
14873,1114,190,499,2024-05-10 21:19:57,SYNC_LOSS,Major,False
14874,872,56,536,2024-07-19 09:33:37,BATTERY_LOW,Info,False
14875,1782,83,788,2024-02-06 16:03:58,SOFTWARE_CRASH,Critical,False
14876,2314,336,356,2024-01-21 04:35:31,POWER_ALARM,Info,False
14877,4153,231,798,2024-05-31 09:05:18,SIGNAL_DEGRADED,Info,False
14878,4658,72,823,2025-12-26 17:38:42,SIGNAL_DEGRADED,Critical,False
14879,873,344,32,2024-02-10 16:35:34,FIBRE_BREAK,Minor,False
14880,4119,440,830,2024-12-16 04:44:48,ANTENNA_FAULT,Info,False
14881,851,266,612,2024-06-19 04:56:38,SYNC_LOSS,Major,False
14882,964,227,74,2024-09-07 16:02:38,SYNC_LOSS,Minor,True
14883,500,331,965,2024-05-05 16:16:24,RBS_OVER_TEMP,Info,False
14884,3239,316,598,2024-08-11 13:12:16,ANTENNA_FAULT,Minor,True
14885,1501,407,854,2024-06-10 13:21:09,SOFTWARE_CRASH,Minor,False
14886,2950,109,28,2025-10-30 02:51:54,SYNC_LOSS,Minor,False
14887,2864,60,185,2025-03-06 02:55:44,CPU_OVERLOAD,Minor,False
14888,830,121,786,2024-08-03 04:59:46,SIGNAL_DEGRADED,Minor,False
14889,282,226,133,2025-04-18 13:38:28,POWER_ALARM,Critical,False
14890,1070,131,693,2025-11-12 23:29:56,POWER_ALARM,Minor,False
14891,4507,56,293,2024-10-12 17:30:13,SIGNAL_DEGRADED,Info,False
14892,100,475,23,2025-09-14 17:45:28,TRANSMISSION_ERROR,Critical,False
14893,2898,370,689,2024-11-24 00:19:40,POWER_ALARM,Info,True
14894,2853,305,379,2024-01-10 20:22:50,CPU_OVERLOAD,Minor,True
14895,4733,394,489,2024-05-07 14:29:00,LINK_DOWN,Minor,False
14896,2551,95,73,2024-12-23 11:47:29,SOFTWARE_CRASH,Major,False
14897,4616,180,180,2025-01-16 09:43:44,MEMORY_HIGH,Minor,False
14898,940,430,129,2024-12-04 10:27:57,SIGNAL_DEGRADED,Minor,False
14899,4560,493,732,2025-07-17 20:28:39,FIBRE_BREAK,Info,False
14900,2997,149,812,2025-04-14 21:45:10,SYNC_LOSS,Info,False
14901,4622,446,766,2025-02-18 12:14:34,MEMORY_HIGH,Minor,False
14902,1803,464,355,2025-08-02 08:11:54,ANTENNA_FAULT,Minor,True
14903,4000,471,334,2025-05-20 15:18:41,TRANSMISSION_ERROR,Critical,False
14904,3868,421,278,2025-12-28 17:06:00,MEMORY_HIGH,Info,False
14905,4879,245,126,2024-08-01 23:36:57,CPU_OVERLOAD,Info,True
14906,1533,8,900,2024-01-24 12:00:59,RBS_OVER_TEMP,Major,True
14907,2009,341,630,2025-04-25 05:39:09,LINK_DOWN,Critical,True
14908,307,6,951,2025-03-11 16:23:06,SOFTWARE_CRASH,Major,False
14909,2771,232,869,2025-07-13 17:24:11,POWER_ALARM,Critical,False
14910,2932,203,588,2025-10-20 08:45:20,SOFTWARE_CRASH,Minor,False
14911,662,33,682,2024-06-09 03:55:32,CPU_OVERLOAD,Minor,True
14912,2308,142,127,2024-07-13 15:23:15,SIGNAL_DEGRADED,Major,True
14913,4134,180,46,2025-09-20 15:17:09,LINK_DOWN,Major,False
14914,4631,219,932,2025-12-06 18:47:10,SOFTWARE_CRASH,Minor,False
14915,1807,484,817,2024-03-08 17:20:42,SYNC_LOSS,Critical,False
14916,2954,373,556,2024-05-01 12:34:47,LINK_DOWN,Critical,False
14917,2139,234,814,2025-09-27 10:36:25,SYNC_LOSS,Minor,False
14918,4436,458,834,2025-08-04 01:25:19,SYNC_LOSS,Critical,False
14919,4086,172,141,2024-12-11 13:03:16,RBS_OVER_TEMP,Minor,False
14920,3086,281,456,2024-08-11 12:05:52,MEMORY_HIGH,Minor,True
14921,3239,316,598,2024-08-11 13:30:16,BATTERY_LOW,Info,False
14922,2507,343,346,2025-06-24 19:18:47,FIBRE_BREAK,Info,True
14923,321,286,65,2024-07-02 15:33:19,SIGNAL_DEGRADED,Major,True
14924,4346,9,782,2024-03-08 12:52:20,SOFTWARE_CRASH,Minor,True
14925,246,156,314,2024-08-25 13:02:40,FIBRE_BREAK,Info,False
14926,2201,106,920,2025-09-12 06:24:31,POWER_ALARM,Minor,False
14927,3476,327,790,2024-05-13 09:12:42,MEMORY_HIGH,Major,False
14928,3356,57,165,2025-07-21 11:57:57,BATTERY_LOW,Major,True
14929,2119,131,988,2025-02-15 16:35:58,ANTENNA_FAULT,Major,False
14930,2388,268,527,2024-01-22 13:45:10,CPU_OVERLOAD,Major,False
14931,950,150,750,2024-06-03 09:00:19,CPU_OVERLOAD,Major,True
14932,4242,185,570,2025-04-10 00:44:15,BATTERY_LOW,Info,False
14933,1759,119,307,2025-04-05 12:14:40,SYNC_LOSS,Major,False
14934,1822,128,55,2024-12-13 12:44:12,FIBRE_BREAK,Minor,False
14935,1023,368,994,2025-01-29 15:18:01,POWER_ALARM,Info,True
14936,4910,266,861,2025-03-25 07:13:54,BATTERY_LOW,Minor,True
14937,240,88,252,2025-10-16 06:35:35,POWER_ALARM,Critical,False
14938,256,457,477,2025-10-15 09:46:09,ANTENNA_FAULT,Critical,False
14939,2302,164,290,2025-01-27 17:48:44,RBS_OVER_TEMP,Major,False
14940,2114,212,405,2024-02-16 17:16:21,BATTERY_LOW,Info,False
14941,4339,163,125,2024-11-01 01:47:34,POWER_ALARM,Major,False
14942,2089,13,821,2024-07-15 16:52:09,CPU_OVERLOAD,Major,True
14943,2371,493,800,2025-11-26 09:53:02,POWER_ALARM,Critical,False
14944,435,153,382,2025-01-31 17:11:14,SOFTWARE_CRASH,Critical,False
14945,1456,281,876,2024-10-08 07:09:38,FIBRE_BREAK,Major,False
14946,4407,463,758,2025-11-20 12:27:47,CPU_OVERLOAD,Critical,True
14947,1559,356,737,2025-01-22 04:29:01,LINK_DOWN,Minor,False
14948,3669,84,144,2025-08-01 17:06:51,MEMORY_HIGH,Critical,False
14949,1396,447,597,2024-01-27 10:06:06,FIBRE_BREAK,Critical,False
14950,3193,14,587,2025-09-08 10:34:34,FIBRE_BREAK,Minor,False
14951,2311,189,308,2025-02-16 00:23:01,MEMORY_HIGH,Major,False
14952,3596,443,175,2025-06-03 12:43:47,FIBRE_BREAK,Minor,True
14953,4852,314,406,2025-11-16 20:03:34,RBS_OVER_TEMP,Major,False
14954,1002,453,153,2025-08-25 15:41:59,SIGNAL_DEGRADED,Critical,True
14955,1318,13,800,2024-08-27 09:49:44,LINK_DOWN,Info,False
14956,1798,325,514,2024-05-19 18:54:59,POWER_ALARM,Minor,True
14957,1233,171,3,2024-05-11 16:43:08,TRANSMISSION_ERROR,Minor,True
14958,1971,395,521,2024-08-20 11:40:36,SOFTWARE_CRASH,Major,False
14959,4786,124,622,2025-12-10 16:31:55,ANTENNA_FAULT,Info,False
14960,1831,181,242,2025-03-20 00:59:48,TRANSMISSION_ERROR,Info,False
14961,4026,369,505,2024-07-31 15:11:39,ANTENNA_FAULT,Info,False
14962,2728,24,838,2025-07-28 19:05:15,POWER_ALARM,Critical,False
14963,65,441,197,2024-03-20 16:40:48,FIBRE_BREAK,Info,False
14964,4687,123,754,2025-05-02 07:38:11,RBS_OVER_TEMP,Critical,True
14965,749,368,992,2025-05-12 13:43:03,ANTENNA_FAULT,Major,False
14966,4191,308,196,2025-09-12 08:46:38,MEMORY_HIGH,Info,False
14967,4902,328,404,2024-04-23 11:03:35,SIGNAL_DEGRADED,Major,False
14968,4521,243,122,2025-02-18 21:35:42,ANTENNA_FAULT,Info,False
14969,2290,208,127,2024-07-22 01:10:35,CPU_OVERLOAD,Info,False
14970,1887,253,488,2024-02-26 13:49:07,SYNC_LOSS,Minor,True
14971,4294,183,799,2025-08-10 15:15:10,ANTENNA_FAULT,Minor,False
14972,2582,467,818,2024-07-03 15:10:30,SYNC_LOSS,Major,False
14973,4038,175,460,2024-06-27 09:58:45,CPU_OVERLOAD,Critical,False
14974,3940,243,24,2024-06-13 18:37:26,SOFTWARE_CRASH,Info,True
14975,866,220,854,2024-10-11 16:26:05,LINK_DOWN,Minor,False
14976,2256,397,45,2025-03-17 07:25:12,SIGNAL_DEGRADED,Info,False
14977,4012,462,92,2024-07-12 02:38:01,SIGNAL_DEGRADED,Minor,True
14978,430,191,18,2024-01-15 03:45:12,LINK_DOWN,Minor,True
14979,1136,251,376,2025-01-18 06:10:43,SOFTWARE_CRASH,Minor,True
14980,1890,358,42,2025-06-13 09:47:56,CPU_OVERLOAD,Info,False
14981,4823,421,544,2024-02-22 19:37:51,POWER_ALARM,Info,False
14982,3003,36,792,2024-01-16 13:15:07,FIBRE_BREAK,Minor,True
14983,364,33,282,2024-09-24 13:05:39,RBS_OVER_TEMP,Minor,False
14984,1056,100,752,2024-10-18 16:36:18,POWER_ALARM,Critical,True
14985,4302,94,885,2025-10-07 16:08:11,SYNC_LOSS,Major,False
14986,2874,178,696,2024-02-19 03:58:48,LINK_DOWN,Minor,False
14987,3507,347,556,2025-04-27 21:02:29,CPU_OVERLOAD,Info,True
14988,4997,101,445,2024-09-12 23:33:19,SYNC_LOSS,Critical,True
14989,2832,25,970,2025-10-22 11:20:18,TRANSMISSION_ERROR,Minor,True
14990,2591,270,257,2025-01-27 16:35:12,SIGNAL_DEGRADED,Major,True
14991,2394,304,588,2024-05-23 11:52:46,SOFTWARE_CRASH,Major,False
14992,1267,468,379,2024-09-16 09:53:25,BATTERY_LOW,Info,False
14993,1242,286,811,2025-05-04 23:43:21,RBS_OVER_TEMP,Critical,False
14994,1473,32,298,2025-09-26 02:00:04,BATTERY_LOW,Critical,False
14995,2513,430,933,2024-09-08 13:11:22,MEMORY_HIGH,Minor,False
14996,2530,225,36,2025-01-23 02:00:29,ANTENNA_FAULT,Minor,True
14997,1464,491,364,2025-08-10 04:15:19,RBS_OVER_TEMP,Minor,False
14998,2764,29,573,2024-08-28 14:11:39,LINK_DOWN,Major,True
14999,305,188,471,2025-04-10 03:38:30,CPU_OVERLOAD,Info,False
15000,573,310,716,2024-03-29 17:02:42,SYNC_LOSS,Minor,True
